2025-11-04T15:26:04: Listening on http://[::]:3000
2025-11-04T15:26:23: 获取进程信息失败: Error: Command failed: ps aux | grep "hy.py" | grep -v grep

    at genericNodeError (node:internal/errors:983:15)
    at wrappedFn (node:internal/errors:537:14)
    at ChildProcess.exithandler (node:child_process:417:12)
    at ChildProcess.emit (node:events:519:28)
    at maybeClose (node:internal/child_process:1101:16)
    at Socket.<anonymous> (node:internal/child_process:456:11)
    at Socket.emit (node:events:519:28)
    at Pipe.<anonymous> (node:net:346:12) {
  code: 1,
  killed: false,
  signal: null,
  cmd: 'ps aux | grep "hy.py" | grep -v grep',
  stdout: '',
  stderr: ''
}
2025-11-04T15:30:12: Listening on http://[::]:3000
2025-11-04T15:31:07: 正在检查GitHub最新版本...
2025-11-04T15:31:07: GitHub API响应: {
  tag_name: 'tgpro-admin',
  name: 'v2.0.7',
  published_at: '2025-11-02T10:58:20Z'
}
2025-11-04T15:31:07: Latest version name: v2.0.7
2025-11-04T15:31:07: 版本比较结果: { hasUpdate: true, comparison: -1 }
2025-11-04T15:32:03: Listening on http://[::]:3000
2025-11-04T15:32:08: Ignoring invalid configuration option passed to Connection: acquireTimeout. This is currently a warning, but in future versions of MySQL2, an error will be thrown if you pass an invalid configuration option to a Connection
2025-11-04T15:32:08: Ignoring invalid configuration option passed to Connection: timeout. This is currently a warning, but in future versions of MySQL2, an error will be thrown if you pass an invalid configuration option to a Connection
2025-11-04T15:32:08: Ignoring invalid configuration option passed to Connection: reconnect. This is currently a warning, but in future versions of MySQL2, an error will be thrown if you pass an invalid configuration option to a Connection
2025-11-04T16:34:18: Listening on http://[::]:3000
2025-11-04T16:34:32: 获取进程信息失败: Error: Command failed: ps aux | grep "hy.py" | grep -v grep

    at genericNodeError (node:internal/errors:983:15)
    at wrappedFn (node:internal/errors:537:14)
    at ChildProcess.exithandler (node:child_process:417:12)
    at ChildProcess.emit (node:events:519:28)
    at maybeClose (node:internal/child_process:1101:16)
    at Socket.<anonymous> (node:internal/child_process:456:11)
    at Socket.emit (node:events:519:28)
    at Pipe.<anonymous> (node:net:346:12) {
  code: 1,
  killed: false,
  signal: null,
  cmd: 'ps aux | grep "hy.py" | grep -v grep',
  stdout: '',
  stderr: ''
}
2025-11-04T16:34:35: 正在检查GitHub最新版本...
2025-11-04T16:34:36: GitHub API响应: {
  tag_name: 'tgpro-admin',
  name: 'v2.0.7',
  published_at: '2025-11-02T10:58:20Z'
}
2025-11-04T16:34:36: Latest version name: v2.0.7
2025-11-04T16:34:36: 版本比较结果: { hasUpdate: true, comparison: -1 }
2025-11-04T16:34:42: Ignoring invalid configuration option passed to Connection: acquireTimeout. This is currently a warning, but in future versions of MySQL2, an error will be thrown if you pass an invalid configuration option to a Connection
2025-11-04T16:34:42: Ignoring invalid configuration option passed to Connection: timeout. This is currently a warning, but in future versions of MySQL2, an error will be thrown if you pass an invalid configuration option to a Connection
2025-11-04T16:34:42: Ignoring invalid configuration option passed to Connection: reconnect. This is currently a warning, but in future versions of MySQL2, an error will be thrown if you pass an invalid configuration option to a Connection
2025-11-04T16:36:30: Listening on http://[::]:3000
2025-11-04T16:39:31: 获取进程信息失败: Error: Command failed: ps aux | grep "hy.py" | grep -v grep

    at genericNodeError (node:internal/errors:983:15)
    at wrappedFn (node:internal/errors:537:14)
    at ChildProcess.exithandler (node:child_process:417:12)
    at ChildProcess.emit (node:events:519:28)
    at maybeClose (node:internal/child_process:1101:16)
    at Socket.<anonymous> (node:internal/child_process:456:11)
    at Socket.emit (node:events:519:28)
    at Pipe.<anonymous> (node:net:346:12) {
  code: 1,
  killed: false,
  signal: null,
  cmd: 'ps aux | grep "hy.py" | grep -v grep',
  stdout: '',
  stderr: ''
}
2025-11-04T16:40:01: 获取进程信息失败: Error: Command failed: ps aux | grep "hy.py" | grep -v grep

    at genericNodeError (node:internal/errors:983:15)
    at wrappedFn (node:internal/errors:537:14)
    at ChildProcess.exithandler (node:child_process:417:12)
    at ChildProcess.emit (node:events:519:28)
    at maybeClose (node:internal/child_process:1101:16)
    at Process.ChildProcess._handle.onexit (node:internal/child_process:304:5) {
  code: 1,
  killed: false,
  signal: null,
  cmd: 'ps aux | grep "hy.py" | grep -v grep',
  stdout: '',
  stderr: ''
}
2025-11-04T16:40:31: 获取进程信息失败: Error: Command failed: ps aux | grep "hy.py" | grep -v grep

    at genericNodeError (node:internal/errors:983:15)
    at wrappedFn (node:internal/errors:537:14)
    at ChildProcess.exithandler (node:child_process:417:12)
    at ChildProcess.emit (node:events:519:28)
    at maybeClose (node:internal/child_process:1101:16)
    at Socket.<anonymous> (node:internal/child_process:456:11)
    at Socket.emit (node:events:519:28)
    at Pipe.<anonymous> (node:net:346:12) {
  code: 1,
  killed: false,
  signal: null,
  cmd: 'ps aux | grep "hy.py" | grep -v grep',
  stdout: '',
  stderr: ''
}
2025-11-04T16:40:31: Ignoring invalid configuration option passed to Connection: acquireTimeout. This is currently a warning, but in future versions of MySQL2, an error will be thrown if you pass an invalid configuration option to a Connection
2025-11-04T16:40:31: Ignoring invalid configuration option passed to Connection: timeout. This is currently a warning, but in future versions of MySQL2, an error will be thrown if you pass an invalid configuration option to a Connection
2025-11-04T16:40:31: Ignoring invalid configuration option passed to Connection: reconnect. This is currently a warning, but in future versions of MySQL2, an error will be thrown if you pass an invalid configuration option to a Connection
2025-11-04T16:41:01: 获取进程信息失败: Error: Command failed: ps aux | grep "hy.py" | grep -v grep

    at genericNodeError (node:internal/errors:983:15)
    at wrappedFn (node:internal/errors:537:14)
    at ChildProcess.exithandler (node:child_process:417:12)
    at ChildProcess.emit (node:events:519:28)
    at maybeClose (node:internal/child_process:1101:16)
    at Process.ChildProcess._handle.onexit (node:internal/child_process:304:5) {
  code: 1,
  killed: false,
  signal: null,
  cmd: 'ps aux | grep "hy.py" | grep -v grep',
  stdout: '',
  stderr: ''
}
2025-11-04T16:41:30: Listening on http://[::]:3000
2025-11-04T16:41:31: 获取进程信息失败: Error: Command failed: ps aux | grep "hy.py" | grep -v grep

    at genericNodeError (node:internal/errors:983:15)
    at wrappedFn (node:internal/errors:537:14)
    at ChildProcess.exithandler (node:child_process:417:12)
    at ChildProcess.emit (node:events:519:28)
    at maybeClose (node:internal/child_process:1101:16)
    at Process.ChildProcess._handle.onexit (node:internal/child_process:304:5) {
  code: 1,
  killed: false,
  signal: null,
  cmd: 'ps aux | grep "hy.py" | grep -v grep',
  stdout: '',
  stderr: ''
}
2025-11-04T16:42:01: 获取进程信息失败: Error: Command failed: ps aux | grep "hy.py" | grep -v grep

    at genericNodeError (node:internal/errors:983:15)
    at wrappedFn (node:internal/errors:537:14)
    at ChildProcess.exithandler (node:child_process:417:12)
    at ChildProcess.emit (node:events:519:28)
    at maybeClose (node:internal/child_process:1101:16)
    at Process.ChildProcess._handle.onexit (node:internal/child_process:304:5) {
  code: 1,
  killed: false,
  signal: null,
  cmd: 'ps aux | grep "hy.py" | grep -v grep',
  stdout: '',
  stderr: ''
}
2025-11-04T16:42:31: Listening on http://[::]:3000
2025-11-04T16:42:31: 获取进程信息失败: Error: Command failed: ps aux | grep "hy.py" | grep -v grep

    at genericNodeError (node:internal/errors:983:15)
    at wrappedFn (node:internal/errors:537:14)
    at ChildProcess.exithandler (node:child_process:417:12)
    at ChildProcess.emit (node:events:519:28)
    at maybeClose (node:internal/child_process:1101:16)
    at Process.ChildProcess._handle.onexit (node:internal/child_process:304:5) {
  code: 1,
  killed: false,
  signal: null,
  cmd: 'ps aux | grep "hy.py" | grep -v grep',
  stdout: '',
  stderr: ''
}
2025-11-04T16:42:53: 获取进程信息失败: Error: Command failed: ps aux | grep "hy.py" | grep -v grep

    at genericNodeError (node:internal/errors:983:15)
    at wrappedFn (node:internal/errors:537:14)
    at ChildProcess.exithandler (node:child_process:417:12)
    at ChildProcess.emit (node:events:519:28)
    at maybeClose (node:internal/child_process:1101:16)
    at Socket.<anonymous> (node:internal/child_process:456:11)
    at Socket.emit (node:events:519:28)
    at Pipe.<anonymous> (node:net:346:12) {
  code: 1,
  killed: false,
  signal: null,
  cmd: 'ps aux | grep "hy.py" | grep -v grep',
  stdout: '',
  stderr: ''
}
2025-11-04T16:42:55: Ignoring invalid configuration option passed to Connection: acquireTimeout. This is currently a warning, but in future versions of MySQL2, an error will be thrown if you pass an invalid configuration option to a Connection
2025-11-04T16:42:55: Ignoring invalid configuration option passed to Connection: timeout. This is currently a warning, but in future versions of MySQL2, an error will be thrown if you pass an invalid configuration option to a Connection
2025-11-04T16:42:55: Ignoring invalid configuration option passed to Connection: reconnect. This is currently a warning, but in future versions of MySQL2, an error will be thrown if you pass an invalid configuration option to a Connection
2025-11-04T17:02:02: Listening on http://[::]:3000
2025-11-04T17:02:24: 正在检查GitHub最新版本...
2025-11-04T17:02:24: GitHub API响应: {
  tag_name: 'tgpro-admin',
  name: 'v2.0.7',
  published_at: '2025-11-02T10:58:20Z'
}
2025-11-04T17:02:24: Latest version name: v2.0.7
2025-11-04T17:02:24: 版本比较结果: { hasUpdate: true, comparison: -1 }
2025-11-04T17:02:28: Ignoring invalid configuration option passed to Connection: acquireTimeout. This is currently a warning, but in future versions of MySQL2, an error will be thrown if you pass an invalid configuration option to a Connection
2025-11-04T17:02:28: Ignoring invalid configuration option passed to Connection: timeout. This is currently a warning, but in future versions of MySQL2, an error will be thrown if you pass an invalid configuration option to a Connection
2025-11-04T17:02:28: Ignoring invalid configuration option passed to Connection: reconnect. This is currently a warning, but in future versions of MySQL2, an error will be thrown if you pass an invalid configuration option to a Connection
2025-11-04T17:11:41: Listening on http://[::]:3000
2025-11-04T17:12:40: Ignoring invalid configuration option passed to Connection: acquireTimeout. This is currently a warning, but in future versions of MySQL2, an error will be thrown if you pass an invalid configuration option to a Connection
2025-11-04T17:12:40: Ignoring invalid configuration option passed to Connection: timeout. This is currently a warning, but in future versions of MySQL2, an error will be thrown if you pass an invalid configuration option to a Connection
2025-11-04T17:12:40: Ignoring invalid configuration option passed to Connection: reconnect. This is currently a warning, but in future versions of MySQL2, an error will be thrown if you pass an invalid configuration option to a Connection
2025-11-04T17:15:10: 获取进程信息失败: Error: Command failed: ps aux | grep "hy.py" | grep -v grep

    at genericNodeError (node:internal/errors:983:15)
    at wrappedFn (node:internal/errors:537:14)
    at ChildProcess.exithandler (node:child_process:417:12)
    at ChildProcess.emit (node:events:519:28)
    at maybeClose (node:internal/child_process:1101:16)
    at Socket.<anonymous> (node:internal/child_process:456:11)
    at Socket.emit (node:events:519:28)
    at Pipe.<anonymous> (node:net:346:12) {
  code: 1,
  killed: false,
  signal: null,
  cmd: 'ps aux | grep "hy.py" | grep -v grep',
  stdout: '',
  stderr: ''
}
2025-11-04T17:15:19: 正在检查GitHub最新版本...
2025-11-04T17:15:20: GitHub API响应: {
  tag_name: 'tgpro-admin',
  name: 'v2.0.7',
  published_at: '2025-11-02T10:58:20Z'
}
2025-11-04T17:15:20: Latest version name: v2.0.7
2025-11-04T17:15:20: 版本比较结果: { hasUpdate: true, comparison: -1 }
2025-11-04T17:15:32: Listening on http://[::]:3000
2025-11-04T17:15:37: [request error] [unhandled] [GET] http://localhost:3000/license
 TypeError: Cannot read properties of null (reading 'message')
    at file:///Users/hf-mac/Downloads/tgpro-admin/pages/license/index.vue:47:36
    ... 8 lines matching cause stack trace ...
    at renderComponentVNode (/Users/hf-mac/Downloads/tgpro-admin/.output/server/node_modules/@vue/server-renderer/dist/server-renderer.cjs.prod.js:416:12) {
  cause: TypeError: Cannot read properties of null (reading 'message')
      at file:///Users/hf-mac/Downloads/tgpro-admin/pages/license/index.vue:47:36
      at renderComponentSubTree (/Users/hf-mac/Downloads/tgpro-admin/.output/server/node_modules/@vue/server-renderer/dist/server-renderer.cjs.prod.js:466:9)
      at renderComponentVNode (/Users/hf-mac/Downloads/tgpro-admin/.output/server/node_modules/@vue/server-renderer/dist/server-renderer.cjs.prod.js:416:12)
      at renderVNode (/Users/hf-mac/Downloads/tgpro-admin/.output/server/node_modules/@vue/server-renderer/dist/server-renderer.cjs.prod.js:529:14)
      at renderComponentSubTree (/Users/hf-mac/Downloads/tgpro-admin/.output/server/node_modules/@vue/server-renderer/dist/server-renderer.cjs.prod.js:481:7)
      at renderComponentVNode (/Users/hf-mac/Downloads/tgpro-admin/.output/server/node_modules/@vue/server-renderer/dist/server-renderer.cjs.prod.js:416:12)
      at renderVNode (/Users/hf-mac/Downloads/tgpro-admin/.output/server/node_modules/@vue/server-renderer/dist/server-renderer.cjs.prod.js:529:14)
      at renderVNode (/Users/hf-mac/Downloads/tgpro-admin/.output/server/node_modules/@vue/server-renderer/dist/server-renderer.cjs.prod.js:533:9)
      at renderComponentSubTree (/Users/hf-mac/Downloads/tgpro-admin/.output/server/node_modules/@vue/server-renderer/dist/server-renderer.cjs.prod.js:481:7)
      at renderComponentVNode (/Users/hf-mac/Downloads/tgpro-admin/.output/server/node_modules/@vue/server-renderer/dist/server-renderer.cjs.prod.js:416:12),
  statusCode: 500,
  fatal: false,
  unhandled: true,
  statusMessage: undefined,
  data: undefined
}
You have triggered an unhandledRejection, you may have forgotten to catch a Promise rejection:
TypeError: Cannot read properties of null (reading 'message')
    at file:///Users/hf-mac/Downloads/tgpro-admin/pages/license/index.vue:47:36
    at renderComponentSubTree (/Users/hf-mac/Downloads/tgpro-admin/.output/server/node_modules/@vue/server-renderer/dist/server-renderer.cjs.prod.js:466:9)
    at renderComponentVNode (/Users/hf-mac/Downloads/tgpro-admin/.output/server/node_modules/@vue/server-renderer/dist/server-renderer.cjs.prod.js:416:12)
    at renderVNode (/Users/hf-mac/Downloads/tgpro-admin/.output/server/node_modules/@vue/server-renderer/dist/server-renderer.cjs.prod.js:529:14)
    at renderComponentSubTree (/Users/hf-mac/Downloads/tgpro-admin/.output/server/node_modules/@vue/server-renderer/dist/server-renderer.cjs.prod.js:481:7)
    at renderComponentVNode (/Users/hf-mac/Downloads/tgpro-admin/.output/server/node_modules/@vue/server-renderer/dist/server-renderer.cjs.prod.js:416:12)
    at renderVNode (/Users/hf-mac/Downloads/tgpro-admin/.output/server/node_modules/@vue/server-renderer/dist/server-renderer.cjs.prod.js:529:14)
    at renderVNode (/Users/hf-mac/Downloads/tgpro-admin/.output/server/node_modules/@vue/server-renderer/dist/server-renderer.cjs.prod.js:533:9)
    at renderComponentSubTree (/Users/hf-mac/Downloads/tgpro-admin/.output/server/node_modules/@vue/server-renderer/dist/server-renderer.cjs.prod.js:481:7)
    at renderComponentVNode (/Users/hf-mac/Downloads/tgpro-admin/.output/server/node_modules/@vue/server-renderer/dist/server-renderer.cjs.prod.js:416:12)
2025-11-04T17:15:39: [unhandledRejection] TypeError: Cannot read properties of null (reading 'message')
    at file:///Users/hf-mac/Downloads/tgpro-admin/pages/license/index.vue:47:36
    at renderComponentSubTree (/Users/hf-mac/Downloads/tgpro-admin/.output/server/node_modules/@vue/server-renderer/dist/server-renderer.cjs.prod.js:466:9)
    at renderComponentVNode (/Users/hf-mac/Downloads/tgpro-admin/.output/server/node_modules/@vue/server-renderer/dist/server-renderer.cjs.prod.js:416:12)
    at renderVNode (/Users/hf-mac/Downloads/tgpro-admin/.output/server/node_modules/@vue/server-renderer/dist/server-renderer.cjs.prod.js:529:14)
    at renderComponentSubTree (/Users/hf-mac/Downloads/tgpro-admin/.output/server/node_modules/@vue/server-renderer/dist/server-renderer.cjs.prod.js:481:7)
    at renderComponentVNode (/Users/hf-mac/Downloads/tgpro-admin/.output/server/node_modules/@vue/server-renderer/dist/server-renderer.cjs.prod.js:416:12)
    at renderVNode (/Users/hf-mac/Downloads/tgpro-admin/.output/server/node_modules/@vue/server-renderer/dist/server-renderer.cjs.prod.js:529:14)
    at renderVNode (/Users/hf-mac/Downloads/tgpro-admin/.output/server/node_modules/@vue/server-renderer/dist/server-renderer.cjs.prod.js:533:9)
    at renderComponentSubTree (/Users/hf-mac/Downloads/tgpro-admin/.output/server/node_modules/@vue/server-renderer/dist/server-renderer.cjs.prod.js:481:7)
    at renderComponentVNode (/Users/hf-mac/Downloads/tgpro-admin/.output/server/node_modules/@vue/server-renderer/dist/server-renderer.cjs.prod.js:416:12)
You have triggered an unhandledRejection, you may have forgotten to catch a Promise rejection:
TypeError: Cannot read properties of null (reading 'message')
    at file:///Users/hf-mac/Downloads/tgpro-admin/pages/license/index.vue:47:36
    at renderComponentSubTree (/Users/hf-mac/Downloads/tgpro-admin/.output/server/node_modules/@vue/server-renderer/dist/server-renderer.cjs.prod.js:466:9)
    at renderComponentVNode (/Users/hf-mac/Downloads/tgpro-admin/.output/server/node_modules/@vue/server-renderer/dist/server-renderer.cjs.prod.js:416:12)
    at renderVNode (/Users/hf-mac/Downloads/tgpro-admin/.output/server/node_modules/@vue/server-renderer/dist/server-renderer.cjs.prod.js:529:14)
    at renderComponentSubTree (/Users/hf-mac/Downloads/tgpro-admin/.output/server/node_modules/@vue/server-renderer/dist/server-renderer.cjs.prod.js:481:7)
    at renderComponentVNode (/Users/hf-mac/Downloads/tgpro-admin/.output/server/node_modules/@vue/server-renderer/dist/server-renderer.cjs.prod.js:416:12)
    at renderVNode (/Users/hf-mac/Downloads/tgpro-admin/.output/server/node_modules/@vue/server-renderer/dist/server-renderer.cjs.prod.js:529:14)
    at renderVNode (/Users/hf-mac/Downloads/tgpro-admin/.output/server/node_modules/@vue/server-renderer/dist/server-renderer.cjs.prod.js:533:9)
    at renderComponentSubTree (/Users/hf-mac/Downloads/tgpro-admin/.output/server/node_modules/@vue/server-renderer/dist/server-renderer.cjs.prod.js:481:7)
    at renderComponentVNode (/Users/hf-mac/Downloads/tgpro-admin/.output/server/node_modules/@vue/server-renderer/dist/server-renderer.cjs.prod.js:416:12)
2025-11-04T17:15:46: [unhandledRejection] TypeError: Cannot read properties of null (reading 'message')
    at file:///Users/hf-mac/Downloads/tgpro-admin/pages/license/index.vue:47:36
    at renderComponentSubTree (/Users/hf-mac/Downloads/tgpro-admin/.output/server/node_modules/@vue/server-renderer/dist/server-renderer.cjs.prod.js:466:9)
    at renderComponentVNode (/Users/hf-mac/Downloads/tgpro-admin/.output/server/node_modules/@vue/server-renderer/dist/server-renderer.cjs.prod.js:416:12)
    at renderVNode (/Users/hf-mac/Downloads/tgpro-admin/.output/server/node_modules/@vue/server-renderer/dist/server-renderer.cjs.prod.js:529:14)
    at renderComponentSubTree (/Users/hf-mac/Downloads/tgpro-admin/.output/server/node_modules/@vue/server-renderer/dist/server-renderer.cjs.prod.js:481:7)
    at renderComponentVNode (/Users/hf-mac/Downloads/tgpro-admin/.output/server/node_modules/@vue/server-renderer/dist/server-renderer.cjs.prod.js:416:12)
    at renderVNode (/Users/hf-mac/Downloads/tgpro-admin/.output/server/node_modules/@vue/server-renderer/dist/server-renderer.cjs.prod.js:529:14)
    at renderVNode (/Users/hf-mac/Downloads/tgpro-admin/.output/server/node_modules/@vue/server-renderer/dist/server-renderer.cjs.prod.js:533:9)
    at renderComponentSubTree (/Users/hf-mac/Downloads/tgpro-admin/.output/server/node_modules/@vue/server-renderer/dist/server-renderer.cjs.prod.js:481:7)
    at renderComponentVNode (/Users/hf-mac/Downloads/tgpro-admin/.output/server/node_modules/@vue/server-renderer/dist/server-renderer.cjs.prod.js:416:12)
You have triggered an unhandledRejection, you may have forgotten to catch a Promise rejection:
TypeError: Cannot read properties of null (reading 'message')
    at file:///Users/hf-mac/Downloads/tgpro-admin/pages/license/index.vue:47:36
    at renderComponentSubTree (/Users/hf-mac/Downloads/tgpro-admin/.output/server/node_modules/@vue/server-renderer/dist/server-renderer.cjs.prod.js:466:9)
    at renderComponentVNode (/Users/hf-mac/Downloads/tgpro-admin/.output/server/node_modules/@vue/server-renderer/dist/server-renderer.cjs.prod.js:416:12)
    at renderVNode (/Users/hf-mac/Downloads/tgpro-admin/.output/server/node_modules/@vue/server-renderer/dist/server-renderer.cjs.prod.js:529:14)
    at renderComponentSubTree (/Users/hf-mac/Downloads/tgpro-admin/.output/server/node_modules/@vue/server-renderer/dist/server-renderer.cjs.prod.js:481:7)
    at renderComponentVNode (/Users/hf-mac/Downloads/tgpro-admin/.output/server/node_modules/@vue/server-renderer/dist/server-renderer.cjs.prod.js:416:12)
    at renderVNode (/Users/hf-mac/Downloads/tgpro-admin/.output/server/node_modules/@vue/server-renderer/dist/server-renderer.cjs.prod.js:529:14)
    at renderVNode (/Users/hf-mac/Downloads/tgpro-admin/.output/server/node_modules/@vue/server-renderer/dist/server-renderer.cjs.prod.js:533:9)
    at renderComponentSubTree (/Users/hf-mac/Downloads/tgpro-admin/.output/server/node_modules/@vue/server-renderer/dist/server-renderer.cjs.prod.js:481:7)
    at renderComponentVNode (/Users/hf-mac/Downloads/tgpro-admin/.output/server/node_modules/@vue/server-renderer/dist/server-renderer.cjs.prod.js:416:12)
2025-11-04T17:15:55: [unhandledRejection] TypeError: Cannot read properties of null (reading 'message')
    at file:///Users/hf-mac/Downloads/tgpro-admin/pages/license/index.vue:47:36
    at renderComponentSubTree (/Users/hf-mac/Downloads/tgpro-admin/.output/server/node_modules/@vue/server-renderer/dist/server-renderer.cjs.prod.js:466:9)
    at renderComponentVNode (/Users/hf-mac/Downloads/tgpro-admin/.output/server/node_modules/@vue/server-renderer/dist/server-renderer.cjs.prod.js:416:12)
    at renderVNode (/Users/hf-mac/Downloads/tgpro-admin/.output/server/node_modules/@vue/server-renderer/dist/server-renderer.cjs.prod.js:529:14)
    at renderComponentSubTree (/Users/hf-mac/Downloads/tgpro-admin/.output/server/node_modules/@vue/server-renderer/dist/server-renderer.cjs.prod.js:481:7)
    at renderComponentVNode (/Users/hf-mac/Downloads/tgpro-admin/.output/server/node_modules/@vue/server-renderer/dist/server-renderer.cjs.prod.js:416:12)
    at renderVNode (/Users/hf-mac/Downloads/tgpro-admin/.output/server/node_modules/@vue/server-renderer/dist/server-renderer.cjs.prod.js:529:14)
    at renderVNode (/Users/hf-mac/Downloads/tgpro-admin/.output/server/node_modules/@vue/server-renderer/dist/server-renderer.cjs.prod.js:533:9)
    at renderComponentSubTree (/Users/hf-mac/Downloads/tgpro-admin/.output/server/node_modules/@vue/server-renderer/dist/server-renderer.cjs.prod.js:481:7)
    at renderComponentVNode (/Users/hf-mac/Downloads/tgpro-admin/.output/server/node_modules/@vue/server-renderer/dist/server-renderer.cjs.prod.js:416:12)
You have triggered an unhandledRejection, you may have forgotten to catch a Promise rejection:
TypeError: Cannot read properties of null (reading 'message')
    at file:///Users/hf-mac/Downloads/tgpro-admin/pages/license/index.vue:47:36
    at renderComponentSubTree (/Users/hf-mac/Downloads/tgpro-admin/.output/server/node_modules/@vue/server-renderer/dist/server-renderer.cjs.prod.js:466:9)
    at renderComponentVNode (/Users/hf-mac/Downloads/tgpro-admin/.output/server/node_modules/@vue/server-renderer/dist/server-renderer.cjs.prod.js:416:12)
    at renderVNode (/Users/hf-mac/Downloads/tgpro-admin/.output/server/node_modules/@vue/server-renderer/dist/server-renderer.cjs.prod.js:529:14)
    at renderComponentSubTree (/Users/hf-mac/Downloads/tgpro-admin/.output/server/node_modules/@vue/server-renderer/dist/server-renderer.cjs.prod.js:481:7)
    at renderComponentVNode (/Users/hf-mac/Downloads/tgpro-admin/.output/server/node_modules/@vue/server-renderer/dist/server-renderer.cjs.prod.js:416:12)
    at renderVNode (/Users/hf-mac/Downloads/tgpro-admin/.output/server/node_modules/@vue/server-renderer/dist/server-renderer.cjs.prod.js:529:14)
    at renderVNode (/Users/hf-mac/Downloads/tgpro-admin/.output/server/node_modules/@vue/server-renderer/dist/server-renderer.cjs.prod.js:533:9)
    at renderComponentSubTree (/Users/hf-mac/Downloads/tgpro-admin/.output/server/node_modules/@vue/server-renderer/dist/server-renderer.cjs.prod.js:481:7)
    at renderComponentVNode (/Users/hf-mac/Downloads/tgpro-admin/.output/server/node_modules/@vue/server-renderer/dist/server-renderer.cjs.prod.js:416:12)
2025-11-04T17:15:56: [unhandledRejection] TypeError: Cannot read properties of null (reading 'message')
    at file:///Users/hf-mac/Downloads/tgpro-admin/pages/license/index.vue:47:36
    at renderComponentSubTree (/Users/hf-mac/Downloads/tgpro-admin/.output/server/node_modules/@vue/server-renderer/dist/server-renderer.cjs.prod.js:466:9)
    at renderComponentVNode (/Users/hf-mac/Downloads/tgpro-admin/.output/server/node_modules/@vue/server-renderer/dist/server-renderer.cjs.prod.js:416:12)
    at renderVNode (/Users/hf-mac/Downloads/tgpro-admin/.output/server/node_modules/@vue/server-renderer/dist/server-renderer.cjs.prod.js:529:14)
    at renderComponentSubTree (/Users/hf-mac/Downloads/tgpro-admin/.output/server/node_modules/@vue/server-renderer/dist/server-renderer.cjs.prod.js:481:7)
    at renderComponentVNode (/Users/hf-mac/Downloads/tgpro-admin/.output/server/node_modules/@vue/server-renderer/dist/server-renderer.cjs.prod.js:416:12)
    at renderVNode (/Users/hf-mac/Downloads/tgpro-admin/.output/server/node_modules/@vue/server-renderer/dist/server-renderer.cjs.prod.js:529:14)
    at renderVNode (/Users/hf-mac/Downloads/tgpro-admin/.output/server/node_modules/@vue/server-renderer/dist/server-renderer.cjs.prod.js:533:9)
    at renderComponentSubTree (/Users/hf-mac/Downloads/tgpro-admin/.output/server/node_modules/@vue/server-renderer/dist/server-renderer.cjs.prod.js:481:7)
    at renderComponentVNode (/Users/hf-mac/Downloads/tgpro-admin/.output/server/node_modules/@vue/server-renderer/dist/server-renderer.cjs.prod.js:416:12)
You have triggered an unhandledRejection, you may have forgotten to catch a Promise rejection:
TypeError: Cannot read properties of null (reading 'message')
    at file:///Users/hf-mac/Downloads/tgpro-admin/pages/license/index.vue:47:36
    at renderComponentSubTree (/Users/hf-mac/Downloads/tgpro-admin/.output/server/node_modules/@vue/server-renderer/dist/server-renderer.cjs.prod.js:466:9)
    at renderComponentVNode (/Users/hf-mac/Downloads/tgpro-admin/.output/server/node_modules/@vue/server-renderer/dist/server-renderer.cjs.prod.js:416:12)
    at renderVNode (/Users/hf-mac/Downloads/tgpro-admin/.output/server/node_modules/@vue/server-renderer/dist/server-renderer.cjs.prod.js:529:14)
    at renderComponentSubTree (/Users/hf-mac/Downloads/tgpro-admin/.output/server/node_modules/@vue/server-renderer/dist/server-renderer.cjs.prod.js:481:7)
    at renderComponentVNode (/Users/hf-mac/Downloads/tgpro-admin/.output/server/node_modules/@vue/server-renderer/dist/server-renderer.cjs.prod.js:416:12)
    at renderVNode (/Users/hf-mac/Downloads/tgpro-admin/.output/server/node_modules/@vue/server-renderer/dist/server-renderer.cjs.prod.js:529:14)
    at renderVNode (/Users/hf-mac/Downloads/tgpro-admin/.output/server/node_modules/@vue/server-renderer/dist/server-renderer.cjs.prod.js:533:9)
    at renderComponentSubTree (/Users/hf-mac/Downloads/tgpro-admin/.output/server/node_modules/@vue/server-renderer/dist/server-renderer.cjs.prod.js:481:7)
    at renderComponentVNode (/Users/hf-mac/Downloads/tgpro-admin/.output/server/node_modules/@vue/server-renderer/dist/server-renderer.cjs.prod.js:416:12)
2025-11-04T17:15:57: [unhandledRejection] TypeError: Cannot read properties of null (reading 'message')
    at file:///Users/hf-mac/Downloads/tgpro-admin/pages/license/index.vue:47:36
    at renderComponentSubTree (/Users/hf-mac/Downloads/tgpro-admin/.output/server/node_modules/@vue/server-renderer/dist/server-renderer.cjs.prod.js:466:9)
    at renderComponentVNode (/Users/hf-mac/Downloads/tgpro-admin/.output/server/node_modules/@vue/server-renderer/dist/server-renderer.cjs.prod.js:416:12)
    at renderVNode (/Users/hf-mac/Downloads/tgpro-admin/.output/server/node_modules/@vue/server-renderer/dist/server-renderer.cjs.prod.js:529:14)
    at renderComponentSubTree (/Users/hf-mac/Downloads/tgpro-admin/.output/server/node_modules/@vue/server-renderer/dist/server-renderer.cjs.prod.js:481:7)
    at renderComponentVNode (/Users/hf-mac/Downloads/tgpro-admin/.output/server/node_modules/@vue/server-renderer/dist/server-renderer.cjs.prod.js:416:12)
    at renderVNode (/Users/hf-mac/Downloads/tgpro-admin/.output/server/node_modules/@vue/server-renderer/dist/server-renderer.cjs.prod.js:529:14)
    at renderVNode (/Users/hf-mac/Downloads/tgpro-admin/.output/server/node_modules/@vue/server-renderer/dist/server-renderer.cjs.prod.js:533:9)
    at renderComponentSubTree (/Users/hf-mac/Downloads/tgpro-admin/.output/server/node_modules/@vue/server-renderer/dist/server-renderer.cjs.prod.js:481:7)
    at renderComponentVNode (/Users/hf-mac/Downloads/tgpro-admin/.output/server/node_modules/@vue/server-renderer/dist/server-renderer.cjs.prod.js:416:12)
2025-11-04T17:15:58: 正在检查GitHub最新版本...
2025-11-04T17:15:59: GitHub API响应: {
  tag_name: 'tgpro-admin',
  name: 'v2.0.7',
  published_at: '2025-11-02T10:58:20Z'
}
2025-11-04T17:15:59: Latest version name: v2.0.7
2025-11-04T17:15:59: 版本比较结果: { hasUpdate: true, comparison: -1 }
2025-11-04T17:16:00: 正在检查GitHub最新版本...
2025-11-04T17:16:00: GitHub API响应: {
  tag_name: 'tgpro-admin',
  name: 'v2.0.7',
  published_at: '2025-11-02T10:58:20Z'
}
2025-11-04T17:16:00: Latest version name: v2.0.7
2025-11-04T17:16:00: 版本比较结果: { hasUpdate: true, comparison: -1 }
2025-11-04T17:16:03: Ignoring invalid configuration option passed to Connection: acquireTimeout. This is currently a warning, but in future versions of MySQL2, an error will be thrown if you pass an invalid configuration option to a Connection
2025-11-04T17:16:03: Ignoring invalid configuration option passed to Connection: timeout. This is currently a warning, but in future versions of MySQL2, an error will be thrown if you pass an invalid configuration option to a Connection
2025-11-04T17:16:03: Ignoring invalid configuration option passed to Connection: reconnect. This is currently a warning, but in future versions of MySQL2, an error will be thrown if you pass an invalid configuration option to a Connection
You have triggered an unhandledRejection, you may have forgotten to catch a Promise rejection:
TypeError: Cannot read properties of null (reading 'message')
    at file:///Users/hf-mac/Downloads/tgpro-admin/pages/license/index.vue:47:36
    at renderComponentSubTree (/Users/hf-mac/Downloads/tgpro-admin/.output/server/node_modules/@vue/server-renderer/dist/server-renderer.cjs.prod.js:466:9)
    at renderComponentVNode (/Users/hf-mac/Downloads/tgpro-admin/.output/server/node_modules/@vue/server-renderer/dist/server-renderer.cjs.prod.js:416:12)
    at renderVNode (/Users/hf-mac/Downloads/tgpro-admin/.output/server/node_modules/@vue/server-renderer/dist/server-renderer.cjs.prod.js:529:14)
    at renderComponentSubTree (/Users/hf-mac/Downloads/tgpro-admin/.output/server/node_modules/@vue/server-renderer/dist/server-renderer.cjs.prod.js:481:7)
    at renderComponentVNode (/Users/hf-mac/Downloads/tgpro-admin/.output/server/node_modules/@vue/server-renderer/dist/server-renderer.cjs.prod.js:416:12)
    at renderVNode (/Users/hf-mac/Downloads/tgpro-admin/.output/server/node_modules/@vue/server-renderer/dist/server-renderer.cjs.prod.js:529:14)
    at renderVNode (/Users/hf-mac/Downloads/tgpro-admin/.output/server/node_modules/@vue/server-renderer/dist/server-renderer.cjs.prod.js:533:9)
    at renderComponentSubTree (/Users/hf-mac/Downloads/tgpro-admin/.output/server/node_modules/@vue/server-renderer/dist/server-renderer.cjs.prod.js:481:7)
    at renderComponentVNode (/Users/hf-mac/Downloads/tgpro-admin/.output/server/node_modules/@vue/server-renderer/dist/server-renderer.cjs.prod.js:416:12)
2025-11-04T17:16:05: [unhandledRejection] TypeError: Cannot read properties of null (reading 'message')
    at file:///Users/hf-mac/Downloads/tgpro-admin/pages/license/index.vue:47:36
    at renderComponentSubTree (/Users/hf-mac/Downloads/tgpro-admin/.output/server/node_modules/@vue/server-renderer/dist/server-renderer.cjs.prod.js:466:9)
    at renderComponentVNode (/Users/hf-mac/Downloads/tgpro-admin/.output/server/node_modules/@vue/server-renderer/dist/server-renderer.cjs.prod.js:416:12)
    at renderVNode (/Users/hf-mac/Downloads/tgpro-admin/.output/server/node_modules/@vue/server-renderer/dist/server-renderer.cjs.prod.js:529:14)
    at renderComponentSubTree (/Users/hf-mac/Downloads/tgpro-admin/.output/server/node_modules/@vue/server-renderer/dist/server-renderer.cjs.prod.js:481:7)
    at renderComponentVNode (/Users/hf-mac/Downloads/tgpro-admin/.output/server/node_modules/@vue/server-renderer/dist/server-renderer.cjs.prod.js:416:12)
    at renderVNode (/Users/hf-mac/Downloads/tgpro-admin/.output/server/node_modules/@vue/server-renderer/dist/server-renderer.cjs.prod.js:529:14)
    at renderVNode (/Users/hf-mac/Downloads/tgpro-admin/.output/server/node_modules/@vue/server-renderer/dist/server-renderer.cjs.prod.js:533:9)
    at renderComponentSubTree (/Users/hf-mac/Downloads/tgpro-admin/.output/server/node_modules/@vue/server-renderer/dist/server-renderer.cjs.prod.js:481:7)
    at renderComponentVNode (/Users/hf-mac/Downloads/tgpro-admin/.output/server/node_modules/@vue/server-renderer/dist/server-renderer.cjs.prod.js:416:12)
2025-11-04T17:18:52: Listening on http://[::]:3000
2025-11-04T17:19:04: Ignoring invalid configuration option passed to Connection: acquireTimeout. This is currently a warning, but in future versions of MySQL2, an error will be thrown if you pass an invalid configuration option to a Connection
2025-11-04T17:19:04: Ignoring invalid configuration option passed to Connection: timeout. This is currently a warning, but in future versions of MySQL2, an error will be thrown if you pass an invalid configuration option to a Connection
2025-11-04T17:19:04: Ignoring invalid configuration option passed to Connection: reconnect. This is currently a warning, but in future versions of MySQL2, an error will be thrown if you pass an invalid configuration option to a Connection
2025-11-04T17:27:10: Listening on http://[::]:3000
2025-11-04T17:27:35: Ignoring invalid configuration option passed to Connection: acquireTimeout. This is currently a warning, but in future versions of MySQL2, an error will be thrown if you pass an invalid configuration option to a Connection
2025-11-04T17:27:35: Ignoring invalid configuration option passed to Connection: timeout. This is currently a warning, but in future versions of MySQL2, an error will be thrown if you pass an invalid configuration option to a Connection
2025-11-04T17:27:35: Ignoring invalid configuration option passed to Connection: reconnect. This is currently a warning, but in future versions of MySQL2, an error will be thrown if you pass an invalid configuration option to a Connection
2025-11-04T17:31:48: Listening on http://[::]:3000
2025-11-04T17:32:37: Ignoring invalid configuration option passed to Connection: acquireTimeout. This is currently a warning, but in future versions of MySQL2, an error will be thrown if you pass an invalid configuration option to a Connection
2025-11-04T17:32:37: Ignoring invalid configuration option passed to Connection: timeout. This is currently a warning, but in future versions of MySQL2, an error will be thrown if you pass an invalid configuration option to a Connection
2025-11-04T17:32:37: Ignoring invalid configuration option passed to Connection: reconnect. This is currently a warning, but in future versions of MySQL2, an error will be thrown if you pass an invalid configuration option to a Connection
2025-11-04T17:32:37: [Zibll] Searching for order: 2511041721391842247
2025-11-04T17:32:37: [Zibll] API Request: GET https://hfz.pw/wp-json/wp/v2/posts?post_type=shop_order&search=2511041721391842247&per_page=10
2025-11-04T17:32:48: [Zibll] WordPress API request failed: TypeError: fetch failed
    at node:internal/deps/undici/undici:13510:13
    at processTicksAndRejections (node:internal/process/task_queues:105:5)
    at ZibllAPI.request (file:///Users/hf-mac/Downloads/tgpro-admin/.output/server/chunks/nitro/nitro.mjs:6331:24)
    at ZibllAPI.getOrderByNumber (file:///Users/hf-mac/Downloads/tgpro-admin/.output/server/chunks/nitro/nitro.mjs:6353:21)
    at ZibllAPI.validateOrder (file:///Users/hf-mac/Downloads/tgpro-admin/.output/server/chunks/nitro/nitro.mjs:6413:21)
    at Object.handler (file:///Users/hf-mac/Downloads/tgpro-admin/server/api/license/validate-order.post.ts:45:1)
    at Object.handler (file:///Users/hf-mac/Downloads/tgpro-admin/.output/server/chunks/nitro/nitro.mjs:1959:19)
    at Server.toNodeHandle (file:///Users/hf-mac/Downloads/tgpro-admin/.output/server/chunks/nitro/nitro.mjs:2230:7) {
  [cause]: ConnectTimeoutError: Connect Timeout Error (attempted address: hfz.pw:443, timeout: 10000ms)
      at onConnectTimeout (node:internal/deps/undici/undici:2602:28)
      at Immediate._onImmediate (node:internal/deps/undici/undici:2583:11)
      at processImmediate (node:internal/timers:485:21) {
    code: 'UND_ERR_CONNECT_TIMEOUT'
  }
}
2025-11-04T17:32:48: [Zibll] Failed to get order: TypeError: fetch failed
    at node:internal/deps/undici/undici:13510:13
    at processTicksAndRejections (node:internal/process/task_queues:105:5)
    at ZibllAPI.request (file:///Users/hf-mac/Downloads/tgpro-admin/.output/server/chunks/nitro/nitro.mjs:6331:24)
    at ZibllAPI.getOrderByNumber (file:///Users/hf-mac/Downloads/tgpro-admin/.output/server/chunks/nitro/nitro.mjs:6353:21)
    at ZibllAPI.validateOrder (file:///Users/hf-mac/Downloads/tgpro-admin/.output/server/chunks/nitro/nitro.mjs:6413:21)
    at Object.handler (file:///Users/hf-mac/Downloads/tgpro-admin/server/api/license/validate-order.post.ts:45:1)
    at Object.handler (file:///Users/hf-mac/Downloads/tgpro-admin/.output/server/chunks/nitro/nitro.mjs:1959:19)
    at Server.toNodeHandle (file:///Users/hf-mac/Downloads/tgpro-admin/.output/server/chunks/nitro/nitro.mjs:2230:7) {
  [cause]: ConnectTimeoutError: Connect Timeout Error (attempted address: hfz.pw:443, timeout: 10000ms)
      at onConnectTimeout (node:internal/deps/undici/undici:2602:28)
      at Immediate._onImmediate (node:internal/deps/undici/undici:2583:11)
      at processImmediate (node:internal/timers:485:21) {
    code: 'UND_ERR_CONNECT_TIMEOUT'
  }
}
2025-11-04T17:38:25: Listening on http://[::]:3000
2025-11-04T17:43:18: Ignoring invalid configuration option passed to Connection: acquireTimeout. This is currently a warning, but in future versions of MySQL2, an error will be thrown if you pass an invalid configuration option to a Connection
2025-11-04T17:43:18: Ignoring invalid configuration option passed to Connection: timeout. This is currently a warning, but in future versions of MySQL2, an error will be thrown if you pass an invalid configuration option to a Connection
2025-11-04T17:43:18: Ignoring invalid configuration option passed to Connection: reconnect. This is currently a warning, but in future versions of MySQL2, an error will be thrown if you pass an invalid configuration option to a Connection
2025-11-04T17:43:20: ⚠️ 跳过WordPress API验证（网络问题），订单号: 2511041721391842247
2025-11-04T17:43:35: ⚠️ 跳过WordPress API验证（网络问题），订单号: 25110417213918422475
2025-11-04T17:43:47: ⚠️ 跳过WordPress API验证（网络问题），订单号: 25110417213918422474533
2025-11-04T17:43:54: ⚠️ 跳过WordPress API验证（网络问题），订单号: 251104172139184224734342
2025-11-04T17:44:38: Listening on http://[::]:3000
2025-11-04T17:45:44: Ignoring invalid configuration option passed to Connection: acquireTimeout. This is currently a warning, but in future versions of MySQL2, an error will be thrown if you pass an invalid configuration option to a Connection
2025-11-04T17:45:44: Ignoring invalid configuration option passed to Connection: timeout. This is currently a warning, but in future versions of MySQL2, an error will be thrown if you pass an invalid configuration option to a Connection
2025-11-04T17:45:44: Ignoring invalid configuration option passed to Connection: reconnect. This is currently a warning, but in future versions of MySQL2, an error will be thrown if you pass an invalid configuration option to a Connection
2025-11-04T17:45:45: [Zibll] Searching for order: 251104172139184224778781
2025-11-04T17:45:45: [Zibll] API Request: GET https://hfz.pw/wp-json/wp/v2/posts?post_type=shop_order&search=251104172139184224778781&per_page=10
2025-11-04T17:45:46: [Zibll] API Response: 200 OK
2025-11-04T17:45:46: [Zibll] API Data length: 0
2025-11-04T17:45:46: [Zibll] Search result: []
2025-11-04T17:45:46: [Zibll] No posts found by search, trying meta query...
2025-11-04T17:45:46: [Zibll] API Request: GET https://hfz.pw/wp-json/wp/v2/posts?post_type=shop_order&per_page=100
2025-11-04T17:45:47: [Zibll] API Response: 200 OK
2025-11-04T17:45:49: [Zibll] API Data length: 78
2025-11-04T17:45:49: [Zibll] Found 78 total orders
2025-11-04T17:45:49: [Zibll] API Request: GET https://hfz.pw/wp-json/wp/v2/posts/2032
2025-11-04T17:45:49: [Zibll] API Response: 200 OK
2025-11-04T17:45:49: [Zibll] API Data length: object
2025-11-04T17:45:49: [Zibll] Checking order 2032, meta: {
  "footnotes": ""
}
2025-11-04T17:45:49: [Zibll] API Request: GET https://hfz.pw/wp-json/wp/v2/posts/1991
2025-11-04T17:45:49: [Zibll] API Response: 200 OK
2025-11-04T17:45:49: [Zibll] API Data length: object
2025-11-04T17:45:49: [Zibll] Checking order 1991, meta: {
  "footnotes": ""
}
2025-11-04T17:45:49: [Zibll] API Request: GET https://hfz.pw/wp-json/wp/v2/posts/1311
2025-11-04T17:45:50: [Zibll] API Response: 200 OK
2025-11-04T17:45:50: [Zibll] API Data length: object
2025-11-04T17:45:50: [Zibll] Checking order 1311, meta: {
  "footnotes": ""
}
2025-11-04T17:45:50: [Zibll] API Request: GET https://hfz.pw/wp-json/wp/v2/posts/1971
2025-11-04T17:45:50: [Zibll] API Response: 200 OK
2025-11-04T17:45:50: [Zibll] API Data length: object
2025-11-04T17:45:50: [Zibll] Checking order 1971, meta: {
  "footnotes": ""
}
2025-11-04T17:45:50: [Zibll] API Request: GET https://hfz.pw/wp-json/wp/v2/posts/1603
2025-11-04T17:45:50: [Zibll] API Response: 200 OK
2025-11-04T17:45:50: [Zibll] API Data length: object
2025-11-04T17:45:50: [Zibll] Checking order 1603, meta: {
  "footnotes": ""
}
2025-11-04T17:45:50: [Zibll] API Request: GET https://hfz.pw/wp-json/wp/v2/posts/1932
2025-11-04T17:45:51: [Zibll] API Response: 200 OK
2025-11-04T17:45:51: [Zibll] API Data length: object
2025-11-04T17:45:51: [Zibll] Checking order 1932, meta: {
  "footnotes": ""
}
2025-11-04T17:45:51: [Zibll] API Request: GET https://hfz.pw/wp-json/wp/v2/posts/1869
2025-11-04T17:45:51: [Zibll] API Response: 200 OK
2025-11-04T17:45:51: [Zibll] API Data length: object
2025-11-04T17:45:51: [Zibll] Checking order 1869, meta: {
  "footnotes": ""
}
2025-11-04T17:45:51: [Zibll] API Request: GET https://hfz.pw/wp-json/wp/v2/posts/1786
2025-11-04T17:45:52: [Zibll] API Response: 200 OK
2025-11-04T17:45:52: [Zibll] API Data length: object
2025-11-04T17:45:52: [Zibll] Checking order 1786, meta: {
  "footnotes": ""
}
2025-11-04T17:45:52: [Zibll] API Request: GET https://hfz.pw/wp-json/wp/v2/posts/1780
2025-11-04T17:45:52: [Zibll] API Response: 200 OK
2025-11-04T17:45:52: [Zibll] API Data length: object
2025-11-04T17:45:52: [Zibll] Checking order 1780, meta: {
  "footnotes": ""
}
2025-11-04T17:45:52: [Zibll] API Request: GET https://hfz.pw/wp-json/wp/v2/posts/1762
2025-11-04T17:45:52: [Zibll] API Response: 200 OK
2025-11-04T17:45:52: [Zibll] API Data length: object
2025-11-04T17:45:52: [Zibll] Checking order 1762, meta: {
  "footnotes": ""
}
2025-11-04T17:45:52: [Zibll] API Request: GET https://hfz.pw/wp-json/wp/v2/posts/1739
2025-11-04T17:45:53: [Zibll] API Response: 200 OK
2025-11-04T17:45:53: [Zibll] API Data length: object
2025-11-04T17:45:53: [Zibll] Checking order 1739, meta: {
  "footnotes": ""
}
2025-11-04T17:45:53: [Zibll] API Request: GET https://hfz.pw/wp-json/wp/v2/posts/1705
2025-11-04T17:45:53: [Zibll] API Response: 200 OK
2025-11-04T17:45:53: [Zibll] API Data length: object
2025-11-04T17:45:53: [Zibll] Checking order 1705, meta: {
  "footnotes": ""
}
2025-11-04T17:45:53: [Zibll] API Request: GET https://hfz.pw/wp-json/wp/v2/posts/1703
2025-11-04T17:45:54: [Zibll] API Response: 200 OK
2025-11-04T17:45:54: [Zibll] API Data length: object
2025-11-04T17:45:54: [Zibll] Checking order 1703, meta: {
  "footnotes": ""
}
2025-11-04T17:45:54: [Zibll] API Request: GET https://hfz.pw/wp-json/wp/v2/posts/1700
2025-11-04T17:45:54: [Zibll] API Response: 200 OK
2025-11-04T17:45:54: [Zibll] API Data length: object
2025-11-04T17:45:54: [Zibll] Checking order 1700, meta: {
  "footnotes": ""
}
2025-11-04T17:45:54: [Zibll] API Request: GET https://hfz.pw/wp-json/wp/v2/posts/1498
2025-11-04T17:45:54: [Zibll] API Response: 200 OK
2025-11-04T17:45:54: [Zibll] API Data length: object
2025-11-04T17:45:54: [Zibll] Checking order 1498, meta: {
  "footnotes": ""
}
2025-11-04T17:45:54: [Zibll] API Request: GET https://hfz.pw/wp-json/wp/v2/posts/1632
2025-11-04T17:45:55: [Zibll] API Response: 200 OK
2025-11-04T17:45:55: [Zibll] API Data length: object
2025-11-04T17:45:55: [Zibll] Checking order 1632, meta: {
  "footnotes": ""
}
2025-11-04T17:45:55: [Zibll] API Request: GET https://hfz.pw/wp-json/wp/v2/posts/1630
2025-11-04T17:45:55: [Zibll] API Response: 200 OK
2025-11-04T17:45:55: [Zibll] API Data length: object
2025-11-04T17:45:55: [Zibll] Checking order 1630, meta: {
  "footnotes": ""
}
2025-11-04T17:45:55: [Zibll] API Request: GET https://hfz.pw/wp-json/wp/v2/posts/1628
2025-11-04T17:45:55: [Zibll] API Response: 200 OK
2025-11-04T17:45:55: [Zibll] API Data length: object
2025-11-04T17:45:55: [Zibll] Checking order 1628, meta: {
  "footnotes": ""
}
2025-11-04T17:45:55: [Zibll] API Request: GET https://hfz.pw/wp-json/wp/v2/posts/1449
2025-11-04T17:45:56: [Zibll] API Response: 200 OK
2025-11-04T17:45:56: [Zibll] API Data length: object
2025-11-04T17:45:56: [Zibll] Checking order 1449, meta: {
  "footnotes": ""
}
2025-11-04T17:45:56: [Zibll] API Request: GET https://hfz.pw/wp-json/wp/v2/posts/1590
2025-11-04T17:45:56: [Zibll] API Response: 200 OK
2025-11-04T17:45:56: [Zibll] API Data length: object
2025-11-04T17:45:56: [Zibll] Checking order 1590, meta: {
  "footnotes": ""
}
2025-11-04T17:45:56: [Zibll] API Request: GET https://hfz.pw/wp-json/wp/v2/posts/1584
2025-11-04T17:45:57: [Zibll] API Response: 200 OK
2025-11-04T17:45:57: [Zibll] API Data length: object
2025-11-04T17:45:57: [Zibll] Checking order 1584, meta: {
  "footnotes": ""
}
2025-11-04T17:45:57: [Zibll] API Request: GET https://hfz.pw/wp-json/wp/v2/posts/1579
2025-11-04T17:45:57: [Zibll] API Response: 200 OK
2025-11-04T17:45:57: [Zibll] API Data length: object
2025-11-04T17:45:57: [Zibll] Checking order 1579, meta: {
  "footnotes": ""
}
2025-11-04T17:45:57: [Zibll] API Request: GET https://hfz.pw/wp-json/wp/v2/posts/1560
2025-11-04T17:45:57: [Zibll] API Response: 200 OK
2025-11-04T17:45:57: [Zibll] API Data length: object
2025-11-04T17:45:57: [Zibll] Checking order 1560, meta: {
  "footnotes": ""
}
2025-11-04T17:45:57: [Zibll] API Request: GET https://hfz.pw/wp-json/wp/v2/posts/1537
2025-11-04T17:45:58: [Zibll] API Response: 200 OK
2025-11-04T17:45:58: [Zibll] API Data length: object
2025-11-04T17:45:58: [Zibll] Checking order 1537, meta: {
  "footnotes": ""
}
2025-11-04T17:45:58: [Zibll] API Request: GET https://hfz.pw/wp-json/wp/v2/posts/1512
2025-11-04T17:45:58: [Zibll] API Response: 200 OK
2025-11-04T17:45:58: [Zibll] API Data length: object
2025-11-04T17:45:58: [Zibll] Checking order 1512, meta: {
  "footnotes": ""
}
2025-11-04T17:45:58: [Zibll] API Request: GET https://hfz.pw/wp-json/wp/v2/posts/1500
2025-11-04T17:45:59: [Zibll] API Response: 200 OK
2025-11-04T17:45:59: [Zibll] API Data length: object
2025-11-04T17:45:59: [Zibll] Checking order 1500, meta: {
  "footnotes": ""
}
2025-11-04T17:45:59: [Zibll] API Request: GET https://hfz.pw/wp-json/wp/v2/posts/1470
2025-11-04T17:45:59: [Zibll] API Response: 200 OK
2025-11-04T17:45:59: [Zibll] API Data length: object
2025-11-04T17:45:59: [Zibll] Checking order 1470, meta: {
  "footnotes": ""
}
2025-11-04T17:45:59: [Zibll] API Request: GET https://hfz.pw/wp-json/wp/v2/posts/1408
2025-11-04T17:45:59: [Zibll] API Response: 200 OK
2025-11-04T17:45:59: [Zibll] API Data length: object
2025-11-04T17:45:59: [Zibll] Checking order 1408, meta: {
  "footnotes": ""
}
2025-11-04T17:45:59: [Zibll] API Request: GET https://hfz.pw/wp-json/wp/v2/posts/1258
2025-11-04T17:46:00: [Zibll] API Response: 200 OK
2025-11-04T17:46:00: [Zibll] API Data length: object
2025-11-04T17:46:00: [Zibll] Checking order 1258, meta: {
  "footnotes": ""
}
2025-11-04T17:46:00: [Zibll] API Request: GET https://hfz.pw/wp-json/wp/v2/posts/1370
2025-11-04T17:46:00: [Zibll] API Response: 200 OK
2025-11-04T17:46:00: [Zibll] API Data length: object
2025-11-04T17:46:00: [Zibll] Checking order 1370, meta: {
  "footnotes": ""
}
2025-11-04T17:46:00: [Zibll] API Request: GET https://hfz.pw/wp-json/wp/v2/posts/1280
2025-11-04T17:46:00: [Zibll] API Response: 200 OK
2025-11-04T17:46:00: [Zibll] API Data length: object
2025-11-04T17:46:00: [Zibll] Checking order 1280, meta: {
  "footnotes": ""
}
2025-11-04T17:46:00: [Zibll] API Request: GET https://hfz.pw/wp-json/wp/v2/posts/1298
2025-11-04T17:46:01: [Zibll] API Response: 200 OK
2025-11-04T17:46:01: [Zibll] API Data length: object
2025-11-04T17:46:01: [Zibll] Checking order 1298, meta: {
  "footnotes": ""
}
2025-11-04T17:46:01: [Zibll] API Request: GET https://hfz.pw/wp-json/wp/v2/posts/1294
2025-11-04T17:46:01: [Zibll] API Response: 200 OK
2025-11-04T17:46:01: [Zibll] API Data length: object
2025-11-04T17:46:01: [Zibll] Checking order 1294, meta: {
  "footnotes": ""
}
2025-11-04T17:46:01: [Zibll] API Request: GET https://hfz.pw/wp-json/wp/v2/posts/1278
2025-11-04T17:46:01: [Zibll] API Response: 200 OK
2025-11-04T17:46:01: [Zibll] API Data length: object
2025-11-04T17:46:01: [Zibll] Checking order 1278, meta: {
  "footnotes": ""
}
2025-11-04T17:46:01: [Zibll] API Request: GET https://hfz.pw/wp-json/wp/v2/posts/1273
2025-11-04T17:46:02: [Zibll] API Response: 200 OK
2025-11-04T17:46:02: [Zibll] API Data length: object
2025-11-04T17:46:02: [Zibll] Checking order 1273, meta: {
  "footnotes": ""
}
2025-11-04T17:46:02: [Zibll] API Request: GET https://hfz.pw/wp-json/wp/v2/posts/1236
2025-11-04T17:46:02: [Zibll] API Response: 200 OK
2025-11-04T17:46:02: [Zibll] API Data length: object
2025-11-04T17:46:02: [Zibll] Checking order 1236, meta: {
  "footnotes": ""
}
2025-11-04T17:46:02: [Zibll] API Request: GET https://hfz.pw/wp-json/wp/v2/posts/1230
2025-11-04T17:46:02: [Zibll] API Response: 200 OK
2025-11-04T17:46:02: [Zibll] API Data length: object
2025-11-04T17:46:02: [Zibll] Checking order 1230, meta: {
  "footnotes": ""
}
2025-11-04T17:46:02: [Zibll] API Request: GET https://hfz.pw/wp-json/wp/v2/posts/1155
2025-11-04T17:46:03: [Zibll] API Response: 200 OK
2025-11-04T17:46:03: [Zibll] API Data length: object
2025-11-04T17:46:03: [Zibll] Checking order 1155, meta: {
  "footnotes": ""
}
2025-11-04T17:46:03: [Zibll] API Request: GET https://hfz.pw/wp-json/wp/v2/posts/1217
2025-11-04T17:46:03: [Zibll] API Response: 200 OK
2025-11-04T17:46:03: [Zibll] API Data length: object
2025-11-04T17:46:03: [Zibll] Checking order 1217, meta: {
  "footnotes": ""
}
2025-11-04T17:46:03: [Zibll] API Request: GET https://hfz.pw/wp-json/wp/v2/posts/1182
2025-11-04T17:46:04: [Zibll] API Response: 200 OK
2025-11-04T17:46:04: [Zibll] API Data length: object
2025-11-04T17:46:04: [Zibll] Checking order 1182, meta: {
  "footnotes": ""
}
2025-11-04T17:46:04: [Zibll] API Request: GET https://hfz.pw/wp-json/wp/v2/posts/617
2025-11-04T17:46:04: [Zibll] API Response: 200 OK
2025-11-04T17:46:04: [Zibll] API Data length: object
2025-11-04T17:46:04: [Zibll] Checking order 617, meta: {
  "footnotes": ""
}
2025-11-04T17:46:04: [Zibll] API Request: GET https://hfz.pw/wp-json/wp/v2/posts/557
2025-11-04T17:46:04: [Zibll] API Response: 200 OK
2025-11-04T17:46:04: [Zibll] API Data length: object
2025-11-04T17:46:04: [Zibll] Checking order 557, meta: {
  "footnotes": ""
}
2025-11-04T17:46:04: [Zibll] API Request: GET https://hfz.pw/wp-json/wp/v2/posts/559
2025-11-04T17:46:05: [Zibll] API Response: 200 OK
2025-11-04T17:46:05: [Zibll] API Data length: object
2025-11-04T17:46:05: [Zibll] Checking order 559, meta: {
  "footnotes": ""
}
2025-11-04T17:46:05: [Zibll] API Request: GET https://hfz.pw/wp-json/wp/v2/posts/884
2025-11-04T17:46:05: [Zibll] API Response: 200 OK
2025-11-04T17:46:05: [Zibll] API Data length: object
2025-11-04T17:46:05: [Zibll] Checking order 884, meta: {
  "footnotes": ""
}
2025-11-04T17:46:05: [Zibll] API Request: GET https://hfz.pw/wp-json/wp/v2/posts/1138
2025-11-04T17:46:05: [Zibll] API Response: 200 OK
2025-11-04T17:46:05: [Zibll] API Data length: object
2025-11-04T17:46:05: [Zibll] Checking order 1138, meta: {
  "footnotes": ""
}
2025-11-04T17:46:05: [Zibll] API Request: GET https://hfz.pw/wp-json/wp/v2/posts/1055
2025-11-04T17:46:06: [Zibll] API Response: 200 OK
2025-11-04T17:46:06: [Zibll] API Data length: object
2025-11-04T17:46:06: [Zibll] Checking order 1055, meta: {
  "footnotes": ""
}
2025-11-04T17:46:06: [Zibll] API Request: GET https://hfz.pw/wp-json/wp/v2/posts/1103
2025-11-04T17:46:06: [Zibll] API Response: 200 OK
2025-11-04T17:46:06: [Zibll] API Data length: object
2025-11-04T17:46:06: [Zibll] Checking order 1103, meta: {
  "footnotes": ""
}
2025-11-04T17:46:06: [Zibll] API Request: GET https://hfz.pw/wp-json/wp/v2/posts/988
2025-11-04T17:46:07: [Zibll] API Response: 200 OK
2025-11-04T17:46:07: [Zibll] API Data length: object
2025-11-04T17:46:07: [Zibll] Checking order 988, meta: {
  "footnotes": ""
}
2025-11-04T17:46:07: [Zibll] API Request: GET https://hfz.pw/wp-json/wp/v2/posts/979
2025-11-04T17:46:07: [Zibll] API Response: 200 OK
2025-11-04T17:46:07: [Zibll] API Data length: object
2025-11-04T17:46:07: [Zibll] Checking order 979, meta: {
  "footnotes": ""
}
2025-11-04T17:46:07: [Zibll] API Request: GET https://hfz.pw/wp-json/wp/v2/posts/969
2025-11-04T17:46:07: [Zibll] API Response: 200 OK
2025-11-04T17:46:07: [Zibll] API Data length: object
2025-11-04T17:46:07: [Zibll] Checking order 969, meta: {
  "footnotes": ""
}
2025-11-04T17:46:07: [Zibll] API Request: GET https://hfz.pw/wp-json/wp/v2/posts/956
2025-11-04T17:46:08: [Zibll] API Response: 200 OK
2025-11-04T17:46:08: [Zibll] API Data length: object
2025-11-04T17:46:08: [Zibll] Checking order 956, meta: {
  "footnotes": ""
}
2025-11-04T17:46:08: [Zibll] API Request: GET https://hfz.pw/wp-json/wp/v2/posts/914
2025-11-04T17:46:08: [Zibll] API Response: 200 OK
2025-11-04T17:46:08: [Zibll] API Data length: object
2025-11-04T17:46:08: [Zibll] Checking order 914, meta: {
  "footnotes": ""
}
2025-11-04T17:46:08: [Zibll] API Request: GET https://hfz.pw/wp-json/wp/v2/posts/912
2025-11-04T17:46:09: [Zibll] API Response: 200 OK
2025-11-04T17:46:09: [Zibll] API Data length: object
2025-11-04T17:46:09: [Zibll] Checking order 912, meta: {
  "footnotes": ""
}
2025-11-04T17:46:09: [Zibll] API Request: GET https://hfz.pw/wp-json/wp/v2/posts/898
2025-11-04T17:46:09: [Zibll] API Response: 200 OK
2025-11-04T17:46:09: [Zibll] API Data length: object
2025-11-04T17:46:09: [Zibll] Checking order 898, meta: {
  "footnotes": ""
}
2025-11-04T17:46:09: [Zibll] API Request: GET https://hfz.pw/wp-json/wp/v2/posts/889
2025-11-04T17:46:09: [Zibll] API Response: 200 OK
2025-11-04T17:46:09: [Zibll] API Data length: object
2025-11-04T17:46:09: [Zibll] Checking order 889, meta: {
  "footnotes": ""
}
2025-11-04T17:46:09: [Zibll] API Request: GET https://hfz.pw/wp-json/wp/v2/posts/867
2025-11-04T17:46:10: [Zibll] API Response: 200 OK
2025-11-04T17:46:10: [Zibll] API Data length: object
2025-11-04T17:46:10: [Zibll] Checking order 867, meta: {
  "footnotes": ""
}
2025-11-04T17:46:10: [Zibll] API Request: GET https://hfz.pw/wp-json/wp/v2/posts/795
2025-11-04T17:46:10: [Zibll] API Response: 200 OK
2025-11-04T17:46:10: [Zibll] API Data length: object
2025-11-04T17:46:10: [Zibll] Checking order 795, meta: {
  "footnotes": ""
}
2025-11-04T17:46:10: [Zibll] API Request: GET https://hfz.pw/wp-json/wp/v2/posts/862
2025-11-04T17:46:11: [Zibll] API Response: 200 OK
2025-11-04T17:46:11: [Zibll] API Data length: object
2025-11-04T17:46:11: [Zibll] Checking order 862, meta: {
  "footnotes": ""
}
2025-11-04T17:46:11: [Zibll] API Request: GET https://hfz.pw/wp-json/wp/v2/posts/859
2025-11-04T17:46:11: [Zibll] API Response: 200 OK
2025-11-04T17:46:11: [Zibll] API Data length: object
2025-11-04T17:46:11: [Zibll] Checking order 859, meta: {
  "footnotes": ""
}
2025-11-04T17:46:11: [Zibll] API Request: GET https://hfz.pw/wp-json/wp/v2/posts/831
2025-11-04T17:46:12: [Zibll] API Response: 200 OK
2025-11-04T17:46:12: [Zibll] API Data length: object
2025-11-04T17:46:12: [Zibll] Checking order 831, meta: {
  "footnotes": ""
}
2025-11-04T17:46:12: [Zibll] API Request: GET https://hfz.pw/wp-json/wp/v2/posts/822
2025-11-04T17:46:12: [Zibll] API Response: 200 OK
2025-11-04T17:46:12: [Zibll] API Data length: object
2025-11-04T17:46:12: [Zibll] Checking order 822, meta: {
  "footnotes": ""
}
2025-11-04T17:46:12: [Zibll] API Request: GET https://hfz.pw/wp-json/wp/v2/posts/719
2025-11-04T17:46:13: [Zibll] API Response: 200 OK
2025-11-04T17:46:13: [Zibll] API Data length: object
2025-11-04T17:46:13: [Zibll] Checking order 719, meta: {
  "footnotes": ""
}
2025-11-04T17:46:13: [Zibll] API Request: GET https://hfz.pw/wp-json/wp/v2/posts/807
2025-11-04T17:46:13: [Zibll] API Response: 200 OK
2025-11-04T17:46:13: [Zibll] API Data length: object
2025-11-04T17:46:13: [Zibll] Checking order 807, meta: {
  "footnotes": ""
}
2025-11-04T17:46:13: [Zibll] API Request: GET https://hfz.pw/wp-json/wp/v2/posts/562
2025-11-04T17:46:13: [Zibll] API Response: 200 OK
2025-11-04T17:46:13: [Zibll] API Data length: object
2025-11-04T17:46:13: [Zibll] Checking order 562, meta: {
  "footnotes": ""
}
2025-11-04T17:46:13: [Zibll] API Request: GET https://hfz.pw/wp-json/wp/v2/posts/492
2025-11-04T17:46:14: [Zibll] API Response: 200 OK
2025-11-04T17:46:14: [Zibll] API Data length: object
2025-11-04T17:46:14: [Zibll] Checking order 492, meta: {
  "footnotes": ""
}
2025-11-04T17:46:14: [Zibll] API Request: GET https://hfz.pw/wp-json/wp/v2/posts/486
2025-11-04T17:46:14: [Zibll] API Response: 200 OK
2025-11-04T17:46:14: [Zibll] API Data length: object
2025-11-04T17:46:14: [Zibll] Checking order 486, meta: {
  "footnotes": ""
}
2025-11-04T17:46:14: [Zibll] API Request: GET https://hfz.pw/wp-json/wp/v2/posts/420
2025-11-04T17:46:15: [Zibll] API Response: 200 OK
2025-11-04T17:46:15: [Zibll] API Data length: object
2025-11-04T17:46:15: [Zibll] Checking order 420, meta: {
  "footnotes": ""
}
2025-11-04T17:46:15: [Zibll] API Request: GET https://hfz.pw/wp-json/wp/v2/posts/409
2025-11-04T17:46:15: [Zibll] API Response: 200 OK
2025-11-04T17:46:15: [Zibll] API Data length: object
2025-11-04T17:46:15: [Zibll] Checking order 409, meta: {
  "footnotes": ""
}
2025-11-04T17:46:15: [Zibll] API Request: GET https://hfz.pw/wp-json/wp/v2/posts/1079
2025-11-04T17:46:15: [Zibll] API Response: 200 OK
2025-11-04T17:46:15: [Zibll] API Data length: object
2025-11-04T17:46:15: [Zibll] Checking order 1079, meta: {
  "footnotes": ""
}
2025-11-04T17:46:15: [Zibll] API Request: GET https://hfz.pw/wp-json/wp/v2/posts/334
2025-11-04T17:46:16: [Zibll] API Response: 200 OK
2025-11-04T17:46:16: [Zibll] API Data length: object
2025-11-04T17:46:16: [Zibll] Checking order 334, meta: {
  "footnotes": ""
}
2025-11-04T17:46:16: [Zibll] API Request: GET https://hfz.pw/wp-json/wp/v2/posts/288
2025-11-04T17:46:16: [Zibll] API Response: 200 OK
2025-11-04T17:46:16: [Zibll] API Data length: object
2025-11-04T17:46:16: [Zibll] Checking order 288, meta: {
  "footnotes": ""
}
2025-11-04T17:46:16: [Zibll] API Request: GET https://hfz.pw/wp-json/wp/v2/posts/255
2025-11-04T17:46:17: [Zibll] API Response: 200 OK
2025-11-04T17:46:17: [Zibll] API Data length: object
2025-11-04T17:46:17: [Zibll] Checking order 255, meta: {
  "footnotes": ""
}
2025-11-04T17:46:17: [Zibll] API Request: GET https://hfz.pw/wp-json/wp/v2/posts/253
2025-11-04T17:46:17: [Zibll] API Response: 200 OK
2025-11-04T17:46:17: [Zibll] API Data length: object
2025-11-04T17:46:17: [Zibll] Checking order 253, meta: {
  "footnotes": ""
}
2025-11-04T17:46:17: [Zibll] API Request: GET https://hfz.pw/wp-json/wp/v2/posts/185
2025-11-04T17:46:17: [Zibll] API Response: 200 OK
2025-11-04T17:46:17: [Zibll] API Data length: object
2025-11-04T17:46:17: [Zibll] Checking order 185, meta: {
  "footnotes": ""
}
2025-11-04T17:46:17: [Zibll] API Request: GET https://hfz.pw/wp-json/wp/v2/posts/126
2025-11-04T17:46:18: [Zibll] API Response: 200 OK
2025-11-04T17:46:18: [Zibll] API Data length: object
2025-11-04T17:46:18: [Zibll] Checking order 126, meta: {
  "footnotes": ""
}
2025-11-04T17:46:18: [Zibll] API Request: GET https://hfz.pw/wp-json/wp/v2/posts/119
2025-11-04T17:46:18: [Zibll] API Response: 200 OK
2025-11-04T17:46:18: [Zibll] API Data length: object
2025-11-04T17:46:18: [Zibll] Checking order 119, meta: {
  "footnotes": ""
}
2025-11-04T17:46:18: [Zibll] API Request: GET https://hfz.pw/wp-json/wp/v2/posts/98
2025-11-04T17:46:19: [Zibll] API Response: 200 OK
2025-11-04T17:46:19: [Zibll] API Data length: object
2025-11-04T17:46:19: [Zibll] Checking order 98, meta: {
  "footnotes": ""
}
2025-11-04T17:46:19: [Zibll] API Request: GET https://hfz.pw/wp-json/wp/v2/posts/249
2025-11-04T17:46:19: [Zibll] API Response: 200 OK
2025-11-04T17:46:19: [Zibll] API Data length: object
2025-11-04T17:46:19: [Zibll] Checking order 249, meta: {
  "footnotes": ""
}
2025-11-04T17:46:19: [Zibll] No matching order found
2025-11-04T17:46:24: [Zibll] Searching for order: 2511041721391842247
2025-11-04T17:46:24: [Zibll] API Request: GET https://hfz.pw/wp-json/wp/v2/posts?post_type=shop_order&search=2511041721391842247&per_page=10
2025-11-04T17:46:25: [Zibll] API Response: 200 OK
2025-11-04T17:46:25: [Zibll] API Data length: 0
2025-11-04T17:46:25: [Zibll] Search result: []
2025-11-04T17:46:25: [Zibll] No posts found by search, trying meta query...
2025-11-04T17:46:25: [Zibll] API Request: GET https://hfz.pw/wp-json/wp/v2/posts?post_type=shop_order&per_page=100
2025-11-04T17:46:26: [Zibll] API Response: 200 OK
2025-11-04T17:46:28: [Zibll] API Data length: 78
2025-11-04T17:46:28: [Zibll] Found 78 total orders
2025-11-04T17:46:28: [Zibll] API Request: GET https://hfz.pw/wp-json/wp/v2/posts/2032
2025-11-04T17:46:29: [Zibll] API Response: 200 OK
2025-11-04T17:46:29: [Zibll] API Data length: object
2025-11-04T17:46:29: [Zibll] Checking order 2032, meta: {
  "footnotes": ""
}
2025-11-04T17:46:29: [Zibll] API Request: GET https://hfz.pw/wp-json/wp/v2/posts/1991
2025-11-04T17:46:29: [Zibll] API Response: 200 OK
2025-11-04T17:46:29: [Zibll] API Data length: object
2025-11-04T17:46:29: [Zibll] Checking order 1991, meta: {
  "footnotes": ""
}
2025-11-04T17:46:29: [Zibll] API Request: GET https://hfz.pw/wp-json/wp/v2/posts/1311
2025-11-04T17:46:29: [Zibll] API Response: 200 OK
2025-11-04T17:46:29: [Zibll] API Data length: object
2025-11-04T17:46:29: [Zibll] Checking order 1311, meta: {
  "footnotes": ""
}
2025-11-04T17:46:29: [Zibll] API Request: GET https://hfz.pw/wp-json/wp/v2/posts/1971
2025-11-04T17:46:30: [Zibll] API Response: 200 OK
2025-11-04T17:46:30: [Zibll] API Data length: object
2025-11-04T17:46:30: [Zibll] Checking order 1971, meta: {
  "footnotes": ""
}
2025-11-04T17:46:30: [Zibll] API Request: GET https://hfz.pw/wp-json/wp/v2/posts/1603
2025-11-04T17:46:30: [Zibll] API Response: 200 OK
2025-11-04T17:46:30: [Zibll] API Data length: object
2025-11-04T17:46:30: [Zibll] Checking order 1603, meta: {
  "footnotes": ""
}
2025-11-04T17:46:30: [Zibll] API Request: GET https://hfz.pw/wp-json/wp/v2/posts/1932
2025-11-04T17:46:31: [Zibll] API Response: 200 OK
2025-11-04T17:46:31: [Zibll] API Data length: object
2025-11-04T17:46:31: [Zibll] Checking order 1932, meta: {
  "footnotes": ""
}
2025-11-04T17:46:31: [Zibll] API Request: GET https://hfz.pw/wp-json/wp/v2/posts/1869
2025-11-04T17:46:31: [Zibll] API Response: 200 OK
2025-11-04T17:46:31: [Zibll] API Data length: object
2025-11-04T17:46:31: [Zibll] Checking order 1869, meta: {
  "footnotes": ""
}
2025-11-04T17:46:31: [Zibll] API Request: GET https://hfz.pw/wp-json/wp/v2/posts/1786
2025-11-04T17:46:31: [Zibll] API Response: 200 OK
2025-11-04T17:46:31: [Zibll] API Data length: object
2025-11-04T17:46:31: [Zibll] Checking order 1786, meta: {
  "footnotes": ""
}
2025-11-04T17:46:31: [Zibll] API Request: GET https://hfz.pw/wp-json/wp/v2/posts/1780
2025-11-04T17:46:32: [Zibll] API Response: 200 OK
2025-11-04T17:46:32: [Zibll] API Data length: object
2025-11-04T17:46:32: [Zibll] Checking order 1780, meta: {
  "footnotes": ""
}
2025-11-04T17:46:32: [Zibll] API Request: GET https://hfz.pw/wp-json/wp/v2/posts/1762
2025-11-04T17:46:32: [Zibll] API Response: 200 OK
2025-11-04T17:46:32: [Zibll] API Data length: object
2025-11-04T17:46:32: [Zibll] Checking order 1762, meta: {
  "footnotes": ""
}
2025-11-04T17:46:32: [Zibll] API Request: GET https://hfz.pw/wp-json/wp/v2/posts/1739
2025-11-04T17:46:33: [Zibll] API Response: 200 OK
2025-11-04T17:46:33: [Zibll] API Data length: object
2025-11-04T17:46:33: [Zibll] Checking order 1739, meta: {
  "footnotes": ""
}
2025-11-04T17:46:33: [Zibll] API Request: GET https://hfz.pw/wp-json/wp/v2/posts/1705
2025-11-04T17:46:33: [Zibll] API Response: 200 OK
2025-11-04T17:46:33: [Zibll] API Data length: object
2025-11-04T17:46:33: [Zibll] Checking order 1705, meta: {
  "footnotes": ""
}
2025-11-04T17:46:33: [Zibll] API Request: GET https://hfz.pw/wp-json/wp/v2/posts/1703
2025-11-04T17:46:33: [Zibll] API Response: 200 OK
2025-11-04T17:46:33: [Zibll] API Data length: object
2025-11-04T17:46:33: [Zibll] Checking order 1703, meta: {
  "footnotes": ""
}
2025-11-04T17:46:33: [Zibll] API Request: GET https://hfz.pw/wp-json/wp/v2/posts/1700
2025-11-04T17:46:34: [Zibll] API Response: 200 OK
2025-11-04T17:46:34: [Zibll] API Data length: object
2025-11-04T17:46:34: [Zibll] Checking order 1700, meta: {
  "footnotes": ""
}
2025-11-04T17:46:34: [Zibll] API Request: GET https://hfz.pw/wp-json/wp/v2/posts/1498
2025-11-04T17:46:34: [Zibll] API Response: 200 OK
2025-11-04T17:46:34: [Zibll] API Data length: object
2025-11-04T17:46:34: [Zibll] Checking order 1498, meta: {
  "footnotes": ""
}
2025-11-04T17:46:34: [Zibll] API Request: GET https://hfz.pw/wp-json/wp/v2/posts/1632
2025-11-04T17:46:35: [Zibll] API Response: 200 OK
2025-11-04T17:46:35: [Zibll] API Data length: object
2025-11-04T17:46:35: [Zibll] Checking order 1632, meta: {
  "footnotes": ""
}
2025-11-04T17:46:35: [Zibll] API Request: GET https://hfz.pw/wp-json/wp/v2/posts/1630
2025-11-04T17:46:35: [Zibll] API Response: 200 OK
2025-11-04T17:46:35: [Zibll] API Data length: object
2025-11-04T17:46:35: [Zibll] Checking order 1630, meta: {
  "footnotes": ""
}
2025-11-04T17:46:35: [Zibll] API Request: GET https://hfz.pw/wp-json/wp/v2/posts/1628
2025-11-04T17:46:35: [Zibll] API Response: 200 OK
2025-11-04T17:46:35: [Zibll] API Data length: object
2025-11-04T17:46:35: [Zibll] Checking order 1628, meta: {
  "footnotes": ""
}
2025-11-04T17:46:35: [Zibll] API Request: GET https://hfz.pw/wp-json/wp/v2/posts/1449
2025-11-04T17:46:36: [Zibll] API Response: 200 OK
2025-11-04T17:46:36: [Zibll] API Data length: object
2025-11-04T17:46:36: [Zibll] Checking order 1449, meta: {
  "footnotes": ""
}
2025-11-04T17:46:36: [Zibll] API Request: GET https://hfz.pw/wp-json/wp/v2/posts/1590
2025-11-04T17:46:36: [Zibll] API Response: 200 OK
2025-11-04T17:46:36: [Zibll] API Data length: object
2025-11-04T17:46:36: [Zibll] Checking order 1590, meta: {
  "footnotes": ""
}
2025-11-04T17:46:36: [Zibll] API Request: GET https://hfz.pw/wp-json/wp/v2/posts/1584
2025-11-04T17:46:36: [Zibll] API Response: 200 OK
2025-11-04T17:46:36: [Zibll] API Data length: object
2025-11-04T17:46:36: [Zibll] Checking order 1584, meta: {
  "footnotes": ""
}
2025-11-04T17:46:36: [Zibll] API Request: GET https://hfz.pw/wp-json/wp/v2/posts/1579
2025-11-04T17:46:37: [Zibll] API Response: 200 OK
2025-11-04T17:46:37: [Zibll] API Data length: object
2025-11-04T17:46:37: [Zibll] Checking order 1579, meta: {
  "footnotes": ""
}
2025-11-04T17:46:37: [Zibll] API Request: GET https://hfz.pw/wp-json/wp/v2/posts/1560
2025-11-04T17:46:37: [Zibll] API Response: 200 OK
2025-11-04T17:46:37: [Zibll] API Data length: object
2025-11-04T17:46:37: [Zibll] Checking order 1560, meta: {
  "footnotes": ""
}
2025-11-04T17:46:37: [Zibll] API Request: GET https://hfz.pw/wp-json/wp/v2/posts/1537
2025-11-04T17:46:38: [Zibll] API Response: 200 OK
2025-11-04T17:46:38: [Zibll] API Data length: object
2025-11-04T17:46:38: [Zibll] Checking order 1537, meta: {
  "footnotes": ""
}
2025-11-04T17:46:38: [Zibll] API Request: GET https://hfz.pw/wp-json/wp/v2/posts/1512
2025-11-04T17:46:38: [Zibll] API Response: 200 OK
2025-11-04T17:46:38: [Zibll] API Data length: object
2025-11-04T17:46:38: [Zibll] Checking order 1512, meta: {
  "footnotes": ""
}
2025-11-04T17:46:38: [Zibll] API Request: GET https://hfz.pw/wp-json/wp/v2/posts/1500
2025-11-04T17:46:38: [Zibll] API Response: 200 OK
2025-11-04T17:46:38: [Zibll] API Data length: object
2025-11-04T17:46:38: [Zibll] Checking order 1500, meta: {
  "footnotes": ""
}
2025-11-04T17:46:38: [Zibll] API Request: GET https://hfz.pw/wp-json/wp/v2/posts/1470
2025-11-04T17:46:39: [Zibll] API Response: 200 OK
2025-11-04T17:46:39: [Zibll] API Data length: object
2025-11-04T17:46:39: [Zibll] Checking order 1470, meta: {
  "footnotes": ""
}
2025-11-04T17:46:39: [Zibll] API Request: GET https://hfz.pw/wp-json/wp/v2/posts/1408
2025-11-04T17:46:39: [Zibll] API Response: 200 OK
2025-11-04T17:46:39: [Zibll] API Data length: object
2025-11-04T17:46:39: [Zibll] Checking order 1408, meta: {
  "footnotes": ""
}
2025-11-04T17:46:39: [Zibll] API Request: GET https://hfz.pw/wp-json/wp/v2/posts/1258
2025-11-04T17:46:39: [Zibll] API Response: 200 OK
2025-11-04T17:46:39: [Zibll] API Data length: object
2025-11-04T17:46:39: [Zibll] Checking order 1258, meta: {
  "footnotes": ""
}
2025-11-04T17:46:39: [Zibll] API Request: GET https://hfz.pw/wp-json/wp/v2/posts/1370
2025-11-04T17:46:40: [Zibll] API Response: 200 OK
2025-11-04T17:46:40: [Zibll] API Data length: object
2025-11-04T17:46:40: [Zibll] Checking order 1370, meta: {
  "footnotes": ""
}
2025-11-04T17:46:40: [Zibll] API Request: GET https://hfz.pw/wp-json/wp/v2/posts/1280
2025-11-04T17:46:40: [Zibll] API Response: 200 OK
2025-11-04T17:46:40: [Zibll] API Data length: object
2025-11-04T17:46:40: [Zibll] Checking order 1280, meta: {
  "footnotes": ""
}
2025-11-04T17:46:40: [Zibll] API Request: GET https://hfz.pw/wp-json/wp/v2/posts/1298
2025-11-04T17:46:40: [Zibll] API Response: 200 OK
2025-11-04T17:46:40: [Zibll] API Data length: object
2025-11-04T17:46:40: [Zibll] Checking order 1298, meta: {
  "footnotes": ""
}
2025-11-04T17:46:40: [Zibll] API Request: GET https://hfz.pw/wp-json/wp/v2/posts/1294
2025-11-04T17:46:41: [Zibll] API Response: 200 OK
2025-11-04T17:46:41: [Zibll] API Data length: object
2025-11-04T17:46:41: [Zibll] Checking order 1294, meta: {
  "footnotes": ""
}
2025-11-04T17:46:41: [Zibll] API Request: GET https://hfz.pw/wp-json/wp/v2/posts/1278
2025-11-04T17:46:41: [Zibll] API Response: 200 OK
2025-11-04T17:46:41: [Zibll] API Data length: object
2025-11-04T17:46:41: [Zibll] Checking order 1278, meta: {
  "footnotes": ""
}
2025-11-04T17:46:41: [Zibll] API Request: GET https://hfz.pw/wp-json/wp/v2/posts/1273
2025-11-04T17:46:41: [Zibll] API Response: 200 OK
2025-11-04T17:46:41: [Zibll] API Data length: object
2025-11-04T17:46:41: [Zibll] Checking order 1273, meta: {
  "footnotes": ""
}
2025-11-04T17:46:41: [Zibll] API Request: GET https://hfz.pw/wp-json/wp/v2/posts/1236
2025-11-04T17:46:42: [Zibll] API Response: 200 OK
2025-11-04T17:46:42: [Zibll] API Data length: object
2025-11-04T17:46:42: [Zibll] Checking order 1236, meta: {
  "footnotes": ""
}
2025-11-04T17:46:42: [Zibll] API Request: GET https://hfz.pw/wp-json/wp/v2/posts/1230
2025-11-04T17:46:42: [Zibll] API Response: 200 OK
2025-11-04T17:46:42: [Zibll] API Data length: object
2025-11-04T17:46:42: [Zibll] Checking order 1230, meta: {
  "footnotes": ""
}
2025-11-04T17:46:42: [Zibll] API Request: GET https://hfz.pw/wp-json/wp/v2/posts/1155
2025-11-04T17:46:42: [Zibll] API Response: 200 OK
2025-11-04T17:46:42: [Zibll] API Data length: object
2025-11-04T17:46:42: [Zibll] Checking order 1155, meta: {
  "footnotes": ""
}
2025-11-04T17:46:42: [Zibll] API Request: GET https://hfz.pw/wp-json/wp/v2/posts/1217
2025-11-04T17:46:43: [Zibll] API Response: 200 OK
2025-11-04T17:46:43: [Zibll] API Data length: object
2025-11-04T17:46:43: [Zibll] Checking order 1217, meta: {
  "footnotes": ""
}
2025-11-04T17:46:43: [Zibll] API Request: GET https://hfz.pw/wp-json/wp/v2/posts/1182
2025-11-04T17:46:43: [Zibll] API Response: 200 OK
2025-11-04T17:46:43: [Zibll] API Data length: object
2025-11-04T17:46:43: [Zibll] Checking order 1182, meta: {
  "footnotes": ""
}
2025-11-04T17:46:43: [Zibll] API Request: GET https://hfz.pw/wp-json/wp/v2/posts/617
2025-11-04T17:46:44: [Zibll] API Response: 200 OK
2025-11-04T17:46:44: [Zibll] API Data length: object
2025-11-04T17:46:44: [Zibll] Checking order 617, meta: {
  "footnotes": ""
}
2025-11-04T17:46:44: [Zibll] API Request: GET https://hfz.pw/wp-json/wp/v2/posts/557
2025-11-04T17:46:44: [Zibll] API Response: 200 OK
2025-11-04T17:46:44: [Zibll] API Data length: object
2025-11-04T17:46:44: [Zibll] Checking order 557, meta: {
  "footnotes": ""
}
2025-11-04T17:46:44: [Zibll] API Request: GET https://hfz.pw/wp-json/wp/v2/posts/559
2025-11-04T17:46:44: [Zibll] API Response: 200 OK
2025-11-04T17:46:44: [Zibll] API Data length: object
2025-11-04T17:46:44: [Zibll] Checking order 559, meta: {
  "footnotes": ""
}
2025-11-04T17:46:44: [Zibll] API Request: GET https://hfz.pw/wp-json/wp/v2/posts/884
2025-11-04T17:46:45: [Zibll] API Response: 200 OK
2025-11-04T17:46:45: [Zibll] API Data length: object
2025-11-04T17:46:45: [Zibll] Checking order 884, meta: {
  "footnotes": ""
}
2025-11-04T17:46:45: [Zibll] API Request: GET https://hfz.pw/wp-json/wp/v2/posts/1138
2025-11-04T17:46:45: [Zibll] API Response: 200 OK
2025-11-04T17:46:45: [Zibll] API Data length: object
2025-11-04T17:46:45: [Zibll] Checking order 1138, meta: {
  "footnotes": ""
}
2025-11-04T17:46:45: [Zibll] API Request: GET https://hfz.pw/wp-json/wp/v2/posts/1055
2025-11-04T17:46:46: [Zibll] API Response: 200 OK
2025-11-04T17:46:46: [Zibll] API Data length: object
2025-11-04T17:46:46: [Zibll] Checking order 1055, meta: {
  "footnotes": ""
}
2025-11-04T17:46:46: [Zibll] API Request: GET https://hfz.pw/wp-json/wp/v2/posts/1103
2025-11-04T17:46:46: [Zibll] API Response: 200 OK
2025-11-04T17:46:46: [Zibll] API Data length: object
2025-11-04T17:46:46: [Zibll] Checking order 1103, meta: {
  "footnotes": ""
}
2025-11-04T17:46:46: [Zibll] API Request: GET https://hfz.pw/wp-json/wp/v2/posts/988
2025-11-04T17:46:46: [Zibll] API Response: 200 OK
2025-11-04T17:46:46: [Zibll] API Data length: object
2025-11-04T17:46:46: [Zibll] Checking order 988, meta: {
  "footnotes": ""
}
2025-11-04T17:46:46: [Zibll] API Request: GET https://hfz.pw/wp-json/wp/v2/posts/979
2025-11-04T17:46:47: [Zibll] API Response: 200 OK
2025-11-04T17:46:47: [Zibll] API Data length: object
2025-11-04T17:46:47: [Zibll] Checking order 979, meta: {
  "footnotes": ""
}
2025-11-04T17:46:47: [Zibll] API Request: GET https://hfz.pw/wp-json/wp/v2/posts/969
2025-11-04T17:46:47: [Zibll] API Response: 200 OK
2025-11-04T17:46:47: [Zibll] API Data length: object
2025-11-04T17:46:47: [Zibll] Checking order 969, meta: {
  "footnotes": ""
}
2025-11-04T17:46:47: [Zibll] API Request: GET https://hfz.pw/wp-json/wp/v2/posts/956
2025-11-04T17:46:47: [Zibll] API Response: 200 OK
2025-11-04T17:46:47: [Zibll] API Data length: object
2025-11-04T17:46:47: [Zibll] Checking order 956, meta: {
  "footnotes": ""
}
2025-11-04T17:46:47: [Zibll] API Request: GET https://hfz.pw/wp-json/wp/v2/posts/914
2025-11-04T17:46:48: [Zibll] API Response: 200 OK
2025-11-04T17:46:48: [Zibll] API Data length: object
2025-11-04T17:46:48: [Zibll] Checking order 914, meta: {
  "footnotes": ""
}
2025-11-04T17:46:48: [Zibll] API Request: GET https://hfz.pw/wp-json/wp/v2/posts/912
2025-11-04T17:46:48: [Zibll] API Response: 200 OK
2025-11-04T17:46:48: [Zibll] API Data length: object
2025-11-04T17:46:48: [Zibll] Checking order 912, meta: {
  "footnotes": ""
}
2025-11-04T17:46:48: [Zibll] API Request: GET https://hfz.pw/wp-json/wp/v2/posts/898
2025-11-04T17:46:49: [Zibll] API Response: 200 OK
2025-11-04T17:46:49: [Zibll] API Data length: object
2025-11-04T17:46:49: [Zibll] Checking order 898, meta: {
  "footnotes": ""
}
2025-11-04T17:46:49: [Zibll] API Request: GET https://hfz.pw/wp-json/wp/v2/posts/889
2025-11-04T17:46:49: [Zibll] API Response: 200 OK
2025-11-04T17:46:49: [Zibll] API Data length: object
2025-11-04T17:46:49: [Zibll] Checking order 889, meta: {
  "footnotes": ""
}
2025-11-04T17:46:49: [Zibll] API Request: GET https://hfz.pw/wp-json/wp/v2/posts/867
2025-11-04T17:46:49: [Zibll] API Response: 200 OK
2025-11-04T17:46:49: [Zibll] API Data length: object
2025-11-04T17:46:49: [Zibll] Checking order 867, meta: {
  "footnotes": ""
}
2025-11-04T17:46:49: [Zibll] API Request: GET https://hfz.pw/wp-json/wp/v2/posts/795
2025-11-04T17:46:50: [Zibll] API Response: 200 OK
2025-11-04T17:46:50: [Zibll] API Data length: object
2025-11-04T17:46:50: [Zibll] Checking order 795, meta: {
  "footnotes": ""
}
2025-11-04T17:46:50: [Zibll] API Request: GET https://hfz.pw/wp-json/wp/v2/posts/862
2025-11-04T17:46:50: [Zibll] API Response: 200 OK
2025-11-04T17:46:50: [Zibll] API Data length: object
2025-11-04T17:46:50: [Zibll] Checking order 862, meta: {
  "footnotes": ""
}
2025-11-04T17:46:50: [Zibll] API Request: GET https://hfz.pw/wp-json/wp/v2/posts/859
2025-11-04T17:46:50: [Zibll] API Response: 200 OK
2025-11-04T17:46:50: [Zibll] API Data length: object
2025-11-04T17:46:50: [Zibll] Checking order 859, meta: {
  "footnotes": ""
}
2025-11-04T17:46:50: [Zibll] API Request: GET https://hfz.pw/wp-json/wp/v2/posts/831
2025-11-04T17:46:51: [Zibll] API Response: 200 OK
2025-11-04T17:46:51: [Zibll] API Data length: object
2025-11-04T17:46:51: [Zibll] Checking order 831, meta: {
  "footnotes": ""
}
2025-11-04T17:46:51: [Zibll] API Request: GET https://hfz.pw/wp-json/wp/v2/posts/822
2025-11-04T17:46:51: [Zibll] API Response: 200 OK
2025-11-04T17:46:51: [Zibll] API Data length: object
2025-11-04T17:46:51: [Zibll] Checking order 822, meta: {
  "footnotes": ""
}
2025-11-04T17:46:51: [Zibll] API Request: GET https://hfz.pw/wp-json/wp/v2/posts/719
2025-11-04T17:46:52: [Zibll] API Response: 200 OK
2025-11-04T17:46:52: [Zibll] API Data length: object
2025-11-04T17:46:52: [Zibll] Checking order 719, meta: {
  "footnotes": ""
}
2025-11-04T17:46:52: [Zibll] API Request: GET https://hfz.pw/wp-json/wp/v2/posts/807
2025-11-04T17:46:52: [Zibll] API Response: 200 OK
2025-11-04T17:46:52: [Zibll] API Data length: object
2025-11-04T17:46:52: [Zibll] Checking order 807, meta: {
  "footnotes": ""
}
2025-11-04T17:46:52: [Zibll] API Request: GET https://hfz.pw/wp-json/wp/v2/posts/562
2025-11-04T17:46:52: [Zibll] API Response: 200 OK
2025-11-04T17:46:52: [Zibll] API Data length: object
2025-11-04T17:46:52: [Zibll] Checking order 562, meta: {
  "footnotes": ""
}
2025-11-04T17:46:52: [Zibll] API Request: GET https://hfz.pw/wp-json/wp/v2/posts/492
2025-11-04T17:46:53: [Zibll] API Response: 200 OK
2025-11-04T17:46:53: [Zibll] API Data length: object
2025-11-04T17:46:53: [Zibll] Checking order 492, meta: {
  "footnotes": ""
}
2025-11-04T17:46:53: [Zibll] API Request: GET https://hfz.pw/wp-json/wp/v2/posts/486
2025-11-04T17:46:53: [Zibll] API Response: 200 OK
2025-11-04T17:46:53: [Zibll] API Data length: object
2025-11-04T17:46:53: [Zibll] Checking order 486, meta: {
  "footnotes": ""
}
2025-11-04T17:46:53: [Zibll] API Request: GET https://hfz.pw/wp-json/wp/v2/posts/420
2025-11-04T17:46:54: [Zibll] API Response: 200 OK
2025-11-04T17:46:54: [Zibll] API Data length: object
2025-11-04T17:46:54: [Zibll] Checking order 420, meta: {
  "footnotes": ""
}
2025-11-04T17:46:54: [Zibll] API Request: GET https://hfz.pw/wp-json/wp/v2/posts/409
2025-11-04T17:46:54: [Zibll] API Response: 200 OK
2025-11-04T17:46:54: [Zibll] API Data length: object
2025-11-04T17:46:54: [Zibll] Checking order 409, meta: {
  "footnotes": ""
}
2025-11-04T17:46:54: [Zibll] API Request: GET https://hfz.pw/wp-json/wp/v2/posts/1079
2025-11-04T17:46:54: [Zibll] API Response: 200 OK
2025-11-04T17:46:54: [Zibll] API Data length: object
2025-11-04T17:46:54: [Zibll] Checking order 1079, meta: {
  "footnotes": ""
}
2025-11-04T17:46:54: [Zibll] API Request: GET https://hfz.pw/wp-json/wp/v2/posts/334
2025-11-04T17:46:55: [Zibll] API Response: 200 OK
2025-11-04T17:46:55: [Zibll] API Data length: object
2025-11-04T17:46:55: [Zibll] Checking order 334, meta: {
  "footnotes": ""
}
2025-11-04T17:46:55: [Zibll] API Request: GET https://hfz.pw/wp-json/wp/v2/posts/288
2025-11-04T17:46:55: [Zibll] API Response: 200 OK
2025-11-04T17:46:55: [Zibll] API Data length: object
2025-11-04T17:46:55: [Zibll] Checking order 288, meta: {
  "footnotes": ""
}
2025-11-04T17:46:55: [Zibll] API Request: GET https://hfz.pw/wp-json/wp/v2/posts/255
2025-11-04T17:46:55: [Zibll] API Response: 200 OK
2025-11-04T17:46:55: [Zibll] API Data length: object
2025-11-04T17:46:55: [Zibll] Checking order 255, meta: {
  "footnotes": ""
}
2025-11-04T17:46:55: [Zibll] API Request: GET https://hfz.pw/wp-json/wp/v2/posts/253
2025-11-04T17:46:56: [Zibll] API Response: 200 OK
2025-11-04T17:46:56: [Zibll] API Data length: object
2025-11-04T17:46:56: [Zibll] Checking order 253, meta: {
  "footnotes": ""
}
2025-11-04T17:46:56: [Zibll] API Request: GET https://hfz.pw/wp-json/wp/v2/posts/185
2025-11-04T17:46:56: [Zibll] API Response: 200 OK
2025-11-04T17:46:56: [Zibll] API Data length: object
2025-11-04T17:46:56: [Zibll] Checking order 185, meta: {
  "footnotes": ""
}
2025-11-04T17:46:56: [Zibll] API Request: GET https://hfz.pw/wp-json/wp/v2/posts/126
2025-11-04T17:46:57: [Zibll] API Response: 200 OK
2025-11-04T17:46:57: [Zibll] API Data length: object
2025-11-04T17:46:57: [Zibll] Checking order 126, meta: {
  "footnotes": ""
}
2025-11-04T17:46:57: [Zibll] API Request: GET https://hfz.pw/wp-json/wp/v2/posts/119
2025-11-04T17:46:57: [Zibll] API Response: 200 OK
2025-11-04T17:46:57: [Zibll] API Data length: object
2025-11-04T17:46:57: [Zibll] Checking order 119, meta: {
  "footnotes": ""
}
2025-11-04T17:46:57: [Zibll] API Request: GET https://hfz.pw/wp-json/wp/v2/posts/98
2025-11-04T17:46:57: [Zibll] API Response: 200 OK
2025-11-04T17:46:57: [Zibll] API Data length: object
2025-11-04T17:46:57: [Zibll] Checking order 98, meta: {
  "footnotes": ""
}
2025-11-04T17:46:57: [Zibll] API Request: GET https://hfz.pw/wp-json/wp/v2/posts/249
2025-11-04T17:46:58: [Zibll] API Response: 200 OK
2025-11-04T17:46:58: [Zibll] API Data length: object
2025-11-04T17:46:58: [Zibll] Checking order 249, meta: {
  "footnotes": ""
}
2025-11-04T17:46:58: [Zibll] No matching order found
2025-11-04T17:48:07: [Zibll] Searching for order: 2511041721391842247
2025-11-04T17:48:07: [Zibll] API Request: GET https://hfz.pw/wp-json/wp/v2/posts?post_type=shop_order&search=2511041721391842247&per_page=10
2025-11-04T17:48:08: [Zibll] API Response: 200 OK
2025-11-04T17:48:08: [Zibll] API Data length: 0
2025-11-04T17:48:08: [Zibll] Search result: []
2025-11-04T17:48:08: [Zibll] No posts found by search, trying meta query...
2025-11-04T17:48:08: [Zibll] API Request: GET https://hfz.pw/wp-json/wp/v2/posts?post_type=shop_order&per_page=100
2025-11-04T17:48:09: [Zibll] API Response: 200 OK
2025-11-04T17:48:11: [Zibll] API Data length: 78
2025-11-04T17:48:11: [Zibll] Found 78 total orders
2025-11-04T17:48:11: [Zibll] API Request: GET https://hfz.pw/wp-json/wp/v2/posts/2032
2025-11-04T17:48:11: [Zibll] API Response: 200 OK
2025-11-04T17:48:11: [Zibll] API Data length: object
2025-11-04T17:48:11: [Zibll] Checking order 2032, meta: {
  "footnotes": ""
}
2025-11-04T17:48:11: [Zibll] API Request: GET https://hfz.pw/wp-json/wp/v2/posts/1991
2025-11-04T17:48:12: [Zibll] API Response: 200 OK
2025-11-04T17:48:12: [Zibll] API Data length: object
2025-11-04T17:48:12: [Zibll] Checking order 1991, meta: {
  "footnotes": ""
}
2025-11-04T17:48:12: [Zibll] API Request: GET https://hfz.pw/wp-json/wp/v2/posts/1311
2025-11-04T17:48:12: [Zibll] API Response: 200 OK
2025-11-04T17:48:12: [Zibll] API Data length: object
2025-11-04T17:48:12: [Zibll] Checking order 1311, meta: {
  "footnotes": ""
}
2025-11-04T17:48:12: [Zibll] API Request: GET https://hfz.pw/wp-json/wp/v2/posts/1971
2025-11-04T17:48:12: [Zibll] API Response: 200 OK
2025-11-04T17:48:12: [Zibll] API Data length: object
2025-11-04T17:48:12: [Zibll] Checking order 1971, meta: {
  "footnotes": ""
}
2025-11-04T17:48:12: [Zibll] API Request: GET https://hfz.pw/wp-json/wp/v2/posts/1603
2025-11-04T17:48:13: [Zibll] API Response: 200 OK
2025-11-04T17:48:13: [Zibll] API Data length: object
2025-11-04T17:48:13: [Zibll] Checking order 1603, meta: {
  "footnotes": ""
}
2025-11-04T17:48:13: [Zibll] API Request: GET https://hfz.pw/wp-json/wp/v2/posts/1932
2025-11-04T17:48:13: [Zibll] API Response: 200 OK
2025-11-04T17:48:13: [Zibll] API Data length: object
2025-11-04T17:48:13: [Zibll] Checking order 1932, meta: {
  "footnotes": ""
}
2025-11-04T17:48:13: [Zibll] API Request: GET https://hfz.pw/wp-json/wp/v2/posts/1869
2025-11-04T17:48:13: [Zibll] API Response: 200 OK
2025-11-04T17:48:13: [Zibll] API Data length: object
2025-11-04T17:48:13: [Zibll] Checking order 1869, meta: {
  "footnotes": ""
}
2025-11-04T17:48:13: [Zibll] API Request: GET https://hfz.pw/wp-json/wp/v2/posts/1786
2025-11-04T17:48:14: [Zibll] API Response: 200 OK
2025-11-04T17:48:14: [Zibll] API Data length: object
2025-11-04T17:48:14: [Zibll] Checking order 1786, meta: {
  "footnotes": ""
}
2025-11-04T17:48:14: [Zibll] API Request: GET https://hfz.pw/wp-json/wp/v2/posts/1780
2025-11-04T17:48:14: [Zibll] API Response: 200 OK
2025-11-04T17:48:14: [Zibll] API Data length: object
2025-11-04T17:48:14: [Zibll] Checking order 1780, meta: {
  "footnotes": ""
}
2025-11-04T17:48:14: [Zibll] API Request: GET https://hfz.pw/wp-json/wp/v2/posts/1762
2025-11-04T17:48:15: [Zibll] API Response: 200 OK
2025-11-04T17:48:15: [Zibll] API Data length: object
2025-11-04T17:48:15: [Zibll] Checking order 1762, meta: {
  "footnotes": ""
}
2025-11-04T17:48:15: [Zibll] API Request: GET https://hfz.pw/wp-json/wp/v2/posts/1739
2025-11-04T17:48:15: [Zibll] API Response: 200 OK
2025-11-04T17:48:15: [Zibll] API Data length: object
2025-11-04T17:48:15: [Zibll] Checking order 1739, meta: {
  "footnotes": ""
}
2025-11-04T17:48:15: [Zibll] API Request: GET https://hfz.pw/wp-json/wp/v2/posts/1705
2025-11-04T17:48:16: [Zibll] API Response: 200 OK
2025-11-04T17:48:16: [Zibll] API Data length: object
2025-11-04T17:48:16: [Zibll] Checking order 1705, meta: {
  "footnotes": ""
}
2025-11-04T17:48:16: [Zibll] API Request: GET https://hfz.pw/wp-json/wp/v2/posts/1703
2025-11-04T17:48:16: [Zibll] API Response: 200 OK
2025-11-04T17:48:16: [Zibll] API Data length: object
2025-11-04T17:48:16: [Zibll] Checking order 1703, meta: {
  "footnotes": ""
}
2025-11-04T17:48:16: [Zibll] API Request: GET https://hfz.pw/wp-json/wp/v2/posts/1700
2025-11-04T17:48:16: [Zibll] API Response: 200 OK
2025-11-04T17:48:16: [Zibll] API Data length: object
2025-11-04T17:48:16: [Zibll] Checking order 1700, meta: {
  "footnotes": ""
}
2025-11-04T17:48:16: [Zibll] API Request: GET https://hfz.pw/wp-json/wp/v2/posts/1498
2025-11-04T17:48:17: [Zibll] API Response: 200 OK
2025-11-04T17:48:17: [Zibll] API Data length: object
2025-11-04T17:48:17: [Zibll] Checking order 1498, meta: {
  "footnotes": ""
}
2025-11-04T17:48:17: [Zibll] API Request: GET https://hfz.pw/wp-json/wp/v2/posts/1632
2025-11-04T17:48:17: [Zibll] API Response: 200 OK
2025-11-04T17:48:17: [Zibll] API Data length: object
2025-11-04T17:48:17: [Zibll] Checking order 1632, meta: {
  "footnotes": ""
}
2025-11-04T17:48:17: [Zibll] API Request: GET https://hfz.pw/wp-json/wp/v2/posts/1630
2025-11-04T17:48:17: [Zibll] API Response: 200 OK
2025-11-04T17:48:17: [Zibll] API Data length: object
2025-11-04T17:48:17: [Zibll] Checking order 1630, meta: {
  "footnotes": ""
}
2025-11-04T17:48:17: [Zibll] API Request: GET https://hfz.pw/wp-json/wp/v2/posts/1628
2025-11-04T17:48:18: [Zibll] API Response: 200 OK
2025-11-04T17:48:18: [Zibll] API Data length: object
2025-11-04T17:48:18: [Zibll] Checking order 1628, meta: {
  "footnotes": ""
}
2025-11-04T17:48:18: [Zibll] API Request: GET https://hfz.pw/wp-json/wp/v2/posts/1449
2025-11-04T17:48:18: [Zibll] API Response: 200 OK
2025-11-04T17:48:18: [Zibll] API Data length: object
2025-11-04T17:48:18: [Zibll] Checking order 1449, meta: {
  "footnotes": ""
}
2025-11-04T17:48:18: [Zibll] API Request: GET https://hfz.pw/wp-json/wp/v2/posts/1590
2025-11-04T17:48:18: [Zibll] API Response: 200 OK
2025-11-04T17:48:18: [Zibll] API Data length: object
2025-11-04T17:48:18: [Zibll] Checking order 1590, meta: {
  "footnotes": ""
}
2025-11-04T17:48:18: [Zibll] API Request: GET https://hfz.pw/wp-json/wp/v2/posts/1584
2025-11-04T17:48:19: [Zibll] API Response: 200 OK
2025-11-04T17:48:19: [Zibll] API Data length: object
2025-11-04T17:48:19: [Zibll] Checking order 1584, meta: {
  "footnotes": ""
}
2025-11-04T17:48:19: [Zibll] API Request: GET https://hfz.pw/wp-json/wp/v2/posts/1579
2025-11-04T17:48:19: [Zibll] API Response: 200 OK
2025-11-04T17:48:19: [Zibll] API Data length: object
2025-11-04T17:48:19: [Zibll] Checking order 1579, meta: {
  "footnotes": ""
}
2025-11-04T17:48:19: [Zibll] API Request: GET https://hfz.pw/wp-json/wp/v2/posts/1560
2025-11-04T17:48:19: [Zibll] API Response: 200 OK
2025-11-04T17:48:19: [Zibll] API Data length: object
2025-11-04T17:48:19: [Zibll] Checking order 1560, meta: {
  "footnotes": ""
}
2025-11-04T17:48:19: [Zibll] API Request: GET https://hfz.pw/wp-json/wp/v2/posts/1537
2025-11-04T17:48:20: [Zibll] API Response: 200 OK
2025-11-04T17:48:20: [Zibll] API Data length: object
2025-11-04T17:48:20: [Zibll] Checking order 1537, meta: {
  "footnotes": ""
}
2025-11-04T17:48:20: [Zibll] API Request: GET https://hfz.pw/wp-json/wp/v2/posts/1512
2025-11-04T17:48:20: [Zibll] API Response: 200 OK
2025-11-04T17:48:20: [Zibll] API Data length: object
2025-11-04T17:48:20: [Zibll] Checking order 1512, meta: {
  "footnotes": ""
}
2025-11-04T17:48:20: [Zibll] API Request: GET https://hfz.pw/wp-json/wp/v2/posts/1500
2025-11-04T17:48:20: [Zibll] API Response: 200 OK
2025-11-04T17:48:20: [Zibll] API Data length: object
2025-11-04T17:48:20: [Zibll] Checking order 1500, meta: {
  "footnotes": ""
}
2025-11-04T17:48:20: [Zibll] API Request: GET https://hfz.pw/wp-json/wp/v2/posts/1470
2025-11-04T17:48:21: [Zibll] API Response: 200 OK
2025-11-04T17:48:21: [Zibll] API Data length: object
2025-11-04T17:48:21: [Zibll] Checking order 1470, meta: {
  "footnotes": ""
}
2025-11-04T17:48:21: [Zibll] API Request: GET https://hfz.pw/wp-json/wp/v2/posts/1408
2025-11-04T17:48:21: [Zibll] API Response: 200 OK
2025-11-04T17:48:21: [Zibll] API Data length: object
2025-11-04T17:48:21: [Zibll] Checking order 1408, meta: {
  "footnotes": ""
}
2025-11-04T17:48:21: [Zibll] API Request: GET https://hfz.pw/wp-json/wp/v2/posts/1258
2025-11-04T17:48:22: [Zibll] API Response: 200 OK
2025-11-04T17:48:22: [Zibll] API Data length: object
2025-11-04T17:48:22: [Zibll] Checking order 1258, meta: {
  "footnotes": ""
}
2025-11-04T17:48:22: [Zibll] API Request: GET https://hfz.pw/wp-json/wp/v2/posts/1370
2025-11-04T17:48:22: [Zibll] API Response: 200 OK
2025-11-04T17:48:22: [Zibll] API Data length: object
2025-11-04T17:48:22: [Zibll] Checking order 1370, meta: {
  "footnotes": ""
}
2025-11-04T17:48:22: [Zibll] API Request: GET https://hfz.pw/wp-json/wp/v2/posts/1280
2025-11-04T17:48:22: [Zibll] API Response: 200 OK
2025-11-04T17:48:22: [Zibll] API Data length: object
2025-11-04T17:48:22: [Zibll] Checking order 1280, meta: {
  "footnotes": ""
}
2025-11-04T17:48:22: [Zibll] API Request: GET https://hfz.pw/wp-json/wp/v2/posts/1298
2025-11-04T17:48:23: [Zibll] API Response: 200 OK
2025-11-04T17:48:23: [Zibll] API Data length: object
2025-11-04T17:48:23: [Zibll] Checking order 1298, meta: {
  "footnotes": ""
}
2025-11-04T17:48:23: [Zibll] API Request: GET https://hfz.pw/wp-json/wp/v2/posts/1294
2025-11-04T17:48:23: [Zibll] API Response: 200 OK
2025-11-04T17:48:23: [Zibll] API Data length: object
2025-11-04T17:48:23: [Zibll] Checking order 1294, meta: {
  "footnotes": ""
}
2025-11-04T17:48:23: [Zibll] API Request: GET https://hfz.pw/wp-json/wp/v2/posts/1278
2025-11-04T17:48:23: [Zibll] API Response: 200 OK
2025-11-04T17:48:23: [Zibll] API Data length: object
2025-11-04T17:48:23: [Zibll] Checking order 1278, meta: {
  "footnotes": ""
}
2025-11-04T17:48:23: [Zibll] API Request: GET https://hfz.pw/wp-json/wp/v2/posts/1273
2025-11-04T17:48:24: [Zibll] API Response: 200 OK
2025-11-04T17:48:24: [Zibll] API Data length: object
2025-11-04T17:48:24: [Zibll] Checking order 1273, meta: {
  "footnotes": ""
}
2025-11-04T17:48:24: [Zibll] API Request: GET https://hfz.pw/wp-json/wp/v2/posts/1236
2025-11-04T17:48:24: [Zibll] API Response: 200 OK
2025-11-04T17:48:24: [Zibll] API Data length: object
2025-11-04T17:48:24: [Zibll] Checking order 1236, meta: {
  "footnotes": ""
}
2025-11-04T17:48:24: [Zibll] API Request: GET https://hfz.pw/wp-json/wp/v2/posts/1230
2025-11-04T17:48:24: [Zibll] API Response: 200 OK
2025-11-04T17:48:24: [Zibll] API Data length: object
2025-11-04T17:48:24: [Zibll] Checking order 1230, meta: {
  "footnotes": ""
}
2025-11-04T17:48:24: [Zibll] API Request: GET https://hfz.pw/wp-json/wp/v2/posts/1155
2025-11-04T17:48:25: [Zibll] API Response: 200 OK
2025-11-04T17:48:25: [Zibll] API Data length: object
2025-11-04T17:48:25: [Zibll] Checking order 1155, meta: {
  "footnotes": ""
}
2025-11-04T17:48:25: [Zibll] API Request: GET https://hfz.pw/wp-json/wp/v2/posts/1217
2025-11-04T17:48:25: [Zibll] API Response: 200 OK
2025-11-04T17:48:25: [Zibll] API Data length: object
2025-11-04T17:48:25: [Zibll] Checking order 1217, meta: {
  "footnotes": ""
}
2025-11-04T17:48:25: [Zibll] API Request: GET https://hfz.pw/wp-json/wp/v2/posts/1182
2025-11-04T17:48:26: [Zibll] API Response: 200 OK
2025-11-04T17:48:26: [Zibll] API Data length: object
2025-11-04T17:48:26: [Zibll] Checking order 1182, meta: {
  "footnotes": ""
}
2025-11-04T17:48:26: [Zibll] API Request: GET https://hfz.pw/wp-json/wp/v2/posts/617
2025-11-04T17:48:26: [Zibll] API Response: 200 OK
2025-11-04T17:48:26: [Zibll] API Data length: object
2025-11-04T17:48:26: [Zibll] Checking order 617, meta: {
  "footnotes": ""
}
2025-11-04T17:48:26: [Zibll] API Request: GET https://hfz.pw/wp-json/wp/v2/posts/557
2025-11-04T17:48:26: [Zibll] API Response: 200 OK
2025-11-04T17:48:26: [Zibll] API Data length: object
2025-11-04T17:48:26: [Zibll] Checking order 557, meta: {
  "footnotes": ""
}
2025-11-04T17:48:26: [Zibll] API Request: GET https://hfz.pw/wp-json/wp/v2/posts/559
2025-11-04T17:48:27: [Zibll] API Response: 200 OK
2025-11-04T17:48:27: [Zibll] API Data length: object
2025-11-04T17:48:27: [Zibll] Checking order 559, meta: {
  "footnotes": ""
}
2025-11-04T17:48:27: [Zibll] API Request: GET https://hfz.pw/wp-json/wp/v2/posts/884
2025-11-04T17:48:27: [Zibll] API Response: 200 OK
2025-11-04T17:48:27: [Zibll] API Data length: object
2025-11-04T17:48:27: [Zibll] Checking order 884, meta: {
  "footnotes": ""
}
2025-11-04T17:48:27: [Zibll] API Request: GET https://hfz.pw/wp-json/wp/v2/posts/1138
2025-11-04T17:48:27: [Zibll] API Response: 200 OK
2025-11-04T17:48:27: [Zibll] API Data length: object
2025-11-04T17:48:27: [Zibll] Checking order 1138, meta: {
  "footnotes": ""
}
2025-11-04T17:48:27: [Zibll] API Request: GET https://hfz.pw/wp-json/wp/v2/posts/1055
2025-11-04T17:48:28: [Zibll] API Response: 200 OK
2025-11-04T17:48:28: [Zibll] API Data length: object
2025-11-04T17:48:28: [Zibll] Checking order 1055, meta: {
  "footnotes": ""
}
2025-11-04T17:48:28: [Zibll] API Request: GET https://hfz.pw/wp-json/wp/v2/posts/1103
2025-11-04T17:48:28: [Zibll] API Response: 200 OK
2025-11-04T17:48:28: [Zibll] API Data length: object
2025-11-04T17:48:28: [Zibll] Checking order 1103, meta: {
  "footnotes": ""
}
2025-11-04T17:48:28: [Zibll] API Request: GET https://hfz.pw/wp-json/wp/v2/posts/988
2025-11-04T17:48:28: [Zibll] API Response: 200 OK
2025-11-04T17:48:28: [Zibll] API Data length: object
2025-11-04T17:48:28: [Zibll] Checking order 988, meta: {
  "footnotes": ""
}
2025-11-04T17:48:28: [Zibll] API Request: GET https://hfz.pw/wp-json/wp/v2/posts/979
2025-11-04T17:48:30: [Zibll] API Response: 200 OK
2025-11-04T17:48:30: [Zibll] API Data length: object
2025-11-04T17:48:30: [Zibll] Checking order 979, meta: {
  "footnotes": ""
}
2025-11-04T17:48:30: [Zibll] API Request: GET https://hfz.pw/wp-json/wp/v2/posts/969
2025-11-04T17:48:30: [Zibll] API Response: 200 OK
2025-11-04T17:48:30: [Zibll] API Data length: object
2025-11-04T17:48:30: [Zibll] Checking order 969, meta: {
  "footnotes": ""
}
2025-11-04T17:48:30: [Zibll] API Request: GET https://hfz.pw/wp-json/wp/v2/posts/956
2025-11-04T17:48:31: [Zibll] API Response: 200 OK
2025-11-04T17:48:31: [Zibll] API Data length: object
2025-11-04T17:48:31: [Zibll] Checking order 956, meta: {
  "footnotes": ""
}
2025-11-04T17:48:31: [Zibll] API Request: GET https://hfz.pw/wp-json/wp/v2/posts/914
2025-11-04T17:48:31: [Zibll] API Response: 200 OK
2025-11-04T17:48:31: [Zibll] API Data length: object
2025-11-04T17:48:31: [Zibll] Checking order 914, meta: {
  "footnotes": ""
}
2025-11-04T17:48:31: [Zibll] API Request: GET https://hfz.pw/wp-json/wp/v2/posts/912
2025-11-04T17:48:31: [Zibll] API Response: 200 OK
2025-11-04T17:48:31: [Zibll] API Data length: object
2025-11-04T17:48:31: [Zibll] Checking order 912, meta: {
  "footnotes": ""
}
2025-11-04T17:48:31: [Zibll] API Request: GET https://hfz.pw/wp-json/wp/v2/posts/898
2025-11-04T17:48:32: [Zibll] API Response: 200 OK
2025-11-04T17:48:32: [Zibll] API Data length: object
2025-11-04T17:48:32: [Zibll] Checking order 898, meta: {
  "footnotes": ""
}
2025-11-04T17:48:32: [Zibll] API Request: GET https://hfz.pw/wp-json/wp/v2/posts/889
2025-11-04T17:48:32: [Zibll] API Response: 200 OK
2025-11-04T17:48:32: [Zibll] API Data length: object
2025-11-04T17:48:32: [Zibll] Checking order 889, meta: {
  "footnotes": ""
}
2025-11-04T17:48:32: [Zibll] API Request: GET https://hfz.pw/wp-json/wp/v2/posts/867
2025-11-04T17:48:32: [Zibll] API Response: 200 OK
2025-11-04T17:48:32: [Zibll] API Data length: object
2025-11-04T17:48:32: [Zibll] Checking order 867, meta: {
  "footnotes": ""
}
2025-11-04T17:48:32: [Zibll] API Request: GET https://hfz.pw/wp-json/wp/v2/posts/795
2025-11-04T17:48:33: [Zibll] API Response: 200 OK
2025-11-04T17:48:33: [Zibll] API Data length: object
2025-11-04T17:48:33: [Zibll] Checking order 795, meta: {
  "footnotes": ""
}
2025-11-04T17:48:33: [Zibll] API Request: GET https://hfz.pw/wp-json/wp/v2/posts/862
2025-11-04T17:48:33: [Zibll] API Response: 200 OK
2025-11-04T17:48:33: [Zibll] API Data length: object
2025-11-04T17:48:33: [Zibll] Checking order 862, meta: {
  "footnotes": ""
}
2025-11-04T17:48:33: [Zibll] API Request: GET https://hfz.pw/wp-json/wp/v2/posts/859
2025-11-04T17:48:33: [Zibll] API Response: 200 OK
2025-11-04T17:48:33: [Zibll] API Data length: object
2025-11-04T17:48:33: [Zibll] Checking order 859, meta: {
  "footnotes": ""
}
2025-11-04T17:48:33: [Zibll] API Request: GET https://hfz.pw/wp-json/wp/v2/posts/831
2025-11-04T17:48:34: [Zibll] API Response: 200 OK
2025-11-04T17:48:34: [Zibll] API Data length: object
2025-11-04T17:48:34: [Zibll] Checking order 831, meta: {
  "footnotes": ""
}
2025-11-04T17:48:34: [Zibll] API Request: GET https://hfz.pw/wp-json/wp/v2/posts/822
2025-11-04T17:48:34: [Zibll] API Response: 200 OK
2025-11-04T17:48:34: [Zibll] API Data length: object
2025-11-04T17:48:34: [Zibll] Checking order 822, meta: {
  "footnotes": ""
}
2025-11-04T17:48:34: [Zibll] API Request: GET https://hfz.pw/wp-json/wp/v2/posts/719
2025-11-04T17:48:35: [Zibll] API Response: 200 OK
2025-11-04T17:48:35: [Zibll] API Data length: object
2025-11-04T17:48:35: [Zibll] Checking order 719, meta: {
  "footnotes": ""
}
2025-11-04T17:48:35: [Zibll] API Request: GET https://hfz.pw/wp-json/wp/v2/posts/807
2025-11-04T17:48:35: [Zibll] API Response: 200 OK
2025-11-04T17:48:35: [Zibll] API Data length: object
2025-11-04T17:48:35: [Zibll] Checking order 807, meta: {
  "footnotes": ""
}
2025-11-04T17:48:35: [Zibll] API Request: GET https://hfz.pw/wp-json/wp/v2/posts/562
2025-11-04T17:48:36: [Zibll] API Response: 200 OK
2025-11-04T17:48:36: [Zibll] API Data length: object
2025-11-04T17:48:36: [Zibll] Checking order 562, meta: {
  "footnotes": ""
}
2025-11-04T17:48:36: [Zibll] API Request: GET https://hfz.pw/wp-json/wp/v2/posts/492
2025-11-04T17:48:36: [Zibll] API Response: 200 OK
2025-11-04T17:48:36: [Zibll] API Data length: object
2025-11-04T17:48:36: [Zibll] Checking order 492, meta: {
  "footnotes": ""
}
2025-11-04T17:48:36: [Zibll] API Request: GET https://hfz.pw/wp-json/wp/v2/posts/486
2025-11-04T17:48:37: [Zibll] API Response: 200 OK
2025-11-04T17:48:37: [Zibll] API Data length: object
2025-11-04T17:48:37: [Zibll] Checking order 486, meta: {
  "footnotes": ""
}
2025-11-04T17:48:37: [Zibll] API Request: GET https://hfz.pw/wp-json/wp/v2/posts/420
2025-11-04T17:48:37: [Zibll] API Response: 200 OK
2025-11-04T17:48:37: [Zibll] API Data length: object
2025-11-04T17:48:37: [Zibll] Checking order 420, meta: {
  "footnotes": ""
}
2025-11-04T17:48:37: [Zibll] API Request: GET https://hfz.pw/wp-json/wp/v2/posts/409
2025-11-04T17:48:37: [Zibll] API Response: 200 OK
2025-11-04T17:48:37: [Zibll] API Data length: object
2025-11-04T17:48:37: [Zibll] Checking order 409, meta: {
  "footnotes": ""
}
2025-11-04T17:48:37: [Zibll] API Request: GET https://hfz.pw/wp-json/wp/v2/posts/1079
2025-11-04T17:48:38: [Zibll] API Response: 200 OK
2025-11-04T17:48:38: [Zibll] API Data length: object
2025-11-04T17:48:38: [Zibll] Checking order 1079, meta: {
  "footnotes": ""
}
2025-11-04T17:48:38: [Zibll] API Request: GET https://hfz.pw/wp-json/wp/v2/posts/334
2025-11-04T17:48:38: [Zibll] API Response: 200 OK
2025-11-04T17:48:38: [Zibll] API Data length: object
2025-11-04T17:48:38: [Zibll] Checking order 334, meta: {
  "footnotes": ""
}
2025-11-04T17:48:38: [Zibll] API Request: GET https://hfz.pw/wp-json/wp/v2/posts/288
2025-11-04T17:48:39: [Zibll] API Response: 200 OK
2025-11-04T17:48:39: [Zibll] API Data length: object
2025-11-04T17:48:39: [Zibll] Checking order 288, meta: {
  "footnotes": ""
}
2025-11-04T17:48:39: [Zibll] API Request: GET https://hfz.pw/wp-json/wp/v2/posts/255
2025-11-04T17:48:39: [Zibll] API Response: 200 OK
2025-11-04T17:48:39: [Zibll] API Data length: object
2025-11-04T17:48:39: [Zibll] Checking order 255, meta: {
  "footnotes": ""
}
2025-11-04T17:48:39: [Zibll] API Request: GET https://hfz.pw/wp-json/wp/v2/posts/253
2025-11-04T17:48:39: [Zibll] API Response: 200 OK
2025-11-04T17:48:39: [Zibll] API Data length: object
2025-11-04T17:48:39: [Zibll] Checking order 253, meta: {
  "footnotes": ""
}
2025-11-04T17:48:39: [Zibll] API Request: GET https://hfz.pw/wp-json/wp/v2/posts/185
2025-11-04T17:48:40: [Zibll] API Response: 200 OK
2025-11-04T17:48:40: [Zibll] API Data length: object
2025-11-04T17:48:40: [Zibll] Checking order 185, meta: {
  "footnotes": ""
}
2025-11-04T17:48:40: [Zibll] API Request: GET https://hfz.pw/wp-json/wp/v2/posts/126
2025-11-04T17:48:40: [Zibll] API Response: 200 OK
2025-11-04T17:48:40: [Zibll] API Data length: object
2025-11-04T17:48:40: [Zibll] Checking order 126, meta: {
  "footnotes": ""
}
2025-11-04T17:48:40: [Zibll] API Request: GET https://hfz.pw/wp-json/wp/v2/posts/119
2025-11-04T17:48:41: [Zibll] API Response: 200 OK
2025-11-04T17:48:41: [Zibll] API Data length: object
2025-11-04T17:48:41: [Zibll] Checking order 119, meta: {
  "footnotes": ""
}
2025-11-04T17:48:41: [Zibll] API Request: GET https://hfz.pw/wp-json/wp/v2/posts/98
2025-11-04T17:48:41: [Zibll] API Response: 200 OK
2025-11-04T17:48:41: [Zibll] API Data length: object
2025-11-04T17:48:41: [Zibll] Checking order 98, meta: {
  "footnotes": ""
}
2025-11-04T17:48:41: [Zibll] API Request: GET https://hfz.pw/wp-json/wp/v2/posts/249
2025-11-04T17:48:41: [Zibll] API Response: 200 OK
2025-11-04T17:48:41: [Zibll] API Data length: object
2025-11-04T17:48:41: [Zibll] Checking order 249, meta: {
  "footnotes": ""
}
2025-11-04T17:48:41: [Zibll] No matching order found
2025-11-04T17:53:45: [Zibll] Searching for order: 2511041721391842247
2025-11-04T17:53:45: [Zibll] API Request: GET https://hfz.pw/wp-json/wp/v2/posts?post_type=shop_order&search=2511041721391842247&per_page=10
2025-11-04T17:53:46: [Zibll] API Response: 200 OK
2025-11-04T17:53:46: [Zibll] API Data length: 0
2025-11-04T17:53:46: [Zibll] Search result: []
2025-11-04T17:53:46: [Zibll] No posts found by search, trying meta query...
2025-11-04T17:53:46: [Zibll] API Request: GET https://hfz.pw/wp-json/wp/v2/posts?post_type=shop_order&per_page=100
2025-11-04T17:53:47: [Zibll] API Response: 200 OK
2025-11-04T17:53:49: [Zibll] API Data length: 78
2025-11-04T17:53:49: [Zibll] Found 78 total orders
2025-11-04T17:53:49: [Zibll] API Request: GET https://hfz.pw/wp-json/wp/v2/posts/2032
2025-11-04T17:53:49: [Zibll] API Response: 200 OK
2025-11-04T17:53:49: [Zibll] API Data length: object
2025-11-04T17:53:49: [Zibll] Checking order 2032, meta: {
  "footnotes": ""
}
2025-11-04T17:53:49: [Zibll] API Request: GET https://hfz.pw/wp-json/wp/v2/posts/1991
2025-11-04T17:53:50: [Zibll] API Response: 200 OK
2025-11-04T17:53:50: [Zibll] API Data length: object
2025-11-04T17:53:50: [Zibll] Checking order 1991, meta: {
  "footnotes": ""
}
2025-11-04T17:53:50: [Zibll] API Request: GET https://hfz.pw/wp-json/wp/v2/posts/1311
2025-11-04T17:53:50: [Zibll] API Response: 200 OK
2025-11-04T17:53:50: [Zibll] API Data length: object
2025-11-04T17:53:50: [Zibll] Checking order 1311, meta: {
  "footnotes": ""
}
2025-11-04T17:53:50: [Zibll] API Request: GET https://hfz.pw/wp-json/wp/v2/posts/1971
2025-11-04T17:53:51: [Zibll] API Response: 200 OK
2025-11-04T17:53:51: [Zibll] API Data length: object
2025-11-04T17:53:51: [Zibll] Checking order 1971, meta: {
  "footnotes": ""
}
2025-11-04T17:53:51: [Zibll] API Request: GET https://hfz.pw/wp-json/wp/v2/posts/1603
2025-11-04T17:53:51: [Zibll] API Response: 200 OK
2025-11-04T17:53:51: [Zibll] API Data length: object
2025-11-04T17:53:51: [Zibll] Checking order 1603, meta: {
  "footnotes": ""
}
2025-11-04T17:53:51: [Zibll] API Request: GET https://hfz.pw/wp-json/wp/v2/posts/1932
2025-11-04T17:53:51: [Zibll] API Response: 200 OK
2025-11-04T17:53:51: [Zibll] API Data length: object
2025-11-04T17:53:51: [Zibll] Checking order 1932, meta: {
  "footnotes": ""
}
2025-11-04T17:53:51: [Zibll] API Request: GET https://hfz.pw/wp-json/wp/v2/posts/1869
2025-11-04T17:53:52: [Zibll] API Response: 200 OK
2025-11-04T17:53:52: [Zibll] API Data length: object
2025-11-04T17:53:52: [Zibll] Checking order 1869, meta: {
  "footnotes": ""
}
2025-11-04T17:53:52: [Zibll] API Request: GET https://hfz.pw/wp-json/wp/v2/posts/1786
2025-11-04T17:53:52: [Zibll] API Response: 200 OK
2025-11-04T17:53:52: [Zibll] API Data length: object
2025-11-04T17:53:52: [Zibll] Checking order 1786, meta: {
  "footnotes": ""
}
2025-11-04T17:53:52: [Zibll] API Request: GET https://hfz.pw/wp-json/wp/v2/posts/1780
2025-11-04T17:53:52: [Zibll] API Response: 200 OK
2025-11-04T17:53:52: [Zibll] API Data length: object
2025-11-04T17:53:52: [Zibll] Checking order 1780, meta: {
  "footnotes": ""
}
2025-11-04T17:53:52: [Zibll] API Request: GET https://hfz.pw/wp-json/wp/v2/posts/1762
2025-11-04T17:53:53: [Zibll] API Response: 200 OK
2025-11-04T17:53:53: [Zibll] API Data length: object
2025-11-04T17:53:53: [Zibll] Checking order 1762, meta: {
  "footnotes": ""
}
2025-11-04T17:53:53: [Zibll] API Request: GET https://hfz.pw/wp-json/wp/v2/posts/1739
2025-11-04T17:53:53: [Zibll] API Response: 200 OK
2025-11-04T17:53:53: [Zibll] API Data length: object
2025-11-04T17:53:53: [Zibll] Checking order 1739, meta: {
  "footnotes": ""
}
2025-11-04T17:53:53: [Zibll] API Request: GET https://hfz.pw/wp-json/wp/v2/posts/1705
2025-11-04T17:53:53: [Zibll] API Response: 200 OK
2025-11-04T17:53:53: [Zibll] API Data length: object
2025-11-04T17:53:53: [Zibll] Checking order 1705, meta: {
  "footnotes": ""
}
2025-11-04T17:53:53: [Zibll] API Request: GET https://hfz.pw/wp-json/wp/v2/posts/1703
2025-11-04T17:53:54: [Zibll] API Response: 200 OK
2025-11-04T17:53:54: [Zibll] API Data length: object
2025-11-04T17:53:54: [Zibll] Checking order 1703, meta: {
  "footnotes": ""
}
2025-11-04T17:53:54: [Zibll] API Request: GET https://hfz.pw/wp-json/wp/v2/posts/1700
2025-11-04T17:53:54: [Zibll] API Response: 200 OK
2025-11-04T17:53:54: [Zibll] API Data length: object
2025-11-04T17:53:54: [Zibll] Checking order 1700, meta: {
  "footnotes": ""
}
2025-11-04T17:53:54: [Zibll] API Request: GET https://hfz.pw/wp-json/wp/v2/posts/1498
2025-11-04T17:53:54: [Zibll] API Response: 200 OK
2025-11-04T17:53:54: [Zibll] API Data length: object
2025-11-04T17:53:54: [Zibll] Checking order 1498, meta: {
  "footnotes": ""
}
2025-11-04T17:53:54: [Zibll] API Request: GET https://hfz.pw/wp-json/wp/v2/posts/1632
2025-11-04T17:53:55: [Zibll] API Response: 200 OK
2025-11-04T17:53:55: [Zibll] API Data length: object
2025-11-04T17:53:55: [Zibll] Checking order 1632, meta: {
  "footnotes": ""
}
2025-11-04T17:53:55: [Zibll] API Request: GET https://hfz.pw/wp-json/wp/v2/posts/1630
2025-11-04T17:53:55: [Zibll] API Response: 200 OK
2025-11-04T17:53:55: [Zibll] API Data length: object
2025-11-04T17:53:55: [Zibll] Checking order 1630, meta: {
  "footnotes": ""
}
2025-11-04T17:53:55: [Zibll] API Request: GET https://hfz.pw/wp-json/wp/v2/posts/1628
2025-11-04T17:53:56: [Zibll] API Response: 200 OK
2025-11-04T17:53:56: [Zibll] API Data length: object
2025-11-04T17:53:56: [Zibll] Checking order 1628, meta: {
  "footnotes": ""
}
2025-11-04T17:53:56: [Zibll] API Request: GET https://hfz.pw/wp-json/wp/v2/posts/1449
2025-11-04T17:53:56: [Zibll] API Response: 200 OK
2025-11-04T17:53:56: [Zibll] API Data length: object
2025-11-04T17:53:56: [Zibll] Checking order 1449, meta: {
  "footnotes": ""
}
2025-11-04T17:53:56: [Zibll] API Request: GET https://hfz.pw/wp-json/wp/v2/posts/1590
2025-11-04T17:53:56: [Zibll] API Response: 200 OK
2025-11-04T17:53:56: [Zibll] API Data length: object
2025-11-04T17:53:56: [Zibll] Checking order 1590, meta: {
  "footnotes": ""
}
2025-11-04T17:53:56: [Zibll] API Request: GET https://hfz.pw/wp-json/wp/v2/posts/1584
2025-11-04T17:53:57: [Zibll] API Response: 200 OK
2025-11-04T17:53:57: [Zibll] API Data length: object
2025-11-04T17:53:57: [Zibll] Checking order 1584, meta: {
  "footnotes": ""
}
2025-11-04T17:53:57: [Zibll] API Request: GET https://hfz.pw/wp-json/wp/v2/posts/1579
2025-11-04T17:53:57: [Zibll] API Response: 200 OK
2025-11-04T17:53:57: [Zibll] API Data length: object
2025-11-04T17:53:57: [Zibll] Checking order 1579, meta: {
  "footnotes": ""
}
2025-11-04T17:53:57: [Zibll] API Request: GET https://hfz.pw/wp-json/wp/v2/posts/1560
2025-11-04T17:53:57: [Zibll] API Response: 200 OK
2025-11-04T17:53:57: [Zibll] API Data length: object
2025-11-04T17:53:57: [Zibll] Checking order 1560, meta: {
  "footnotes": ""
}
2025-11-04T17:53:57: [Zibll] API Request: GET https://hfz.pw/wp-json/wp/v2/posts/1537
2025-11-04T17:53:58: [Zibll] API Response: 200 OK
2025-11-04T17:53:58: [Zibll] API Data length: object
2025-11-04T17:53:58: [Zibll] Checking order 1537, meta: {
  "footnotes": ""
}
2025-11-04T17:53:58: [Zibll] API Request: GET https://hfz.pw/wp-json/wp/v2/posts/1512
2025-11-04T17:53:58: [Zibll] API Response: 200 OK
2025-11-04T17:53:58: [Zibll] API Data length: object
2025-11-04T17:53:58: [Zibll] Checking order 1512, meta: {
  "footnotes": ""
}
2025-11-04T17:53:58: [Zibll] API Request: GET https://hfz.pw/wp-json/wp/v2/posts/1500
2025-11-04T17:53:58: [Zibll] API Response: 200 OK
2025-11-04T17:53:58: [Zibll] API Data length: object
2025-11-04T17:53:58: [Zibll] Checking order 1500, meta: {
  "footnotes": ""
}
2025-11-04T17:53:58: [Zibll] API Request: GET https://hfz.pw/wp-json/wp/v2/posts/1470
2025-11-04T17:53:59: [Zibll] API Response: 200 OK
2025-11-04T17:53:59: [Zibll] API Data length: object
2025-11-04T17:53:59: [Zibll] Checking order 1470, meta: {
  "footnotes": ""
}
2025-11-04T17:53:59: [Zibll] API Request: GET https://hfz.pw/wp-json/wp/v2/posts/1408
2025-11-04T17:53:59: [Zibll] API Response: 200 OK
2025-11-04T17:53:59: [Zibll] API Data length: object
2025-11-04T17:53:59: [Zibll] Checking order 1408, meta: {
  "footnotes": ""
}
2025-11-04T17:53:59: [Zibll] API Request: GET https://hfz.pw/wp-json/wp/v2/posts/1258
2025-11-04T17:53:59: [Zibll] API Response: 200 OK
2025-11-04T17:53:59: [Zibll] API Data length: object
2025-11-04T17:53:59: [Zibll] Checking order 1258, meta: {
  "footnotes": ""
}
2025-11-04T17:53:59: [Zibll] API Request: GET https://hfz.pw/wp-json/wp/v2/posts/1370
2025-11-04T17:54:00: [Zibll] API Response: 200 OK
2025-11-04T17:54:00: [Zibll] API Data length: object
2025-11-04T17:54:00: [Zibll] Checking order 1370, meta: {
  "footnotes": ""
}
2025-11-04T17:54:00: [Zibll] API Request: GET https://hfz.pw/wp-json/wp/v2/posts/1280
2025-11-04T17:54:00: [Zibll] API Response: 200 OK
2025-11-04T17:54:00: [Zibll] API Data length: object
2025-11-04T17:54:00: [Zibll] Checking order 1280, meta: {
  "footnotes": ""
}
2025-11-04T17:54:00: [Zibll] API Request: GET https://hfz.pw/wp-json/wp/v2/posts/1298
2025-11-04T17:54:01: [Zibll] API Response: 200 OK
2025-11-04T17:54:01: [Zibll] API Data length: object
2025-11-04T17:54:01: [Zibll] Checking order 1298, meta: {
  "footnotes": ""
}
2025-11-04T17:54:01: [Zibll] API Request: GET https://hfz.pw/wp-json/wp/v2/posts/1294
2025-11-04T17:54:01: [Zibll] API Response: 200 OK
2025-11-04T17:54:01: [Zibll] API Data length: object
2025-11-04T17:54:01: [Zibll] Checking order 1294, meta: {
  "footnotes": ""
}
2025-11-04T17:54:01: [Zibll] API Request: GET https://hfz.pw/wp-json/wp/v2/posts/1278
2025-11-04T17:54:01: [Zibll] API Response: 200 OK
2025-11-04T17:54:01: [Zibll] API Data length: object
2025-11-04T17:54:01: [Zibll] Checking order 1278, meta: {
  "footnotes": ""
}
2025-11-04T17:54:01: [Zibll] API Request: GET https://hfz.pw/wp-json/wp/v2/posts/1273
2025-11-04T17:54:02: [Zibll] API Response: 200 OK
2025-11-04T17:54:02: [Zibll] API Data length: object
2025-11-04T17:54:02: [Zibll] Checking order 1273, meta: {
  "footnotes": ""
}
2025-11-04T17:54:02: [Zibll] API Request: GET https://hfz.pw/wp-json/wp/v2/posts/1236
2025-11-04T17:54:02: [Zibll] API Response: 200 OK
2025-11-04T17:54:02: [Zibll] API Data length: object
2025-11-04T17:54:02: [Zibll] Checking order 1236, meta: {
  "footnotes": ""
}
2025-11-04T17:54:02: [Zibll] API Request: GET https://hfz.pw/wp-json/wp/v2/posts/1230
2025-11-04T17:54:02: [Zibll] API Response: 200 OK
2025-11-04T17:54:02: [Zibll] API Data length: object
2025-11-04T17:54:02: [Zibll] Checking order 1230, meta: {
  "footnotes": ""
}
2025-11-04T17:54:02: [Zibll] API Request: GET https://hfz.pw/wp-json/wp/v2/posts/1155
2025-11-04T17:54:03: [Zibll] API Response: 200 OK
2025-11-04T17:54:03: [Zibll] API Data length: object
2025-11-04T17:54:03: [Zibll] Checking order 1155, meta: {
  "footnotes": ""
}
2025-11-04T17:54:03: [Zibll] API Request: GET https://hfz.pw/wp-json/wp/v2/posts/1217
2025-11-04T17:54:03: [Zibll] API Response: 200 OK
2025-11-04T17:54:03: [Zibll] API Data length: object
2025-11-04T17:54:03: [Zibll] Checking order 1217, meta: {
  "footnotes": ""
}
2025-11-04T17:54:03: [Zibll] API Request: GET https://hfz.pw/wp-json/wp/v2/posts/1182
2025-11-04T17:54:04: [Zibll] API Response: 200 OK
2025-11-04T17:54:04: [Zibll] API Data length: object
2025-11-04T17:54:04: [Zibll] Checking order 1182, meta: {
  "footnotes": ""
}
2025-11-04T17:54:04: [Zibll] API Request: GET https://hfz.pw/wp-json/wp/v2/posts/617
2025-11-04T17:54:04: [Zibll] API Response: 200 OK
2025-11-04T17:54:04: [Zibll] API Data length: object
2025-11-04T17:54:04: [Zibll] Checking order 617, meta: {
  "footnotes": ""
}
2025-11-04T17:54:04: [Zibll] API Request: GET https://hfz.pw/wp-json/wp/v2/posts/557
2025-11-04T17:54:04: [Zibll] API Response: 200 OK
2025-11-04T17:54:04: [Zibll] API Data length: object
2025-11-04T17:54:04: [Zibll] Checking order 557, meta: {
  "footnotes": ""
}
2025-11-04T17:54:04: [Zibll] API Request: GET https://hfz.pw/wp-json/wp/v2/posts/559
2025-11-04T17:54:05: [Zibll] API Response: 200 OK
2025-11-04T17:54:05: [Zibll] API Data length: object
2025-11-04T17:54:05: [Zibll] Checking order 559, meta: {
  "footnotes": ""
}
2025-11-04T17:54:05: [Zibll] API Request: GET https://hfz.pw/wp-json/wp/v2/posts/884
2025-11-04T17:54:05: [Zibll] API Response: 200 OK
2025-11-04T17:54:05: [Zibll] API Data length: object
2025-11-04T17:54:05: [Zibll] Checking order 884, meta: {
  "footnotes": ""
}
2025-11-04T17:54:05: [Zibll] API Request: GET https://hfz.pw/wp-json/wp/v2/posts/1138
2025-11-04T17:54:05: [Zibll] API Response: 200 OK
2025-11-04T17:54:05: [Zibll] API Data length: object
2025-11-04T17:54:05: [Zibll] Checking order 1138, meta: {
  "footnotes": ""
}
2025-11-04T17:54:05: [Zibll] API Request: GET https://hfz.pw/wp-json/wp/v2/posts/1055
2025-11-04T17:54:06: [Zibll] API Response: 200 OK
2025-11-04T17:54:06: [Zibll] API Data length: object
2025-11-04T17:54:06: [Zibll] Checking order 1055, meta: {
  "footnotes": ""
}
2025-11-04T17:54:06: [Zibll] API Request: GET https://hfz.pw/wp-json/wp/v2/posts/1103
2025-11-04T17:54:06: [Zibll] API Response: 200 OK
2025-11-04T17:54:06: [Zibll] API Data length: object
2025-11-04T17:54:06: [Zibll] Checking order 1103, meta: {
  "footnotes": ""
}
2025-11-04T17:54:06: [Zibll] API Request: GET https://hfz.pw/wp-json/wp/v2/posts/988
2025-11-04T17:54:06: [Zibll] API Response: 200 OK
2025-11-04T17:54:06: [Zibll] API Data length: object
2025-11-04T17:54:06: [Zibll] Checking order 988, meta: {
  "footnotes": ""
}
2025-11-04T17:54:06: [Zibll] API Request: GET https://hfz.pw/wp-json/wp/v2/posts/979
2025-11-04T17:54:07: [Zibll] API Response: 200 OK
2025-11-04T17:54:07: [Zibll] API Data length: object
2025-11-04T17:54:07: [Zibll] Checking order 979, meta: {
  "footnotes": ""
}
2025-11-04T17:54:07: [Zibll] API Request: GET https://hfz.pw/wp-json/wp/v2/posts/969
2025-11-04T17:54:07: [Zibll] API Response: 200 OK
2025-11-04T17:54:07: [Zibll] API Data length: object
2025-11-04T17:54:07: [Zibll] Checking order 969, meta: {
  "footnotes": ""
}
2025-11-04T17:54:07: [Zibll] API Request: GET https://hfz.pw/wp-json/wp/v2/posts/956
2025-11-04T17:54:07: [Zibll] API Response: 200 OK
2025-11-04T17:54:07: [Zibll] API Data length: object
2025-11-04T17:54:07: [Zibll] Checking order 956, meta: {
  "footnotes": ""
}
2025-11-04T17:54:07: [Zibll] API Request: GET https://hfz.pw/wp-json/wp/v2/posts/914
2025-11-04T17:54:08: [Zibll] API Response: 200 OK
2025-11-04T17:54:08: [Zibll] API Data length: object
2025-11-04T17:54:08: [Zibll] Checking order 914, meta: {
  "footnotes": ""
}
2025-11-04T17:54:08: [Zibll] API Request: GET https://hfz.pw/wp-json/wp/v2/posts/912
2025-11-04T17:54:08: [Zibll] API Response: 200 OK
2025-11-04T17:54:08: [Zibll] API Data length: object
2025-11-04T17:54:08: [Zibll] Checking order 912, meta: {
  "footnotes": ""
}
2025-11-04T17:54:08: [Zibll] API Request: GET https://hfz.pw/wp-json/wp/v2/posts/898
2025-11-04T17:54:08: [Zibll] API Response: 200 OK
2025-11-04T17:54:08: [Zibll] API Data length: object
2025-11-04T17:54:08: [Zibll] Checking order 898, meta: {
  "footnotes": ""
}
2025-11-04T17:54:08: [Zibll] API Request: GET https://hfz.pw/wp-json/wp/v2/posts/889
2025-11-04T17:54:09: [Zibll] API Response: 200 OK
2025-11-04T17:54:09: [Zibll] API Data length: object
2025-11-04T17:54:09: [Zibll] Checking order 889, meta: {
  "footnotes": ""
}
2025-11-04T17:54:09: [Zibll] API Request: GET https://hfz.pw/wp-json/wp/v2/posts/867
2025-11-04T17:54:09: [Zibll] API Response: 200 OK
2025-11-04T17:54:09: [Zibll] API Data length: object
2025-11-04T17:54:09: [Zibll] Checking order 867, meta: {
  "footnotes": ""
}
2025-11-04T17:54:09: [Zibll] API Request: GET https://hfz.pw/wp-json/wp/v2/posts/795
2025-11-04T17:54:09: [Zibll] API Response: 200 OK
2025-11-04T17:54:09: [Zibll] API Data length: object
2025-11-04T17:54:09: [Zibll] Checking order 795, meta: {
  "footnotes": ""
}
2025-11-04T17:54:09: [Zibll] API Request: GET https://hfz.pw/wp-json/wp/v2/posts/862
2025-11-04T17:54:10: [Zibll] API Response: 200 OK
2025-11-04T17:54:10: [Zibll] API Data length: object
2025-11-04T17:54:10: [Zibll] Checking order 862, meta: {
  "footnotes": ""
}
2025-11-04T17:54:10: [Zibll] API Request: GET https://hfz.pw/wp-json/wp/v2/posts/859
2025-11-04T17:54:10: [Zibll] API Response: 200 OK
2025-11-04T17:54:10: [Zibll] API Data length: object
2025-11-04T17:54:10: [Zibll] Checking order 859, meta: {
  "footnotes": ""
}
2025-11-04T17:54:10: [Zibll] API Request: GET https://hfz.pw/wp-json/wp/v2/posts/831
2025-11-04T17:54:11: [Zibll] API Response: 200 OK
2025-11-04T17:54:11: [Zibll] API Data length: object
2025-11-04T17:54:11: [Zibll] Checking order 831, meta: {
  "footnotes": ""
}
2025-11-04T17:54:11: [Zibll] API Request: GET https://hfz.pw/wp-json/wp/v2/posts/822
2025-11-04T17:54:11: [Zibll] API Response: 200 OK
2025-11-04T17:54:11: [Zibll] API Data length: object
2025-11-04T17:54:11: [Zibll] Checking order 822, meta: {
  "footnotes": ""
}
2025-11-04T17:54:11: [Zibll] API Request: GET https://hfz.pw/wp-json/wp/v2/posts/719
2025-11-04T17:54:11: [Zibll] API Response: 200 OK
2025-11-04T17:54:11: [Zibll] API Data length: object
2025-11-04T17:54:11: [Zibll] Checking order 719, meta: {
  "footnotes": ""
}
2025-11-04T17:54:11: [Zibll] API Request: GET https://hfz.pw/wp-json/wp/v2/posts/807
2025-11-04T17:54:12: [Zibll] API Response: 200 OK
2025-11-04T17:54:12: [Zibll] API Data length: object
2025-11-04T17:54:12: [Zibll] Checking order 807, meta: {
  "footnotes": ""
}
2025-11-04T17:54:12: [Zibll] API Request: GET https://hfz.pw/wp-json/wp/v2/posts/562
2025-11-04T17:54:12: [Zibll] API Response: 200 OK
2025-11-04T17:54:12: [Zibll] API Data length: object
2025-11-04T17:54:12: [Zibll] Checking order 562, meta: {
  "footnotes": ""
}
2025-11-04T17:54:12: [Zibll] API Request: GET https://hfz.pw/wp-json/wp/v2/posts/492
2025-11-04T17:54:12: [Zibll] API Response: 200 OK
2025-11-04T17:54:12: [Zibll] API Data length: object
2025-11-04T17:54:12: [Zibll] Checking order 492, meta: {
  "footnotes": ""
}
2025-11-04T17:54:12: [Zibll] API Request: GET https://hfz.pw/wp-json/wp/v2/posts/486
2025-11-04T17:54:13: [Zibll] API Response: 200 OK
2025-11-04T17:54:13: [Zibll] API Data length: object
2025-11-04T17:54:13: [Zibll] Checking order 486, meta: {
  "footnotes": ""
}
2025-11-04T17:54:13: [Zibll] API Request: GET https://hfz.pw/wp-json/wp/v2/posts/420
2025-11-04T17:54:13: [Zibll] API Response: 200 OK
2025-11-04T17:54:13: [Zibll] API Data length: object
2025-11-04T17:54:13: [Zibll] Checking order 420, meta: {
  "footnotes": ""
}
2025-11-04T17:54:13: [Zibll] API Request: GET https://hfz.pw/wp-json/wp/v2/posts/409
2025-11-04T17:54:14: [Zibll] API Response: 200 OK
2025-11-04T17:54:14: [Zibll] API Data length: object
2025-11-04T17:54:14: [Zibll] Checking order 409, meta: {
  "footnotes": ""
}
2025-11-04T17:54:14: [Zibll] API Request: GET https://hfz.pw/wp-json/wp/v2/posts/1079
2025-11-04T17:54:14: [Zibll] API Response: 200 OK
2025-11-04T17:54:14: [Zibll] API Data length: object
2025-11-04T17:54:14: [Zibll] Checking order 1079, meta: {
  "footnotes": ""
}
2025-11-04T17:54:14: [Zibll] API Request: GET https://hfz.pw/wp-json/wp/v2/posts/334
2025-11-04T17:54:14: [Zibll] API Response: 200 OK
2025-11-04T17:54:14: [Zibll] API Data length: object
2025-11-04T17:54:14: [Zibll] Checking order 334, meta: {
  "footnotes": ""
}
2025-11-04T17:54:14: [Zibll] API Request: GET https://hfz.pw/wp-json/wp/v2/posts/288
2025-11-04T17:54:15: [Zibll] API Response: 200 OK
2025-11-04T17:54:15: [Zibll] API Data length: object
2025-11-04T17:54:15: [Zibll] Checking order 288, meta: {
  "footnotes": ""
}
2025-11-04T17:54:15: [Zibll] API Request: GET https://hfz.pw/wp-json/wp/v2/posts/255
2025-11-04T17:54:15: [Zibll] API Response: 200 OK
2025-11-04T17:54:15: [Zibll] API Data length: object
2025-11-04T17:54:15: [Zibll] Checking order 255, meta: {
  "footnotes": ""
}
2025-11-04T17:54:15: [Zibll] API Request: GET https://hfz.pw/wp-json/wp/v2/posts/253
2025-11-04T17:54:15: [Zibll] API Response: 200 OK
2025-11-04T17:54:15: [Zibll] API Data length: object
2025-11-04T17:54:15: [Zibll] Checking order 253, meta: {
  "footnotes": ""
}
2025-11-04T17:54:15: [Zibll] API Request: GET https://hfz.pw/wp-json/wp/v2/posts/185
2025-11-04T17:54:16: [Zibll] API Response: 200 OK
2025-11-04T17:54:16: [Zibll] API Data length: object
2025-11-04T17:54:16: [Zibll] Checking order 185, meta: {
  "footnotes": ""
}
2025-11-04T17:54:16: [Zibll] API Request: GET https://hfz.pw/wp-json/wp/v2/posts/126
2025-11-04T17:54:16: [Zibll] API Response: 200 OK
2025-11-04T17:54:16: [Zibll] API Data length: object
2025-11-04T17:54:16: [Zibll] Checking order 126, meta: {
  "footnotes": ""
}
2025-11-04T17:54:16: [Zibll] API Request: GET https://hfz.pw/wp-json/wp/v2/posts/119
2025-11-04T17:54:17: [Zibll] API Response: 200 OK
2025-11-04T17:54:17: [Zibll] API Data length: object
2025-11-04T17:54:17: [Zibll] Checking order 119, meta: {
  "footnotes": ""
}
2025-11-04T17:54:17: [Zibll] API Request: GET https://hfz.pw/wp-json/wp/v2/posts/98
2025-11-04T17:54:17: [Zibll] API Response: 200 OK
2025-11-04T17:54:17: [Zibll] API Data length: object
2025-11-04T17:54:17: [Zibll] Checking order 98, meta: {
  "footnotes": ""
}
2025-11-04T17:54:17: [Zibll] API Request: GET https://hfz.pw/wp-json/wp/v2/posts/249
2025-11-04T17:54:17: [Zibll] API Response: 200 OK
2025-11-04T17:54:17: [Zibll] API Data length: object
2025-11-04T17:54:17: [Zibll] Checking order 249, meta: {
  "footnotes": ""
}
2025-11-04T17:54:17: [Zibll] No matching order found
2025-11-04T18:05:04: Listening on http://[::]:3000
2025-11-04T18:16:16: Listening on http://[::]:3000
2025-11-04T18:22:33: Listening on http://[::]:3000
2025-11-04T18:31:59: Listening on http://[::]:3000
2025-11-04T18:32:41: Ignoring invalid configuration option passed to Connection: acquireTimeout. This is currently a warning, but in future versions of MySQL2, an error will be thrown if you pass an invalid configuration option to a Connection
2025-11-04T18:32:41: Ignoring invalid configuration option passed to Connection: timeout. This is currently a warning, but in future versions of MySQL2, an error will be thrown if you pass an invalid configuration option to a Connection
2025-11-04T18:32:41: Ignoring invalid configuration option passed to Connection: reconnect. This is currently a warning, but in future versions of MySQL2, an error will be thrown if you pass an invalid configuration option to a Connection
2025-11-04T18:32:41: [WordPress API] 查询订单: 25110417213918422476289
2025-11-04T18:32:43: [WordPress API] 订单不存在
2025-11-04T18:32:46: [WordPress API] 查询订单: 2511041721391842247
2025-11-04T18:32:47: [WordPress API] 找到订单: {
  "order_id": "1093",
  "order_num": "2511041721391842247",
  "order_type": "10",
  "product_id": 2101,
  "product_name": "【HF-v1-hy-bot】Telegram会员机器人+可视化后台",
  "user_id": "1",
  "order_price": "3650.00",
  "pay_price": "3650.00",
  "pay_type": "balance",
  "pay_status": "1",
  "create_time": "2025-11-04 17:21:39",
  "pay_time": "2025-11-04 17:21:40",
  "status": "1",
  "user_email": "1733206793a@gmail.com",
  "user_name": "admin"
}
2025-11-04T18:36:37: Listening on http://[::]:3000
2025-11-04T18:38:39: Ignoring invalid configuration option passed to Connection: acquireTimeout. This is currently a warning, but in future versions of MySQL2, an error will be thrown if you pass an invalid configuration option to a Connection
2025-11-04T18:38:39: Ignoring invalid configuration option passed to Connection: timeout. This is currently a warning, but in future versions of MySQL2, an error will be thrown if you pass an invalid configuration option to a Connection
2025-11-04T18:38:39: Ignoring invalid configuration option passed to Connection: reconnect. This is currently a warning, but in future versions of MySQL2, an error will be thrown if you pass an invalid configuration option to a Connection
2025-11-04T18:38:39: [Zibll] Searching for order: 2511041721391842247
2025-11-04T18:38:39: [Zibll] API Request: GET https://hfz.pw/wp-json/wp/v2/posts?post_type=shop_order&search=2511041721391842247&per_page=10
2025-11-04T18:38:40: [Zibll] API Response: 200 OK
2025-11-04T18:38:40: [Zibll] API Data length: 0
2025-11-04T18:38:40: [Zibll] Search result: []
2025-11-04T18:38:40: [Zibll] No posts found by search, trying meta query...
2025-11-04T18:38:40: [Zibll] API Request: GET https://hfz.pw/wp-json/wp/v2/posts?post_type=shop_order&per_page=100
2025-11-04T18:38:41: [Zibll] API Response: 200 OK
2025-11-04T18:39:45: [Zibll] WordPress API request failed: TypeError: terminated
    at Fetch.onAborted (node:internal/deps/undici/undici:11132:53)
    at Fetch.emit (node:events:519:28)
    at Fetch.terminate (node:internal/deps/undici/undici:10290:14)
    at Object.onError (node:internal/deps/undici/undici:11253:38)
    at Request.onError (node:internal/deps/undici/undici:2094:31)
    at Object.errorRequest (node:internal/deps/undici/undici:1591:17)
    at TLSSocket.<anonymous> (node:internal/deps/undici/undici:6319:16)
    at TLSSocket.emit (node:events:531:35)
    at node:net:346:12
    at TCP.done (node:_tls_wrap:650:7) {
  [cause]: SocketError: other side closed
      at TLSSocket.<anonymous> (node:internal/deps/undici/undici:6294:28)
      at TLSSocket.emit (node:events:531:35)
      at endReadableNT (node:internal/streams/readable:1698:12)
      at processTicksAndRejections (node:internal/process/task_queues:90:21) {
    code: 'UND_ERR_SOCKET',
    socket: {
      localAddress: '198.18.0.1',
      localPort: 57384,
      remoteAddress: '198.18.0.27',
      remotePort: 443,
      remoteFamily: 'IPv4',
      timeout: undefined,
      bytesWritten: 706,
      bytesRead: 181311
    }
  }
}
2025-11-04T18:39:45: [Zibll] Failed to get order: TypeError: terminated
    at Fetch.onAborted (node:internal/deps/undici/undici:11132:53)
    at Fetch.emit (node:events:519:28)
    at Fetch.terminate (node:internal/deps/undici/undici:10290:14)
    at Object.onError (node:internal/deps/undici/undici:11253:38)
    at Request.onError (node:internal/deps/undici/undici:2094:31)
    at Object.errorRequest (node:internal/deps/undici/undici:1591:17)
    at TLSSocket.<anonymous> (node:internal/deps/undici/undici:6319:16)
    at TLSSocket.emit (node:events:531:35)
    at node:net:346:12
    at TCP.done (node:_tls_wrap:650:7) {
  [cause]: SocketError: other side closed
      at TLSSocket.<anonymous> (node:internal/deps/undici/undici:6294:28)
      at TLSSocket.emit (node:events:531:35)
      at endReadableNT (node:internal/streams/readable:1698:12)
      at processTicksAndRejections (node:internal/process/task_queues:90:21) {
    code: 'UND_ERR_SOCKET',
    socket: {
      localAddress: '198.18.0.1',
      localPort: 57384,
      remoteAddress: '198.18.0.27',
      remotePort: 443,
      remoteFamily: 'IPv4',
      timeout: undefined,
      bytesWritten: 706,
      bytesRead: 181311
    }
  }
}
2025-11-04T18:39:45: [h3] Please prefer using `message` for longer error messages instead of `statusMessage`. In the future, `statusMessage` will be sanitized by default.
2025-11-04T18:39:45: WordPress订单激活失败: H3Error: 订单不存在
    at createError$1 (file:///Users/hf-mac/Downloads/tgpro-admin/.output/server/chunks/nitro/nitro.mjs:916:15)
    at Object.handler (file:///Users/hf-mac/Downloads/tgpro-admin/server/api/license/activate-order.post.ts:48:1)
    at processTicksAndRejections (node:internal/process/task_queues:105:5)
    at Object.handler (file:///Users/hf-mac/Downloads/tgpro-admin/.output/server/chunks/nitro/nitro.mjs:1959:19)
    at Server.toNodeHandle (file:///Users/hf-mac/Downloads/tgpro-admin/.output/server/chunks/nitro/nitro.mjs:2230:7) {
  cause: { statusCode: 400, statusMessage: '订单不存在' },
  statusCode: 400,
  fatal: false,
  unhandled: false,
  statusMessage: '订单不存在',
  data: undefined
}
2025-11-04T18:44:01: Listening on http://[::]:3000
2025-11-04T18:44:34: Ignoring invalid configuration option passed to Connection: acquireTimeout. This is currently a warning, but in future versions of MySQL2, an error will be thrown if you pass an invalid configuration option to a Connection
2025-11-04T18:44:34: Ignoring invalid configuration option passed to Connection: timeout. This is currently a warning, but in future versions of MySQL2, an error will be thrown if you pass an invalid configuration option to a Connection
2025-11-04T18:44:34: Ignoring invalid configuration option passed to Connection: reconnect. This is currently a warning, but in future versions of MySQL2, an error will be thrown if you pass an invalid configuration option to a Connection
2025-11-04T18:44:35: [WordPress API] 查询订单: 2511041721391842247
2025-11-04T18:44:36: [WordPress API] 找到订单: {
  "order_id": "1093",
  "order_num": "2511041721391842247",
  "order_type": "10",
  "product_id": 2101,
  "product_name": "【HF-v1-hy-bot】Telegram会员机器人+可视化后台",
  "user_id": "1",
  "order_price": "3650.00",
  "pay_price": "3650.00",
  "pay_type": "balance",
  "pay_status": "1",
  "create_time": "2025-11-04 17:21:39",
  "pay_time": "2025-11-04 17:21:40",
  "status": "1",
  "user_email": "1733206793a@gmail.com",
  "user_name": "admin"
}
2025-11-04T18:44:36: [WordPress] ✅ 订单验证通过：已支付且商品ID匹配 (2101)
2025-11-04T18:48:26: Listening on http://[::]:3000
2025-11-04T18:48:50: 获取进程信息失败: Error: Command failed: ps aux | grep "hy.py" | grep -v grep

    at genericNodeError (node:internal/errors:983:15)
    at wrappedFn (node:internal/errors:537:14)
    at ChildProcess.exithandler (node:child_process:417:12)
    at ChildProcess.emit (node:events:519:28)
    at maybeClose (node:internal/child_process:1101:16)
    at Process.ChildProcess._handle.onexit (node:internal/child_process:304:5) {
  code: 1,
  killed: false,
  signal: null,
  cmd: 'ps aux | grep "hy.py" | grep -v grep',
  stdout: '',
  stderr: ''
}
2025-11-04T18:48:56: 正在检查GitHub最新版本...
2025-11-04T18:48:57: GitHub API响应: {
  tag_name: 'tgpro-admin',
  name: 'v2.0.7',
  published_at: '2025-11-02T10:58:20Z'
}
2025-11-04T18:48:57: Latest version name: v2.0.7
2025-11-04T18:48:57: 版本比较结果: { hasUpdate: true, comparison: -1 }
2025-11-04T18:50:35: Ignoring invalid configuration option passed to Connection: acquireTimeout. This is currently a warning, but in future versions of MySQL2, an error will be thrown if you pass an invalid configuration option to a Connection
2025-11-04T18:50:35: Ignoring invalid configuration option passed to Connection: timeout. This is currently a warning, but in future versions of MySQL2, an error will be thrown if you pass an invalid configuration option to a Connection
2025-11-04T18:50:35: Ignoring invalid configuration option passed to Connection: reconnect. This is currently a warning, but in future versions of MySQL2, an error will be thrown if you pass an invalid configuration option to a Connection
2025-11-04T18:50:36: [WordPress API] 查询订单: 2511041721391842247
2025-11-04T18:50:37: [WordPress API] 找到订单: {
  "order_id": "1093",
  "order_num": "2511041721391842247",
  "order_type": "10",
  "product_id": 2101,
  "product_name": "【HF-v1-hy-bot】Telegram会员机器人+可视化后台",
  "user_id": "1",
  "order_price": "3650.00",
  "pay_price": "3650.00",
  "pay_type": "balance",
  "pay_status": "1",
  "create_time": "2025-11-04 17:21:39",
  "pay_time": "2025-11-04 17:21:40",
  "status": "1",
  "user_email": "1733206793a@gmail.com",
  "user_name": "admin"
}
2025-11-04T18:50:37: [WordPress] ✅ 订单验证通过：已支付且商品ID匹配 (2101)
2025-11-04T18:50:43: [Zibll] Searching for order: 2511041721391842247
2025-11-04T18:50:43: [Zibll] API Request: GET https://hfz.pw/wp-json/wp/v2/posts?post_type=shop_order&search=2511041721391842247&per_page=10
2025-11-04T18:50:43: [Zibll] API Response: 200 OK
2025-11-04T18:50:43: [Zibll] API Data length: 0
2025-11-04T18:50:43: [Zibll] Search result: []
2025-11-04T18:50:43: [Zibll] No posts found by search, trying meta query...
2025-11-04T18:50:43: [Zibll] API Request: GET https://hfz.pw/wp-json/wp/v2/posts?post_type=shop_order&per_page=100
2025-11-04T18:50:44: [Zibll] API Response: 200 OK
2025-11-04T18:50:47: [Zibll] API Data length: 78
2025-11-04T18:50:47: [Zibll] Found 78 total orders
2025-11-04T18:50:47: [Zibll] API Request: GET https://hfz.pw/wp-json/wp/v2/posts/2032
2025-11-04T18:50:47: [Zibll] API Response: 200 OK
2025-11-04T18:50:47: [Zibll] API Data length: object
2025-11-04T18:50:47: [Zibll] Checking order 2032, meta: {
  "footnotes": ""
}
2025-11-04T18:50:47: [Zibll] API Request: GET https://hfz.pw/wp-json/wp/v2/posts/1991
2025-11-04T18:50:47: [Zibll] API Response: 200 OK
2025-11-04T18:50:47: [Zibll] API Data length: object
2025-11-04T18:50:47: [Zibll] Checking order 1991, meta: {
  "footnotes": ""
}
2025-11-04T18:50:47: [Zibll] API Request: GET https://hfz.pw/wp-json/wp/v2/posts/1311
2025-11-04T18:50:48: [Zibll] API Response: 200 OK
2025-11-04T18:50:48: [Zibll] API Data length: object
2025-11-04T18:50:48: [Zibll] Checking order 1311, meta: {
  "footnotes": ""
}
2025-11-04T18:50:48: [Zibll] API Request: GET https://hfz.pw/wp-json/wp/v2/posts/1971
2025-11-04T18:50:48: [Zibll] API Response: 200 OK
2025-11-04T18:50:48: [Zibll] API Data length: object
2025-11-04T18:50:48: [Zibll] Checking order 1971, meta: {
  "footnotes": ""
}
2025-11-04T18:50:48: [Zibll] API Request: GET https://hfz.pw/wp-json/wp/v2/posts/1603
2025-11-04T18:50:49: [Zibll] API Response: 200 OK
2025-11-04T18:50:49: [Zibll] API Data length: object
2025-11-04T18:50:49: [Zibll] Checking order 1603, meta: {
  "footnotes": ""
}
2025-11-04T18:50:49: [Zibll] API Request: GET https://hfz.pw/wp-json/wp/v2/posts/1932
2025-11-04T18:50:49: [Zibll] API Response: 200 OK
2025-11-04T18:50:49: [Zibll] API Data length: object
2025-11-04T18:50:49: [Zibll] Checking order 1932, meta: {
  "footnotes": ""
}
2025-11-04T18:50:49: [Zibll] API Request: GET https://hfz.pw/wp-json/wp/v2/posts/1869
2025-11-04T18:50:49: [Zibll] API Response: 200 OK
2025-11-04T18:50:49: [Zibll] API Data length: object
2025-11-04T18:50:49: [Zibll] Checking order 1869, meta: {
  "footnotes": ""
}
2025-11-04T18:50:49: [Zibll] API Request: GET https://hfz.pw/wp-json/wp/v2/posts/1786
2025-11-04T18:50:50: [Zibll] API Response: 200 OK
2025-11-04T18:50:50: [Zibll] API Data length: object
2025-11-04T18:50:50: [Zibll] Checking order 1786, meta: {
  "footnotes": ""
}
2025-11-04T18:50:50: [Zibll] API Request: GET https://hfz.pw/wp-json/wp/v2/posts/1780
2025-11-04T18:50:50: [Zibll] API Response: 200 OK
2025-11-04T18:50:50: [Zibll] API Data length: object
2025-11-04T18:50:50: [Zibll] Checking order 1780, meta: {
  "footnotes": ""
}
2025-11-04T18:50:50: [Zibll] API Request: GET https://hfz.pw/wp-json/wp/v2/posts/1762
2025-11-04T18:50:50: [Zibll] API Response: 200 OK
2025-11-04T18:50:50: [Zibll] API Data length: object
2025-11-04T18:50:50: [Zibll] Checking order 1762, meta: {
  "footnotes": ""
}
2025-11-04T18:50:50: [Zibll] API Request: GET https://hfz.pw/wp-json/wp/v2/posts/1739
2025-11-04T18:50:51: [Zibll] API Response: 200 OK
2025-11-04T18:50:51: [Zibll] API Data length: object
2025-11-04T18:50:51: [Zibll] Checking order 1739, meta: {
  "footnotes": ""
}
2025-11-04T18:50:51: [Zibll] API Request: GET https://hfz.pw/wp-json/wp/v2/posts/1705
2025-11-04T18:50:51: [Zibll] API Response: 200 OK
2025-11-04T18:50:51: [Zibll] API Data length: object
2025-11-04T18:50:51: [Zibll] Checking order 1705, meta: {
  "footnotes": ""
}
2025-11-04T18:50:51: [Zibll] API Request: GET https://hfz.pw/wp-json/wp/v2/posts/1703
2025-11-04T18:50:52: [Zibll] API Response: 200 OK
2025-11-04T18:50:52: [Zibll] API Data length: object
2025-11-04T18:50:52: [Zibll] Checking order 1703, meta: {
  "footnotes": ""
}
2025-11-04T18:50:52: [Zibll] API Request: GET https://hfz.pw/wp-json/wp/v2/posts/1700
2025-11-04T18:50:52: [Zibll] API Response: 200 OK
2025-11-04T18:50:52: [Zibll] API Data length: object
2025-11-04T18:50:52: [Zibll] Checking order 1700, meta: {
  "footnotes": ""
}
2025-11-04T18:50:52: [Zibll] API Request: GET https://hfz.pw/wp-json/wp/v2/posts/1498
2025-11-04T18:50:52: [Zibll] API Response: 200 OK
2025-11-04T18:50:52: [Zibll] API Data length: object
2025-11-04T18:50:52: [Zibll] Checking order 1498, meta: {
  "footnotes": ""
}
2025-11-04T18:50:52: [Zibll] API Request: GET https://hfz.pw/wp-json/wp/v2/posts/1632
2025-11-04T18:50:53: [Zibll] API Response: 200 OK
2025-11-04T18:50:53: [Zibll] API Data length: object
2025-11-04T18:50:53: [Zibll] Checking order 1632, meta: {
  "footnotes": ""
}
2025-11-04T18:50:53: [Zibll] API Request: GET https://hfz.pw/wp-json/wp/v2/posts/1630
2025-11-04T18:50:53: [Zibll] API Response: 200 OK
2025-11-04T18:50:53: [Zibll] API Data length: object
2025-11-04T18:50:53: [Zibll] Checking order 1630, meta: {
  "footnotes": ""
}
2025-11-04T18:50:53: [Zibll] API Request: GET https://hfz.pw/wp-json/wp/v2/posts/1628
2025-11-04T18:50:54: [Zibll] API Response: 200 OK
2025-11-04T18:50:54: [Zibll] API Data length: object
2025-11-04T18:50:54: [Zibll] Checking order 1628, meta: {
  "footnotes": ""
}
2025-11-04T18:50:54: [Zibll] API Request: GET https://hfz.pw/wp-json/wp/v2/posts/1449
2025-11-04T18:50:54: [Zibll] API Response: 200 OK
2025-11-04T18:50:54: [Zibll] API Data length: object
2025-11-04T18:50:54: [Zibll] Checking order 1449, meta: {
  "footnotes": ""
}
2025-11-04T18:50:54: [Zibll] API Request: GET https://hfz.pw/wp-json/wp/v2/posts/1590
2025-11-04T18:50:54: [Zibll] API Response: 200 OK
2025-11-04T18:50:54: [Zibll] API Data length: object
2025-11-04T18:50:54: [Zibll] Checking order 1590, meta: {
  "footnotes": ""
}
2025-11-04T18:50:54: [Zibll] API Request: GET https://hfz.pw/wp-json/wp/v2/posts/1584
2025-11-04T18:50:55: [Zibll] API Response: 200 OK
2025-11-04T18:50:55: [Zibll] API Data length: object
2025-11-04T18:50:55: [Zibll] Checking order 1584, meta: {
  "footnotes": ""
}
2025-11-04T18:50:55: [Zibll] API Request: GET https://hfz.pw/wp-json/wp/v2/posts/1579
2025-11-04T18:50:55: [Zibll] API Response: 200 OK
2025-11-04T18:50:55: [Zibll] API Data length: object
2025-11-04T18:50:55: [Zibll] Checking order 1579, meta: {
  "footnotes": ""
}
2025-11-04T18:50:55: [Zibll] API Request: GET https://hfz.pw/wp-json/wp/v2/posts/1560
2025-11-04T18:50:56: [Zibll] API Response: 200 OK
2025-11-04T18:50:56: [Zibll] API Data length: object
2025-11-04T18:50:56: [Zibll] Checking order 1560, meta: {
  "footnotes": ""
}
2025-11-04T18:50:56: [Zibll] API Request: GET https://hfz.pw/wp-json/wp/v2/posts/1537
2025-11-04T18:50:56: [Zibll] API Response: 200 OK
2025-11-04T18:50:56: [Zibll] API Data length: object
2025-11-04T18:50:56: [Zibll] Checking order 1537, meta: {
  "footnotes": ""
}
2025-11-04T18:50:56: [Zibll] API Request: GET https://hfz.pw/wp-json/wp/v2/posts/1512
2025-11-04T18:50:56: [Zibll] API Response: 200 OK
2025-11-04T18:50:56: [Zibll] API Data length: object
2025-11-04T18:50:56: [Zibll] Checking order 1512, meta: {
  "footnotes": ""
}
2025-11-04T18:50:56: [Zibll] API Request: GET https://hfz.pw/wp-json/wp/v2/posts/1500
2025-11-04T18:50:57: [Zibll] API Response: 200 OK
2025-11-04T18:50:57: [Zibll] API Data length: object
2025-11-04T18:50:57: [Zibll] Checking order 1500, meta: {
  "footnotes": ""
}
2025-11-04T18:50:57: [Zibll] API Request: GET https://hfz.pw/wp-json/wp/v2/posts/1470
2025-11-04T18:50:57: [Zibll] API Response: 200 OK
2025-11-04T18:50:57: [Zibll] API Data length: object
2025-11-04T18:50:57: [Zibll] Checking order 1470, meta: {
  "footnotes": ""
}
2025-11-04T18:50:57: [Zibll] API Request: GET https://hfz.pw/wp-json/wp/v2/posts/1408
2025-11-04T18:50:58: [Zibll] API Response: 200 OK
2025-11-04T18:50:58: [Zibll] API Data length: object
2025-11-04T18:50:58: [Zibll] Checking order 1408, meta: {
  "footnotes": ""
}
2025-11-04T18:50:58: [Zibll] API Request: GET https://hfz.pw/wp-json/wp/v2/posts/1258
2025-11-04T18:50:58: [Zibll] API Response: 200 OK
2025-11-04T18:50:58: [Zibll] API Data length: object
2025-11-04T18:50:58: [Zibll] Checking order 1258, meta: {
  "footnotes": ""
}
2025-11-04T18:50:58: [Zibll] API Request: GET https://hfz.pw/wp-json/wp/v2/posts/1370
2025-11-04T18:50:58: [Zibll] API Response: 200 OK
2025-11-04T18:50:58: [Zibll] API Data length: object
2025-11-04T18:50:58: [Zibll] Checking order 1370, meta: {
  "footnotes": ""
}
2025-11-04T18:50:58: [Zibll] API Request: GET https://hfz.pw/wp-json/wp/v2/posts/1280
2025-11-04T18:50:59: [Zibll] API Response: 200 OK
2025-11-04T18:50:59: [Zibll] API Data length: object
2025-11-04T18:50:59: [Zibll] Checking order 1280, meta: {
  "footnotes": ""
}
2025-11-04T18:50:59: [Zibll] API Request: GET https://hfz.pw/wp-json/wp/v2/posts/1298
2025-11-04T18:50:59: [Zibll] API Response: 200 OK
2025-11-04T18:50:59: [Zibll] API Data length: object
2025-11-04T18:50:59: [Zibll] Checking order 1298, meta: {
  "footnotes": ""
}
2025-11-04T18:50:59: [Zibll] API Request: GET https://hfz.pw/wp-json/wp/v2/posts/1294
2025-11-04T18:50:59: [Zibll] API Response: 200 OK
2025-11-04T18:50:59: [Zibll] API Data length: object
2025-11-04T18:50:59: [Zibll] Checking order 1294, meta: {
  "footnotes": ""
}
2025-11-04T18:50:59: [Zibll] API Request: GET https://hfz.pw/wp-json/wp/v2/posts/1278
2025-11-04T18:51:00: [Zibll] API Response: 200 OK
2025-11-04T18:51:00: [Zibll] API Data length: object
2025-11-04T18:51:00: [Zibll] Checking order 1278, meta: {
  "footnotes": ""
}
2025-11-04T18:51:00: [Zibll] API Request: GET https://hfz.pw/wp-json/wp/v2/posts/1273
2025-11-04T18:51:00: [Zibll] API Response: 200 OK
2025-11-04T18:51:00: [Zibll] API Data length: object
2025-11-04T18:51:00: [Zibll] Checking order 1273, meta: {
  "footnotes": ""
}
2025-11-04T18:51:00: [Zibll] API Request: GET https://hfz.pw/wp-json/wp/v2/posts/1236
2025-11-04T18:51:01: [Zibll] API Response: 200 OK
2025-11-04T18:51:01: [Zibll] API Data length: object
2025-11-04T18:51:01: [Zibll] Checking order 1236, meta: {
  "footnotes": ""
}
2025-11-04T18:51:01: [Zibll] API Request: GET https://hfz.pw/wp-json/wp/v2/posts/1230
2025-11-04T18:51:01: [Zibll] API Response: 200 OK
2025-11-04T18:51:01: [Zibll] API Data length: object
2025-11-04T18:51:01: [Zibll] Checking order 1230, meta: {
  "footnotes": ""
}
2025-11-04T18:51:01: [Zibll] API Request: GET https://hfz.pw/wp-json/wp/v2/posts/1155
2025-11-04T18:51:01: [Zibll] API Response: 200 OK
2025-11-04T18:51:01: [Zibll] API Data length: object
2025-11-04T18:51:01: [Zibll] Checking order 1155, meta: {
  "footnotes": ""
}
2025-11-04T18:51:01: [Zibll] API Request: GET https://hfz.pw/wp-json/wp/v2/posts/1217
2025-11-04T18:51:02: [Zibll] API Response: 200 OK
2025-11-04T18:51:02: [Zibll] API Data length: object
2025-11-04T18:51:02: [Zibll] Checking order 1217, meta: {
  "footnotes": ""
}
2025-11-04T18:51:02: [Zibll] API Request: GET https://hfz.pw/wp-json/wp/v2/posts/1182
2025-11-04T18:51:02: [Zibll] API Response: 200 OK
2025-11-04T18:51:02: [Zibll] API Data length: object
2025-11-04T18:51:02: [Zibll] Checking order 1182, meta: {
  "footnotes": ""
}
2025-11-04T18:51:02: [Zibll] API Request: GET https://hfz.pw/wp-json/wp/v2/posts/617
2025-11-04T18:51:03: [Zibll] API Response: 200 OK
2025-11-04T18:51:03: [Zibll] API Data length: object
2025-11-04T18:51:03: [Zibll] Checking order 617, meta: {
  "footnotes": ""
}
2025-11-04T18:51:03: [Zibll] API Request: GET https://hfz.pw/wp-json/wp/v2/posts/557
2025-11-04T18:51:03: [Zibll] API Response: 200 OK
2025-11-04T18:51:03: [Zibll] API Data length: object
2025-11-04T18:51:03: [Zibll] Checking order 557, meta: {
  "footnotes": ""
}
2025-11-04T18:51:03: [Zibll] API Request: GET https://hfz.pw/wp-json/wp/v2/posts/559
2025-11-04T18:51:03: [Zibll] API Response: 200 OK
2025-11-04T18:51:03: [Zibll] API Data length: object
2025-11-04T18:51:03: [Zibll] Checking order 559, meta: {
  "footnotes": ""
}
2025-11-04T18:51:03: [Zibll] API Request: GET https://hfz.pw/wp-json/wp/v2/posts/884
2025-11-04T18:51:04: [Zibll] API Response: 200 OK
2025-11-04T18:51:04: [Zibll] API Data length: object
2025-11-04T18:51:04: [Zibll] Checking order 884, meta: {
  "footnotes": ""
}
2025-11-04T18:51:04: [Zibll] API Request: GET https://hfz.pw/wp-json/wp/v2/posts/1138
2025-11-04T18:51:04: [Zibll] API Response: 200 OK
2025-11-04T18:51:04: [Zibll] API Data length: object
2025-11-04T18:51:04: [Zibll] Checking order 1138, meta: {
  "footnotes": ""
}
2025-11-04T18:51:04: [Zibll] API Request: GET https://hfz.pw/wp-json/wp/v2/posts/1055
2025-11-04T18:51:05: [Zibll] API Response: 200 OK
2025-11-04T18:51:05: [Zibll] API Data length: object
2025-11-04T18:51:05: [Zibll] Checking order 1055, meta: {
  "footnotes": ""
}
2025-11-04T18:51:05: [Zibll] API Request: GET https://hfz.pw/wp-json/wp/v2/posts/1103
2025-11-04T18:51:05: [Zibll] API Response: 200 OK
2025-11-04T18:51:05: [Zibll] API Data length: object
2025-11-04T18:51:05: [Zibll] Checking order 1103, meta: {
  "footnotes": ""
}
2025-11-04T18:51:05: [Zibll] API Request: GET https://hfz.pw/wp-json/wp/v2/posts/988
2025-11-04T18:51:05: [Zibll] API Response: 200 OK
2025-11-04T18:51:05: [Zibll] API Data length: object
2025-11-04T18:51:05: [Zibll] Checking order 988, meta: {
  "footnotes": ""
}
2025-11-04T18:51:05: [Zibll] API Request: GET https://hfz.pw/wp-json/wp/v2/posts/979
2025-11-04T18:51:06: [Zibll] API Response: 200 OK
2025-11-04T18:51:06: [Zibll] API Data length: object
2025-11-04T18:51:06: [Zibll] Checking order 979, meta: {
  "footnotes": ""
}
2025-11-04T18:51:06: [Zibll] API Request: GET https://hfz.pw/wp-json/wp/v2/posts/969
2025-11-04T18:51:06: [Zibll] API Response: 200 OK
2025-11-04T18:51:06: [Zibll] API Data length: object
2025-11-04T18:51:06: [Zibll] Checking order 969, meta: {
  "footnotes": ""
}
2025-11-04T18:51:06: [Zibll] API Request: GET https://hfz.pw/wp-json/wp/v2/posts/956
2025-11-04T18:51:07: [Zibll] API Response: 200 OK
2025-11-04T18:51:07: [Zibll] API Data length: object
2025-11-04T18:51:07: [Zibll] Checking order 956, meta: {
  "footnotes": ""
}
2025-11-04T18:51:07: [Zibll] API Request: GET https://hfz.pw/wp-json/wp/v2/posts/914
2025-11-04T18:51:07: [Zibll] API Response: 200 OK
2025-11-04T18:51:07: [Zibll] API Data length: object
2025-11-04T18:51:07: [Zibll] Checking order 914, meta: {
  "footnotes": ""
}
2025-11-04T18:51:07: [Zibll] API Request: GET https://hfz.pw/wp-json/wp/v2/posts/912
2025-11-04T18:51:07: [Zibll] API Response: 200 OK
2025-11-04T18:51:07: [Zibll] API Data length: object
2025-11-04T18:51:07: [Zibll] Checking order 912, meta: {
  "footnotes": ""
}
2025-11-04T18:51:07: [Zibll] API Request: GET https://hfz.pw/wp-json/wp/v2/posts/898
2025-11-04T18:51:08: [Zibll] API Response: 200 OK
2025-11-04T18:51:08: [Zibll] API Data length: object
2025-11-04T18:51:08: [Zibll] Checking order 898, meta: {
  "footnotes": ""
}
2025-11-04T18:51:08: [Zibll] API Request: GET https://hfz.pw/wp-json/wp/v2/posts/889
2025-11-04T18:51:08: [Zibll] API Response: 200 OK
2025-11-04T18:51:08: [Zibll] API Data length: object
2025-11-04T18:51:08: [Zibll] Checking order 889, meta: {
  "footnotes": ""
}
2025-11-04T18:51:08: [Zibll] API Request: GET https://hfz.pw/wp-json/wp/v2/posts/867
2025-11-04T18:51:09: [Zibll] API Response: 200 OK
2025-11-04T18:51:09: [Zibll] API Data length: object
2025-11-04T18:51:09: [Zibll] Checking order 867, meta: {
  "footnotes": ""
}
2025-11-04T18:51:09: [Zibll] API Request: GET https://hfz.pw/wp-json/wp/v2/posts/795
2025-11-04T18:51:09: [Zibll] API Response: 200 OK
2025-11-04T18:51:09: [Zibll] API Data length: object
2025-11-04T18:51:09: [Zibll] Checking order 795, meta: {
  "footnotes": ""
}
2025-11-04T18:51:09: [Zibll] API Request: GET https://hfz.pw/wp-json/wp/v2/posts/862
2025-11-04T18:51:09: [Zibll] API Response: 200 OK
2025-11-04T18:51:09: [Zibll] API Data length: object
2025-11-04T18:51:09: [Zibll] Checking order 862, meta: {
  "footnotes": ""
}
2025-11-04T18:51:09: [Zibll] API Request: GET https://hfz.pw/wp-json/wp/v2/posts/859
2025-11-04T18:51:10: [Zibll] API Response: 200 OK
2025-11-04T18:51:10: [Zibll] API Data length: object
2025-11-04T18:51:10: [Zibll] Checking order 859, meta: {
  "footnotes": ""
}
2025-11-04T18:51:10: [Zibll] API Request: GET https://hfz.pw/wp-json/wp/v2/posts/831
2025-11-04T18:51:10: [Zibll] API Response: 200 OK
2025-11-04T18:51:10: [Zibll] API Data length: object
2025-11-04T18:51:10: [Zibll] Checking order 831, meta: {
  "footnotes": ""
}
2025-11-04T18:51:10: [Zibll] API Request: GET https://hfz.pw/wp-json/wp/v2/posts/822
2025-11-04T18:51:11: [Zibll] API Response: 200 OK
2025-11-04T18:51:11: [Zibll] API Data length: object
2025-11-04T18:51:11: [Zibll] Checking order 822, meta: {
  "footnotes": ""
}
2025-11-04T18:51:11: [Zibll] API Request: GET https://hfz.pw/wp-json/wp/v2/posts/719
2025-11-04T18:51:11: [Zibll] API Response: 200 OK
2025-11-04T18:51:11: [Zibll] API Data length: object
2025-11-04T18:51:11: [Zibll] Checking order 719, meta: {
  "footnotes": ""
}
2025-11-04T18:51:11: [Zibll] API Request: GET https://hfz.pw/wp-json/wp/v2/posts/807
2025-11-04T18:51:12: [Zibll] API Response: 200 OK
2025-11-04T18:51:12: [Zibll] API Data length: object
2025-11-04T18:51:12: [Zibll] Checking order 807, meta: {
  "footnotes": ""
}
2025-11-04T18:51:12: [Zibll] API Request: GET https://hfz.pw/wp-json/wp/v2/posts/562
2025-11-04T18:51:12: [Zibll] API Response: 200 OK
2025-11-04T18:51:12: [Zibll] API Data length: object
2025-11-04T18:51:12: [Zibll] Checking order 562, meta: {
  "footnotes": ""
}
2025-11-04T18:51:12: [Zibll] API Request: GET https://hfz.pw/wp-json/wp/v2/posts/492
2025-11-04T18:51:12: [Zibll] API Response: 200 OK
2025-11-04T18:51:12: [Zibll] API Data length: object
2025-11-04T18:51:12: [Zibll] Checking order 492, meta: {
  "footnotes": ""
}
2025-11-04T18:51:12: [Zibll] API Request: GET https://hfz.pw/wp-json/wp/v2/posts/486
2025-11-04T18:51:13: [Zibll] API Response: 200 OK
2025-11-04T18:51:13: [Zibll] API Data length: object
2025-11-04T18:51:13: [Zibll] Checking order 486, meta: {
  "footnotes": ""
}
2025-11-04T18:51:13: [Zibll] API Request: GET https://hfz.pw/wp-json/wp/v2/posts/420
2025-11-04T18:51:13: [Zibll] API Response: 200 OK
2025-11-04T18:51:13: [Zibll] API Data length: object
2025-11-04T18:51:13: [Zibll] Checking order 420, meta: {
  "footnotes": ""
}
2025-11-04T18:51:13: [Zibll] API Request: GET https://hfz.pw/wp-json/wp/v2/posts/409
2025-11-04T18:51:13: [Zibll] API Response: 200 OK
2025-11-04T18:51:13: [Zibll] API Data length: object
2025-11-04T18:51:13: [Zibll] Checking order 409, meta: {
  "footnotes": ""
}
2025-11-04T18:51:13: [Zibll] API Request: GET https://hfz.pw/wp-json/wp/v2/posts/1079
2025-11-04T18:51:14: [Zibll] API Response: 200 OK
2025-11-04T18:51:14: [Zibll] API Data length: object
2025-11-04T18:51:14: [Zibll] Checking order 1079, meta: {
  "footnotes": ""
}
2025-11-04T18:51:14: [Zibll] API Request: GET https://hfz.pw/wp-json/wp/v2/posts/334
2025-11-04T18:51:14: [Zibll] API Response: 200 OK
2025-11-04T18:51:14: [Zibll] API Data length: object
2025-11-04T18:51:14: [Zibll] Checking order 334, meta: {
  "footnotes": ""
}
2025-11-04T18:51:14: [Zibll] API Request: GET https://hfz.pw/wp-json/wp/v2/posts/288
2025-11-04T18:51:15: [Zibll] API Response: 200 OK
2025-11-04T18:51:15: [Zibll] API Data length: object
2025-11-04T18:51:15: [Zibll] Checking order 288, meta: {
  "footnotes": ""
}
2025-11-04T18:51:15: [Zibll] API Request: GET https://hfz.pw/wp-json/wp/v2/posts/255
2025-11-04T18:51:16: [Zibll] API Response: 200 OK
2025-11-04T18:51:16: [Zibll] API Data length: object
2025-11-04T18:51:16: [Zibll] Checking order 255, meta: {
  "footnotes": ""
}
2025-11-04T18:51:16: [Zibll] API Request: GET https://hfz.pw/wp-json/wp/v2/posts/253
2025-11-04T18:51:16: [Zibll] API Response: 200 OK
2025-11-04T18:51:16: [Zibll] API Data length: object
2025-11-04T18:51:16: [Zibll] Checking order 253, meta: {
  "footnotes": ""
}
2025-11-04T18:51:16: [Zibll] API Request: GET https://hfz.pw/wp-json/wp/v2/posts/185
2025-11-04T18:51:17: [Zibll] API Response: 200 OK
2025-11-04T18:51:17: [Zibll] API Data length: object
2025-11-04T18:51:17: [Zibll] Checking order 185, meta: {
  "footnotes": ""
}
2025-11-04T18:51:17: [Zibll] API Request: GET https://hfz.pw/wp-json/wp/v2/posts/126
2025-11-04T18:51:17: [Zibll] API Response: 200 OK
2025-11-04T18:51:17: [Zibll] API Data length: object
2025-11-04T18:51:17: [Zibll] Checking order 126, meta: {
  "footnotes": ""
}
2025-11-04T18:51:17: [Zibll] API Request: GET https://hfz.pw/wp-json/wp/v2/posts/119
2025-11-04T18:51:17: [Zibll] API Response: 200 OK
2025-11-04T18:51:17: [Zibll] API Data length: object
2025-11-04T18:51:17: [Zibll] Checking order 119, meta: {
  "footnotes": ""
}
2025-11-04T18:51:17: [Zibll] API Request: GET https://hfz.pw/wp-json/wp/v2/posts/98
2025-11-04T18:51:18: [Zibll] API Response: 200 OK
2025-11-04T18:51:18: [Zibll] API Data length: object
2025-11-04T18:51:18: [Zibll] Checking order 98, meta: {
  "footnotes": ""
}
2025-11-04T18:51:18: [Zibll] API Request: GET https://hfz.pw/wp-json/wp/v2/posts/249
2025-11-04T18:51:18: [Zibll] API Response: 200 OK
2025-11-04T18:51:18: [Zibll] API Data length: object
2025-11-04T18:51:18: [Zibll] Checking order 249, meta: {
  "footnotes": ""
}
2025-11-04T18:51:18: [Zibll] No matching order found
2025-11-04T18:51:18: [h3] Please prefer using `message` for longer error messages instead of `statusMessage`. In the future, `statusMessage` will be sanitized by default.
2025-11-04T18:51:18: WordPress订单激活失败: H3Error: 订单不存在
    at createError$1 (file:///Users/hf-mac/Downloads/tgpro-admin/.output/server/chunks/nitro/nitro.mjs:916:15)
    at Object.handler (file:///Users/hf-mac/Downloads/tgpro-admin/server/api/license/activate-order.post.ts:48:1)
    at processTicksAndRejections (node:internal/process/task_queues:105:5)
    at Object.handler (file:///Users/hf-mac/Downloads/tgpro-admin/.output/server/chunks/nitro/nitro.mjs:1959:19)
    at Server.toNodeHandle (file:///Users/hf-mac/Downloads/tgpro-admin/.output/server/chunks/nitro/nitro.mjs:2230:7) {
  cause: { statusCode: 400, statusMessage: '订单不存在' },
  statusCode: 400,
  fatal: false,
  unhandled: false,
  statusMessage: '订单不存在',
  data: undefined
}
2025-11-05T02:06:02: [WordPress API] 查询订单: 2511041721391842247
2025-11-05T02:06:03: [WordPress API] 找到订单: {
  "order_id": "1093",
  "order_num": "2511041721391842247",
  "order_type": "10",
  "product_id": 2101,
  "product_name": "【HF-v1-hy-bot】Telegram会员机器人+可视化后台",
  "user_id": "1",
  "order_price": "3650.00",
  "pay_price": "3650.00",
  "pay_type": "balance",
  "pay_status": "1",
  "create_time": "2025-11-04 17:21:39",
  "pay_time": "2025-11-04 17:21:40",
  "status": "1",
  "user_email": "1733206793a@gmail.com",
  "user_name": "admin"
}
2025-11-05T02:06:03: [WordPress] ✅ 订单验证通过：已支付且商品ID匹配 (2101)
2025-11-05T02:06:05: [Zibll] Searching for order: 2511041721391842247
2025-11-05T02:06:05: [Zibll] API Request: GET https://hfz.pw/wp-json/wp/v2/posts?post_type=shop_order&search=2511041721391842247&per_page=10
2025-11-05T02:06:06: [Zibll] API Response: 200 OK
2025-11-05T02:06:06: [Zibll] API Data length: 0
2025-11-05T02:06:06: [Zibll] Search result: []
2025-11-05T02:06:06: [Zibll] No posts found by search, trying meta query...
2025-11-05T02:06:06: [Zibll] API Request: GET https://hfz.pw/wp-json/wp/v2/posts?post_type=shop_order&per_page=100
2025-11-05T02:06:07: [Zibll] API Response: 200 OK
2025-11-05T02:06:09: [Zibll] API Data length: 78
2025-11-05T02:06:09: [Zibll] Found 78 total orders
2025-11-05T02:06:09: [Zibll] API Request: GET https://hfz.pw/wp-json/wp/v2/posts/2032
2025-11-05T02:06:09: [Zibll] API Response: 200 OK
2025-11-05T02:06:09: [Zibll] API Data length: object
2025-11-05T02:06:09: [Zibll] Checking order 2032, meta: {
  "footnotes": ""
}
2025-11-05T02:06:09: [Zibll] API Request: GET https://hfz.pw/wp-json/wp/v2/posts/1991
2025-11-05T02:06:09: [Zibll] API Response: 200 OK
2025-11-05T02:06:09: [Zibll] API Data length: object
2025-11-05T02:06:09: [Zibll] Checking order 1991, meta: {
  "footnotes": ""
}
2025-11-05T02:06:09: [Zibll] API Request: GET https://hfz.pw/wp-json/wp/v2/posts/1311
2025-11-05T02:06:10: [Zibll] API Response: 200 OK
2025-11-05T02:06:10: [Zibll] API Data length: object
2025-11-05T02:06:10: [Zibll] Checking order 1311, meta: {
  "footnotes": ""
}
2025-11-05T02:06:10: [Zibll] API Request: GET https://hfz.pw/wp-json/wp/v2/posts/1971
2025-11-05T02:06:10: [Zibll] API Response: 200 OK
2025-11-05T02:06:10: [Zibll] API Data length: object
2025-11-05T02:06:10: [Zibll] Checking order 1971, meta: {
  "footnotes": ""
}
2025-11-05T02:06:10: [Zibll] API Request: GET https://hfz.pw/wp-json/wp/v2/posts/1603
2025-11-05T02:06:10: [Zibll] API Response: 200 OK
2025-11-05T02:06:10: [Zibll] API Data length: object
2025-11-05T02:06:10: [Zibll] Checking order 1603, meta: {
  "footnotes": ""
}
2025-11-05T02:06:10: [Zibll] API Request: GET https://hfz.pw/wp-json/wp/v2/posts/1932
2025-11-05T02:06:11: [Zibll] API Response: 200 OK
2025-11-05T02:06:11: [Zibll] API Data length: object
2025-11-05T02:06:11: [Zibll] Checking order 1932, meta: {
  "footnotes": ""
}
2025-11-05T02:06:11: [Zibll] API Request: GET https://hfz.pw/wp-json/wp/v2/posts/1869
2025-11-05T02:06:11: [Zibll] API Response: 200 OK
2025-11-05T02:06:11: [Zibll] API Data length: object
2025-11-05T02:06:11: [Zibll] Checking order 1869, meta: {
  "footnotes": ""
}
2025-11-05T02:06:11: [Zibll] API Request: GET https://hfz.pw/wp-json/wp/v2/posts/1786
2025-11-05T02:06:12: [Zibll] API Response: 200 OK
2025-11-05T02:06:12: [Zibll] API Data length: object
2025-11-05T02:06:12: [Zibll] Checking order 1786, meta: {
  "footnotes": ""
}
2025-11-05T02:06:12: [Zibll] API Request: GET https://hfz.pw/wp-json/wp/v2/posts/1780
2025-11-05T02:06:12: [Zibll] API Response: 200 OK
2025-11-05T02:06:12: [Zibll] API Data length: object
2025-11-05T02:06:12: [Zibll] Checking order 1780, meta: {
  "footnotes": ""
}
2025-11-05T02:06:12: [Zibll] API Request: GET https://hfz.pw/wp-json/wp/v2/posts/1762
2025-11-05T02:06:13: [Zibll] API Response: 200 OK
2025-11-05T02:06:13: [Zibll] API Data length: object
2025-11-05T02:06:13: [Zibll] Checking order 1762, meta: {
  "footnotes": ""
}
2025-11-05T02:06:13: [Zibll] API Request: GET https://hfz.pw/wp-json/wp/v2/posts/1739
2025-11-05T02:06:13: [Zibll] API Response: 200 OK
2025-11-05T02:06:14: [Zibll] API Data length: object
2025-11-05T02:06:14: [Zibll] Checking order 1739, meta: {
  "footnotes": ""
}
2025-11-05T02:06:14: [Zibll] API Request: GET https://hfz.pw/wp-json/wp/v2/posts/1705
2025-11-05T02:06:14: [Zibll] API Response: 200 OK
2025-11-05T02:06:14: [Zibll] API Data length: object
2025-11-05T02:06:14: [Zibll] Checking order 1705, meta: {
  "footnotes": ""
}
2025-11-05T02:06:14: [Zibll] API Request: GET https://hfz.pw/wp-json/wp/v2/posts/1703
2025-11-05T02:06:15: [Zibll] API Response: 200 OK
2025-11-05T02:06:15: [Zibll] API Data length: object
2025-11-05T02:06:15: [Zibll] Checking order 1703, meta: {
  "footnotes": ""
}
2025-11-05T02:06:15: [Zibll] API Request: GET https://hfz.pw/wp-json/wp/v2/posts/1700
2025-11-05T02:06:16: [Zibll] API Response: 200 OK
2025-11-05T02:06:17: [Zibll] API Data length: object
2025-11-05T02:06:17: [Zibll] Checking order 1700, meta: {
  "footnotes": ""
}
2025-11-05T02:06:17: [Zibll] API Request: GET https://hfz.pw/wp-json/wp/v2/posts/1498
2025-11-05T02:06:18: [Zibll] API Response: 200 OK
2025-11-05T02:06:18: [Zibll] API Data length: object
2025-11-05T02:06:18: [Zibll] Checking order 1498, meta: {
  "footnotes": ""
}
2025-11-05T02:06:18: [Zibll] API Request: GET https://hfz.pw/wp-json/wp/v2/posts/1632
2025-11-05T02:06:18: [Zibll] API Response: 200 OK
2025-11-05T02:06:18: [Zibll] API Data length: object
2025-11-05T02:06:18: [Zibll] Checking order 1632, meta: {
  "footnotes": ""
}
2025-11-05T02:06:18: [Zibll] API Request: GET https://hfz.pw/wp-json/wp/v2/posts/1630
2025-11-05T02:06:18: [Zibll] API Response: 200 OK
2025-11-05T02:06:18: [Zibll] API Data length: object
2025-11-05T02:06:18: [Zibll] Checking order 1630, meta: {
  "footnotes": ""
}
2025-11-05T02:06:18: [Zibll] API Request: GET https://hfz.pw/wp-json/wp/v2/posts/1628
2025-11-05T02:06:19: [Zibll] API Response: 200 OK
2025-11-05T02:06:19: [Zibll] API Data length: object
2025-11-05T02:06:19: [Zibll] Checking order 1628, meta: {
  "footnotes": ""
}
2025-11-05T02:06:19: [Zibll] API Request: GET https://hfz.pw/wp-json/wp/v2/posts/1449
2025-11-05T02:06:19: [Zibll] API Response: 200 OK
2025-11-05T02:06:19: [Zibll] API Data length: object
2025-11-05T02:06:19: [Zibll] Checking order 1449, meta: {
  "footnotes": ""
}
2025-11-05T02:06:19: [Zibll] API Request: GET https://hfz.pw/wp-json/wp/v2/posts/1590
2025-11-05T02:06:20: [Zibll] API Response: 200 OK
2025-11-05T02:06:20: [Zibll] API Data length: object
2025-11-05T02:06:20: [Zibll] Checking order 1590, meta: {
  "footnotes": ""
}
2025-11-05T02:06:20: [Zibll] API Request: GET https://hfz.pw/wp-json/wp/v2/posts/1584
2025-11-05T02:06:21: [Zibll] API Response: 200 OK
2025-11-05T02:06:21: [Zibll] API Data length: object
2025-11-05T02:06:21: [Zibll] Checking order 1584, meta: {
  "footnotes": ""
}
2025-11-05T02:06:21: [Zibll] API Request: GET https://hfz.pw/wp-json/wp/v2/posts/1579
2025-11-05T02:06:21: [Zibll] API Response: 200 OK
2025-11-05T02:06:21: [Zibll] API Data length: object
2025-11-05T02:06:21: [Zibll] Checking order 1579, meta: {
  "footnotes": ""
}
2025-11-05T02:06:21: [Zibll] API Request: GET https://hfz.pw/wp-json/wp/v2/posts/1560
2025-11-05T02:06:22: [Zibll] API Response: 200 OK
2025-11-05T02:06:22: [Zibll] API Data length: object
2025-11-05T02:06:22: [Zibll] Checking order 1560, meta: {
  "footnotes": ""
}
2025-11-05T02:06:22: [Zibll] API Request: GET https://hfz.pw/wp-json/wp/v2/posts/1537
2025-11-05T02:06:22: [Zibll] API Response: 200 OK
2025-11-05T02:06:22: [Zibll] API Data length: object
2025-11-05T02:06:22: [Zibll] Checking order 1537, meta: {
  "footnotes": ""
}
2025-11-05T02:06:22: [Zibll] API Request: GET https://hfz.pw/wp-json/wp/v2/posts/1512
2025-11-05T02:06:23: [Zibll] API Response: 200 OK
2025-11-05T02:06:23: [Zibll] API Data length: object
2025-11-05T02:06:23: [Zibll] Checking order 1512, meta: {
  "footnotes": ""
}
2025-11-05T02:06:23: [Zibll] API Request: GET https://hfz.pw/wp-json/wp/v2/posts/1500
2025-11-05T02:06:23: [Zibll] API Response: 200 OK
2025-11-05T02:06:23: [Zibll] API Data length: object
2025-11-05T02:06:23: [Zibll] Checking order 1500, meta: {
  "footnotes": ""
}
2025-11-05T02:06:23: [Zibll] API Request: GET https://hfz.pw/wp-json/wp/v2/posts/1470
2025-11-05T02:06:23: [Zibll] API Response: 200 OK
2025-11-05T02:06:23: [Zibll] API Data length: object
2025-11-05T02:06:23: [Zibll] Checking order 1470, meta: {
  "footnotes": ""
}
2025-11-05T02:06:23: [Zibll] API Request: GET https://hfz.pw/wp-json/wp/v2/posts/1408
2025-11-05T02:06:24: [Zibll] API Response: 200 OK
2025-11-05T02:06:24: [Zibll] API Data length: object
2025-11-05T02:06:24: [Zibll] Checking order 1408, meta: {
  "footnotes": ""
}
2025-11-05T02:06:24: [Zibll] API Request: GET https://hfz.pw/wp-json/wp/v2/posts/1258
2025-11-05T02:06:25: [Zibll] API Response: 200 OK
2025-11-05T02:06:25: [Zibll] API Data length: object
2025-11-05T02:06:25: [Zibll] Checking order 1258, meta: {
  "footnotes": ""
}
2025-11-05T02:06:25: [Zibll] API Request: GET https://hfz.pw/wp-json/wp/v2/posts/1370
2025-11-05T02:06:26: [Zibll] API Response: 200 OK
2025-11-05T02:06:26: [Zibll] API Data length: object
2025-11-05T02:06:26: [Zibll] Checking order 1370, meta: {
  "footnotes": ""
}
2025-11-05T02:06:26: [Zibll] API Request: GET https://hfz.pw/wp-json/wp/v2/posts/1280
2025-11-05T02:06:27: [Zibll] API Response: 200 OK
2025-11-05T02:06:27: [Zibll] API Data length: object
2025-11-05T02:06:27: [Zibll] Checking order 1280, meta: {
  "footnotes": ""
}
2025-11-05T02:06:27: [Zibll] API Request: GET https://hfz.pw/wp-json/wp/v2/posts/1298
2025-11-05T02:06:27: [Zibll] API Response: 200 OK
2025-11-05T02:06:27: [Zibll] API Data length: object
2025-11-05T02:06:27: [Zibll] Checking order 1298, meta: {
  "footnotes": ""
}
2025-11-05T02:06:27: [Zibll] API Request: GET https://hfz.pw/wp-json/wp/v2/posts/1294
2025-11-05T02:06:27: [Zibll] API Response: 200 OK
2025-11-05T02:06:27: [Zibll] API Data length: object
2025-11-05T02:06:27: [Zibll] Checking order 1294, meta: {
  "footnotes": ""
}
2025-11-05T02:06:27: [Zibll] API Request: GET https://hfz.pw/wp-json/wp/v2/posts/1278
2025-11-05T02:06:28: [Zibll] API Response: 200 OK
2025-11-05T02:06:28: [Zibll] API Data length: object
2025-11-05T02:06:28: [Zibll] Checking order 1278, meta: {
  "footnotes": ""
}
2025-11-05T02:06:28: [Zibll] API Request: GET https://hfz.pw/wp-json/wp/v2/posts/1273
2025-11-05T02:06:28: [Zibll] API Response: 200 OK
2025-11-05T02:06:28: [Zibll] API Data length: object
2025-11-05T02:06:28: [Zibll] Checking order 1273, meta: {
  "footnotes": ""
}
2025-11-05T02:06:28: [Zibll] API Request: GET https://hfz.pw/wp-json/wp/v2/posts/1236
2025-11-05T02:06:29: [Zibll] API Response: 200 OK
2025-11-05T02:06:29: [Zibll] API Data length: object
2025-11-05T02:06:29: [Zibll] Checking order 1236, meta: {
  "footnotes": ""
}
2025-11-05T02:06:29: [Zibll] API Request: GET https://hfz.pw/wp-json/wp/v2/posts/1230
2025-11-05T02:06:29: [Zibll] API Response: 200 OK
2025-11-05T02:06:29: [Zibll] API Data length: object
2025-11-05T02:06:29: [Zibll] Checking order 1230, meta: {
  "footnotes": ""
}
2025-11-05T02:06:29: [Zibll] API Request: GET https://hfz.pw/wp-json/wp/v2/posts/1155
2025-11-05T02:06:29: [Zibll] API Response: 200 OK
2025-11-05T02:06:29: [Zibll] API Data length: object
2025-11-05T02:06:29: [Zibll] Checking order 1155, meta: {
  "footnotes": ""
}
2025-11-05T02:06:29: [Zibll] API Request: GET https://hfz.pw/wp-json/wp/v2/posts/1217
2025-11-05T02:06:31: [Zibll] API Response: 200 OK
2025-11-05T02:06:31: [Zibll] API Data length: object
2025-11-05T02:06:31: [Zibll] Checking order 1217, meta: {
  "footnotes": ""
}
2025-11-05T02:06:31: [Zibll] API Request: GET https://hfz.pw/wp-json/wp/v2/posts/1182
2025-11-05T02:06:32: [Zibll] API Response: 200 OK
2025-11-05T02:06:32: [Zibll] API Data length: object
2025-11-05T02:06:32: [Zibll] Checking order 1182, meta: {
  "footnotes": ""
}
2025-11-05T02:06:32: [Zibll] API Request: GET https://hfz.pw/wp-json/wp/v2/posts/617
2025-11-05T02:06:32: [Zibll] API Response: 200 OK
2025-11-05T02:06:32: [Zibll] API Data length: object
2025-11-05T02:06:32: [Zibll] Checking order 617, meta: {
  "footnotes": ""
}
2025-11-05T02:06:32: [Zibll] API Request: GET https://hfz.pw/wp-json/wp/v2/posts/557
2025-11-05T02:06:33: [Zibll] API Response: 200 OK
2025-11-05T02:06:33: [Zibll] API Data length: object
2025-11-05T02:06:33: [Zibll] Checking order 557, meta: {
  "footnotes": ""
}
2025-11-05T02:06:33: [Zibll] API Request: GET https://hfz.pw/wp-json/wp/v2/posts/559
2025-11-05T02:06:34: [Zibll] API Response: 200 OK
2025-11-05T02:06:34: [Zibll] API Data length: object
2025-11-05T02:06:34: [Zibll] Checking order 559, meta: {
  "footnotes": ""
}
2025-11-05T02:06:34: [Zibll] API Request: GET https://hfz.pw/wp-json/wp/v2/posts/884
2025-11-05T02:06:34: [Zibll] API Response: 200 OK
2025-11-05T02:06:34: [Zibll] API Data length: object
2025-11-05T02:06:34: [Zibll] Checking order 884, meta: {
  "footnotes": ""
}
2025-11-05T02:06:34: [Zibll] API Request: GET https://hfz.pw/wp-json/wp/v2/posts/1138
2025-11-05T02:06:35: [Zibll] API Response: 200 OK
2025-11-05T02:06:35: [Zibll] API Data length: object
2025-11-05T02:06:35: [Zibll] Checking order 1138, meta: {
  "footnotes": ""
}
2025-11-05T02:06:35: [Zibll] API Request: GET https://hfz.pw/wp-json/wp/v2/posts/1055
2025-11-05T02:06:35: [Zibll] API Response: 200 OK
2025-11-05T02:06:35: [Zibll] API Data length: object
2025-11-05T02:06:35: [Zibll] Checking order 1055, meta: {
  "footnotes": ""
}
2025-11-05T02:06:35: [Zibll] API Request: GET https://hfz.pw/wp-json/wp/v2/posts/1103
2025-11-05T02:06:37: [Zibll] API Response: 200 OK
2025-11-05T02:06:37: [Zibll] API Data length: object
2025-11-05T02:06:37: [Zibll] Checking order 1103, meta: {
  "footnotes": ""
}
2025-11-05T02:06:37: [Zibll] API Request: GET https://hfz.pw/wp-json/wp/v2/posts/988
2025-11-05T02:06:38: [Zibll] API Response: 200 OK
2025-11-05T02:06:38: [Zibll] API Data length: object
2025-11-05T02:06:38: [Zibll] Checking order 988, meta: {
  "footnotes": ""
}
2025-11-05T02:06:38: [Zibll] API Request: GET https://hfz.pw/wp-json/wp/v2/posts/979
2025-11-05T02:06:38: [Zibll] API Response: 200 OK
2025-11-05T02:06:38: [Zibll] API Data length: object
2025-11-05T02:06:38: [Zibll] Checking order 979, meta: {
  "footnotes": ""
}
2025-11-05T02:06:38: [Zibll] API Request: GET https://hfz.pw/wp-json/wp/v2/posts/969
2025-11-05T02:06:39: [Zibll] API Response: 200 OK
2025-11-05T02:06:39: [Zibll] API Data length: object
2025-11-05T02:06:39: [Zibll] Checking order 969, meta: {
  "footnotes": ""
}
2025-11-05T02:06:39: [Zibll] API Request: GET https://hfz.pw/wp-json/wp/v2/posts/956
2025-11-05T02:06:40: [Zibll] API Response: 200 OK
2025-11-05T02:06:40: [Zibll] API Data length: object
2025-11-05T02:06:40: [Zibll] Checking order 956, meta: {
  "footnotes": ""
}
2025-11-05T02:06:40: [Zibll] API Request: GET https://hfz.pw/wp-json/wp/v2/posts/914
2025-11-05T02:06:41: [Zibll] API Response: 200 OK
2025-11-05T02:06:41: [Zibll] API Data length: object
2025-11-05T02:06:41: [Zibll] Checking order 914, meta: {
  "footnotes": ""
}
2025-11-05T02:06:41: [Zibll] API Request: GET https://hfz.pw/wp-json/wp/v2/posts/912
2025-11-05T02:06:41: [Zibll] API Response: 200 OK
2025-11-05T02:06:41: [Zibll] API Data length: object
2025-11-05T02:06:41: [Zibll] Checking order 912, meta: {
  "footnotes": ""
}
2025-11-05T02:06:41: [Zibll] API Request: GET https://hfz.pw/wp-json/wp/v2/posts/898
2025-11-05T02:06:41: [Zibll] API Response: 200 OK
2025-11-05T02:06:41: [Zibll] API Data length: object
2025-11-05T02:06:41: [Zibll] Checking order 898, meta: {
  "footnotes": ""
}
2025-11-05T02:06:41: [Zibll] API Request: GET https://hfz.pw/wp-json/wp/v2/posts/889
2025-11-05T02:06:42: [Zibll] API Response: 200 OK
2025-11-05T02:06:42: [Zibll] API Data length: object
2025-11-05T02:06:42: [Zibll] Checking order 889, meta: {
  "footnotes": ""
}
2025-11-05T02:06:42: [Zibll] API Request: GET https://hfz.pw/wp-json/wp/v2/posts/867
2025-11-05T02:06:42: [Zibll] API Response: 200 OK
2025-11-05T02:06:42: [Zibll] API Data length: object
2025-11-05T02:06:42: [Zibll] Checking order 867, meta: {
  "footnotes": ""
}
2025-11-05T02:06:42: [Zibll] API Request: GET https://hfz.pw/wp-json/wp/v2/posts/795
2025-11-05T02:06:43: [Zibll] API Response: 200 OK
2025-11-05T02:06:43: [Zibll] API Data length: object
2025-11-05T02:06:43: [Zibll] Checking order 795, meta: {
  "footnotes": ""
}
2025-11-05T02:06:43: [Zibll] API Request: GET https://hfz.pw/wp-json/wp/v2/posts/862
2025-11-05T02:06:43: [Zibll] API Response: 200 OK
2025-11-05T02:06:43: [Zibll] API Data length: object
2025-11-05T02:06:43: [Zibll] Checking order 862, meta: {
  "footnotes": ""
}
2025-11-05T02:06:43: [Zibll] API Request: GET https://hfz.pw/wp-json/wp/v2/posts/859
2025-11-05T02:06:44: [Zibll] API Response: 200 OK
2025-11-05T02:06:44: [Zibll] API Data length: object
2025-11-05T02:06:44: [Zibll] Checking order 859, meta: {
  "footnotes": ""
}
2025-11-05T02:06:44: [Zibll] API Request: GET https://hfz.pw/wp-json/wp/v2/posts/831
2025-11-05T02:06:44: [Zibll] API Response: 200 OK
2025-11-05T02:06:44: [Zibll] API Data length: object
2025-11-05T02:06:44: [Zibll] Checking order 831, meta: {
  "footnotes": ""
}
2025-11-05T02:06:44: [Zibll] API Request: GET https://hfz.pw/wp-json/wp/v2/posts/822
2025-11-05T02:06:45: [Zibll] API Response: 200 OK
2025-11-05T02:06:45: [Zibll] API Data length: object
2025-11-05T02:06:45: [Zibll] Checking order 822, meta: {
  "footnotes": ""
}
2025-11-05T02:06:45: [Zibll] API Request: GET https://hfz.pw/wp-json/wp/v2/posts/719
2025-11-05T02:06:45: [Zibll] API Response: 200 OK
2025-11-05T02:06:45: [Zibll] API Data length: object
2025-11-05T02:06:45: [Zibll] Checking order 719, meta: {
  "footnotes": ""
}
2025-11-05T02:06:45: [Zibll] API Request: GET https://hfz.pw/wp-json/wp/v2/posts/807
2025-11-05T02:06:46: [Zibll] API Response: 200 OK
2025-11-05T02:06:46: [Zibll] API Data length: object
2025-11-05T02:06:46: [Zibll] Checking order 807, meta: {
  "footnotes": ""
}
2025-11-05T02:06:46: [Zibll] API Request: GET https://hfz.pw/wp-json/wp/v2/posts/562
2025-11-05T02:06:47: [Zibll] API Response: 200 OK
2025-11-05T02:06:47: [Zibll] API Data length: object
2025-11-05T02:06:47: [Zibll] Checking order 562, meta: {
  "footnotes": ""
}
2025-11-05T02:06:47: [Zibll] API Request: GET https://hfz.pw/wp-json/wp/v2/posts/492
2025-11-05T02:06:47: [Zibll] API Response: 200 OK
2025-11-05T02:06:47: [Zibll] API Data length: object
2025-11-05T02:06:47: [Zibll] Checking order 492, meta: {
  "footnotes": ""
}
2025-11-05T02:06:47: [Zibll] API Request: GET https://hfz.pw/wp-json/wp/v2/posts/486
2025-11-05T02:06:47: [Zibll] API Response: 200 OK
2025-11-05T02:06:47: [Zibll] API Data length: object
2025-11-05T02:06:47: [Zibll] Checking order 486, meta: {
  "footnotes": ""
}
2025-11-05T02:06:47: [Zibll] API Request: GET https://hfz.pw/wp-json/wp/v2/posts/420
2025-11-05T02:06:48: [Zibll] API Response: 200 OK
2025-11-05T02:06:48: [Zibll] API Data length: object
2025-11-05T02:06:48: [Zibll] Checking order 420, meta: {
  "footnotes": ""
}
2025-11-05T02:06:48: [Zibll] API Request: GET https://hfz.pw/wp-json/wp/v2/posts/409
2025-11-05T02:06:49: [Zibll] API Response: 200 OK
2025-11-05T02:06:49: [Zibll] API Data length: object
2025-11-05T02:06:49: [Zibll] Checking order 409, meta: {
  "footnotes": ""
}
2025-11-05T02:06:49: [Zibll] API Request: GET https://hfz.pw/wp-json/wp/v2/posts/1079
2025-11-05T02:06:49: [Zibll] API Response: 200 OK
2025-11-05T02:06:49: [Zibll] API Data length: object
2025-11-05T02:06:49: [Zibll] Checking order 1079, meta: {
  "footnotes": ""
}
2025-11-05T02:06:49: [Zibll] API Request: GET https://hfz.pw/wp-json/wp/v2/posts/334
2025-11-05T02:06:50: [Zibll] API Response: 200 OK
2025-11-05T02:06:50: [Zibll] API Data length: object
2025-11-05T02:06:50: [Zibll] Checking order 334, meta: {
  "footnotes": ""
}
2025-11-05T02:06:50: [Zibll] API Request: GET https://hfz.pw/wp-json/wp/v2/posts/288
2025-11-05T02:06:52: [Zibll] API Response: 200 OK
2025-11-05T02:06:52: [Zibll] API Data length: object
2025-11-05T02:06:52: [Zibll] Checking order 288, meta: {
  "footnotes": ""
}
2025-11-05T02:06:52: [Zibll] API Request: GET https://hfz.pw/wp-json/wp/v2/posts/255
2025-11-05T02:06:52: [Zibll] API Response: 200 OK
2025-11-05T02:06:52: [Zibll] API Data length: object
2025-11-05T02:06:52: [Zibll] Checking order 255, meta: {
  "footnotes": ""
}
2025-11-05T02:06:52: [Zibll] API Request: GET https://hfz.pw/wp-json/wp/v2/posts/253
2025-11-05T02:06:52: [Zibll] API Response: 200 OK
2025-11-05T02:06:52: [Zibll] API Data length: object
2025-11-05T02:06:52: [Zibll] Checking order 253, meta: {
  "footnotes": ""
}
2025-11-05T02:06:52: [Zibll] API Request: GET https://hfz.pw/wp-json/wp/v2/posts/185
2025-11-05T02:06:53: [Zibll] API Response: 200 OK
2025-11-05T02:06:53: [Zibll] API Data length: object
2025-11-05T02:06:53: [Zibll] Checking order 185, meta: {
  "footnotes": ""
}
2025-11-05T02:06:53: [Zibll] API Request: GET https://hfz.pw/wp-json/wp/v2/posts/126
2025-11-05T02:06:54: [Zibll] API Response: 200 OK
2025-11-05T02:06:54: [Zibll] API Data length: object
2025-11-05T02:06:54: [Zibll] Checking order 126, meta: {
  "footnotes": ""
}
2025-11-05T02:06:54: [Zibll] API Request: GET https://hfz.pw/wp-json/wp/v2/posts/119
2025-11-05T02:06:54: [Zibll] API Response: 200 OK
2025-11-05T02:06:54: [Zibll] API Data length: object
2025-11-05T02:06:54: [Zibll] Checking order 119, meta: {
  "footnotes": ""
}
2025-11-05T02:06:54: [Zibll] API Request: GET https://hfz.pw/wp-json/wp/v2/posts/98
2025-11-05T02:06:55: [Zibll] API Response: 200 OK
2025-11-05T02:06:55: [Zibll] API Data length: object
2025-11-05T02:06:55: [Zibll] Checking order 98, meta: {
  "footnotes": ""
}
2025-11-05T02:06:55: [Zibll] API Request: GET https://hfz.pw/wp-json/wp/v2/posts/249
2025-11-05T02:06:56: [Zibll] API Response: 200 OK
2025-11-05T02:06:56: [Zibll] API Data length: object
2025-11-05T02:06:56: [Zibll] Checking order 249, meta: {
  "footnotes": ""
}
2025-11-05T02:06:56: [Zibll] No matching order found
2025-11-05T02:06:56: [h3] Please prefer using `message` for longer error messages instead of `statusMessage`. In the future, `statusMessage` will be sanitized by default.
2025-11-05T02:06:56: WordPress订单激活失败: H3Error: 订单不存在
    at createError$1 (file:///Users/hf-mac/Downloads/tgpro-admin/.output/server/chunks/nitro/nitro.mjs:916:15)
    at Object.handler (file:///Users/hf-mac/Downloads/tgpro-admin/server/api/license/activate-order.post.ts:48:1)
    at processTicksAndRejections (node:internal/process/task_queues:105:5)
    at Object.handler (file:///Users/hf-mac/Downloads/tgpro-admin/.output/server/chunks/nitro/nitro.mjs:1959:19)
    at Server.toNodeHandle (file:///Users/hf-mac/Downloads/tgpro-admin/.output/server/chunks/nitro/nitro.mjs:2230:7) {
  cause: { statusCode: 400, statusMessage: '订单不存在' },
  statusCode: 400,
  fatal: false,
  unhandled: false,
  statusMessage: '订单不存在',
  data: undefined
}
2025-11-05T02:17:26: [request error] [unhandled] [GET] http://localhost:3000/_nuxt/D_B5nL8y.js
 H3Error: ENOENT: no such file or directory, open '/Users/hf-mac/Downloads/tgpro-admin/.output/public/_nuxt/D_B5nL8y.js'
    at open (node:internal/fs/promises:641:25)
    ... 2 lines matching cause stack trace ...
    at Server.toNodeHandle (file:///Users/hf-mac/Downloads/tgpro-admin/.output/server/chunks/nitro/nitro.mjs:2230:7) {
  cause: Error: ENOENT: no such file or directory, open '/Users/hf-mac/Downloads/tgpro-admin/.output/public/_nuxt/D_B5nL8y.js'
      at open (node:internal/fs/promises:641:25)
      at Object.readFile (node:internal/fs/promises:1245:14)
      at Object.handler (file:///Users/hf-mac/Downloads/tgpro-admin/.output/server/chunks/nitro/nitro.mjs:1959:19)
      at Server.toNodeHandle (file:///Users/hf-mac/Downloads/tgpro-admin/.output/server/chunks/nitro/nitro.mjs:2230:7) {
    errno: -2,
    code: 'ENOENT',
    syscall: 'open',
    path: '/Users/hf-mac/Downloads/tgpro-admin/.output/public/_nuxt/D_B5nL8y.js'
  },
  statusCode: 500,
  fatal: false,
  unhandled: true,
  statusMessage: undefined,
  data: undefined
}
2025-11-05T02:17:27: [request error] [unhandled] [GET] http://localhost:3000/_nuxt/CP5kXZ_o.js
 H3Error: ENOENT: no such file or directory, open '/Users/hf-mac/Downloads/tgpro-admin/.output/public/_nuxt/CP5kXZ_o.js'
    at open (node:internal/fs/promises:641:25)
    ... 2 lines matching cause stack trace ...
    at Server.toNodeHandle (file:///Users/hf-mac/Downloads/tgpro-admin/.output/server/chunks/nitro/nitro.mjs:2230:7) {
  cause: Error: ENOENT: no such file or directory, open '/Users/hf-mac/Downloads/tgpro-admin/.output/public/_nuxt/CP5kXZ_o.js'
      at open (node:internal/fs/promises:641:25)
      at Object.readFile (node:internal/fs/promises:1245:14)
      at Object.handler (file:///Users/hf-mac/Downloads/tgpro-admin/.output/server/chunks/nitro/nitro.mjs:1959:19)
      at Server.toNodeHandle (file:///Users/hf-mac/Downloads/tgpro-admin/.output/server/chunks/nitro/nitro.mjs:2230:7) {
    errno: -2,
    code: 'ENOENT',
    syscall: 'open',
    path: '/Users/hf-mac/Downloads/tgpro-admin/.output/public/_nuxt/CP5kXZ_o.js'
  },
  statusCode: 500,
  fatal: false,
  unhandled: true,
  statusMessage: undefined,
  data: undefined
}
2025-11-05T02:17:27: [request error] [unhandled] [GET] http://localhost:3000/_nuxt/D_B5nL8y.js
 H3Error: ENOENT: no such file or directory, open '/Users/hf-mac/Downloads/tgpro-admin/.output/public/_nuxt/D_B5nL8y.js'
    at open (node:internal/fs/promises:641:25)
    ... 2 lines matching cause stack trace ...
    at Server.toNodeHandle (file:///Users/hf-mac/Downloads/tgpro-admin/.output/server/chunks/nitro/nitro.mjs:2230:7) {
  cause: Error: ENOENT: no such file or directory, open '/Users/hf-mac/Downloads/tgpro-admin/.output/public/_nuxt/D_B5nL8y.js'
      at open (node:internal/fs/promises:641:25)
      at Object.readFile (node:internal/fs/promises:1245:14)
      at Object.handler (file:///Users/hf-mac/Downloads/tgpro-admin/.output/server/chunks/nitro/nitro.mjs:1959:19)
      at Server.toNodeHandle (file:///Users/hf-mac/Downloads/tgpro-admin/.output/server/chunks/nitro/nitro.mjs:2230:7) {
    errno: -2,
    code: 'ENOENT',
    syscall: 'open',
    path: '/Users/hf-mac/Downloads/tgpro-admin/.output/public/_nuxt/D_B5nL8y.js'
  },
  statusCode: 500,
  fatal: false,
  unhandled: true,
  statusMessage: undefined,
  data: undefined
}
2025-11-05T02:17:27: [request error] [unhandled] [GET] http://localhost:3000/_nuxt/CP5kXZ_o.js
 H3Error: ENOENT: no such file or directory, open '/Users/hf-mac/Downloads/tgpro-admin/.output/public/_nuxt/CP5kXZ_o.js'
    at open (node:internal/fs/promises:641:25)
    ... 2 lines matching cause stack trace ...
    at Server.toNodeHandle (file:///Users/hf-mac/Downloads/tgpro-admin/.output/server/chunks/nitro/nitro.mjs:2230:7) {
  cause: Error: ENOENT: no such file or directory, open '/Users/hf-mac/Downloads/tgpro-admin/.output/public/_nuxt/CP5kXZ_o.js'
      at open (node:internal/fs/promises:641:25)
      at Object.readFile (node:internal/fs/promises:1245:14)
      at Object.handler (file:///Users/hf-mac/Downloads/tgpro-admin/.output/server/chunks/nitro/nitro.mjs:1959:19)
      at Server.toNodeHandle (file:///Users/hf-mac/Downloads/tgpro-admin/.output/server/chunks/nitro/nitro.mjs:2230:7) {
    errno: -2,
    code: 'ENOENT',
    syscall: 'open',
    path: '/Users/hf-mac/Downloads/tgpro-admin/.output/public/_nuxt/CP5kXZ_o.js'
  },
  statusCode: 500,
  fatal: false,
  unhandled: true,
  statusMessage: undefined,
  data: undefined
}
2025-11-05T02:17:37: [request error] [unhandled] [GET] http://localhost:3000/_nuxt/D_B5nL8y.js
 H3Error: ENOENT: no such file or directory, open '/Users/hf-mac/Downloads/tgpro-admin/.output/public/_nuxt/D_B5nL8y.js'
    at open (node:internal/fs/promises:641:25)
    ... 2 lines matching cause stack trace ...
    at Server.toNodeHandle (file:///Users/hf-mac/Downloads/tgpro-admin/.output/server/chunks/nitro/nitro.mjs:2230:7) {
  cause: Error: ENOENT: no such file or directory, open '/Users/hf-mac/Downloads/tgpro-admin/.output/public/_nuxt/D_B5nL8y.js'
      at open (node:internal/fs/promises:641:25)
      at Object.readFile (node:internal/fs/promises:1245:14)
      at Object.handler (file:///Users/hf-mac/Downloads/tgpro-admin/.output/server/chunks/nitro/nitro.mjs:1959:19)
      at Server.toNodeHandle (file:///Users/hf-mac/Downloads/tgpro-admin/.output/server/chunks/nitro/nitro.mjs:2230:7) {
    errno: -2,
    code: 'ENOENT',
    syscall: 'open',
    path: '/Users/hf-mac/Downloads/tgpro-admin/.output/public/_nuxt/D_B5nL8y.js'
  },
  statusCode: 500,
  fatal: false,
  unhandled: true,
  statusMessage: undefined,
  data: undefined
}
2025-11-05T02:17:37: [request error] [unhandled] [GET] http://localhost:3000/_nuxt/CP5kXZ_o.js
 H3Error: ENOENT: no such file or directory, open '/Users/hf-mac/Downloads/tgpro-admin/.output/public/_nuxt/CP5kXZ_o.js'
    at open (node:internal/fs/promises:641:25)
    ... 2 lines matching cause stack trace ...
    at Server.toNodeHandle (file:///Users/hf-mac/Downloads/tgpro-admin/.output/server/chunks/nitro/nitro.mjs:2230:7) {
  cause: Error: ENOENT: no such file or directory, open '/Users/hf-mac/Downloads/tgpro-admin/.output/public/_nuxt/CP5kXZ_o.js'
      at open (node:internal/fs/promises:641:25)
      at Object.readFile (node:internal/fs/promises:1245:14)
      at Object.handler (file:///Users/hf-mac/Downloads/tgpro-admin/.output/server/chunks/nitro/nitro.mjs:1959:19)
      at Server.toNodeHandle (file:///Users/hf-mac/Downloads/tgpro-admin/.output/server/chunks/nitro/nitro.mjs:2230:7) {
    errno: -2,
    code: 'ENOENT',
    syscall: 'open',
    path: '/Users/hf-mac/Downloads/tgpro-admin/.output/public/_nuxt/CP5kXZ_o.js'
  },
  statusCode: 500,
  fatal: false,
  unhandled: true,
  statusMessage: undefined,
  data: undefined
}
2025-11-05T02:17:45: [request error] [unhandled] [GET] http://localhost:3000/_nuxt/D_B5nL8y.js
 H3Error: ENOENT: no such file or directory, open '/Users/hf-mac/Downloads/tgpro-admin/.output/public/_nuxt/D_B5nL8y.js'
    at open (node:internal/fs/promises:641:25)
    ... 2 lines matching cause stack trace ...
    at Server.toNodeHandle (file:///Users/hf-mac/Downloads/tgpro-admin/.output/server/chunks/nitro/nitro.mjs:2230:7) {
  cause: Error: ENOENT: no such file or directory, open '/Users/hf-mac/Downloads/tgpro-admin/.output/public/_nuxt/D_B5nL8y.js'
      at open (node:internal/fs/promises:641:25)
      at Object.readFile (node:internal/fs/promises:1245:14)
      at Object.handler (file:///Users/hf-mac/Downloads/tgpro-admin/.output/server/chunks/nitro/nitro.mjs:1959:19)
      at Server.toNodeHandle (file:///Users/hf-mac/Downloads/tgpro-admin/.output/server/chunks/nitro/nitro.mjs:2230:7) {
    errno: -2,
    code: 'ENOENT',
    syscall: 'open',
    path: '/Users/hf-mac/Downloads/tgpro-admin/.output/public/_nuxt/D_B5nL8y.js'
  },
  statusCode: 500,
  fatal: false,
  unhandled: true,
  statusMessage: undefined,
  data: undefined
}
2025-11-05T02:17:45: [request error] [unhandled] [GET] http://localhost:3000/_nuxt/CP5kXZ_o.js
 H3Error: ENOENT: no such file or directory, open '/Users/hf-mac/Downloads/tgpro-admin/.output/public/_nuxt/CP5kXZ_o.js'
    at open (node:internal/fs/promises:641:25)
    ... 2 lines matching cause stack trace ...
    at Server.toNodeHandle (file:///Users/hf-mac/Downloads/tgpro-admin/.output/server/chunks/nitro/nitro.mjs:2230:7) {
  cause: Error: ENOENT: no such file or directory, open '/Users/hf-mac/Downloads/tgpro-admin/.output/public/_nuxt/CP5kXZ_o.js'
      at open (node:internal/fs/promises:641:25)
      at Object.readFile (node:internal/fs/promises:1245:14)
      at Object.handler (file:///Users/hf-mac/Downloads/tgpro-admin/.output/server/chunks/nitro/nitro.mjs:1959:19)
      at Server.toNodeHandle (file:///Users/hf-mac/Downloads/tgpro-admin/.output/server/chunks/nitro/nitro.mjs:2230:7) {
    errno: -2,
    code: 'ENOENT',
    syscall: 'open',
    path: '/Users/hf-mac/Downloads/tgpro-admin/.output/public/_nuxt/CP5kXZ_o.js'
  },
  statusCode: 500,
  fatal: false,
  unhandled: true,
  statusMessage: undefined,
  data: undefined
}
2025-11-05T02:17:45: [request error] [unhandled] [GET] http://localhost:3000/_nuxt/D_B5nL8y.js
 H3Error: ENOENT: no such file or directory, open '/Users/hf-mac/Downloads/tgpro-admin/.output/public/_nuxt/D_B5nL8y.js'
    at open (node:internal/fs/promises:641:25)
    ... 2 lines matching cause stack trace ...
    at Server.toNodeHandle (file:///Users/hf-mac/Downloads/tgpro-admin/.output/server/chunks/nitro/nitro.mjs:2230:7) {
  cause: Error: ENOENT: no such file or directory, open '/Users/hf-mac/Downloads/tgpro-admin/.output/public/_nuxt/D_B5nL8y.js'
      at open (node:internal/fs/promises:641:25)
      at Object.readFile (node:internal/fs/promises:1245:14)
      at Object.handler (file:///Users/hf-mac/Downloads/tgpro-admin/.output/server/chunks/nitro/nitro.mjs:1959:19)
      at Server.toNodeHandle (file:///Users/hf-mac/Downloads/tgpro-admin/.output/server/chunks/nitro/nitro.mjs:2230:7) {
    errno: -2,
    code: 'ENOENT',
    syscall: 'open',
    path: '/Users/hf-mac/Downloads/tgpro-admin/.output/public/_nuxt/D_B5nL8y.js'
  },
  statusCode: 500,
  fatal: false,
  unhandled: true,
  statusMessage: undefined,
  data: undefined
}
2025-11-05T02:17:45: [request error] [unhandled] [GET] http://localhost:3000/_nuxt/CP5kXZ_o.js
 H3Error: ENOENT: no such file or directory, open '/Users/hf-mac/Downloads/tgpro-admin/.output/public/_nuxt/CP5kXZ_o.js'
    at open (node:internal/fs/promises:641:25)
    ... 2 lines matching cause stack trace ...
    at Server.toNodeHandle (file:///Users/hf-mac/Downloads/tgpro-admin/.output/server/chunks/nitro/nitro.mjs:2230:7) {
  cause: Error: ENOENT: no such file or directory, open '/Users/hf-mac/Downloads/tgpro-admin/.output/public/_nuxt/CP5kXZ_o.js'
      at open (node:internal/fs/promises:641:25)
      at Object.readFile (node:internal/fs/promises:1245:14)
      at Object.handler (file:///Users/hf-mac/Downloads/tgpro-admin/.output/server/chunks/nitro/nitro.mjs:1959:19)
      at Server.toNodeHandle (file:///Users/hf-mac/Downloads/tgpro-admin/.output/server/chunks/nitro/nitro.mjs:2230:7) {
    errno: -2,
    code: 'ENOENT',
    syscall: 'open',
    path: '/Users/hf-mac/Downloads/tgpro-admin/.output/public/_nuxt/CP5kXZ_o.js'
  },
  statusCode: 500,
  fatal: false,
  unhandled: true,
  statusMessage: undefined,
  data: undefined
}
2025-11-05T02:18:57: [request error] [unhandled] [GET] http://localhost:3000/_nuxt/D_B5nL8y.js
 H3Error: ENOENT: no such file or directory, open '/Users/hf-mac/Downloads/tgpro-admin/.output/public/_nuxt/D_B5nL8y.js'
    at open (node:internal/fs/promises:641:25)
    ... 2 lines matching cause stack trace ...
    at Server.toNodeHandle (file:///Users/hf-mac/Downloads/tgpro-admin/.output/server/chunks/nitro/nitro.mjs:2230:7) {
  cause: Error: ENOENT: no such file or directory, open '/Users/hf-mac/Downloads/tgpro-admin/.output/public/_nuxt/D_B5nL8y.js'
      at open (node:internal/fs/promises:641:25)
      at Object.readFile (node:internal/fs/promises:1245:14)
      at Object.handler (file:///Users/hf-mac/Downloads/tgpro-admin/.output/server/chunks/nitro/nitro.mjs:1959:19)
      at Server.toNodeHandle (file:///Users/hf-mac/Downloads/tgpro-admin/.output/server/chunks/nitro/nitro.mjs:2230:7) {
    errno: -2,
    code: 'ENOENT',
    syscall: 'open',
    path: '/Users/hf-mac/Downloads/tgpro-admin/.output/public/_nuxt/D_B5nL8y.js'
  },
  statusCode: 500,
  fatal: false,
  unhandled: true,
  statusMessage: undefined,
  data: undefined
}
2025-11-05T02:18:57: [request error] [unhandled] [GET] http://localhost:3000/_nuxt/CP5kXZ_o.js
 H3Error: ENOENT: no such file or directory, open '/Users/hf-mac/Downloads/tgpro-admin/.output/public/_nuxt/CP5kXZ_o.js'
    at open (node:internal/fs/promises:641:25)
    ... 2 lines matching cause stack trace ...
    at Server.toNodeHandle (file:///Users/hf-mac/Downloads/tgpro-admin/.output/server/chunks/nitro/nitro.mjs:2230:7) {
  cause: Error: ENOENT: no such file or directory, open '/Users/hf-mac/Downloads/tgpro-admin/.output/public/_nuxt/CP5kXZ_o.js'
      at open (node:internal/fs/promises:641:25)
      at Object.readFile (node:internal/fs/promises:1245:14)
      at Object.handler (file:///Users/hf-mac/Downloads/tgpro-admin/.output/server/chunks/nitro/nitro.mjs:1959:19)
      at Server.toNodeHandle (file:///Users/hf-mac/Downloads/tgpro-admin/.output/server/chunks/nitro/nitro.mjs:2230:7) {
    errno: -2,
    code: 'ENOENT',
    syscall: 'open',
    path: '/Users/hf-mac/Downloads/tgpro-admin/.output/public/_nuxt/CP5kXZ_o.js'
  },
  statusCode: 500,
  fatal: false,
  unhandled: true,
  statusMessage: undefined,
  data: undefined
}
2025-11-05T02:18:57: [request error] [unhandled] [GET] http://localhost:3000/_nuxt/D_B5nL8y.js
 H3Error: ENOENT: no such file or directory, open '/Users/hf-mac/Downloads/tgpro-admin/.output/public/_nuxt/D_B5nL8y.js'
    at open (node:internal/fs/promises:641:25)
    ... 2 lines matching cause stack trace ...
    at Server.toNodeHandle (file:///Users/hf-mac/Downloads/tgpro-admin/.output/server/chunks/nitro/nitro.mjs:2230:7) {
  cause: Error: ENOENT: no such file or directory, open '/Users/hf-mac/Downloads/tgpro-admin/.output/public/_nuxt/D_B5nL8y.js'
      at open (node:internal/fs/promises:641:25)
      at Object.readFile (node:internal/fs/promises:1245:14)
      at Object.handler (file:///Users/hf-mac/Downloads/tgpro-admin/.output/server/chunks/nitro/nitro.mjs:1959:19)
      at Server.toNodeHandle (file:///Users/hf-mac/Downloads/tgpro-admin/.output/server/chunks/nitro/nitro.mjs:2230:7) {
    errno: -2,
    code: 'ENOENT',
    syscall: 'open',
    path: '/Users/hf-mac/Downloads/tgpro-admin/.output/public/_nuxt/D_B5nL8y.js'
  },
  statusCode: 500,
  fatal: false,
  unhandled: true,
  statusMessage: undefined,
  data: undefined
}
2025-11-05T02:18:57: [request error] [unhandled] [GET] http://localhost:3000/_nuxt/CP5kXZ_o.js
 H3Error: ENOENT: no such file or directory, open '/Users/hf-mac/Downloads/tgpro-admin/.output/public/_nuxt/CP5kXZ_o.js'
    at open (node:internal/fs/promises:641:25)
    ... 2 lines matching cause stack trace ...
    at Server.toNodeHandle (file:///Users/hf-mac/Downloads/tgpro-admin/.output/server/chunks/nitro/nitro.mjs:2230:7) {
  cause: Error: ENOENT: no such file or directory, open '/Users/hf-mac/Downloads/tgpro-admin/.output/public/_nuxt/CP5kXZ_o.js'
      at open (node:internal/fs/promises:641:25)
      at Object.readFile (node:internal/fs/promises:1245:14)
      at Object.handler (file:///Users/hf-mac/Downloads/tgpro-admin/.output/server/chunks/nitro/nitro.mjs:1959:19)
      at Server.toNodeHandle (file:///Users/hf-mac/Downloads/tgpro-admin/.output/server/chunks/nitro/nitro.mjs:2230:7) {
    errno: -2,
    code: 'ENOENT',
    syscall: 'open',
    path: '/Users/hf-mac/Downloads/tgpro-admin/.output/public/_nuxt/CP5kXZ_o.js'
  },
  statusCode: 500,
  fatal: false,
  unhandled: true,
  statusMessage: undefined,
  data: undefined
}
2025-11-05T02:19:06: [request error] [unhandled] [GET] http://localhost:3000/_nuxt/D_B5nL8y.js
 H3Error: ENOENT: no such file or directory, open '/Users/hf-mac/Downloads/tgpro-admin/.output/public/_nuxt/D_B5nL8y.js'
    at open (node:internal/fs/promises:641:25)
    ... 2 lines matching cause stack trace ...
    at Server.toNodeHandle (file:///Users/hf-mac/Downloads/tgpro-admin/.output/server/chunks/nitro/nitro.mjs:2230:7) {
  cause: Error: ENOENT: no such file or directory, open '/Users/hf-mac/Downloads/tgpro-admin/.output/public/_nuxt/D_B5nL8y.js'
      at open (node:internal/fs/promises:641:25)
      at Object.readFile (node:internal/fs/promises:1245:14)
      at Object.handler (file:///Users/hf-mac/Downloads/tgpro-admin/.output/server/chunks/nitro/nitro.mjs:1959:19)
      at Server.toNodeHandle (file:///Users/hf-mac/Downloads/tgpro-admin/.output/server/chunks/nitro/nitro.mjs:2230:7) {
    errno: -2,
    code: 'ENOENT',
    syscall: 'open',
    path: '/Users/hf-mac/Downloads/tgpro-admin/.output/public/_nuxt/D_B5nL8y.js'
  },
  statusCode: 500,
  fatal: false,
  unhandled: true,
  statusMessage: undefined,
  data: undefined
}
2025-11-05T02:19:06: [request error] [unhandled] [GET] http://localhost:3000/_nuxt/CP5kXZ_o.js
 H3Error: ENOENT: no such file or directory, open '/Users/hf-mac/Downloads/tgpro-admin/.output/public/_nuxt/CP5kXZ_o.js'
    at open (node:internal/fs/promises:641:25)
    ... 2 lines matching cause stack trace ...
    at Server.toNodeHandle (file:///Users/hf-mac/Downloads/tgpro-admin/.output/server/chunks/nitro/nitro.mjs:2230:7) {
  cause: Error: ENOENT: no such file or directory, open '/Users/hf-mac/Downloads/tgpro-admin/.output/public/_nuxt/CP5kXZ_o.js'
      at open (node:internal/fs/promises:641:25)
      at Object.readFile (node:internal/fs/promises:1245:14)
      at Object.handler (file:///Users/hf-mac/Downloads/tgpro-admin/.output/server/chunks/nitro/nitro.mjs:1959:19)
      at Server.toNodeHandle (file:///Users/hf-mac/Downloads/tgpro-admin/.output/server/chunks/nitro/nitro.mjs:2230:7) {
    errno: -2,
    code: 'ENOENT',
    syscall: 'open',
    path: '/Users/hf-mac/Downloads/tgpro-admin/.output/public/_nuxt/CP5kXZ_o.js'
  },
  statusCode: 500,
  fatal: false,
  unhandled: true,
  statusMessage: undefined,
  data: undefined
}
2025-11-05T02:19:53: [request error] [unhandled] [GET] http://localhost:3000/_nuxt/DbAgXtul.js
 H3Error: ENOENT: no such file or directory, open '/Users/hf-mac/Downloads/tgpro-admin/.output/public/_nuxt/DbAgXtul.js'
    at open (node:internal/fs/promises:641:25)
    ... 2 lines matching cause stack trace ...
    at Server.toNodeHandle (file:///Users/hf-mac/Downloads/tgpro-admin/.output/server/chunks/nitro/nitro.mjs:2230:7) {
  cause: Error: ENOENT: no such file or directory, open '/Users/hf-mac/Downloads/tgpro-admin/.output/public/_nuxt/DbAgXtul.js'
      at open (node:internal/fs/promises:641:25)
      at Object.readFile (node:internal/fs/promises:1245:14)
      at Object.handler (file:///Users/hf-mac/Downloads/tgpro-admin/.output/server/chunks/nitro/nitro.mjs:1959:19)
      at Server.toNodeHandle (file:///Users/hf-mac/Downloads/tgpro-admin/.output/server/chunks/nitro/nitro.mjs:2230:7) {
    errno: -2,
    code: 'ENOENT',
    syscall: 'open',
    path: '/Users/hf-mac/Downloads/tgpro-admin/.output/public/_nuxt/DbAgXtul.js'
  },
  statusCode: 500,
  fatal: false,
  unhandled: true,
  statusMessage: undefined,
  data: undefined
}
2025-11-05T02:19:53: [request error] [unhandled] [GET] http://localhost:3000/_nuxt/D_B5nL8y.js
 H3Error: ENOENT: no such file or directory, open '/Users/hf-mac/Downloads/tgpro-admin/.output/public/_nuxt/D_B5nL8y.js'
    at open (node:internal/fs/promises:641:25)
    ... 2 lines matching cause stack trace ...
    at Server.toNodeHandle (file:///Users/hf-mac/Downloads/tgpro-admin/.output/server/chunks/nitro/nitro.mjs:2230:7) {
  cause: Error: ENOENT: no such file or directory, open '/Users/hf-mac/Downloads/tgpro-admin/.output/public/_nuxt/D_B5nL8y.js'
      at open (node:internal/fs/promises:641:25)
      at Object.readFile (node:internal/fs/promises:1245:14)
      at Object.handler (file:///Users/hf-mac/Downloads/tgpro-admin/.output/server/chunks/nitro/nitro.mjs:1959:19)
      at Server.toNodeHandle (file:///Users/hf-mac/Downloads/tgpro-admin/.output/server/chunks/nitro/nitro.mjs:2230:7) {
    errno: -2,
    code: 'ENOENT',
    syscall: 'open',
    path: '/Users/hf-mac/Downloads/tgpro-admin/.output/public/_nuxt/D_B5nL8y.js'
  },
  statusCode: 500,
  fatal: false,
  unhandled: true,
  statusMessage: undefined,
  data: undefined
}
2025-11-05T02:19:53: [request error] [unhandled] [GET] http://localhost:3000/_nuxt/Bl84yrz9.js
 H3Error: ENOENT: no such file or directory, open '/Users/hf-mac/Downloads/tgpro-admin/.output/public/_nuxt/Bl84yrz9.js'
    at open (node:internal/fs/promises:641:25)
    ... 2 lines matching cause stack trace ...
    at Server.toNodeHandle (file:///Users/hf-mac/Downloads/tgpro-admin/.output/server/chunks/nitro/nitro.mjs:2230:7) {
  cause: Error: ENOENT: no such file or directory, open '/Users/hf-mac/Downloads/tgpro-admin/.output/public/_nuxt/Bl84yrz9.js'
      at open (node:internal/fs/promises:641:25)
      at Object.readFile (node:internal/fs/promises:1245:14)
      at Object.handler (file:///Users/hf-mac/Downloads/tgpro-admin/.output/server/chunks/nitro/nitro.mjs:1959:19)
      at Server.toNodeHandle (file:///Users/hf-mac/Downloads/tgpro-admin/.output/server/chunks/nitro/nitro.mjs:2230:7) {
    errno: -2,
    code: 'ENOENT',
    syscall: 'open',
    path: '/Users/hf-mac/Downloads/tgpro-admin/.output/public/_nuxt/Bl84yrz9.js'
  },
  statusCode: 500,
  fatal: false,
  unhandled: true,
  statusMessage: undefined,
  data: undefined
}
2025-11-05T02:19:53: [request error] [unhandled] [GET] http://localhost:3000/_nuxt/DpNIWReE.js
 H3Error: ENOENT: no such file or directory, open '/Users/hf-mac/Downloads/tgpro-admin/.output/public/_nuxt/DpNIWReE.js'
    at open (node:internal/fs/promises:641:25)
    ... 2 lines matching cause stack trace ...
    at Server.toNodeHandle (file:///Users/hf-mac/Downloads/tgpro-admin/.output/server/chunks/nitro/nitro.mjs:2230:7) {
  cause: Error: ENOENT: no such file or directory, open '/Users/hf-mac/Downloads/tgpro-admin/.output/public/_nuxt/DpNIWReE.js'
      at open (node:internal/fs/promises:641:25)
      at Object.readFile (node:internal/fs/promises:1245:14)
      at Object.handler (file:///Users/hf-mac/Downloads/tgpro-admin/.output/server/chunks/nitro/nitro.mjs:1959:19)
      at Server.toNodeHandle (file:///Users/hf-mac/Downloads/tgpro-admin/.output/server/chunks/nitro/nitro.mjs:2230:7) {
    errno: -2,
    code: 'ENOENT',
    syscall: 'open',
    path: '/Users/hf-mac/Downloads/tgpro-admin/.output/public/_nuxt/DpNIWReE.js'
  },
  statusCode: 500,
  fatal: false,
  unhandled: true,
  statusMessage: undefined,
  data: undefined
}
2025-11-05T02:19:53: [request error] [unhandled] [GET] http://localhost:3000/_nuxt/D974gv07.js
 H3Error: ENOENT: no such file or directory, open '/Users/hf-mac/Downloads/tgpro-admin/.output/public/_nuxt/D974gv07.js'
    at open (node:internal/fs/promises:641:25)
    ... 2 lines matching cause stack trace ...
    at Server.toNodeHandle (file:///Users/hf-mac/Downloads/tgpro-admin/.output/server/chunks/nitro/nitro.mjs:2230:7) {
  cause: Error: ENOENT: no such file or directory, open '/Users/hf-mac/Downloads/tgpro-admin/.output/public/_nuxt/D974gv07.js'
      at open (node:internal/fs/promises:641:25)
      at Object.readFile (node:internal/fs/promises:1245:14)
      at Object.handler (file:///Users/hf-mac/Downloads/tgpro-admin/.output/server/chunks/nitro/nitro.mjs:1959:19)
      at Server.toNodeHandle (file:///Users/hf-mac/Downloads/tgpro-admin/.output/server/chunks/nitro/nitro.mjs:2230:7) {
    errno: -2,
    code: 'ENOENT',
    syscall: 'open',
    path: '/Users/hf-mac/Downloads/tgpro-admin/.output/public/_nuxt/D974gv07.js'
  },
  statusCode: 500,
  fatal: false,
  unhandled: true,
  statusMessage: undefined,
  data: undefined
}
2025-11-05T02:19:53: [request error] [unhandled] [GET] http://localhost:3000/_nuxt/D32lUId-.js
 H3Error: ENOENT: no such file or directory, open '/Users/hf-mac/Downloads/tgpro-admin/.output/public/_nuxt/D32lUId-.js'
    at open (node:internal/fs/promises:641:25)
    ... 2 lines matching cause stack trace ...
    at Server.toNodeHandle (file:///Users/hf-mac/Downloads/tgpro-admin/.output/server/chunks/nitro/nitro.mjs:2230:7) {
  cause: Error: ENOENT: no such file or directory, open '/Users/hf-mac/Downloads/tgpro-admin/.output/public/_nuxt/D32lUId-.js'
      at open (node:internal/fs/promises:641:25)
      at Object.readFile (node:internal/fs/promises:1245:14)
      at Object.handler (file:///Users/hf-mac/Downloads/tgpro-admin/.output/server/chunks/nitro/nitro.mjs:1959:19)
      at Server.toNodeHandle (file:///Users/hf-mac/Downloads/tgpro-admin/.output/server/chunks/nitro/nitro.mjs:2230:7) {
    errno: -2,
    code: 'ENOENT',
    syscall: 'open',
    path: '/Users/hf-mac/Downloads/tgpro-admin/.output/public/_nuxt/D32lUId-.js'
  },
  statusCode: 500,
  fatal: false,
  unhandled: true,
  statusMessage: undefined,
  data: undefined
}
2025-11-05T02:19:53: [request error] [unhandled] [GET] http://localhost:3000/_nuxt/CetYVyQG.js
 H3Error: ENOENT: no such file or directory, open '/Users/hf-mac/Downloads/tgpro-admin/.output/public/_nuxt/CetYVyQG.js'
    at open (node:internal/fs/promises:641:25)
    ... 2 lines matching cause stack trace ...
    at Server.toNodeHandle (file:///Users/hf-mac/Downloads/tgpro-admin/.output/server/chunks/nitro/nitro.mjs:2230:7) {
  cause: Error: ENOENT: no such file or directory, open '/Users/hf-mac/Downloads/tgpro-admin/.output/public/_nuxt/CetYVyQG.js'
      at open (node:internal/fs/promises:641:25)
      at Object.readFile (node:internal/fs/promises:1245:14)
      at Object.handler (file:///Users/hf-mac/Downloads/tgpro-admin/.output/server/chunks/nitro/nitro.mjs:1959:19)
      at Server.toNodeHandle (file:///Users/hf-mac/Downloads/tgpro-admin/.output/server/chunks/nitro/nitro.mjs:2230:7) {
    errno: -2,
    code: 'ENOENT',
    syscall: 'open',
    path: '/Users/hf-mac/Downloads/tgpro-admin/.output/public/_nuxt/CetYVyQG.js'
  },
  statusCode: 500,
  fatal: false,
  unhandled: true,
  statusMessage: undefined,
  data: undefined
}
2025-11-05T02:19:53: [request error] [unhandled] [GET] http://localhost:3000/_nuxt/Db7eFA1E.js
 H3Error: ENOENT: no such file or directory, open '/Users/hf-mac/Downloads/tgpro-admin/.output/public/_nuxt/Db7eFA1E.js'
    at open (node:internal/fs/promises:641:25)
    ... 2 lines matching cause stack trace ...
    at Server.toNodeHandle (file:///Users/hf-mac/Downloads/tgpro-admin/.output/server/chunks/nitro/nitro.mjs:2230:7) {
  cause: Error: ENOENT: no such file or directory, open '/Users/hf-mac/Downloads/tgpro-admin/.output/public/_nuxt/Db7eFA1E.js'
      at open (node:internal/fs/promises:641:25)
      at Object.readFile (node:internal/fs/promises:1245:14)
      at Object.handler (file:///Users/hf-mac/Downloads/tgpro-admin/.output/server/chunks/nitro/nitro.mjs:1959:19)
      at Server.toNodeHandle (file:///Users/hf-mac/Downloads/tgpro-admin/.output/server/chunks/nitro/nitro.mjs:2230:7) {
    errno: -2,
    code: 'ENOENT',
    syscall: 'open',
    path: '/Users/hf-mac/Downloads/tgpro-admin/.output/public/_nuxt/Db7eFA1E.js'
  },
  statusCode: 500,
  fatal: false,
  unhandled: true,
  statusMessage: undefined,
  data: undefined
}
2025-11-05T02:19:53: [request error] [unhandled] [GET] http://localhost:3000/_nuxt/DAr-OQmd.js
 H3Error: ENOENT: no such file or directory, open '/Users/hf-mac/Downloads/tgpro-admin/.output/public/_nuxt/DAr-OQmd.js'
    at open (node:internal/fs/promises:641:25)
    ... 2 lines matching cause stack trace ...
    at Server.toNodeHandle (file:///Users/hf-mac/Downloads/tgpro-admin/.output/server/chunks/nitro/nitro.mjs:2230:7) {
  cause: Error: ENOENT: no such file or directory, open '/Users/hf-mac/Downloads/tgpro-admin/.output/public/_nuxt/DAr-OQmd.js'
      at open (node:internal/fs/promises:641:25)
      at Object.readFile (node:internal/fs/promises:1245:14)
      at Object.handler (file:///Users/hf-mac/Downloads/tgpro-admin/.output/server/chunks/nitro/nitro.mjs:1959:19)
      at Server.toNodeHandle (file:///Users/hf-mac/Downloads/tgpro-admin/.output/server/chunks/nitro/nitro.mjs:2230:7) {
    errno: -2,
    code: 'ENOENT',
    syscall: 'open',
    path: '/Users/hf-mac/Downloads/tgpro-admin/.output/public/_nuxt/DAr-OQmd.js'
  },
  statusCode: 500,
  fatal: false,
  unhandled: true,
  statusMessage: undefined,
  data: undefined
}
2025-11-05T02:19:53: [request error] [unhandled] [GET] http://localhost:3000/_nuxt/Bdz-sLfb.js
 H3Error: ENOENT: no such file or directory, open '/Users/hf-mac/Downloads/tgpro-admin/.output/public/_nuxt/Bdz-sLfb.js'
    at open (node:internal/fs/promises:641:25)
    ... 2 lines matching cause stack trace ...
    at Server.toNodeHandle (file:///Users/hf-mac/Downloads/tgpro-admin/.output/server/chunks/nitro/nitro.mjs:2230:7) {
  cause: Error: ENOENT: no such file or directory, open '/Users/hf-mac/Downloads/tgpro-admin/.output/public/_nuxt/Bdz-sLfb.js'
      at open (node:internal/fs/promises:641:25)
      at Object.readFile (node:internal/fs/promises:1245:14)
      at Object.handler (file:///Users/hf-mac/Downloads/tgpro-admin/.output/server/chunks/nitro/nitro.mjs:1959:19)
      at Server.toNodeHandle (file:///Users/hf-mac/Downloads/tgpro-admin/.output/server/chunks/nitro/nitro.mjs:2230:7) {
    errno: -2,
    code: 'ENOENT',
    syscall: 'open',
    path: '/Users/hf-mac/Downloads/tgpro-admin/.output/public/_nuxt/Bdz-sLfb.js'
  },
  statusCode: 500,
  fatal: false,
  unhandled: true,
  statusMessage: undefined,
  data: undefined
}
2025-11-05T02:19:53: [request error] [unhandled] [GET] http://localhost:3000/_nuxt/BTgB1rvp.js
 H3Error: ENOENT: no such file or directory, open '/Users/hf-mac/Downloads/tgpro-admin/.output/public/_nuxt/BTgB1rvp.js'
    at open (node:internal/fs/promises:641:25)
    ... 2 lines matching cause stack trace ...
    at Server.toNodeHandle (file:///Users/hf-mac/Downloads/tgpro-admin/.output/server/chunks/nitro/nitro.mjs:2230:7) {
  cause: Error: ENOENT: no such file or directory, open '/Users/hf-mac/Downloads/tgpro-admin/.output/public/_nuxt/BTgB1rvp.js'
      at open (node:internal/fs/promises:641:25)
      at Object.readFile (node:internal/fs/promises:1245:14)
      at Object.handler (file:///Users/hf-mac/Downloads/tgpro-admin/.output/server/chunks/nitro/nitro.mjs:1959:19)
      at Server.toNodeHandle (file:///Users/hf-mac/Downloads/tgpro-admin/.output/server/chunks/nitro/nitro.mjs:2230:7) {
    errno: -2,
    code: 'ENOENT',
    syscall: 'open',
    path: '/Users/hf-mac/Downloads/tgpro-admin/.output/public/_nuxt/BTgB1rvp.js'
  },
  statusCode: 500,
  fatal: false,
  unhandled: true,
  statusMessage: undefined,
  data: undefined
}
2025-11-05T02:19:53: [request error] [unhandled] [GET] http://localhost:3000/_nuxt/CXT04lNs.js
 H3Error: ENOENT: no such file or directory, open '/Users/hf-mac/Downloads/tgpro-admin/.output/public/_nuxt/CXT04lNs.js'
    at open (node:internal/fs/promises:641:25)
    ... 2 lines matching cause stack trace ...
    at Server.toNodeHandle (file:///Users/hf-mac/Downloads/tgpro-admin/.output/server/chunks/nitro/nitro.mjs:2230:7) {
  cause: Error: ENOENT: no such file or directory, open '/Users/hf-mac/Downloads/tgpro-admin/.output/public/_nuxt/CXT04lNs.js'
      at open (node:internal/fs/promises:641:25)
      at Object.readFile (node:internal/fs/promises:1245:14)
      at Object.handler (file:///Users/hf-mac/Downloads/tgpro-admin/.output/server/chunks/nitro/nitro.mjs:1959:19)
      at Server.toNodeHandle (file:///Users/hf-mac/Downloads/tgpro-admin/.output/server/chunks/nitro/nitro.mjs:2230:7) {
    errno: -2,
    code: 'ENOENT',
    syscall: 'open',
    path: '/Users/hf-mac/Downloads/tgpro-admin/.output/public/_nuxt/CXT04lNs.js'
  },
  statusCode: 500,
  fatal: false,
  unhandled: true,
  statusMessage: undefined,
  data: undefined
}
2025-11-05T02:19:53: [request error] [unhandled] [GET] http://localhost:3000/_nuxt/DcHNM1Xn.js
 H3Error: ENOENT: no such file or directory, open '/Users/hf-mac/Downloads/tgpro-admin/.output/public/_nuxt/DcHNM1Xn.js'
    at open (node:internal/fs/promises:641:25)
    ... 2 lines matching cause stack trace ...
    at Server.toNodeHandle (file:///Users/hf-mac/Downloads/tgpro-admin/.output/server/chunks/nitro/nitro.mjs:2230:7) {
  cause: Error: ENOENT: no such file or directory, open '/Users/hf-mac/Downloads/tgpro-admin/.output/public/_nuxt/DcHNM1Xn.js'
      at open (node:internal/fs/promises:641:25)
      at Object.readFile (node:internal/fs/promises:1245:14)
      at Object.handler (file:///Users/hf-mac/Downloads/tgpro-admin/.output/server/chunks/nitro/nitro.mjs:1959:19)
      at Server.toNodeHandle (file:///Users/hf-mac/Downloads/tgpro-admin/.output/server/chunks/nitro/nitro.mjs:2230:7) {
    errno: -2,
    code: 'ENOENT',
    syscall: 'open',
    path: '/Users/hf-mac/Downloads/tgpro-admin/.output/public/_nuxt/DcHNM1Xn.js'
  },
  statusCode: 500,
  fatal: false,
  unhandled: true,
  statusMessage: undefined,
  data: undefined
}
2025-11-05T02:19:53: [request error] [unhandled] [GET] http://localhost:3000/_nuxt/C4xQaJXR.js
 H3Error: ENOENT: no such file or directory, open '/Users/hf-mac/Downloads/tgpro-admin/.output/public/_nuxt/C4xQaJXR.js'
    at open (node:internal/fs/promises:641:25)
    ... 2 lines matching cause stack trace ...
    at Server.toNodeHandle (file:///Users/hf-mac/Downloads/tgpro-admin/.output/server/chunks/nitro/nitro.mjs:2230:7) {
  cause: Error: ENOENT: no such file or directory, open '/Users/hf-mac/Downloads/tgpro-admin/.output/public/_nuxt/C4xQaJXR.js'
      at open (node:internal/fs/promises:641:25)
      at Object.readFile (node:internal/fs/promises:1245:14)
      at Object.handler (file:///Users/hf-mac/Downloads/tgpro-admin/.output/server/chunks/nitro/nitro.mjs:1959:19)
      at Server.toNodeHandle (file:///Users/hf-mac/Downloads/tgpro-admin/.output/server/chunks/nitro/nitro.mjs:2230:7) {
    errno: -2,
    code: 'ENOENT',
    syscall: 'open',
    path: '/Users/hf-mac/Downloads/tgpro-admin/.output/public/_nuxt/C4xQaJXR.js'
  },
  statusCode: 500,
  fatal: false,
  unhandled: true,
  statusMessage: undefined,
  data: undefined
}
2025-11-05T02:19:53: [request error] [unhandled] [GET] http://localhost:3000/_nuxt/builds/meta/db489c3b-20ab-405c-96a2-98b632ec7da6.json
 H3Error: ENOENT: no such file or directory, open '/Users/hf-mac/Downloads/tgpro-admin/.output/public/_nuxt/builds/meta/db489c3b-20ab-405c-96a2-98b632ec7da6.json'
    at open (node:internal/fs/promises:641:25)
    ... 2 lines matching cause stack trace ...
    at Server.toNodeHandle (file:///Users/hf-mac/Downloads/tgpro-admin/.output/server/chunks/nitro/nitro.mjs:2230:7) {
  cause: Error: ENOENT: no such file or directory, open '/Users/hf-mac/Downloads/tgpro-admin/.output/public/_nuxt/builds/meta/db489c3b-20ab-405c-96a2-98b632ec7da6.json'
      at open (node:internal/fs/promises:641:25)
      at Object.readFile (node:internal/fs/promises:1245:14)
      at Object.handler (file:///Users/hf-mac/Downloads/tgpro-admin/.output/server/chunks/nitro/nitro.mjs:1959:19)
      at Server.toNodeHandle (file:///Users/hf-mac/Downloads/tgpro-admin/.output/server/chunks/nitro/nitro.mjs:2230:7) {
    errno: -2,
    code: 'ENOENT',
    syscall: 'open',
    path: '/Users/hf-mac/Downloads/tgpro-admin/.output/public/_nuxt/builds/meta/db489c3b-20ab-405c-96a2-98b632ec7da6.json'
  },
  statusCode: 500,
  fatal: false,
  unhandled: true,
  statusMessage: undefined,
  data: undefined
}
2025-11-05T02:20:11: [request error] [unhandled] [GET] http://localhost:3000/_nuxt/DbAgXtul.js
 H3Error: ENOENT: no such file or directory, open '/Users/hf-mac/Downloads/tgpro-admin/.output/public/_nuxt/DbAgXtul.js'
    at open (node:internal/fs/promises:641:25)
    ... 2 lines matching cause stack trace ...
    at Server.toNodeHandle (file:///Users/hf-mac/Downloads/tgpro-admin/.output/server/chunks/nitro/nitro.mjs:2230:7) {
  cause: Error: ENOENT: no such file or directory, open '/Users/hf-mac/Downloads/tgpro-admin/.output/public/_nuxt/DbAgXtul.js'
      at open (node:internal/fs/promises:641:25)
      at Object.readFile (node:internal/fs/promises:1245:14)
      at Object.handler (file:///Users/hf-mac/Downloads/tgpro-admin/.output/server/chunks/nitro/nitro.mjs:1959:19)
      at Server.toNodeHandle (file:///Users/hf-mac/Downloads/tgpro-admin/.output/server/chunks/nitro/nitro.mjs:2230:7) {
    errno: -2,
    code: 'ENOENT',
    syscall: 'open',
    path: '/Users/hf-mac/Downloads/tgpro-admin/.output/public/_nuxt/DbAgXtul.js'
  },
  statusCode: 500,
  fatal: false,
  unhandled: true,
  statusMessage: undefined,
  data: undefined
}
2025-11-05T02:20:11: [request error] [unhandled] [GET] http://localhost:3000/_nuxt/D_B5nL8y.js
 H3Error: ENOENT: no such file or directory, open '/Users/hf-mac/Downloads/tgpro-admin/.output/public/_nuxt/D_B5nL8y.js'
    at open (node:internal/fs/promises:641:25)
    ... 2 lines matching cause stack trace ...
    at Server.toNodeHandle (file:///Users/hf-mac/Downloads/tgpro-admin/.output/server/chunks/nitro/nitro.mjs:2230:7) {
  cause: Error: ENOENT: no such file or directory, open '/Users/hf-mac/Downloads/tgpro-admin/.output/public/_nuxt/D_B5nL8y.js'
      at open (node:internal/fs/promises:641:25)
      at Object.readFile (node:internal/fs/promises:1245:14)
      at Object.handler (file:///Users/hf-mac/Downloads/tgpro-admin/.output/server/chunks/nitro/nitro.mjs:1959:19)
      at Server.toNodeHandle (file:///Users/hf-mac/Downloads/tgpro-admin/.output/server/chunks/nitro/nitro.mjs:2230:7) {
    errno: -2,
    code: 'ENOENT',
    syscall: 'open',
    path: '/Users/hf-mac/Downloads/tgpro-admin/.output/public/_nuxt/D_B5nL8y.js'
  },
  statusCode: 500,
  fatal: false,
  unhandled: true,
  statusMessage: undefined,
  data: undefined
}
2025-11-05T02:20:11: [request error] [unhandled] [GET] http://localhost:3000/_nuxt/Bl84yrz9.js
 H3Error: ENOENT: no such file or directory, open '/Users/hf-mac/Downloads/tgpro-admin/.output/public/_nuxt/Bl84yrz9.js'
    at open (node:internal/fs/promises:641:25)
    ... 2 lines matching cause stack trace ...
    at Server.toNodeHandle (file:///Users/hf-mac/Downloads/tgpro-admin/.output/server/chunks/nitro/nitro.mjs:2230:7) {
  cause: Error: ENOENT: no such file or directory, open '/Users/hf-mac/Downloads/tgpro-admin/.output/public/_nuxt/Bl84yrz9.js'
      at open (node:internal/fs/promises:641:25)
      at Object.readFile (node:internal/fs/promises:1245:14)
      at Object.handler (file:///Users/hf-mac/Downloads/tgpro-admin/.output/server/chunks/nitro/nitro.mjs:1959:19)
      at Server.toNodeHandle (file:///Users/hf-mac/Downloads/tgpro-admin/.output/server/chunks/nitro/nitro.mjs:2230:7) {
    errno: -2,
    code: 'ENOENT',
    syscall: 'open',
    path: '/Users/hf-mac/Downloads/tgpro-admin/.output/public/_nuxt/Bl84yrz9.js'
  },
  statusCode: 500,
  fatal: false,
  unhandled: true,
  statusMessage: undefined,
  data: undefined
}
2025-11-05T02:20:11: [request error] [unhandled] [GET] http://localhost:3000/_nuxt/DpNIWReE.js
 H3Error: ENOENT: no such file or directory, open '/Users/hf-mac/Downloads/tgpro-admin/.output/public/_nuxt/DpNIWReE.js'
    at open (node:internal/fs/promises:641:25)
    ... 2 lines matching cause stack trace ...
    at Server.toNodeHandle (file:///Users/hf-mac/Downloads/tgpro-admin/.output/server/chunks/nitro/nitro.mjs:2230:7) {
  cause: Error: ENOENT: no such file or directory, open '/Users/hf-mac/Downloads/tgpro-admin/.output/public/_nuxt/DpNIWReE.js'
      at open (node:internal/fs/promises:641:25)
      at Object.readFile (node:internal/fs/promises:1245:14)
      at Object.handler (file:///Users/hf-mac/Downloads/tgpro-admin/.output/server/chunks/nitro/nitro.mjs:1959:19)
      at Server.toNodeHandle (file:///Users/hf-mac/Downloads/tgpro-admin/.output/server/chunks/nitro/nitro.mjs:2230:7) {
    errno: -2,
    code: 'ENOENT',
    syscall: 'open',
    path: '/Users/hf-mac/Downloads/tgpro-admin/.output/public/_nuxt/DpNIWReE.js'
  },
  statusCode: 500,
  fatal: false,
  unhandled: true,
  statusMessage: undefined,
  data: undefined
}
2025-11-05T02:20:11: [request error] [unhandled] [GET] http://localhost:3000/_nuxt/D974gv07.js
 H3Error: ENOENT: no such file or directory, open '/Users/hf-mac/Downloads/tgpro-admin/.output/public/_nuxt/D974gv07.js'
    at open (node:internal/fs/promises:641:25)
    ... 2 lines matching cause stack trace ...
    at Server.toNodeHandle (file:///Users/hf-mac/Downloads/tgpro-admin/.output/server/chunks/nitro/nitro.mjs:2230:7) {
  cause: Error: ENOENT: no such file or directory, open '/Users/hf-mac/Downloads/tgpro-admin/.output/public/_nuxt/D974gv07.js'
      at open (node:internal/fs/promises:641:25)
      at Object.readFile (node:internal/fs/promises:1245:14)
      at Object.handler (file:///Users/hf-mac/Downloads/tgpro-admin/.output/server/chunks/nitro/nitro.mjs:1959:19)
      at Server.toNodeHandle (file:///Users/hf-mac/Downloads/tgpro-admin/.output/server/chunks/nitro/nitro.mjs:2230:7) {
    errno: -2,
    code: 'ENOENT',
    syscall: 'open',
    path: '/Users/hf-mac/Downloads/tgpro-admin/.output/public/_nuxt/D974gv07.js'
  },
  statusCode: 500,
  fatal: false,
  unhandled: true,
  statusMessage: undefined,
  data: undefined
}
2025-11-05T02:20:11: [request error] [unhandled] [GET] http://localhost:3000/_nuxt/D32lUId-.js
 H3Error: ENOENT: no such file or directory, open '/Users/hf-mac/Downloads/tgpro-admin/.output/public/_nuxt/D32lUId-.js'
    at open (node:internal/fs/promises:641:25)
    ... 2 lines matching cause stack trace ...
    at Server.toNodeHandle (file:///Users/hf-mac/Downloads/tgpro-admin/.output/server/chunks/nitro/nitro.mjs:2230:7) {
  cause: Error: ENOENT: no such file or directory, open '/Users/hf-mac/Downloads/tgpro-admin/.output/public/_nuxt/D32lUId-.js'
      at open (node:internal/fs/promises:641:25)
      at Object.readFile (node:internal/fs/promises:1245:14)
      at Object.handler (file:///Users/hf-mac/Downloads/tgpro-admin/.output/server/chunks/nitro/nitro.mjs:1959:19)
      at Server.toNodeHandle (file:///Users/hf-mac/Downloads/tgpro-admin/.output/server/chunks/nitro/nitro.mjs:2230:7) {
    errno: -2,
    code: 'ENOENT',
    syscall: 'open',
    path: '/Users/hf-mac/Downloads/tgpro-admin/.output/public/_nuxt/D32lUId-.js'
  },
  statusCode: 500,
  fatal: false,
  unhandled: true,
  statusMessage: undefined,
  data: undefined
}
2025-11-05T02:20:11: [request error] [unhandled] [GET] http://localhost:3000/_nuxt/CetYVyQG.js
 H3Error: ENOENT: no such file or directory, open '/Users/hf-mac/Downloads/tgpro-admin/.output/public/_nuxt/CetYVyQG.js'
    at open (node:internal/fs/promises:641:25)
    ... 2 lines matching cause stack trace ...
    at Server.toNodeHandle (file:///Users/hf-mac/Downloads/tgpro-admin/.output/server/chunks/nitro/nitro.mjs:2230:7) {
  cause: Error: ENOENT: no such file or directory, open '/Users/hf-mac/Downloads/tgpro-admin/.output/public/_nuxt/CetYVyQG.js'
      at open (node:internal/fs/promises:641:25)
      at Object.readFile (node:internal/fs/promises:1245:14)
      at Object.handler (file:///Users/hf-mac/Downloads/tgpro-admin/.output/server/chunks/nitro/nitro.mjs:1959:19)
      at Server.toNodeHandle (file:///Users/hf-mac/Downloads/tgpro-admin/.output/server/chunks/nitro/nitro.mjs:2230:7) {
    errno: -2,
    code: 'ENOENT',
    syscall: 'open',
    path: '/Users/hf-mac/Downloads/tgpro-admin/.output/public/_nuxt/CetYVyQG.js'
  },
  statusCode: 500,
  fatal: false,
  unhandled: true,
  statusMessage: undefined,
  data: undefined
}
2025-11-05T02:20:11: [request error] [unhandled] [GET] http://localhost:3000/_nuxt/Db7eFA1E.js
 H3Error: ENOENT: no such file or directory, open '/Users/hf-mac/Downloads/tgpro-admin/.output/public/_nuxt/Db7eFA1E.js'
    at open (node:internal/fs/promises:641:25)
    ... 2 lines matching cause stack trace ...
    at Server.toNodeHandle (file:///Users/hf-mac/Downloads/tgpro-admin/.output/server/chunks/nitro/nitro.mjs:2230:7) {
  cause: Error: ENOENT: no such file or directory, open '/Users/hf-mac/Downloads/tgpro-admin/.output/public/_nuxt/Db7eFA1E.js'
      at open (node:internal/fs/promises:641:25)
      at Object.readFile (node:internal/fs/promises:1245:14)
      at Object.handler (file:///Users/hf-mac/Downloads/tgpro-admin/.output/server/chunks/nitro/nitro.mjs:1959:19)
      at Server.toNodeHandle (file:///Users/hf-mac/Downloads/tgpro-admin/.output/server/chunks/nitro/nitro.mjs:2230:7) {
    errno: -2,
    code: 'ENOENT',
    syscall: 'open',
    path: '/Users/hf-mac/Downloads/tgpro-admin/.output/public/_nuxt/Db7eFA1E.js'
  },
  statusCode: 500,
  fatal: false,
  unhandled: true,
  statusMessage: undefined,
  data: undefined
}
2025-11-05T02:20:11: [request error] [unhandled] [GET] http://localhost:3000/_nuxt/DAr-OQmd.js
 H3Error: ENOENT: no such file or directory, open '/Users/hf-mac/Downloads/tgpro-admin/.output/public/_nuxt/DAr-OQmd.js'
    at open (node:internal/fs/promises:641:25)
    ... 2 lines matching cause stack trace ...
    at Server.toNodeHandle (file:///Users/hf-mac/Downloads/tgpro-admin/.output/server/chunks/nitro/nitro.mjs:2230:7) {
  cause: Error: ENOENT: no such file or directory, open '/Users/hf-mac/Downloads/tgpro-admin/.output/public/_nuxt/DAr-OQmd.js'
      at open (node:internal/fs/promises:641:25)
      at Object.readFile (node:internal/fs/promises:1245:14)
      at Object.handler (file:///Users/hf-mac/Downloads/tgpro-admin/.output/server/chunks/nitro/nitro.mjs:1959:19)
      at Server.toNodeHandle (file:///Users/hf-mac/Downloads/tgpro-admin/.output/server/chunks/nitro/nitro.mjs:2230:7) {
    errno: -2,
    code: 'ENOENT',
    syscall: 'open',
    path: '/Users/hf-mac/Downloads/tgpro-admin/.output/public/_nuxt/DAr-OQmd.js'
  },
  statusCode: 500,
  fatal: false,
  unhandled: true,
  statusMessage: undefined,
  data: undefined
}
2025-11-05T02:20:11: [request error] [unhandled] [GET] http://localhost:3000/_nuxt/Bdz-sLfb.js
 H3Error: ENOENT: no such file or directory, open '/Users/hf-mac/Downloads/tgpro-admin/.output/public/_nuxt/Bdz-sLfb.js'
    at open (node:internal/fs/promises:641:25)
    ... 2 lines matching cause stack trace ...
    at Server.toNodeHandle (file:///Users/hf-mac/Downloads/tgpro-admin/.output/server/chunks/nitro/nitro.mjs:2230:7) {
  cause: Error: ENOENT: no such file or directory, open '/Users/hf-mac/Downloads/tgpro-admin/.output/public/_nuxt/Bdz-sLfb.js'
      at open (node:internal/fs/promises:641:25)
      at Object.readFile (node:internal/fs/promises:1245:14)
      at Object.handler (file:///Users/hf-mac/Downloads/tgpro-admin/.output/server/chunks/nitro/nitro.mjs:1959:19)
      at Server.toNodeHandle (file:///Users/hf-mac/Downloads/tgpro-admin/.output/server/chunks/nitro/nitro.mjs:2230:7) {
    errno: -2,
    code: 'ENOENT',
    syscall: 'open',
    path: '/Users/hf-mac/Downloads/tgpro-admin/.output/public/_nuxt/Bdz-sLfb.js'
  },
  statusCode: 500,
  fatal: false,
  unhandled: true,
  statusMessage: undefined,
  data: undefined
}
2025-11-05T02:20:11: [request error] [unhandled] [GET] http://localhost:3000/_nuxt/BTgB1rvp.js
 H3Error: ENOENT: no such file or directory, open '/Users/hf-mac/Downloads/tgpro-admin/.output/public/_nuxt/BTgB1rvp.js'
    at open (node:internal/fs/promises:641:25)
    ... 2 lines matching cause stack trace ...
    at Server.toNodeHandle (file:///Users/hf-mac/Downloads/tgpro-admin/.output/server/chunks/nitro/nitro.mjs:2230:7) {
  cause: Error: ENOENT: no such file or directory, open '/Users/hf-mac/Downloads/tgpro-admin/.output/public/_nuxt/BTgB1rvp.js'
      at open (node:internal/fs/promises:641:25)
      at Object.readFile (node:internal/fs/promises:1245:14)
      at Object.handler (file:///Users/hf-mac/Downloads/tgpro-admin/.output/server/chunks/nitro/nitro.mjs:1959:19)
      at Server.toNodeHandle (file:///Users/hf-mac/Downloads/tgpro-admin/.output/server/chunks/nitro/nitro.mjs:2230:7) {
    errno: -2,
    code: 'ENOENT',
    syscall: 'open',
    path: '/Users/hf-mac/Downloads/tgpro-admin/.output/public/_nuxt/BTgB1rvp.js'
  },
  statusCode: 500,
  fatal: false,
  unhandled: true,
  statusMessage: undefined,
  data: undefined
}
2025-11-05T02:20:11: [request error] [unhandled] [GET] http://localhost:3000/_nuxt/CXT04lNs.js
 H3Error: ENOENT: no such file or directory, open '/Users/hf-mac/Downloads/tgpro-admin/.output/public/_nuxt/CXT04lNs.js'
    at open (node:internal/fs/promises:641:25)
    ... 2 lines matching cause stack trace ...
    at Server.toNodeHandle (file:///Users/hf-mac/Downloads/tgpro-admin/.output/server/chunks/nitro/nitro.mjs:2230:7) {
  cause: Error: ENOENT: no such file or directory, open '/Users/hf-mac/Downloads/tgpro-admin/.output/public/_nuxt/CXT04lNs.js'
      at open (node:internal/fs/promises:641:25)
      at Object.readFile (node:internal/fs/promises:1245:14)
      at Object.handler (file:///Users/hf-mac/Downloads/tgpro-admin/.output/server/chunks/nitro/nitro.mjs:1959:19)
      at Server.toNodeHandle (file:///Users/hf-mac/Downloads/tgpro-admin/.output/server/chunks/nitro/nitro.mjs:2230:7) {
    errno: -2,
    code: 'ENOENT',
    syscall: 'open',
    path: '/Users/hf-mac/Downloads/tgpro-admin/.output/public/_nuxt/CXT04lNs.js'
  },
  statusCode: 500,
  fatal: false,
  unhandled: true,
  statusMessage: undefined,
  data: undefined
}
2025-11-05T02:20:11: [request error] [unhandled] [GET] http://localhost:3000/_nuxt/DcHNM1Xn.js
 H3Error: ENOENT: no such file or directory, open '/Users/hf-mac/Downloads/tgpro-admin/.output/public/_nuxt/DcHNM1Xn.js'
    at open (node:internal/fs/promises:641:25)
    ... 2 lines matching cause stack trace ...
    at Server.toNodeHandle (file:///Users/hf-mac/Downloads/tgpro-admin/.output/server/chunks/nitro/nitro.mjs:2230:7) {
  cause: Error: ENOENT: no such file or directory, open '/Users/hf-mac/Downloads/tgpro-admin/.output/public/_nuxt/DcHNM1Xn.js'
      at open (node:internal/fs/promises:641:25)
      at Object.readFile (node:internal/fs/promises:1245:14)
      at Object.handler (file:///Users/hf-mac/Downloads/tgpro-admin/.output/server/chunks/nitro/nitro.mjs:1959:19)
      at Server.toNodeHandle (file:///Users/hf-mac/Downloads/tgpro-admin/.output/server/chunks/nitro/nitro.mjs:2230:7) {
    errno: -2,
    code: 'ENOENT',
    syscall: 'open',
    path: '/Users/hf-mac/Downloads/tgpro-admin/.output/public/_nuxt/DcHNM1Xn.js'
  },
  statusCode: 500,
  fatal: false,
  unhandled: true,
  statusMessage: undefined,
  data: undefined
}
2025-11-05T02:20:11: [request error] [unhandled] [GET] http://localhost:3000/_nuxt/C4xQaJXR.js
 H3Error: ENOENT: no such file or directory, open '/Users/hf-mac/Downloads/tgpro-admin/.output/public/_nuxt/C4xQaJXR.js'
    at open (node:internal/fs/promises:641:25)
    ... 2 lines matching cause stack trace ...
    at Server.toNodeHandle (file:///Users/hf-mac/Downloads/tgpro-admin/.output/server/chunks/nitro/nitro.mjs:2230:7) {
  cause: Error: ENOENT: no such file or directory, open '/Users/hf-mac/Downloads/tgpro-admin/.output/public/_nuxt/C4xQaJXR.js'
      at open (node:internal/fs/promises:641:25)
      at Object.readFile (node:internal/fs/promises:1245:14)
      at Object.handler (file:///Users/hf-mac/Downloads/tgpro-admin/.output/server/chunks/nitro/nitro.mjs:1959:19)
      at Server.toNodeHandle (file:///Users/hf-mac/Downloads/tgpro-admin/.output/server/chunks/nitro/nitro.mjs:2230:7) {
    errno: -2,
    code: 'ENOENT',
    syscall: 'open',
    path: '/Users/hf-mac/Downloads/tgpro-admin/.output/public/_nuxt/C4xQaJXR.js'
  },
  statusCode: 500,
  fatal: false,
  unhandled: true,
  statusMessage: undefined,
  data: undefined
}
2025-11-05T02:20:44: [request error] [unhandled] [GET] http://localhost:3000/_nuxt/DbAgXtul.js
 H3Error: ENOENT: no such file or directory, open '/Users/hf-mac/Downloads/tgpro-admin/.output/public/_nuxt/DbAgXtul.js'
    at open (node:internal/fs/promises:641:25)
    ... 2 lines matching cause stack trace ...
    at Server.toNodeHandle (file:///Users/hf-mac/Downloads/tgpro-admin/.output/server/chunks/nitro/nitro.mjs:2230:7) {
  cause: Error: ENOENT: no such file or directory, open '/Users/hf-mac/Downloads/tgpro-admin/.output/public/_nuxt/DbAgXtul.js'
      at open (node:internal/fs/promises:641:25)
      at Object.readFile (node:internal/fs/promises:1245:14)
      at Object.handler (file:///Users/hf-mac/Downloads/tgpro-admin/.output/server/chunks/nitro/nitro.mjs:1959:19)
      at Server.toNodeHandle (file:///Users/hf-mac/Downloads/tgpro-admin/.output/server/chunks/nitro/nitro.mjs:2230:7) {
    errno: -2,
    code: 'ENOENT',
    syscall: 'open',
    path: '/Users/hf-mac/Downloads/tgpro-admin/.output/public/_nuxt/DbAgXtul.js'
  },
  statusCode: 500,
  fatal: false,
  unhandled: true,
  statusMessage: undefined,
  data: undefined
}
2025-11-05T02:20:44: [request error] [unhandled] [GET] http://localhost:3000/_nuxt/D_B5nL8y.js
 H3Error: ENOENT: no such file or directory, open '/Users/hf-mac/Downloads/tgpro-admin/.output/public/_nuxt/D_B5nL8y.js'
    at open (node:internal/fs/promises:641:25)
    ... 2 lines matching cause stack trace ...
    at Server.toNodeHandle (file:///Users/hf-mac/Downloads/tgpro-admin/.output/server/chunks/nitro/nitro.mjs:2230:7) {
  cause: Error: ENOENT: no such file or directory, open '/Users/hf-mac/Downloads/tgpro-admin/.output/public/_nuxt/D_B5nL8y.js'
      at open (node:internal/fs/promises:641:25)
      at Object.readFile (node:internal/fs/promises:1245:14)
      at Object.handler (file:///Users/hf-mac/Downloads/tgpro-admin/.output/server/chunks/nitro/nitro.mjs:1959:19)
      at Server.toNodeHandle (file:///Users/hf-mac/Downloads/tgpro-admin/.output/server/chunks/nitro/nitro.mjs:2230:7) {
    errno: -2,
    code: 'ENOENT',
    syscall: 'open',
    path: '/Users/hf-mac/Downloads/tgpro-admin/.output/public/_nuxt/D_B5nL8y.js'
  },
  statusCode: 500,
  fatal: false,
  unhandled: true,
  statusMessage: undefined,
  data: undefined
}
2025-11-05T02:20:44: [request error] [unhandled] [GET] http://localhost:3000/_nuxt/Bl84yrz9.js
 H3Error: ENOENT: no such file or directory, open '/Users/hf-mac/Downloads/tgpro-admin/.output/public/_nuxt/Bl84yrz9.js'
    at open (node:internal/fs/promises:641:25)
    ... 2 lines matching cause stack trace ...
    at Server.toNodeHandle (file:///Users/hf-mac/Downloads/tgpro-admin/.output/server/chunks/nitro/nitro.mjs:2230:7) {
  cause: Error: ENOENT: no such file or directory, open '/Users/hf-mac/Downloads/tgpro-admin/.output/public/_nuxt/Bl84yrz9.js'
      at open (node:internal/fs/promises:641:25)
      at Object.readFile (node:internal/fs/promises:1245:14)
      at Object.handler (file:///Users/hf-mac/Downloads/tgpro-admin/.output/server/chunks/nitro/nitro.mjs:1959:19)
      at Server.toNodeHandle (file:///Users/hf-mac/Downloads/tgpro-admin/.output/server/chunks/nitro/nitro.mjs:2230:7) {
    errno: -2,
    code: 'ENOENT',
    syscall: 'open',
    path: '/Users/hf-mac/Downloads/tgpro-admin/.output/public/_nuxt/Bl84yrz9.js'
  },
  statusCode: 500,
  fatal: false,
  unhandled: true,
  statusMessage: undefined,
  data: undefined
}
2025-11-05T02:20:44: [request error] [unhandled] [GET] http://localhost:3000/_nuxt/DpNIWReE.js
 H3Error: ENOENT: no such file or directory, open '/Users/hf-mac/Downloads/tgpro-admin/.output/public/_nuxt/DpNIWReE.js'
    at open (node:internal/fs/promises:641:25)
    ... 2 lines matching cause stack trace ...
    at Server.toNodeHandle (file:///Users/hf-mac/Downloads/tgpro-admin/.output/server/chunks/nitro/nitro.mjs:2230:7) {
  cause: Error: ENOENT: no such file or directory, open '/Users/hf-mac/Downloads/tgpro-admin/.output/public/_nuxt/DpNIWReE.js'
      at open (node:internal/fs/promises:641:25)
      at Object.readFile (node:internal/fs/promises:1245:14)
      at Object.handler (file:///Users/hf-mac/Downloads/tgpro-admin/.output/server/chunks/nitro/nitro.mjs:1959:19)
      at Server.toNodeHandle (file:///Users/hf-mac/Downloads/tgpro-admin/.output/server/chunks/nitro/nitro.mjs:2230:7) {
    errno: -2,
    code: 'ENOENT',
    syscall: 'open',
    path: '/Users/hf-mac/Downloads/tgpro-admin/.output/public/_nuxt/DpNIWReE.js'
  },
  statusCode: 500,
  fatal: false,
  unhandled: true,
  statusMessage: undefined,
  data: undefined
}
2025-11-05T02:20:44: [request error] [unhandled] [GET] http://localhost:3000/_nuxt/D974gv07.js
 H3Error: ENOENT: no such file or directory, open '/Users/hf-mac/Downloads/tgpro-admin/.output/public/_nuxt/D974gv07.js'
    at open (node:internal/fs/promises:641:25)
    ... 2 lines matching cause stack trace ...
    at Server.toNodeHandle (file:///Users/hf-mac/Downloads/tgpro-admin/.output/server/chunks/nitro/nitro.mjs:2230:7) {
  cause: Error: ENOENT: no such file or directory, open '/Users/hf-mac/Downloads/tgpro-admin/.output/public/_nuxt/D974gv07.js'
      at open (node:internal/fs/promises:641:25)
      at Object.readFile (node:internal/fs/promises:1245:14)
      at Object.handler (file:///Users/hf-mac/Downloads/tgpro-admin/.output/server/chunks/nitro/nitro.mjs:1959:19)
      at Server.toNodeHandle (file:///Users/hf-mac/Downloads/tgpro-admin/.output/server/chunks/nitro/nitro.mjs:2230:7) {
    errno: -2,
    code: 'ENOENT',
    syscall: 'open',
    path: '/Users/hf-mac/Downloads/tgpro-admin/.output/public/_nuxt/D974gv07.js'
  },
  statusCode: 500,
  fatal: false,
  unhandled: true,
  statusMessage: undefined,
  data: undefined
}
2025-11-05T02:20:44: [request error] [unhandled] [GET] http://localhost:3000/_nuxt/D32lUId-.js
 H3Error: ENOENT: no such file or directory, open '/Users/hf-mac/Downloads/tgpro-admin/.output/public/_nuxt/D32lUId-.js'
    at open (node:internal/fs/promises:641:25)
    ... 2 lines matching cause stack trace ...
    at Server.toNodeHandle (file:///Users/hf-mac/Downloads/tgpro-admin/.output/server/chunks/nitro/nitro.mjs:2230:7) {
  cause: Error: ENOENT: no such file or directory, open '/Users/hf-mac/Downloads/tgpro-admin/.output/public/_nuxt/D32lUId-.js'
      at open (node:internal/fs/promises:641:25)
      at Object.readFile (node:internal/fs/promises:1245:14)
      at Object.handler (file:///Users/hf-mac/Downloads/tgpro-admin/.output/server/chunks/nitro/nitro.mjs:1959:19)
      at Server.toNodeHandle (file:///Users/hf-mac/Downloads/tgpro-admin/.output/server/chunks/nitro/nitro.mjs:2230:7) {
    errno: -2,
    code: 'ENOENT',
    syscall: 'open',
    path: '/Users/hf-mac/Downloads/tgpro-admin/.output/public/_nuxt/D32lUId-.js'
  },
  statusCode: 500,
  fatal: false,
  unhandled: true,
  statusMessage: undefined,
  data: undefined
}
2025-11-05T02:20:44: [request error] [unhandled] [GET] http://localhost:3000/_nuxt/CetYVyQG.js
 H3Error: ENOENT: no such file or directory, open '/Users/hf-mac/Downloads/tgpro-admin/.output/public/_nuxt/CetYVyQG.js'
    at open (node:internal/fs/promises:641:25)
    ... 2 lines matching cause stack trace ...
    at Server.toNodeHandle (file:///Users/hf-mac/Downloads/tgpro-admin/.output/server/chunks/nitro/nitro.mjs:2230:7) {
  cause: Error: ENOENT: no such file or directory, open '/Users/hf-mac/Downloads/tgpro-admin/.output/public/_nuxt/CetYVyQG.js'
      at open (node:internal/fs/promises:641:25)
      at Object.readFile (node:internal/fs/promises:1245:14)
      at Object.handler (file:///Users/hf-mac/Downloads/tgpro-admin/.output/server/chunks/nitro/nitro.mjs:1959:19)
      at Server.toNodeHandle (file:///Users/hf-mac/Downloads/tgpro-admin/.output/server/chunks/nitro/nitro.mjs:2230:7) {
    errno: -2,
    code: 'ENOENT',
    syscall: 'open',
    path: '/Users/hf-mac/Downloads/tgpro-admin/.output/public/_nuxt/CetYVyQG.js'
  },
  statusCode: 500,
  fatal: false,
  unhandled: true,
  statusMessage: undefined,
  data: undefined
}
2025-11-05T02:20:44: [request error] [unhandled] [GET] http://localhost:3000/_nuxt/Db7eFA1E.js
 H3Error: ENOENT: no such file or directory, open '/Users/hf-mac/Downloads/tgpro-admin/.output/public/_nuxt/Db7eFA1E.js'
    at open (node:internal/fs/promises:641:25)
    ... 2 lines matching cause stack trace ...
    at Server.toNodeHandle (file:///Users/hf-mac/Downloads/tgpro-admin/.output/server/chunks/nitro/nitro.mjs:2230:7) {
  cause: Error: ENOENT: no such file or directory, open '/Users/hf-mac/Downloads/tgpro-admin/.output/public/_nuxt/Db7eFA1E.js'
      at open (node:internal/fs/promises:641:25)
      at Object.readFile (node:internal/fs/promises:1245:14)
      at Object.handler (file:///Users/hf-mac/Downloads/tgpro-admin/.output/server/chunks/nitro/nitro.mjs:1959:19)
      at Server.toNodeHandle (file:///Users/hf-mac/Downloads/tgpro-admin/.output/server/chunks/nitro/nitro.mjs:2230:7) {
    errno: -2,
    code: 'ENOENT',
    syscall: 'open',
    path: '/Users/hf-mac/Downloads/tgpro-admin/.output/public/_nuxt/Db7eFA1E.js'
  },
  statusCode: 500,
  fatal: false,
  unhandled: true,
  statusMessage: undefined,
  data: undefined
}
2025-11-05T02:20:44: [request error] [unhandled] [GET] http://localhost:3000/_nuxt/DAr-OQmd.js
 H3Error: ENOENT: no such file or directory, open '/Users/hf-mac/Downloads/tgpro-admin/.output/public/_nuxt/DAr-OQmd.js'
    at open (node:internal/fs/promises:641:25)
    ... 2 lines matching cause stack trace ...
    at Server.toNodeHandle (file:///Users/hf-mac/Downloads/tgpro-admin/.output/server/chunks/nitro/nitro.mjs:2230:7) {
  cause: Error: ENOENT: no such file or directory, open '/Users/hf-mac/Downloads/tgpro-admin/.output/public/_nuxt/DAr-OQmd.js'
      at open (node:internal/fs/promises:641:25)
      at Object.readFile (node:internal/fs/promises:1245:14)
      at Object.handler (file:///Users/hf-mac/Downloads/tgpro-admin/.output/server/chunks/nitro/nitro.mjs:1959:19)
      at Server.toNodeHandle (file:///Users/hf-mac/Downloads/tgpro-admin/.output/server/chunks/nitro/nitro.mjs:2230:7) {
    errno: -2,
    code: 'ENOENT',
    syscall: 'open',
    path: '/Users/hf-mac/Downloads/tgpro-admin/.output/public/_nuxt/DAr-OQmd.js'
  },
  statusCode: 500,
  fatal: false,
  unhandled: true,
  statusMessage: undefined,
  data: undefined
}
2025-11-05T02:20:44: [request error] [unhandled] [GET] http://localhost:3000/_nuxt/Bdz-sLfb.js
 H3Error: ENOENT: no such file or directory, open '/Users/hf-mac/Downloads/tgpro-admin/.output/public/_nuxt/Bdz-sLfb.js'
    at open (node:internal/fs/promises:641:25)
    ... 2 lines matching cause stack trace ...
    at Server.toNodeHandle (file:///Users/hf-mac/Downloads/tgpro-admin/.output/server/chunks/nitro/nitro.mjs:2230:7) {
  cause: Error: ENOENT: no such file or directory, open '/Users/hf-mac/Downloads/tgpro-admin/.output/public/_nuxt/Bdz-sLfb.js'
      at open (node:internal/fs/promises:641:25)
      at Object.readFile (node:internal/fs/promises:1245:14)
      at Object.handler (file:///Users/hf-mac/Downloads/tgpro-admin/.output/server/chunks/nitro/nitro.mjs:1959:19)
      at Server.toNodeHandle (file:///Users/hf-mac/Downloads/tgpro-admin/.output/server/chunks/nitro/nitro.mjs:2230:7) {
    errno: -2,
    code: 'ENOENT',
    syscall: 'open',
    path: '/Users/hf-mac/Downloads/tgpro-admin/.output/public/_nuxt/Bdz-sLfb.js'
  },
  statusCode: 500,
  fatal: false,
  unhandled: true,
  statusMessage: undefined,
  data: undefined
}
2025-11-05T02:20:44: [request error] [unhandled] [GET] http://localhost:3000/_nuxt/BTgB1rvp.js
 H3Error: ENOENT: no such file or directory, open '/Users/hf-mac/Downloads/tgpro-admin/.output/public/_nuxt/BTgB1rvp.js'
    at open (node:internal/fs/promises:641:25)
    ... 2 lines matching cause stack trace ...
    at Server.toNodeHandle (file:///Users/hf-mac/Downloads/tgpro-admin/.output/server/chunks/nitro/nitro.mjs:2230:7) {
  cause: Error: ENOENT: no such file or directory, open '/Users/hf-mac/Downloads/tgpro-admin/.output/public/_nuxt/BTgB1rvp.js'
      at open (node:internal/fs/promises:641:25)
      at Object.readFile (node:internal/fs/promises:1245:14)
      at Object.handler (file:///Users/hf-mac/Downloads/tgpro-admin/.output/server/chunks/nitro/nitro.mjs:1959:19)
      at Server.toNodeHandle (file:///Users/hf-mac/Downloads/tgpro-admin/.output/server/chunks/nitro/nitro.mjs:2230:7) {
    errno: -2,
    code: 'ENOENT',
    syscall: 'open',
    path: '/Users/hf-mac/Downloads/tgpro-admin/.output/public/_nuxt/BTgB1rvp.js'
  },
  statusCode: 500,
  fatal: false,
  unhandled: true,
  statusMessage: undefined,
  data: undefined
}
2025-11-05T02:20:44: [request error] [unhandled] [GET] http://localhost:3000/_nuxt/CXT04lNs.js
 H3Error: ENOENT: no such file or directory, open '/Users/hf-mac/Downloads/tgpro-admin/.output/public/_nuxt/CXT04lNs.js'
    at open (node:internal/fs/promises:641:25)
    ... 2 lines matching cause stack trace ...
    at Server.toNodeHandle (file:///Users/hf-mac/Downloads/tgpro-admin/.output/server/chunks/nitro/nitro.mjs:2230:7) {
  cause: Error: ENOENT: no such file or directory, open '/Users/hf-mac/Downloads/tgpro-admin/.output/public/_nuxt/CXT04lNs.js'
      at open (node:internal/fs/promises:641:25)
      at Object.readFile (node:internal/fs/promises:1245:14)
      at Object.handler (file:///Users/hf-mac/Downloads/tgpro-admin/.output/server/chunks/nitro/nitro.mjs:1959:19)
      at Server.toNodeHandle (file:///Users/hf-mac/Downloads/tgpro-admin/.output/server/chunks/nitro/nitro.mjs:2230:7) {
    errno: -2,
    code: 'ENOENT',
    syscall: 'open',
    path: '/Users/hf-mac/Downloads/tgpro-admin/.output/public/_nuxt/CXT04lNs.js'
  },
  statusCode: 500,
  fatal: false,
  unhandled: true,
  statusMessage: undefined,
  data: undefined
}
2025-11-05T02:20:44: [request error] [unhandled] [GET] http://localhost:3000/_nuxt/DcHNM1Xn.js
 H3Error: ENOENT: no such file or directory, open '/Users/hf-mac/Downloads/tgpro-admin/.output/public/_nuxt/DcHNM1Xn.js'
    at open (node:internal/fs/promises:641:25)
    ... 2 lines matching cause stack trace ...
    at Server.toNodeHandle (file:///Users/hf-mac/Downloads/tgpro-admin/.output/server/chunks/nitro/nitro.mjs:2230:7) {
  cause: Error: ENOENT: no such file or directory, open '/Users/hf-mac/Downloads/tgpro-admin/.output/public/_nuxt/DcHNM1Xn.js'
      at open (node:internal/fs/promises:641:25)
      at Object.readFile (node:internal/fs/promises:1245:14)
      at Object.handler (file:///Users/hf-mac/Downloads/tgpro-admin/.output/server/chunks/nitro/nitro.mjs:1959:19)
      at Server.toNodeHandle (file:///Users/hf-mac/Downloads/tgpro-admin/.output/server/chunks/nitro/nitro.mjs:2230:7) {
    errno: -2,
    code: 'ENOENT',
    syscall: 'open',
    path: '/Users/hf-mac/Downloads/tgpro-admin/.output/public/_nuxt/DcHNM1Xn.js'
  },
  statusCode: 500,
  fatal: false,
  unhandled: true,
  statusMessage: undefined,
  data: undefined
}
2025-11-05T02:22:06: [request error] [unhandled] [GET] http://localhost:3000/_nuxt/DbAgXtul.js
 H3Error: ENOENT: no such file or directory, open '/Users/hf-mac/Downloads/tgpro-admin/.output/public/_nuxt/DbAgXtul.js'
    at open (node:internal/fs/promises:641:25)
    ... 2 lines matching cause stack trace ...
    at Server.toNodeHandle (file:///Users/hf-mac/Downloads/tgpro-admin/.output/server/chunks/nitro/nitro.mjs:2230:7) {
  cause: Error: ENOENT: no such file or directory, open '/Users/hf-mac/Downloads/tgpro-admin/.output/public/_nuxt/DbAgXtul.js'
      at open (node:internal/fs/promises:641:25)
      at Object.readFile (node:internal/fs/promises:1245:14)
      at Object.handler (file:///Users/hf-mac/Downloads/tgpro-admin/.output/server/chunks/nitro/nitro.mjs:1959:19)
      at Server.toNodeHandle (file:///Users/hf-mac/Downloads/tgpro-admin/.output/server/chunks/nitro/nitro.mjs:2230:7) {
    errno: -2,
    code: 'ENOENT',
    syscall: 'open',
    path: '/Users/hf-mac/Downloads/tgpro-admin/.output/public/_nuxt/DbAgXtul.js'
  },
  statusCode: 500,
  fatal: false,
  unhandled: true,
  statusMessage: undefined,
  data: undefined
}
2025-11-05T02:22:06: [request error] [unhandled] [GET] http://localhost:3000/_nuxt/D_B5nL8y.js
 H3Error: ENOENT: no such file or directory, open '/Users/hf-mac/Downloads/tgpro-admin/.output/public/_nuxt/D_B5nL8y.js'
    at open (node:internal/fs/promises:641:25)
    ... 2 lines matching cause stack trace ...
    at Server.toNodeHandle (file:///Users/hf-mac/Downloads/tgpro-admin/.output/server/chunks/nitro/nitro.mjs:2230:7) {
  cause: Error: ENOENT: no such file or directory, open '/Users/hf-mac/Downloads/tgpro-admin/.output/public/_nuxt/D_B5nL8y.js'
      at open (node:internal/fs/promises:641:25)
      at Object.readFile (node:internal/fs/promises:1245:14)
      at Object.handler (file:///Users/hf-mac/Downloads/tgpro-admin/.output/server/chunks/nitro/nitro.mjs:1959:19)
      at Server.toNodeHandle (file:///Users/hf-mac/Downloads/tgpro-admin/.output/server/chunks/nitro/nitro.mjs:2230:7) {
    errno: -2,
    code: 'ENOENT',
    syscall: 'open',
    path: '/Users/hf-mac/Downloads/tgpro-admin/.output/public/_nuxt/D_B5nL8y.js'
  },
  statusCode: 500,
  fatal: false,
  unhandled: true,
  statusMessage: undefined,
  data: undefined
}
2025-11-05T02:22:06: [request error] [unhandled] [GET] http://localhost:3000/_nuxt/Bl84yrz9.js
 H3Error: ENOENT: no such file or directory, open '/Users/hf-mac/Downloads/tgpro-admin/.output/public/_nuxt/Bl84yrz9.js'
    at open (node:internal/fs/promises:641:25)
    ... 2 lines matching cause stack trace ...
    at Server.toNodeHandle (file:///Users/hf-mac/Downloads/tgpro-admin/.output/server/chunks/nitro/nitro.mjs:2230:7) {
  cause: Error: ENOENT: no such file or directory, open '/Users/hf-mac/Downloads/tgpro-admin/.output/public/_nuxt/Bl84yrz9.js'
      at open (node:internal/fs/promises:641:25)
      at Object.readFile (node:internal/fs/promises:1245:14)
      at Object.handler (file:///Users/hf-mac/Downloads/tgpro-admin/.output/server/chunks/nitro/nitro.mjs:1959:19)
      at Server.toNodeHandle (file:///Users/hf-mac/Downloads/tgpro-admin/.output/server/chunks/nitro/nitro.mjs:2230:7) {
    errno: -2,
    code: 'ENOENT',
    syscall: 'open',
    path: '/Users/hf-mac/Downloads/tgpro-admin/.output/public/_nuxt/Bl84yrz9.js'
  },
  statusCode: 500,
  fatal: false,
  unhandled: true,
  statusMessage: undefined,
  data: undefined
}
2025-11-05T02:22:06: [request error] [unhandled] [GET] http://localhost:3000/_nuxt/DpNIWReE.js
 H3Error: ENOENT: no such file or directory, open '/Users/hf-mac/Downloads/tgpro-admin/.output/public/_nuxt/DpNIWReE.js'
    at open (node:internal/fs/promises:641:25)
    ... 2 lines matching cause stack trace ...
    at Server.toNodeHandle (file:///Users/hf-mac/Downloads/tgpro-admin/.output/server/chunks/nitro/nitro.mjs:2230:7) {
  cause: Error: ENOENT: no such file or directory, open '/Users/hf-mac/Downloads/tgpro-admin/.output/public/_nuxt/DpNIWReE.js'
      at open (node:internal/fs/promises:641:25)
      at Object.readFile (node:internal/fs/promises:1245:14)
      at Object.handler (file:///Users/hf-mac/Downloads/tgpro-admin/.output/server/chunks/nitro/nitro.mjs:1959:19)
      at Server.toNodeHandle (file:///Users/hf-mac/Downloads/tgpro-admin/.output/server/chunks/nitro/nitro.mjs:2230:7) {
    errno: -2,
    code: 'ENOENT',
    syscall: 'open',
    path: '/Users/hf-mac/Downloads/tgpro-admin/.output/public/_nuxt/DpNIWReE.js'
  },
  statusCode: 500,
  fatal: false,
  unhandled: true,
  statusMessage: undefined,
  data: undefined
}
2025-11-05T02:22:06: [request error] [unhandled] [GET] http://localhost:3000/_nuxt/D974gv07.js
 H3Error: ENOENT: no such file or directory, open '/Users/hf-mac/Downloads/tgpro-admin/.output/public/_nuxt/D974gv07.js'
    at open (node:internal/fs/promises:641:25)
    ... 2 lines matching cause stack trace ...
    at Server.toNodeHandle (file:///Users/hf-mac/Downloads/tgpro-admin/.output/server/chunks/nitro/nitro.mjs:2230:7) {
  cause: Error: ENOENT: no such file or directory, open '/Users/hf-mac/Downloads/tgpro-admin/.output/public/_nuxt/D974gv07.js'
      at open (node:internal/fs/promises:641:25)
      at Object.readFile (node:internal/fs/promises:1245:14)
      at Object.handler (file:///Users/hf-mac/Downloads/tgpro-admin/.output/server/chunks/nitro/nitro.mjs:1959:19)
      at Server.toNodeHandle (file:///Users/hf-mac/Downloads/tgpro-admin/.output/server/chunks/nitro/nitro.mjs:2230:7) {
    errno: -2,
    code: 'ENOENT',
    syscall: 'open',
    path: '/Users/hf-mac/Downloads/tgpro-admin/.output/public/_nuxt/D974gv07.js'
  },
  statusCode: 500,
  fatal: false,
  unhandled: true,
  statusMessage: undefined,
  data: undefined
}
2025-11-05T02:22:06: [request error] [unhandled] [GET] http://localhost:3000/_nuxt/D32lUId-.js
 H3Error: ENOENT: no such file or directory, open '/Users/hf-mac/Downloads/tgpro-admin/.output/public/_nuxt/D32lUId-.js'
    at open (node:internal/fs/promises:641:25)
    ... 2 lines matching cause stack trace ...
    at Server.toNodeHandle (file:///Users/hf-mac/Downloads/tgpro-admin/.output/server/chunks/nitro/nitro.mjs:2230:7) {
  cause: Error: ENOENT: no such file or directory, open '/Users/hf-mac/Downloads/tgpro-admin/.output/public/_nuxt/D32lUId-.js'
      at open (node:internal/fs/promises:641:25)
      at Object.readFile (node:internal/fs/promises:1245:14)
      at Object.handler (file:///Users/hf-mac/Downloads/tgpro-admin/.output/server/chunks/nitro/nitro.mjs:1959:19)
      at Server.toNodeHandle (file:///Users/hf-mac/Downloads/tgpro-admin/.output/server/chunks/nitro/nitro.mjs:2230:7) {
    errno: -2,
    code: 'ENOENT',
    syscall: 'open',
    path: '/Users/hf-mac/Downloads/tgpro-admin/.output/public/_nuxt/D32lUId-.js'
  },
  statusCode: 500,
  fatal: false,
  unhandled: true,
  statusMessage: undefined,
  data: undefined
}
2025-11-05T02:22:06: [request error] [unhandled] [GET] http://localhost:3000/_nuxt/CetYVyQG.js
 H3Error: ENOENT: no such file or directory, open '/Users/hf-mac/Downloads/tgpro-admin/.output/public/_nuxt/CetYVyQG.js'
    at open (node:internal/fs/promises:641:25)
    ... 2 lines matching cause stack trace ...
    at Server.toNodeHandle (file:///Users/hf-mac/Downloads/tgpro-admin/.output/server/chunks/nitro/nitro.mjs:2230:7) {
  cause: Error: ENOENT: no such file or directory, open '/Users/hf-mac/Downloads/tgpro-admin/.output/public/_nuxt/CetYVyQG.js'
      at open (node:internal/fs/promises:641:25)
      at Object.readFile (node:internal/fs/promises:1245:14)
      at Object.handler (file:///Users/hf-mac/Downloads/tgpro-admin/.output/server/chunks/nitro/nitro.mjs:1959:19)
      at Server.toNodeHandle (file:///Users/hf-mac/Downloads/tgpro-admin/.output/server/chunks/nitro/nitro.mjs:2230:7) {
    errno: -2,
    code: 'ENOENT',
    syscall: 'open',
    path: '/Users/hf-mac/Downloads/tgpro-admin/.output/public/_nuxt/CetYVyQG.js'
  },
  statusCode: 500,
  fatal: false,
  unhandled: true,
  statusMessage: undefined,
  data: undefined
}
2025-11-05T02:22:06: [request error] [unhandled] [GET] http://localhost:3000/_nuxt/Db7eFA1E.js
 H3Error: ENOENT: no such file or directory, open '/Users/hf-mac/Downloads/tgpro-admin/.output/public/_nuxt/Db7eFA1E.js'
    at open (node:internal/fs/promises:641:25)
    ... 2 lines matching cause stack trace ...
    at Server.toNodeHandle (file:///Users/hf-mac/Downloads/tgpro-admin/.output/server/chunks/nitro/nitro.mjs:2230:7) {
  cause: Error: ENOENT: no such file or directory, open '/Users/hf-mac/Downloads/tgpro-admin/.output/public/_nuxt/Db7eFA1E.js'
      at open (node:internal/fs/promises:641:25)
      at Object.readFile (node:internal/fs/promises:1245:14)
      at Object.handler (file:///Users/hf-mac/Downloads/tgpro-admin/.output/server/chunks/nitro/nitro.mjs:1959:19)
      at Server.toNodeHandle (file:///Users/hf-mac/Downloads/tgpro-admin/.output/server/chunks/nitro/nitro.mjs:2230:7) {
    errno: -2,
    code: 'ENOENT',
    syscall: 'open',
    path: '/Users/hf-mac/Downloads/tgpro-admin/.output/public/_nuxt/Db7eFA1E.js'
  },
  statusCode: 500,
  fatal: false,
  unhandled: true,
  statusMessage: undefined,
  data: undefined
}
2025-11-05T02:22:06: [request error] [unhandled] [GET] http://localhost:3000/_nuxt/DAr-OQmd.js
 H3Error: ENOENT: no such file or directory, open '/Users/hf-mac/Downloads/tgpro-admin/.output/public/_nuxt/DAr-OQmd.js'
    at open (node:internal/fs/promises:641:25)
    ... 2 lines matching cause stack trace ...
    at Server.toNodeHandle (file:///Users/hf-mac/Downloads/tgpro-admin/.output/server/chunks/nitro/nitro.mjs:2230:7) {
  cause: Error: ENOENT: no such file or directory, open '/Users/hf-mac/Downloads/tgpro-admin/.output/public/_nuxt/DAr-OQmd.js'
      at open (node:internal/fs/promises:641:25)
      at Object.readFile (node:internal/fs/promises:1245:14)
      at Object.handler (file:///Users/hf-mac/Downloads/tgpro-admin/.output/server/chunks/nitro/nitro.mjs:1959:19)
      at Server.toNodeHandle (file:///Users/hf-mac/Downloads/tgpro-admin/.output/server/chunks/nitro/nitro.mjs:2230:7) {
    errno: -2,
    code: 'ENOENT',
    syscall: 'open',
    path: '/Users/hf-mac/Downloads/tgpro-admin/.output/public/_nuxt/DAr-OQmd.js'
  },
  statusCode: 500,
  fatal: false,
  unhandled: true,
  statusMessage: undefined,
  data: undefined
}
2025-11-05T02:22:06: [request error] [unhandled] [GET] http://localhost:3000/_nuxt/Bdz-sLfb.js
 H3Error: ENOENT: no such file or directory, open '/Users/hf-mac/Downloads/tgpro-admin/.output/public/_nuxt/Bdz-sLfb.js'
    at open (node:internal/fs/promises:641:25)
    ... 2 lines matching cause stack trace ...
    at Server.toNodeHandle (file:///Users/hf-mac/Downloads/tgpro-admin/.output/server/chunks/nitro/nitro.mjs:2230:7) {
  cause: Error: ENOENT: no such file or directory, open '/Users/hf-mac/Downloads/tgpro-admin/.output/public/_nuxt/Bdz-sLfb.js'
      at open (node:internal/fs/promises:641:25)
      at Object.readFile (node:internal/fs/promises:1245:14)
      at Object.handler (file:///Users/hf-mac/Downloads/tgpro-admin/.output/server/chunks/nitro/nitro.mjs:1959:19)
      at Server.toNodeHandle (file:///Users/hf-mac/Downloads/tgpro-admin/.output/server/chunks/nitro/nitro.mjs:2230:7) {
    errno: -2,
    code: 'ENOENT',
    syscall: 'open',
    path: '/Users/hf-mac/Downloads/tgpro-admin/.output/public/_nuxt/Bdz-sLfb.js'
  },
  statusCode: 500,
  fatal: false,
  unhandled: true,
  statusMessage: undefined,
  data: undefined
}
2025-11-05T02:22:06: [request error] [unhandled] [GET] http://localhost:3000/_nuxt/BTgB1rvp.js
 H3Error: ENOENT: no such file or directory, open '/Users/hf-mac/Downloads/tgpro-admin/.output/public/_nuxt/BTgB1rvp.js'
    at open (node:internal/fs/promises:641:25)
    ... 2 lines matching cause stack trace ...
    at Server.toNodeHandle (file:///Users/hf-mac/Downloads/tgpro-admin/.output/server/chunks/nitro/nitro.mjs:2230:7) {
  cause: Error: ENOENT: no such file or directory, open '/Users/hf-mac/Downloads/tgpro-admin/.output/public/_nuxt/BTgB1rvp.js'
      at open (node:internal/fs/promises:641:25)
      at Object.readFile (node:internal/fs/promises:1245:14)
      at Object.handler (file:///Users/hf-mac/Downloads/tgpro-admin/.output/server/chunks/nitro/nitro.mjs:1959:19)
      at Server.toNodeHandle (file:///Users/hf-mac/Downloads/tgpro-admin/.output/server/chunks/nitro/nitro.mjs:2230:7) {
    errno: -2,
    code: 'ENOENT',
    syscall: 'open',
    path: '/Users/hf-mac/Downloads/tgpro-admin/.output/public/_nuxt/BTgB1rvp.js'
  },
  statusCode: 500,
  fatal: false,
  unhandled: true,
  statusMessage: undefined,
  data: undefined
}
2025-11-05T02:22:06: [request error] [unhandled] [GET] http://localhost:3000/_nuxt/CXT04lNs.js
 H3Error: ENOENT: no such file or directory, open '/Users/hf-mac/Downloads/tgpro-admin/.output/public/_nuxt/CXT04lNs.js'
    at open (node:internal/fs/promises:641:25)
    ... 2 lines matching cause stack trace ...
    at Server.toNodeHandle (file:///Users/hf-mac/Downloads/tgpro-admin/.output/server/chunks/nitro/nitro.mjs:2230:7) {
  cause: Error: ENOENT: no such file or directory, open '/Users/hf-mac/Downloads/tgpro-admin/.output/public/_nuxt/CXT04lNs.js'
      at open (node:internal/fs/promises:641:25)
      at Object.readFile (node:internal/fs/promises:1245:14)
      at Object.handler (file:///Users/hf-mac/Downloads/tgpro-admin/.output/server/chunks/nitro/nitro.mjs:1959:19)
      at Server.toNodeHandle (file:///Users/hf-mac/Downloads/tgpro-admin/.output/server/chunks/nitro/nitro.mjs:2230:7) {
    errno: -2,
    code: 'ENOENT',
    syscall: 'open',
    path: '/Users/hf-mac/Downloads/tgpro-admin/.output/public/_nuxt/CXT04lNs.js'
  },
  statusCode: 500,
  fatal: false,
  unhandled: true,
  statusMessage: undefined,
  data: undefined
}
2025-11-05T02:22:06: [request error] [unhandled] [GET] http://localhost:3000/_nuxt/DcHNM1Xn.js
 H3Error: ENOENT: no such file or directory, open '/Users/hf-mac/Downloads/tgpro-admin/.output/public/_nuxt/DcHNM1Xn.js'
    at open (node:internal/fs/promises:641:25)
    ... 2 lines matching cause stack trace ...
    at Server.toNodeHandle (file:///Users/hf-mac/Downloads/tgpro-admin/.output/server/chunks/nitro/nitro.mjs:2230:7) {
  cause: Error: ENOENT: no such file or directory, open '/Users/hf-mac/Downloads/tgpro-admin/.output/public/_nuxt/DcHNM1Xn.js'
      at open (node:internal/fs/promises:641:25)
      at Object.readFile (node:internal/fs/promises:1245:14)
      at Object.handler (file:///Users/hf-mac/Downloads/tgpro-admin/.output/server/chunks/nitro/nitro.mjs:1959:19)
      at Server.toNodeHandle (file:///Users/hf-mac/Downloads/tgpro-admin/.output/server/chunks/nitro/nitro.mjs:2230:7) {
    errno: -2,
    code: 'ENOENT',
    syscall: 'open',
    path: '/Users/hf-mac/Downloads/tgpro-admin/.output/public/_nuxt/DcHNM1Xn.js'
  },
  statusCode: 500,
  fatal: false,
  unhandled: true,
  statusMessage: undefined,
  data: undefined
}
2025-11-05T02:24:03: [request error] [unhandled] [GET] http://localhost:3000/_nuxt/D_B5nL8y.js
 H3Error: ENOENT: no such file or directory, open '/Users/hf-mac/Downloads/tgpro-admin/.output/public/_nuxt/D_B5nL8y.js'
    at open (node:internal/fs/promises:641:25)
    ... 2 lines matching cause stack trace ...
    at Server.toNodeHandle (file:///Users/hf-mac/Downloads/tgpro-admin/.output/server/chunks/nitro/nitro.mjs:2230:7) {
  cause: Error: ENOENT: no such file or directory, open '/Users/hf-mac/Downloads/tgpro-admin/.output/public/_nuxt/D_B5nL8y.js'
      at open (node:internal/fs/promises:641:25)
      at Object.readFile (node:internal/fs/promises:1245:14)
      at Object.handler (file:///Users/hf-mac/Downloads/tgpro-admin/.output/server/chunks/nitro/nitro.mjs:1959:19)
      at Server.toNodeHandle (file:///Users/hf-mac/Downloads/tgpro-admin/.output/server/chunks/nitro/nitro.mjs:2230:7) {
    errno: -2,
    code: 'ENOENT',
    syscall: 'open',
    path: '/Users/hf-mac/Downloads/tgpro-admin/.output/public/_nuxt/D_B5nL8y.js'
  },
  statusCode: 500,
  fatal: false,
  unhandled: true,
  statusMessage: undefined,
  data: undefined
}
2025-11-05T02:24:04: [request error] [unhandled] [GET] http://localhost:3000/_nuxt/CP5kXZ_o.js
 H3Error: ENOENT: no such file or directory, open '/Users/hf-mac/Downloads/tgpro-admin/.output/public/_nuxt/CP5kXZ_o.js'
    at open (node:internal/fs/promises:641:25)
    ... 2 lines matching cause stack trace ...
    at Server.toNodeHandle (file:///Users/hf-mac/Downloads/tgpro-admin/.output/server/chunks/nitro/nitro.mjs:2230:7) {
  cause: Error: ENOENT: no such file or directory, open '/Users/hf-mac/Downloads/tgpro-admin/.output/public/_nuxt/CP5kXZ_o.js'
      at open (node:internal/fs/promises:641:25)
      at Object.readFile (node:internal/fs/promises:1245:14)
      at Object.handler (file:///Users/hf-mac/Downloads/tgpro-admin/.output/server/chunks/nitro/nitro.mjs:1959:19)
      at Server.toNodeHandle (file:///Users/hf-mac/Downloads/tgpro-admin/.output/server/chunks/nitro/nitro.mjs:2230:7) {
    errno: -2,
    code: 'ENOENT',
    syscall: 'open',
    path: '/Users/hf-mac/Downloads/tgpro-admin/.output/public/_nuxt/CP5kXZ_o.js'
  },
  statusCode: 500,
  fatal: false,
  unhandled: true,
  statusMessage: undefined,
  data: undefined
}
2025-11-05T02:24:04: [request error] [unhandled] [GET] http://localhost:3000/_nuxt/D_B5nL8y.js
 H3Error: ENOENT: no such file or directory, open '/Users/hf-mac/Downloads/tgpro-admin/.output/public/_nuxt/D_B5nL8y.js'
    at open (node:internal/fs/promises:641:25)
    ... 2 lines matching cause stack trace ...
    at Server.toNodeHandle (file:///Users/hf-mac/Downloads/tgpro-admin/.output/server/chunks/nitro/nitro.mjs:2230:7) {
  cause: Error: ENOENT: no such file or directory, open '/Users/hf-mac/Downloads/tgpro-admin/.output/public/_nuxt/D_B5nL8y.js'
      at open (node:internal/fs/promises:641:25)
      at Object.readFile (node:internal/fs/promises:1245:14)
      at Object.handler (file:///Users/hf-mac/Downloads/tgpro-admin/.output/server/chunks/nitro/nitro.mjs:1959:19)
      at Server.toNodeHandle (file:///Users/hf-mac/Downloads/tgpro-admin/.output/server/chunks/nitro/nitro.mjs:2230:7) {
    errno: -2,
    code: 'ENOENT',
    syscall: 'open',
    path: '/Users/hf-mac/Downloads/tgpro-admin/.output/public/_nuxt/D_B5nL8y.js'
  },
  statusCode: 500,
  fatal: false,
  unhandled: true,
  statusMessage: undefined,
  data: undefined
}
2025-11-05T02:24:04: [request error] [unhandled] [GET] http://localhost:3000/_nuxt/CP5kXZ_o.js
 H3Error: ENOENT: no such file or directory, open '/Users/hf-mac/Downloads/tgpro-admin/.output/public/_nuxt/CP5kXZ_o.js'
    at open (node:internal/fs/promises:641:25)
    ... 2 lines matching cause stack trace ...
    at Server.toNodeHandle (file:///Users/hf-mac/Downloads/tgpro-admin/.output/server/chunks/nitro/nitro.mjs:2230:7) {
  cause: Error: ENOENT: no such file or directory, open '/Users/hf-mac/Downloads/tgpro-admin/.output/public/_nuxt/CP5kXZ_o.js'
      at open (node:internal/fs/promises:641:25)
      at Object.readFile (node:internal/fs/promises:1245:14)
      at Object.handler (file:///Users/hf-mac/Downloads/tgpro-admin/.output/server/chunks/nitro/nitro.mjs:1959:19)
      at Server.toNodeHandle (file:///Users/hf-mac/Downloads/tgpro-admin/.output/server/chunks/nitro/nitro.mjs:2230:7) {
    errno: -2,
    code: 'ENOENT',
    syscall: 'open',
    path: '/Users/hf-mac/Downloads/tgpro-admin/.output/public/_nuxt/CP5kXZ_o.js'
  },
  statusCode: 500,
  fatal: false,
  unhandled: true,
  statusMessage: undefined,
  data: undefined
}
2025-11-05T02:24:30: [request error] [unhandled] [GET] http://localhost:3000/_nuxt/D_B5nL8y.js
 H3Error: ENOENT: no such file or directory, open '/Users/hf-mac/Downloads/tgpro-admin/.output/public/_nuxt/D_B5nL8y.js'
    at open (node:internal/fs/promises:641:25)
    ... 2 lines matching cause stack trace ...
    at Server.toNodeHandle (file:///Users/hf-mac/Downloads/tgpro-admin/.output/server/chunks/nitro/nitro.mjs:2230:7) {
  cause: Error: ENOENT: no such file or directory, open '/Users/hf-mac/Downloads/tgpro-admin/.output/public/_nuxt/D_B5nL8y.js'
      at open (node:internal/fs/promises:641:25)
      at Object.readFile (node:internal/fs/promises:1245:14)
      at Object.handler (file:///Users/hf-mac/Downloads/tgpro-admin/.output/server/chunks/nitro/nitro.mjs:1959:19)
      at Server.toNodeHandle (file:///Users/hf-mac/Downloads/tgpro-admin/.output/server/chunks/nitro/nitro.mjs:2230:7) {
    errno: -2,
    code: 'ENOENT',
    syscall: 'open',
    path: '/Users/hf-mac/Downloads/tgpro-admin/.output/public/_nuxt/D_B5nL8y.js'
  },
  statusCode: 500,
  fatal: false,
  unhandled: true,
  statusMessage: undefined,
  data: undefined
}
2025-11-05T02:24:31: [request error] [unhandled] [GET] http://localhost:3000/_nuxt/CP5kXZ_o.js
 H3Error: ENOENT: no such file or directory, open '/Users/hf-mac/Downloads/tgpro-admin/.output/public/_nuxt/CP5kXZ_o.js'
    at open (node:internal/fs/promises:641:25)
    ... 2 lines matching cause stack trace ...
    at Server.toNodeHandle (file:///Users/hf-mac/Downloads/tgpro-admin/.output/server/chunks/nitro/nitro.mjs:2230:7) {
  cause: Error: ENOENT: no such file or directory, open '/Users/hf-mac/Downloads/tgpro-admin/.output/public/_nuxt/CP5kXZ_o.js'
      at open (node:internal/fs/promises:641:25)
      at Object.readFile (node:internal/fs/promises:1245:14)
      at Object.handler (file:///Users/hf-mac/Downloads/tgpro-admin/.output/server/chunks/nitro/nitro.mjs:1959:19)
      at Server.toNodeHandle (file:///Users/hf-mac/Downloads/tgpro-admin/.output/server/chunks/nitro/nitro.mjs:2230:7) {
    errno: -2,
    code: 'ENOENT',
    syscall: 'open',
    path: '/Users/hf-mac/Downloads/tgpro-admin/.output/public/_nuxt/CP5kXZ_o.js'
  },
  statusCode: 500,
  fatal: false,
  unhandled: true,
  statusMessage: undefined,
  data: undefined
}
2025-11-05T02:24:31: [request error] [unhandled] [GET] http://localhost:3000/_nuxt/D_B5nL8y.js
 H3Error: ENOENT: no such file or directory, open '/Users/hf-mac/Downloads/tgpro-admin/.output/public/_nuxt/D_B5nL8y.js'
    at open (node:internal/fs/promises:641:25)
    ... 2 lines matching cause stack trace ...
    at Server.toNodeHandle (file:///Users/hf-mac/Downloads/tgpro-admin/.output/server/chunks/nitro/nitro.mjs:2230:7) {
  cause: Error: ENOENT: no such file or directory, open '/Users/hf-mac/Downloads/tgpro-admin/.output/public/_nuxt/D_B5nL8y.js'
      at open (node:internal/fs/promises:641:25)
      at Object.readFile (node:internal/fs/promises:1245:14)
      at Object.handler (file:///Users/hf-mac/Downloads/tgpro-admin/.output/server/chunks/nitro/nitro.mjs:1959:19)
      at Server.toNodeHandle (file:///Users/hf-mac/Downloads/tgpro-admin/.output/server/chunks/nitro/nitro.mjs:2230:7) {
    errno: -2,
    code: 'ENOENT',
    syscall: 'open',
    path: '/Users/hf-mac/Downloads/tgpro-admin/.output/public/_nuxt/D_B5nL8y.js'
  },
  statusCode: 500,
  fatal: false,
  unhandled: true,
  statusMessage: undefined,
  data: undefined
}
2025-11-05T02:24:31: [request error] [unhandled] [GET] http://localhost:3000/_nuxt/CP5kXZ_o.js
 H3Error: ENOENT: no such file or directory, open '/Users/hf-mac/Downloads/tgpro-admin/.output/public/_nuxt/CP5kXZ_o.js'
    at open (node:internal/fs/promises:641:25)
    ... 2 lines matching cause stack trace ...
    at Server.toNodeHandle (file:///Users/hf-mac/Downloads/tgpro-admin/.output/server/chunks/nitro/nitro.mjs:2230:7) {
  cause: Error: ENOENT: no such file or directory, open '/Users/hf-mac/Downloads/tgpro-admin/.output/public/_nuxt/CP5kXZ_o.js'
      at open (node:internal/fs/promises:641:25)
      at Object.readFile (node:internal/fs/promises:1245:14)
      at Object.handler (file:///Users/hf-mac/Downloads/tgpro-admin/.output/server/chunks/nitro/nitro.mjs:1959:19)
      at Server.toNodeHandle (file:///Users/hf-mac/Downloads/tgpro-admin/.output/server/chunks/nitro/nitro.mjs:2230:7) {
    errno: -2,
    code: 'ENOENT',
    syscall: 'open',
    path: '/Users/hf-mac/Downloads/tgpro-admin/.output/public/_nuxt/CP5kXZ_o.js'
  },
  statusCode: 500,
  fatal: false,
  unhandled: true,
  statusMessage: undefined,
  data: undefined
}
2025-11-05T02:28:26: [request error] [unhandled] [GET] http://localhost:3000/_nuxt/DbAgXtul.js
 H3Error: ENOENT: no such file or directory, open '/Users/hf-mac/Downloads/tgpro-admin/.output/public/_nuxt/DbAgXtul.js'
    at open (node:internal/fs/promises:641:25)
    ... 2 lines matching cause stack trace ...
    at Server.toNodeHandle (file:///Users/hf-mac/Downloads/tgpro-admin/.output/server/chunks/nitro/nitro.mjs:2230:7) {
  cause: Error: ENOENT: no such file or directory, open '/Users/hf-mac/Downloads/tgpro-admin/.output/public/_nuxt/DbAgXtul.js'
      at open (node:internal/fs/promises:641:25)
      at Object.readFile (node:internal/fs/promises:1245:14)
      at Object.handler (file:///Users/hf-mac/Downloads/tgpro-admin/.output/server/chunks/nitro/nitro.mjs:1959:19)
      at Server.toNodeHandle (file:///Users/hf-mac/Downloads/tgpro-admin/.output/server/chunks/nitro/nitro.mjs:2230:7) {
    errno: -2,
    code: 'ENOENT',
    syscall: 'open',
    path: '/Users/hf-mac/Downloads/tgpro-admin/.output/public/_nuxt/DbAgXtul.js'
  },
  statusCode: 500,
  fatal: false,
  unhandled: true,
  statusMessage: undefined,
  data: undefined
}
2025-11-05T02:28:26: [request error] [unhandled] [GET] http://localhost:3000/_nuxt/D_B5nL8y.js
 H3Error: ENOENT: no such file or directory, open '/Users/hf-mac/Downloads/tgpro-admin/.output/public/_nuxt/D_B5nL8y.js'
    at open (node:internal/fs/promises:641:25)
    ... 2 lines matching cause stack trace ...
    at Server.toNodeHandle (file:///Users/hf-mac/Downloads/tgpro-admin/.output/server/chunks/nitro/nitro.mjs:2230:7) {
  cause: Error: ENOENT: no such file or directory, open '/Users/hf-mac/Downloads/tgpro-admin/.output/public/_nuxt/D_B5nL8y.js'
      at open (node:internal/fs/promises:641:25)
      at Object.readFile (node:internal/fs/promises:1245:14)
      at Object.handler (file:///Users/hf-mac/Downloads/tgpro-admin/.output/server/chunks/nitro/nitro.mjs:1959:19)
      at Server.toNodeHandle (file:///Users/hf-mac/Downloads/tgpro-admin/.output/server/chunks/nitro/nitro.mjs:2230:7) {
    errno: -2,
    code: 'ENOENT',
    syscall: 'open',
    path: '/Users/hf-mac/Downloads/tgpro-admin/.output/public/_nuxt/D_B5nL8y.js'
  },
  statusCode: 500,
  fatal: false,
  unhandled: true,
  statusMessage: undefined,
  data: undefined
}
2025-11-05T02:28:26: [request error] [unhandled] [GET] http://localhost:3000/_nuxt/Bl84yrz9.js
 H3Error: ENOENT: no such file or directory, open '/Users/hf-mac/Downloads/tgpro-admin/.output/public/_nuxt/Bl84yrz9.js'
    at open (node:internal/fs/promises:641:25)
    ... 2 lines matching cause stack trace ...
    at Server.toNodeHandle (file:///Users/hf-mac/Downloads/tgpro-admin/.output/server/chunks/nitro/nitro.mjs:2230:7) {
  cause: Error: ENOENT: no such file or directory, open '/Users/hf-mac/Downloads/tgpro-admin/.output/public/_nuxt/Bl84yrz9.js'
      at open (node:internal/fs/promises:641:25)
      at Object.readFile (node:internal/fs/promises:1245:14)
      at Object.handler (file:///Users/hf-mac/Downloads/tgpro-admin/.output/server/chunks/nitro/nitro.mjs:1959:19)
      at Server.toNodeHandle (file:///Users/hf-mac/Downloads/tgpro-admin/.output/server/chunks/nitro/nitro.mjs:2230:7) {
    errno: -2,
    code: 'ENOENT',
    syscall: 'open',
    path: '/Users/hf-mac/Downloads/tgpro-admin/.output/public/_nuxt/Bl84yrz9.js'
  },
  statusCode: 500,
  fatal: false,
  unhandled: true,
  statusMessage: undefined,
  data: undefined
}
2025-11-05T02:28:26: [request error] [unhandled] [GET] http://localhost:3000/_nuxt/DpNIWReE.js
 H3Error: ENOENT: no such file or directory, open '/Users/hf-mac/Downloads/tgpro-admin/.output/public/_nuxt/DpNIWReE.js'
    at open (node:internal/fs/promises:641:25)
    ... 2 lines matching cause stack trace ...
    at Server.toNodeHandle (file:///Users/hf-mac/Downloads/tgpro-admin/.output/server/chunks/nitro/nitro.mjs:2230:7) {
  cause: Error: ENOENT: no such file or directory, open '/Users/hf-mac/Downloads/tgpro-admin/.output/public/_nuxt/DpNIWReE.js'
      at open (node:internal/fs/promises:641:25)
      at Object.readFile (node:internal/fs/promises:1245:14)
      at Object.handler (file:///Users/hf-mac/Downloads/tgpro-admin/.output/server/chunks/nitro/nitro.mjs:1959:19)
      at Server.toNodeHandle (file:///Users/hf-mac/Downloads/tgpro-admin/.output/server/chunks/nitro/nitro.mjs:2230:7) {
    errno: -2,
    code: 'ENOENT',
    syscall: 'open',
    path: '/Users/hf-mac/Downloads/tgpro-admin/.output/public/_nuxt/DpNIWReE.js'
  },
  statusCode: 500,
  fatal: false,
  unhandled: true,
  statusMessage: undefined,
  data: undefined
}
2025-11-05T02:28:26: [request error] [unhandled] [GET] http://localhost:3000/_nuxt/D974gv07.js
 H3Error: ENOENT: no such file or directory, open '/Users/hf-mac/Downloads/tgpro-admin/.output/public/_nuxt/D974gv07.js'
    at open (node:internal/fs/promises:641:25)
    ... 2 lines matching cause stack trace ...
    at Server.toNodeHandle (file:///Users/hf-mac/Downloads/tgpro-admin/.output/server/chunks/nitro/nitro.mjs:2230:7) {
  cause: Error: ENOENT: no such file or directory, open '/Users/hf-mac/Downloads/tgpro-admin/.output/public/_nuxt/D974gv07.js'
      at open (node:internal/fs/promises:641:25)
      at Object.readFile (node:internal/fs/promises:1245:14)
      at Object.handler (file:///Users/hf-mac/Downloads/tgpro-admin/.output/server/chunks/nitro/nitro.mjs:1959:19)
      at Server.toNodeHandle (file:///Users/hf-mac/Downloads/tgpro-admin/.output/server/chunks/nitro/nitro.mjs:2230:7) {
    errno: -2,
    code: 'ENOENT',
    syscall: 'open',
    path: '/Users/hf-mac/Downloads/tgpro-admin/.output/public/_nuxt/D974gv07.js'
  },
  statusCode: 500,
  fatal: false,
  unhandled: true,
  statusMessage: undefined,
  data: undefined
}
2025-11-05T02:28:26: [request error] [unhandled] [GET] http://localhost:3000/_nuxt/D32lUId-.js
 H3Error: ENOENT: no such file or directory, open '/Users/hf-mac/Downloads/tgpro-admin/.output/public/_nuxt/D32lUId-.js'
    at open (node:internal/fs/promises:641:25)
    ... 2 lines matching cause stack trace ...
    at Server.toNodeHandle (file:///Users/hf-mac/Downloads/tgpro-admin/.output/server/chunks/nitro/nitro.mjs:2230:7) {
  cause: Error: ENOENT: no such file or directory, open '/Users/hf-mac/Downloads/tgpro-admin/.output/public/_nuxt/D32lUId-.js'
      at open (node:internal/fs/promises:641:25)
      at Object.readFile (node:internal/fs/promises:1245:14)
      at Object.handler (file:///Users/hf-mac/Downloads/tgpro-admin/.output/server/chunks/nitro/nitro.mjs:1959:19)
      at Server.toNodeHandle (file:///Users/hf-mac/Downloads/tgpro-admin/.output/server/chunks/nitro/nitro.mjs:2230:7) {
    errno: -2,
    code: 'ENOENT',
    syscall: 'open',
    path: '/Users/hf-mac/Downloads/tgpro-admin/.output/public/_nuxt/D32lUId-.js'
  },
  statusCode: 500,
  fatal: false,
  unhandled: true,
  statusMessage: undefined,
  data: undefined
}
2025-11-05T02:28:26: [request error] [unhandled] [GET] http://localhost:3000/_nuxt/CetYVyQG.js
 H3Error: ENOENT: no such file or directory, open '/Users/hf-mac/Downloads/tgpro-admin/.output/public/_nuxt/CetYVyQG.js'
    at open (node:internal/fs/promises:641:25)
    ... 2 lines matching cause stack trace ...
    at Server.toNodeHandle (file:///Users/hf-mac/Downloads/tgpro-admin/.output/server/chunks/nitro/nitro.mjs:2230:7) {
  cause: Error: ENOENT: no such file or directory, open '/Users/hf-mac/Downloads/tgpro-admin/.output/public/_nuxt/CetYVyQG.js'
      at open (node:internal/fs/promises:641:25)
      at Object.readFile (node:internal/fs/promises:1245:14)
      at Object.handler (file:///Users/hf-mac/Downloads/tgpro-admin/.output/server/chunks/nitro/nitro.mjs:1959:19)
      at Server.toNodeHandle (file:///Users/hf-mac/Downloads/tgpro-admin/.output/server/chunks/nitro/nitro.mjs:2230:7) {
    errno: -2,
    code: 'ENOENT',
    syscall: 'open',
    path: '/Users/hf-mac/Downloads/tgpro-admin/.output/public/_nuxt/CetYVyQG.js'
  },
  statusCode: 500,
  fatal: false,
  unhandled: true,
  statusMessage: undefined,
  data: undefined
}
2025-11-05T02:28:26: [request error] [unhandled] [GET] http://localhost:3000/_nuxt/Db7eFA1E.js
 H3Error: ENOENT: no such file or directory, open '/Users/hf-mac/Downloads/tgpro-admin/.output/public/_nuxt/Db7eFA1E.js'
    at open (node:internal/fs/promises:641:25)
    ... 2 lines matching cause stack trace ...
    at Server.toNodeHandle (file:///Users/hf-mac/Downloads/tgpro-admin/.output/server/chunks/nitro/nitro.mjs:2230:7) {
  cause: Error: ENOENT: no such file or directory, open '/Users/hf-mac/Downloads/tgpro-admin/.output/public/_nuxt/Db7eFA1E.js'
      at open (node:internal/fs/promises:641:25)
      at Object.readFile (node:internal/fs/promises:1245:14)
      at Object.handler (file:///Users/hf-mac/Downloads/tgpro-admin/.output/server/chunks/nitro/nitro.mjs:1959:19)
      at Server.toNodeHandle (file:///Users/hf-mac/Downloads/tgpro-admin/.output/server/chunks/nitro/nitro.mjs:2230:7) {
    errno: -2,
    code: 'ENOENT',
    syscall: 'open',
    path: '/Users/hf-mac/Downloads/tgpro-admin/.output/public/_nuxt/Db7eFA1E.js'
  },
  statusCode: 500,
  fatal: false,
  unhandled: true,
  statusMessage: undefined,
  data: undefined
}
2025-11-05T02:28:26: [request error] [unhandled] [GET] http://localhost:3000/_nuxt/DAr-OQmd.js
 H3Error: ENOENT: no such file or directory, open '/Users/hf-mac/Downloads/tgpro-admin/.output/public/_nuxt/DAr-OQmd.js'
    at open (node:internal/fs/promises:641:25)
    ... 2 lines matching cause stack trace ...
    at Server.toNodeHandle (file:///Users/hf-mac/Downloads/tgpro-admin/.output/server/chunks/nitro/nitro.mjs:2230:7) {
  cause: Error: ENOENT: no such file or directory, open '/Users/hf-mac/Downloads/tgpro-admin/.output/public/_nuxt/DAr-OQmd.js'
      at open (node:internal/fs/promises:641:25)
      at Object.readFile (node:internal/fs/promises:1245:14)
      at Object.handler (file:///Users/hf-mac/Downloads/tgpro-admin/.output/server/chunks/nitro/nitro.mjs:1959:19)
      at Server.toNodeHandle (file:///Users/hf-mac/Downloads/tgpro-admin/.output/server/chunks/nitro/nitro.mjs:2230:7) {
    errno: -2,
    code: 'ENOENT',
    syscall: 'open',
    path: '/Users/hf-mac/Downloads/tgpro-admin/.output/public/_nuxt/DAr-OQmd.js'
  },
  statusCode: 500,
  fatal: false,
  unhandled: true,
  statusMessage: undefined,
  data: undefined
}
2025-11-05T02:28:26: [request error] [unhandled] [GET] http://localhost:3000/_nuxt/Bdz-sLfb.js
 H3Error: ENOENT: no such file or directory, open '/Users/hf-mac/Downloads/tgpro-admin/.output/public/_nuxt/Bdz-sLfb.js'
    at open (node:internal/fs/promises:641:25)
    ... 2 lines matching cause stack trace ...
    at Server.toNodeHandle (file:///Users/hf-mac/Downloads/tgpro-admin/.output/server/chunks/nitro/nitro.mjs:2230:7) {
  cause: Error: ENOENT: no such file or directory, open '/Users/hf-mac/Downloads/tgpro-admin/.output/public/_nuxt/Bdz-sLfb.js'
      at open (node:internal/fs/promises:641:25)
      at Object.readFile (node:internal/fs/promises:1245:14)
      at Object.handler (file:///Users/hf-mac/Downloads/tgpro-admin/.output/server/chunks/nitro/nitro.mjs:1959:19)
      at Server.toNodeHandle (file:///Users/hf-mac/Downloads/tgpro-admin/.output/server/chunks/nitro/nitro.mjs:2230:7) {
    errno: -2,
    code: 'ENOENT',
    syscall: 'open',
    path: '/Users/hf-mac/Downloads/tgpro-admin/.output/public/_nuxt/Bdz-sLfb.js'
  },
  statusCode: 500,
  fatal: false,
  unhandled: true,
  statusMessage: undefined,
  data: undefined
}
2025-11-05T02:28:26: [request error] [unhandled] [GET] http://localhost:3000/_nuxt/BTgB1rvp.js
 H3Error: ENOENT: no such file or directory, open '/Users/hf-mac/Downloads/tgpro-admin/.output/public/_nuxt/BTgB1rvp.js'
    at open (node:internal/fs/promises:641:25)
    ... 2 lines matching cause stack trace ...
    at Server.toNodeHandle (file:///Users/hf-mac/Downloads/tgpro-admin/.output/server/chunks/nitro/nitro.mjs:2230:7) {
  cause: Error: ENOENT: no such file or directory, open '/Users/hf-mac/Downloads/tgpro-admin/.output/public/_nuxt/BTgB1rvp.js'
      at open (node:internal/fs/promises:641:25)
      at Object.readFile (node:internal/fs/promises:1245:14)
      at Object.handler (file:///Users/hf-mac/Downloads/tgpro-admin/.output/server/chunks/nitro/nitro.mjs:1959:19)
      at Server.toNodeHandle (file:///Users/hf-mac/Downloads/tgpro-admin/.output/server/chunks/nitro/nitro.mjs:2230:7) {
    errno: -2,
    code: 'ENOENT',
    syscall: 'open',
    path: '/Users/hf-mac/Downloads/tgpro-admin/.output/public/_nuxt/BTgB1rvp.js'
  },
  statusCode: 500,
  fatal: false,
  unhandled: true,
  statusMessage: undefined,
  data: undefined
}
2025-11-05T02:28:26: [request error] [unhandled] [GET] http://localhost:3000/_nuxt/CXT04lNs.js
 H3Error: ENOENT: no such file or directory, open '/Users/hf-mac/Downloads/tgpro-admin/.output/public/_nuxt/CXT04lNs.js'
    at open (node:internal/fs/promises:641:25)
    ... 2 lines matching cause stack trace ...
    at Server.toNodeHandle (file:///Users/hf-mac/Downloads/tgpro-admin/.output/server/chunks/nitro/nitro.mjs:2230:7) {
  cause: Error: ENOENT: no such file or directory, open '/Users/hf-mac/Downloads/tgpro-admin/.output/public/_nuxt/CXT04lNs.js'
      at open (node:internal/fs/promises:641:25)
      at Object.readFile (node:internal/fs/promises:1245:14)
      at Object.handler (file:///Users/hf-mac/Downloads/tgpro-admin/.output/server/chunks/nitro/nitro.mjs:1959:19)
      at Server.toNodeHandle (file:///Users/hf-mac/Downloads/tgpro-admin/.output/server/chunks/nitro/nitro.mjs:2230:7) {
    errno: -2,
    code: 'ENOENT',
    syscall: 'open',
    path: '/Users/hf-mac/Downloads/tgpro-admin/.output/public/_nuxt/CXT04lNs.js'
  },
  statusCode: 500,
  fatal: false,
  unhandled: true,
  statusMessage: undefined,
  data: undefined
}
2025-11-05T02:28:26: [request error] [unhandled] [GET] http://localhost:3000/_nuxt/DcHNM1Xn.js
 H3Error: ENOENT: no such file or directory, open '/Users/hf-mac/Downloads/tgpro-admin/.output/public/_nuxt/DcHNM1Xn.js'
    at open (node:internal/fs/promises:641:25)
    ... 2 lines matching cause stack trace ...
    at Server.toNodeHandle (file:///Users/hf-mac/Downloads/tgpro-admin/.output/server/chunks/nitro/nitro.mjs:2230:7) {
  cause: Error: ENOENT: no such file or directory, open '/Users/hf-mac/Downloads/tgpro-admin/.output/public/_nuxt/DcHNM1Xn.js'
      at open (node:internal/fs/promises:641:25)
      at Object.readFile (node:internal/fs/promises:1245:14)
      at Object.handler (file:///Users/hf-mac/Downloads/tgpro-admin/.output/server/chunks/nitro/nitro.mjs:1959:19)
      at Server.toNodeHandle (file:///Users/hf-mac/Downloads/tgpro-admin/.output/server/chunks/nitro/nitro.mjs:2230:7) {
    errno: -2,
    code: 'ENOENT',
    syscall: 'open',
    path: '/Users/hf-mac/Downloads/tgpro-admin/.output/public/_nuxt/DcHNM1Xn.js'
  },
  statusCode: 500,
  fatal: false,
  unhandled: true,
  statusMessage: undefined,
  data: undefined
}
2025-11-05T02:28:36: [request error] [unhandled] [GET] http://localhost:3000/_nuxt/DbAgXtul.js
 H3Error: ENOENT: no such file or directory, open '/Users/hf-mac/Downloads/tgpro-admin/.output/public/_nuxt/DbAgXtul.js'
    at open (node:internal/fs/promises:641:25)
    ... 2 lines matching cause stack trace ...
    at Server.toNodeHandle (file:///Users/hf-mac/Downloads/tgpro-admin/.output/server/chunks/nitro/nitro.mjs:2230:7) {
  cause: Error: ENOENT: no such file or directory, open '/Users/hf-mac/Downloads/tgpro-admin/.output/public/_nuxt/DbAgXtul.js'
      at open (node:internal/fs/promises:641:25)
      at Object.readFile (node:internal/fs/promises:1245:14)
      at Object.handler (file:///Users/hf-mac/Downloads/tgpro-admin/.output/server/chunks/nitro/nitro.mjs:1959:19)
      at Server.toNodeHandle (file:///Users/hf-mac/Downloads/tgpro-admin/.output/server/chunks/nitro/nitro.mjs:2230:7) {
    errno: -2,
    code: 'ENOENT',
    syscall: 'open',
    path: '/Users/hf-mac/Downloads/tgpro-admin/.output/public/_nuxt/DbAgXtul.js'
  },
  statusCode: 500,
  fatal: false,
  unhandled: true,
  statusMessage: undefined,
  data: undefined
}
2025-11-05T02:28:36: [request error] [unhandled] [GET] http://localhost:3000/_nuxt/D_B5nL8y.js
 H3Error: ENOENT: no such file or directory, open '/Users/hf-mac/Downloads/tgpro-admin/.output/public/_nuxt/D_B5nL8y.js'
    at open (node:internal/fs/promises:641:25)
    ... 2 lines matching cause stack trace ...
    at Server.toNodeHandle (file:///Users/hf-mac/Downloads/tgpro-admin/.output/server/chunks/nitro/nitro.mjs:2230:7) {
  cause: Error: ENOENT: no such file or directory, open '/Users/hf-mac/Downloads/tgpro-admin/.output/public/_nuxt/D_B5nL8y.js'
      at open (node:internal/fs/promises:641:25)
      at Object.readFile (node:internal/fs/promises:1245:14)
      at Object.handler (file:///Users/hf-mac/Downloads/tgpro-admin/.output/server/chunks/nitro/nitro.mjs:1959:19)
      at Server.toNodeHandle (file:///Users/hf-mac/Downloads/tgpro-admin/.output/server/chunks/nitro/nitro.mjs:2230:7) {
    errno: -2,
    code: 'ENOENT',
    syscall: 'open',
    path: '/Users/hf-mac/Downloads/tgpro-admin/.output/public/_nuxt/D_B5nL8y.js'
  },
  statusCode: 500,
  fatal: false,
  unhandled: true,
  statusMessage: undefined,
  data: undefined
}
2025-11-05T02:28:36: [request error] [unhandled] [GET] http://localhost:3000/_nuxt/Bl84yrz9.js
 H3Error: ENOENT: no such file or directory, open '/Users/hf-mac/Downloads/tgpro-admin/.output/public/_nuxt/Bl84yrz9.js'
    at open (node:internal/fs/promises:641:25)
    ... 2 lines matching cause stack trace ...
    at Server.toNodeHandle (file:///Users/hf-mac/Downloads/tgpro-admin/.output/server/chunks/nitro/nitro.mjs:2230:7) {
  cause: Error: ENOENT: no such file or directory, open '/Users/hf-mac/Downloads/tgpro-admin/.output/public/_nuxt/Bl84yrz9.js'
      at open (node:internal/fs/promises:641:25)
      at Object.readFile (node:internal/fs/promises:1245:14)
      at Object.handler (file:///Users/hf-mac/Downloads/tgpro-admin/.output/server/chunks/nitro/nitro.mjs:1959:19)
      at Server.toNodeHandle (file:///Users/hf-mac/Downloads/tgpro-admin/.output/server/chunks/nitro/nitro.mjs:2230:7) {
    errno: -2,
    code: 'ENOENT',
    syscall: 'open',
    path: '/Users/hf-mac/Downloads/tgpro-admin/.output/public/_nuxt/Bl84yrz9.js'
  },
  statusCode: 500,
  fatal: false,
  unhandled: true,
  statusMessage: undefined,
  data: undefined
}
2025-11-05T02:28:36: [request error] [unhandled] [GET] http://localhost:3000/_nuxt/DpNIWReE.js
 H3Error: ENOENT: no such file or directory, open '/Users/hf-mac/Downloads/tgpro-admin/.output/public/_nuxt/DpNIWReE.js'
    at open (node:internal/fs/promises:641:25)
    ... 2 lines matching cause stack trace ...
    at Server.toNodeHandle (file:///Users/hf-mac/Downloads/tgpro-admin/.output/server/chunks/nitro/nitro.mjs:2230:7) {
  cause: Error: ENOENT: no such file or directory, open '/Users/hf-mac/Downloads/tgpro-admin/.output/public/_nuxt/DpNIWReE.js'
      at open (node:internal/fs/promises:641:25)
      at Object.readFile (node:internal/fs/promises:1245:14)
      at Object.handler (file:///Users/hf-mac/Downloads/tgpro-admin/.output/server/chunks/nitro/nitro.mjs:1959:19)
      at Server.toNodeHandle (file:///Users/hf-mac/Downloads/tgpro-admin/.output/server/chunks/nitro/nitro.mjs:2230:7) {
    errno: -2,
    code: 'ENOENT',
    syscall: 'open',
    path: '/Users/hf-mac/Downloads/tgpro-admin/.output/public/_nuxt/DpNIWReE.js'
  },
  statusCode: 500,
  fatal: false,
  unhandled: true,
  statusMessage: undefined,
  data: undefined
}
2025-11-05T02:28:36: [request error] [unhandled] [GET] http://localhost:3000/_nuxt/D974gv07.js
 H3Error: ENOENT: no such file or directory, open '/Users/hf-mac/Downloads/tgpro-admin/.output/public/_nuxt/D974gv07.js'
    at open (node:internal/fs/promises:641:25)
    ... 2 lines matching cause stack trace ...
    at Server.toNodeHandle (file:///Users/hf-mac/Downloads/tgpro-admin/.output/server/chunks/nitro/nitro.mjs:2230:7) {
  cause: Error: ENOENT: no such file or directory, open '/Users/hf-mac/Downloads/tgpro-admin/.output/public/_nuxt/D974gv07.js'
      at open (node:internal/fs/promises:641:25)
      at Object.readFile (node:internal/fs/promises:1245:14)
      at Object.handler (file:///Users/hf-mac/Downloads/tgpro-admin/.output/server/chunks/nitro/nitro.mjs:1959:19)
      at Server.toNodeHandle (file:///Users/hf-mac/Downloads/tgpro-admin/.output/server/chunks/nitro/nitro.mjs:2230:7) {
    errno: -2,
    code: 'ENOENT',
    syscall: 'open',
    path: '/Users/hf-mac/Downloads/tgpro-admin/.output/public/_nuxt/D974gv07.js'
  },
  statusCode: 500,
  fatal: false,
  unhandled: true,
  statusMessage: undefined,
  data: undefined
}
2025-11-05T02:28:36: [request error] [unhandled] [GET] http://localhost:3000/_nuxt/D32lUId-.js
 H3Error: ENOENT: no such file or directory, open '/Users/hf-mac/Downloads/tgpro-admin/.output/public/_nuxt/D32lUId-.js'
    at open (node:internal/fs/promises:641:25)
    ... 2 lines matching cause stack trace ...
    at Server.toNodeHandle (file:///Users/hf-mac/Downloads/tgpro-admin/.output/server/chunks/nitro/nitro.mjs:2230:7) {
  cause: Error: ENOENT: no such file or directory, open '/Users/hf-mac/Downloads/tgpro-admin/.output/public/_nuxt/D32lUId-.js'
      at open (node:internal/fs/promises:641:25)
      at Object.readFile (node:internal/fs/promises:1245:14)
      at Object.handler (file:///Users/hf-mac/Downloads/tgpro-admin/.output/server/chunks/nitro/nitro.mjs:1959:19)
      at Server.toNodeHandle (file:///Users/hf-mac/Downloads/tgpro-admin/.output/server/chunks/nitro/nitro.mjs:2230:7) {
    errno: -2,
    code: 'ENOENT',
    syscall: 'open',
    path: '/Users/hf-mac/Downloads/tgpro-admin/.output/public/_nuxt/D32lUId-.js'
  },
  statusCode: 500,
  fatal: false,
  unhandled: true,
  statusMessage: undefined,
  data: undefined
}
2025-11-05T02:28:36: [request error] [unhandled] [GET] http://localhost:3000/_nuxt/CetYVyQG.js
 H3Error: ENOENT: no such file or directory, open '/Users/hf-mac/Downloads/tgpro-admin/.output/public/_nuxt/CetYVyQG.js'
    at open (node:internal/fs/promises:641:25)
    ... 2 lines matching cause stack trace ...
    at Server.toNodeHandle (file:///Users/hf-mac/Downloads/tgpro-admin/.output/server/chunks/nitro/nitro.mjs:2230:7) {
  cause: Error: ENOENT: no such file or directory, open '/Users/hf-mac/Downloads/tgpro-admin/.output/public/_nuxt/CetYVyQG.js'
      at open (node:internal/fs/promises:641:25)
      at Object.readFile (node:internal/fs/promises:1245:14)
      at Object.handler (file:///Users/hf-mac/Downloads/tgpro-admin/.output/server/chunks/nitro/nitro.mjs:1959:19)
      at Server.toNodeHandle (file:///Users/hf-mac/Downloads/tgpro-admin/.output/server/chunks/nitro/nitro.mjs:2230:7) {
    errno: -2,
    code: 'ENOENT',
    syscall: 'open',
    path: '/Users/hf-mac/Downloads/tgpro-admin/.output/public/_nuxt/CetYVyQG.js'
  },
  statusCode: 500,
  fatal: false,
  unhandled: true,
  statusMessage: undefined,
  data: undefined
}
2025-11-05T02:28:36: [request error] [unhandled] [GET] http://localhost:3000/_nuxt/Db7eFA1E.js
 H3Error: ENOENT: no such file or directory, open '/Users/hf-mac/Downloads/tgpro-admin/.output/public/_nuxt/Db7eFA1E.js'
    at open (node:internal/fs/promises:641:25)
    ... 2 lines matching cause stack trace ...
    at Server.toNodeHandle (file:///Users/hf-mac/Downloads/tgpro-admin/.output/server/chunks/nitro/nitro.mjs:2230:7) {
  cause: Error: ENOENT: no such file or directory, open '/Users/hf-mac/Downloads/tgpro-admin/.output/public/_nuxt/Db7eFA1E.js'
      at open (node:internal/fs/promises:641:25)
      at Object.readFile (node:internal/fs/promises:1245:14)
      at Object.handler (file:///Users/hf-mac/Downloads/tgpro-admin/.output/server/chunks/nitro/nitro.mjs:1959:19)
      at Server.toNodeHandle (file:///Users/hf-mac/Downloads/tgpro-admin/.output/server/chunks/nitro/nitro.mjs:2230:7) {
    errno: -2,
    code: 'ENOENT',
    syscall: 'open',
    path: '/Users/hf-mac/Downloads/tgpro-admin/.output/public/_nuxt/Db7eFA1E.js'
  },
  statusCode: 500,
  fatal: false,
  unhandled: true,
  statusMessage: undefined,
  data: undefined
}
2025-11-05T02:28:36: [request error] [unhandled] [GET] http://localhost:3000/_nuxt/DAr-OQmd.js
 H3Error: ENOENT: no such file or directory, open '/Users/hf-mac/Downloads/tgpro-admin/.output/public/_nuxt/DAr-OQmd.js'
    at open (node:internal/fs/promises:641:25)
    ... 2 lines matching cause stack trace ...
    at Server.toNodeHandle (file:///Users/hf-mac/Downloads/tgpro-admin/.output/server/chunks/nitro/nitro.mjs:2230:7) {
  cause: Error: ENOENT: no such file or directory, open '/Users/hf-mac/Downloads/tgpro-admin/.output/public/_nuxt/DAr-OQmd.js'
      at open (node:internal/fs/promises:641:25)
      at Object.readFile (node:internal/fs/promises:1245:14)
      at Object.handler (file:///Users/hf-mac/Downloads/tgpro-admin/.output/server/chunks/nitro/nitro.mjs:1959:19)
      at Server.toNodeHandle (file:///Users/hf-mac/Downloads/tgpro-admin/.output/server/chunks/nitro/nitro.mjs:2230:7) {
    errno: -2,
    code: 'ENOENT',
    syscall: 'open',
    path: '/Users/hf-mac/Downloads/tgpro-admin/.output/public/_nuxt/DAr-OQmd.js'
  },
  statusCode: 500,
  fatal: false,
  unhandled: true,
  statusMessage: undefined,
  data: undefined
}
2025-11-05T02:28:36: [request error] [unhandled] [GET] http://localhost:3000/_nuxt/Bdz-sLfb.js
 H3Error: ENOENT: no such file or directory, open '/Users/hf-mac/Downloads/tgpro-admin/.output/public/_nuxt/Bdz-sLfb.js'
    at open (node:internal/fs/promises:641:25)
    ... 2 lines matching cause stack trace ...
    at Server.toNodeHandle (file:///Users/hf-mac/Downloads/tgpro-admin/.output/server/chunks/nitro/nitro.mjs:2230:7) {
  cause: Error: ENOENT: no such file or directory, open '/Users/hf-mac/Downloads/tgpro-admin/.output/public/_nuxt/Bdz-sLfb.js'
      at open (node:internal/fs/promises:641:25)
      at Object.readFile (node:internal/fs/promises:1245:14)
      at Object.handler (file:///Users/hf-mac/Downloads/tgpro-admin/.output/server/chunks/nitro/nitro.mjs:1959:19)
      at Server.toNodeHandle (file:///Users/hf-mac/Downloads/tgpro-admin/.output/server/chunks/nitro/nitro.mjs:2230:7) {
    errno: -2,
    code: 'ENOENT',
    syscall: 'open',
    path: '/Users/hf-mac/Downloads/tgpro-admin/.output/public/_nuxt/Bdz-sLfb.js'
  },
  statusCode: 500,
  fatal: false,
  unhandled: true,
  statusMessage: undefined,
  data: undefined
}
2025-11-05T02:28:36: [request error] [unhandled] [GET] http://localhost:3000/_nuxt/BTgB1rvp.js
 H3Error: ENOENT: no such file or directory, open '/Users/hf-mac/Downloads/tgpro-admin/.output/public/_nuxt/BTgB1rvp.js'
    at open (node:internal/fs/promises:641:25)
    ... 2 lines matching cause stack trace ...
    at Server.toNodeHandle (file:///Users/hf-mac/Downloads/tgpro-admin/.output/server/chunks/nitro/nitro.mjs:2230:7) {
  cause: Error: ENOENT: no such file or directory, open '/Users/hf-mac/Downloads/tgpro-admin/.output/public/_nuxt/BTgB1rvp.js'
      at open (node:internal/fs/promises:641:25)
      at Object.readFile (node:internal/fs/promises:1245:14)
      at Object.handler (file:///Users/hf-mac/Downloads/tgpro-admin/.output/server/chunks/nitro/nitro.mjs:1959:19)
      at Server.toNodeHandle (file:///Users/hf-mac/Downloads/tgpro-admin/.output/server/chunks/nitro/nitro.mjs:2230:7) {
    errno: -2,
    code: 'ENOENT',
    syscall: 'open',
    path: '/Users/hf-mac/Downloads/tgpro-admin/.output/public/_nuxt/BTgB1rvp.js'
  },
  statusCode: 500,
  fatal: false,
  unhandled: true,
  statusMessage: undefined,
  data: undefined
}
2025-11-05T02:28:36: [request error] [unhandled] [GET] http://localhost:3000/_nuxt/CXT04lNs.js
 H3Error: ENOENT: no such file or directory, open '/Users/hf-mac/Downloads/tgpro-admin/.output/public/_nuxt/CXT04lNs.js'
    at open (node:internal/fs/promises:641:25)
    ... 2 lines matching cause stack trace ...
    at Server.toNodeHandle (file:///Users/hf-mac/Downloads/tgpro-admin/.output/server/chunks/nitro/nitro.mjs:2230:7) {
  cause: Error: ENOENT: no such file or directory, open '/Users/hf-mac/Downloads/tgpro-admin/.output/public/_nuxt/CXT04lNs.js'
      at open (node:internal/fs/promises:641:25)
      at Object.readFile (node:internal/fs/promises:1245:14)
      at Object.handler (file:///Users/hf-mac/Downloads/tgpro-admin/.output/server/chunks/nitro/nitro.mjs:1959:19)
      at Server.toNodeHandle (file:///Users/hf-mac/Downloads/tgpro-admin/.output/server/chunks/nitro/nitro.mjs:2230:7) {
    errno: -2,
    code: 'ENOENT',
    syscall: 'open',
    path: '/Users/hf-mac/Downloads/tgpro-admin/.output/public/_nuxt/CXT04lNs.js'
  },
  statusCode: 500,
  fatal: false,
  unhandled: true,
  statusMessage: undefined,
  data: undefined
}
2025-11-05T02:28:36: [request error] [unhandled] [GET] http://localhost:3000/_nuxt/DcHNM1Xn.js
 H3Error: ENOENT: no such file or directory, open '/Users/hf-mac/Downloads/tgpro-admin/.output/public/_nuxt/DcHNM1Xn.js'
    at open (node:internal/fs/promises:641:25)
    ... 2 lines matching cause stack trace ...
    at Server.toNodeHandle (file:///Users/hf-mac/Downloads/tgpro-admin/.output/server/chunks/nitro/nitro.mjs:2230:7) {
  cause: Error: ENOENT: no such file or directory, open '/Users/hf-mac/Downloads/tgpro-admin/.output/public/_nuxt/DcHNM1Xn.js'
      at open (node:internal/fs/promises:641:25)
      at Object.readFile (node:internal/fs/promises:1245:14)
      at Object.handler (file:///Users/hf-mac/Downloads/tgpro-admin/.output/server/chunks/nitro/nitro.mjs:1959:19)
      at Server.toNodeHandle (file:///Users/hf-mac/Downloads/tgpro-admin/.output/server/chunks/nitro/nitro.mjs:2230:7) {
    errno: -2,
    code: 'ENOENT',
    syscall: 'open',
    path: '/Users/hf-mac/Downloads/tgpro-admin/.output/public/_nuxt/DcHNM1Xn.js'
  },
  statusCode: 500,
  fatal: false,
  unhandled: true,
  statusMessage: undefined,
  data: undefined
}
2025-11-05T02:28:56: [request error] [unhandled] [GET] http://localhost:3000/_nuxt/D_B5nL8y.js
 H3Error: ENOENT: no such file or directory, open '/Users/hf-mac/Downloads/tgpro-admin/.output/public/_nuxt/D_B5nL8y.js'
    at open (node:internal/fs/promises:641:25)
    ... 2 lines matching cause stack trace ...
    at Server.toNodeHandle (file:///Users/hf-mac/Downloads/tgpro-admin/.output/server/chunks/nitro/nitro.mjs:2230:7) {
  cause: Error: ENOENT: no such file or directory, open '/Users/hf-mac/Downloads/tgpro-admin/.output/public/_nuxt/D_B5nL8y.js'
      at open (node:internal/fs/promises:641:25)
      at Object.readFile (node:internal/fs/promises:1245:14)
      at Object.handler (file:///Users/hf-mac/Downloads/tgpro-admin/.output/server/chunks/nitro/nitro.mjs:1959:19)
      at Server.toNodeHandle (file:///Users/hf-mac/Downloads/tgpro-admin/.output/server/chunks/nitro/nitro.mjs:2230:7) {
    errno: -2,
    code: 'ENOENT',
    syscall: 'open',
    path: '/Users/hf-mac/Downloads/tgpro-admin/.output/public/_nuxt/D_B5nL8y.js'
  },
  statusCode: 500,
  fatal: false,
  unhandled: true,
  statusMessage: undefined,
  data: undefined
}
2025-11-05T02:28:56: [request error] [unhandled] [GET] http://localhost:3000/_nuxt/CP5kXZ_o.js
 H3Error: ENOENT: no such file or directory, open '/Users/hf-mac/Downloads/tgpro-admin/.output/public/_nuxt/CP5kXZ_o.js'
    at open (node:internal/fs/promises:641:25)
    ... 2 lines matching cause stack trace ...
    at Server.toNodeHandle (file:///Users/hf-mac/Downloads/tgpro-admin/.output/server/chunks/nitro/nitro.mjs:2230:7) {
  cause: Error: ENOENT: no such file or directory, open '/Users/hf-mac/Downloads/tgpro-admin/.output/public/_nuxt/CP5kXZ_o.js'
      at open (node:internal/fs/promises:641:25)
      at Object.readFile (node:internal/fs/promises:1245:14)
      at Object.handler (file:///Users/hf-mac/Downloads/tgpro-admin/.output/server/chunks/nitro/nitro.mjs:1959:19)
      at Server.toNodeHandle (file:///Users/hf-mac/Downloads/tgpro-admin/.output/server/chunks/nitro/nitro.mjs:2230:7) {
    errno: -2,
    code: 'ENOENT',
    syscall: 'open',
    path: '/Users/hf-mac/Downloads/tgpro-admin/.output/public/_nuxt/CP5kXZ_o.js'
  },
  statusCode: 500,
  fatal: false,
  unhandled: true,
  statusMessage: undefined,
  data: undefined
}
2025-11-05T02:28:56: [request error] [unhandled] [GET] http://localhost:3000/_nuxt/D_B5nL8y.js
 H3Error: ENOENT: no such file or directory, open '/Users/hf-mac/Downloads/tgpro-admin/.output/public/_nuxt/D_B5nL8y.js'
    at open (node:internal/fs/promises:641:25)
    ... 2 lines matching cause stack trace ...
    at Server.toNodeHandle (file:///Users/hf-mac/Downloads/tgpro-admin/.output/server/chunks/nitro/nitro.mjs:2230:7) {
  cause: Error: ENOENT: no such file or directory, open '/Users/hf-mac/Downloads/tgpro-admin/.output/public/_nuxt/D_B5nL8y.js'
      at open (node:internal/fs/promises:641:25)
      at Object.readFile (node:internal/fs/promises:1245:14)
      at Object.handler (file:///Users/hf-mac/Downloads/tgpro-admin/.output/server/chunks/nitro/nitro.mjs:1959:19)
      at Server.toNodeHandle (file:///Users/hf-mac/Downloads/tgpro-admin/.output/server/chunks/nitro/nitro.mjs:2230:7) {
    errno: -2,
    code: 'ENOENT',
    syscall: 'open',
    path: '/Users/hf-mac/Downloads/tgpro-admin/.output/public/_nuxt/D_B5nL8y.js'
  },
  statusCode: 500,
  fatal: false,
  unhandled: true,
  statusMessage: undefined,
  data: undefined
}
2025-11-05T02:28:56: [request error] [unhandled] [GET] http://localhost:3000/_nuxt/CP5kXZ_o.js
 H3Error: ENOENT: no such file or directory, open '/Users/hf-mac/Downloads/tgpro-admin/.output/public/_nuxt/CP5kXZ_o.js'
    at open (node:internal/fs/promises:641:25)
    ... 2 lines matching cause stack trace ...
    at Server.toNodeHandle (file:///Users/hf-mac/Downloads/tgpro-admin/.output/server/chunks/nitro/nitro.mjs:2230:7) {
  cause: Error: ENOENT: no such file or directory, open '/Users/hf-mac/Downloads/tgpro-admin/.output/public/_nuxt/CP5kXZ_o.js'
      at open (node:internal/fs/promises:641:25)
      at Object.readFile (node:internal/fs/promises:1245:14)
      at Object.handler (file:///Users/hf-mac/Downloads/tgpro-admin/.output/server/chunks/nitro/nitro.mjs:1959:19)
      at Server.toNodeHandle (file:///Users/hf-mac/Downloads/tgpro-admin/.output/server/chunks/nitro/nitro.mjs:2230:7) {
    errno: -2,
    code: 'ENOENT',
    syscall: 'open',
    path: '/Users/hf-mac/Downloads/tgpro-admin/.output/public/_nuxt/CP5kXZ_o.js'
  },
  statusCode: 500,
  fatal: false,
  unhandled: true,
  statusMessage: undefined,
  data: undefined
}
2025-11-05T02:29:18: [request error] [unhandled] [GET] http://localhost:3000/_nuxt/D_B5nL8y.js
 H3Error: ENOENT: no such file or directory, open '/Users/hf-mac/Downloads/tgpro-admin/.output/public/_nuxt/D_B5nL8y.js'
    at open (node:internal/fs/promises:641:25)
    ... 2 lines matching cause stack trace ...
    at Server.toNodeHandle (file:///Users/hf-mac/Downloads/tgpro-admin/.output/server/chunks/nitro/nitro.mjs:2230:7) {
  cause: Error: ENOENT: no such file or directory, open '/Users/hf-mac/Downloads/tgpro-admin/.output/public/_nuxt/D_B5nL8y.js'
      at open (node:internal/fs/promises:641:25)
      at Object.readFile (node:internal/fs/promises:1245:14)
      at Object.handler (file:///Users/hf-mac/Downloads/tgpro-admin/.output/server/chunks/nitro/nitro.mjs:1959:19)
      at Server.toNodeHandle (file:///Users/hf-mac/Downloads/tgpro-admin/.output/server/chunks/nitro/nitro.mjs:2230:7) {
    errno: -2,
    code: 'ENOENT',
    syscall: 'open',
    path: '/Users/hf-mac/Downloads/tgpro-admin/.output/public/_nuxt/D_B5nL8y.js'
  },
  statusCode: 500,
  fatal: false,
  unhandled: true,
  statusMessage: undefined,
  data: undefined
}
2025-11-05T02:29:18: [request error] [unhandled] [GET] http://localhost:3000/_nuxt/CP5kXZ_o.js
 H3Error: ENOENT: no such file or directory, open '/Users/hf-mac/Downloads/tgpro-admin/.output/public/_nuxt/CP5kXZ_o.js'
    at open (node:internal/fs/promises:641:25)
    ... 2 lines matching cause stack trace ...
    at Server.toNodeHandle (file:///Users/hf-mac/Downloads/tgpro-admin/.output/server/chunks/nitro/nitro.mjs:2230:7) {
  cause: Error: ENOENT: no such file or directory, open '/Users/hf-mac/Downloads/tgpro-admin/.output/public/_nuxt/CP5kXZ_o.js'
      at open (node:internal/fs/promises:641:25)
      at Object.readFile (node:internal/fs/promises:1245:14)
      at Object.handler (file:///Users/hf-mac/Downloads/tgpro-admin/.output/server/chunks/nitro/nitro.mjs:1959:19)
      at Server.toNodeHandle (file:///Users/hf-mac/Downloads/tgpro-admin/.output/server/chunks/nitro/nitro.mjs:2230:7) {
    errno: -2,
    code: 'ENOENT',
    syscall: 'open',
    path: '/Users/hf-mac/Downloads/tgpro-admin/.output/public/_nuxt/CP5kXZ_o.js'
  },
  statusCode: 500,
  fatal: false,
  unhandled: true,
  statusMessage: undefined,
  data: undefined
}
2025-11-05T02:29:18: [request error] [unhandled] [GET] http://localhost:3000/_nuxt/D_B5nL8y.js
 H3Error: ENOENT: no such file or directory, open '/Users/hf-mac/Downloads/tgpro-admin/.output/public/_nuxt/D_B5nL8y.js'
    at open (node:internal/fs/promises:641:25)
    ... 2 lines matching cause stack trace ...
    at Server.toNodeHandle (file:///Users/hf-mac/Downloads/tgpro-admin/.output/server/chunks/nitro/nitro.mjs:2230:7) {
  cause: Error: ENOENT: no such file or directory, open '/Users/hf-mac/Downloads/tgpro-admin/.output/public/_nuxt/D_B5nL8y.js'
      at open (node:internal/fs/promises:641:25)
      at Object.readFile (node:internal/fs/promises:1245:14)
      at Object.handler (file:///Users/hf-mac/Downloads/tgpro-admin/.output/server/chunks/nitro/nitro.mjs:1959:19)
      at Server.toNodeHandle (file:///Users/hf-mac/Downloads/tgpro-admin/.output/server/chunks/nitro/nitro.mjs:2230:7) {
    errno: -2,
    code: 'ENOENT',
    syscall: 'open',
    path: '/Users/hf-mac/Downloads/tgpro-admin/.output/public/_nuxt/D_B5nL8y.js'
  },
  statusCode: 500,
  fatal: false,
  unhandled: true,
  statusMessage: undefined,
  data: undefined
}
2025-11-05T02:29:19: [request error] [unhandled] [GET] http://localhost:3000/_nuxt/CP5kXZ_o.js
 H3Error: ENOENT: no such file or directory, open '/Users/hf-mac/Downloads/tgpro-admin/.output/public/_nuxt/CP5kXZ_o.js'
    at open (node:internal/fs/promises:641:25)
    ... 2 lines matching cause stack trace ...
    at Server.toNodeHandle (file:///Users/hf-mac/Downloads/tgpro-admin/.output/server/chunks/nitro/nitro.mjs:2230:7) {
  cause: Error: ENOENT: no such file or directory, open '/Users/hf-mac/Downloads/tgpro-admin/.output/public/_nuxt/CP5kXZ_o.js'
      at open (node:internal/fs/promises:641:25)
      at Object.readFile (node:internal/fs/promises:1245:14)
      at Object.handler (file:///Users/hf-mac/Downloads/tgpro-admin/.output/server/chunks/nitro/nitro.mjs:1959:19)
      at Server.toNodeHandle (file:///Users/hf-mac/Downloads/tgpro-admin/.output/server/chunks/nitro/nitro.mjs:2230:7) {
    errno: -2,
    code: 'ENOENT',
    syscall: 'open',
    path: '/Users/hf-mac/Downloads/tgpro-admin/.output/public/_nuxt/CP5kXZ_o.js'
  },
  statusCode: 500,
  fatal: false,
  unhandled: true,
  statusMessage: undefined,
  data: undefined
}
2025-11-05T02:30:43: [request error] [unhandled] [GET] http://localhost:3000/_nuxt/DbAgXtul.js
 H3Error: ENOENT: no such file or directory, open '/Users/hf-mac/Downloads/tgpro-admin/.output/public/_nuxt/DbAgXtul.js'
    at open (node:internal/fs/promises:641:25)
    ... 2 lines matching cause stack trace ...
    at Server.toNodeHandle (file:///Users/hf-mac/Downloads/tgpro-admin/.output/server/chunks/nitro/nitro.mjs:2230:7) {
  cause: Error: ENOENT: no such file or directory, open '/Users/hf-mac/Downloads/tgpro-admin/.output/public/_nuxt/DbAgXtul.js'
      at open (node:internal/fs/promises:641:25)
      at Object.readFile (node:internal/fs/promises:1245:14)
      at Object.handler (file:///Users/hf-mac/Downloads/tgpro-admin/.output/server/chunks/nitro/nitro.mjs:1959:19)
      at Server.toNodeHandle (file:///Users/hf-mac/Downloads/tgpro-admin/.output/server/chunks/nitro/nitro.mjs:2230:7) {
    errno: -2,
    code: 'ENOENT',
    syscall: 'open',
    path: '/Users/hf-mac/Downloads/tgpro-admin/.output/public/_nuxt/DbAgXtul.js'
  },
  statusCode: 500,
  fatal: false,
  unhandled: true,
  statusMessage: undefined,
  data: undefined
}
2025-11-05T02:30:43: [request error] [unhandled] [GET] http://localhost:3000/_nuxt/D_B5nL8y.js
 H3Error: ENOENT: no such file or directory, open '/Users/hf-mac/Downloads/tgpro-admin/.output/public/_nuxt/D_B5nL8y.js'
    at open (node:internal/fs/promises:641:25)
    ... 2 lines matching cause stack trace ...
    at Server.toNodeHandle (file:///Users/hf-mac/Downloads/tgpro-admin/.output/server/chunks/nitro/nitro.mjs:2230:7) {
  cause: Error: ENOENT: no such file or directory, open '/Users/hf-mac/Downloads/tgpro-admin/.output/public/_nuxt/D_B5nL8y.js'
      at open (node:internal/fs/promises:641:25)
      at Object.readFile (node:internal/fs/promises:1245:14)
      at Object.handler (file:///Users/hf-mac/Downloads/tgpro-admin/.output/server/chunks/nitro/nitro.mjs:1959:19)
      at Server.toNodeHandle (file:///Users/hf-mac/Downloads/tgpro-admin/.output/server/chunks/nitro/nitro.mjs:2230:7) {
    errno: -2,
    code: 'ENOENT',
    syscall: 'open',
    path: '/Users/hf-mac/Downloads/tgpro-admin/.output/public/_nuxt/D_B5nL8y.js'
  },
  statusCode: 500,
  fatal: false,
  unhandled: true,
  statusMessage: undefined,
  data: undefined
}
2025-11-05T02:30:43: [request error] [unhandled] [GET] http://localhost:3000/_nuxt/DpNIWReE.js
 H3Error: ENOENT: no such file or directory, open '/Users/hf-mac/Downloads/tgpro-admin/.output/public/_nuxt/DpNIWReE.js'
    at open (node:internal/fs/promises:641:25)
    ... 2 lines matching cause stack trace ...
    at Server.toNodeHandle (file:///Users/hf-mac/Downloads/tgpro-admin/.output/server/chunks/nitro/nitro.mjs:2230:7) {
  cause: Error: ENOENT: no such file or directory, open '/Users/hf-mac/Downloads/tgpro-admin/.output/public/_nuxt/DpNIWReE.js'
      at open (node:internal/fs/promises:641:25)
      at Object.readFile (node:internal/fs/promises:1245:14)
      at Object.handler (file:///Users/hf-mac/Downloads/tgpro-admin/.output/server/chunks/nitro/nitro.mjs:1959:19)
      at Server.toNodeHandle (file:///Users/hf-mac/Downloads/tgpro-admin/.output/server/chunks/nitro/nitro.mjs:2230:7) {
    errno: -2,
    code: 'ENOENT',
    syscall: 'open',
    path: '/Users/hf-mac/Downloads/tgpro-admin/.output/public/_nuxt/DpNIWReE.js'
  },
  statusCode: 500,
  fatal: false,
  unhandled: true,
  statusMessage: undefined,
  data: undefined
}
2025-11-05T02:30:43: [request error] [unhandled] [GET] http://localhost:3000/_nuxt/Bl84yrz9.js
 H3Error: ENOENT: no such file or directory, open '/Users/hf-mac/Downloads/tgpro-admin/.output/public/_nuxt/Bl84yrz9.js'
    at open (node:internal/fs/promises:641:25)
    ... 2 lines matching cause stack trace ...
    at Server.toNodeHandle (file:///Users/hf-mac/Downloads/tgpro-admin/.output/server/chunks/nitro/nitro.mjs:2230:7) {
  cause: Error: ENOENT: no such file or directory, open '/Users/hf-mac/Downloads/tgpro-admin/.output/public/_nuxt/Bl84yrz9.js'
      at open (node:internal/fs/promises:641:25)
      at Object.readFile (node:internal/fs/promises:1245:14)
      at Object.handler (file:///Users/hf-mac/Downloads/tgpro-admin/.output/server/chunks/nitro/nitro.mjs:1959:19)
      at Server.toNodeHandle (file:///Users/hf-mac/Downloads/tgpro-admin/.output/server/chunks/nitro/nitro.mjs:2230:7) {
    errno: -2,
    code: 'ENOENT',
    syscall: 'open',
    path: '/Users/hf-mac/Downloads/tgpro-admin/.output/public/_nuxt/Bl84yrz9.js'
  },
  statusCode: 500,
  fatal: false,
  unhandled: true,
  statusMessage: undefined,
  data: undefined
}
2025-11-05T02:30:43: [request error] [unhandled] [GET] http://localhost:3000/_nuxt/CetYVyQG.js
 H3Error: ENOENT: no such file or directory, open '/Users/hf-mac/Downloads/tgpro-admin/.output/public/_nuxt/CetYVyQG.js'
    at open (node:internal/fs/promises:641:25)
    ... 2 lines matching cause stack trace ...
    at Server.toNodeHandle (file:///Users/hf-mac/Downloads/tgpro-admin/.output/server/chunks/nitro/nitro.mjs:2230:7) {
  cause: Error: ENOENT: no such file or directory, open '/Users/hf-mac/Downloads/tgpro-admin/.output/public/_nuxt/CetYVyQG.js'
      at open (node:internal/fs/promises:641:25)
      at Object.readFile (node:internal/fs/promises:1245:14)
      at Object.handler (file:///Users/hf-mac/Downloads/tgpro-admin/.output/server/chunks/nitro/nitro.mjs:1959:19)
      at Server.toNodeHandle (file:///Users/hf-mac/Downloads/tgpro-admin/.output/server/chunks/nitro/nitro.mjs:2230:7) {
    errno: -2,
    code: 'ENOENT',
    syscall: 'open',
    path: '/Users/hf-mac/Downloads/tgpro-admin/.output/public/_nuxt/CetYVyQG.js'
  },
  statusCode: 500,
  fatal: false,
  unhandled: true,
  statusMessage: undefined,
  data: undefined
}
2025-11-05T02:30:43: [request error] [unhandled] [GET] http://localhost:3000/_nuxt/D974gv07.js
 H3Error: ENOENT: no such file or directory, open '/Users/hf-mac/Downloads/tgpro-admin/.output/public/_nuxt/D974gv07.js'
    at open (node:internal/fs/promises:641:25)
    ... 2 lines matching cause stack trace ...
    at Server.toNodeHandle (file:///Users/hf-mac/Downloads/tgpro-admin/.output/server/chunks/nitro/nitro.mjs:2230:7) {
  cause: Error: ENOENT: no such file or directory, open '/Users/hf-mac/Downloads/tgpro-admin/.output/public/_nuxt/D974gv07.js'
      at open (node:internal/fs/promises:641:25)
      at Object.readFile (node:internal/fs/promises:1245:14)
      at Object.handler (file:///Users/hf-mac/Downloads/tgpro-admin/.output/server/chunks/nitro/nitro.mjs:1959:19)
      at Server.toNodeHandle (file:///Users/hf-mac/Downloads/tgpro-admin/.output/server/chunks/nitro/nitro.mjs:2230:7) {
    errno: -2,
    code: 'ENOENT',
    syscall: 'open',
    path: '/Users/hf-mac/Downloads/tgpro-admin/.output/public/_nuxt/D974gv07.js'
  },
  statusCode: 500,
  fatal: false,
  unhandled: true,
  statusMessage: undefined,
  data: undefined
}
2025-11-05T02:30:43: [request error] [unhandled] [GET] http://localhost:3000/_nuxt/D32lUId-.js
 H3Error: ENOENT: no such file or directory, open '/Users/hf-mac/Downloads/tgpro-admin/.output/public/_nuxt/D32lUId-.js'
    at open (node:internal/fs/promises:641:25)
    ... 2 lines matching cause stack trace ...
    at Server.toNodeHandle (file:///Users/hf-mac/Downloads/tgpro-admin/.output/server/chunks/nitro/nitro.mjs:2230:7) {
  cause: Error: ENOENT: no such file or directory, open '/Users/hf-mac/Downloads/tgpro-admin/.output/public/_nuxt/D32lUId-.js'
      at open (node:internal/fs/promises:641:25)
      at Object.readFile (node:internal/fs/promises:1245:14)
      at Object.handler (file:///Users/hf-mac/Downloads/tgpro-admin/.output/server/chunks/nitro/nitro.mjs:1959:19)
      at Server.toNodeHandle (file:///Users/hf-mac/Downloads/tgpro-admin/.output/server/chunks/nitro/nitro.mjs:2230:7) {
    errno: -2,
    code: 'ENOENT',
    syscall: 'open',
    path: '/Users/hf-mac/Downloads/tgpro-admin/.output/public/_nuxt/D32lUId-.js'
  },
  statusCode: 500,
  fatal: false,
  unhandled: true,
  statusMessage: undefined,
  data: undefined
}
2025-11-05T02:30:43: [request error] [unhandled] [GET] http://localhost:3000/_nuxt/Bdz-sLfb.js
 H3Error: ENOENT: no such file or directory, open '/Users/hf-mac/Downloads/tgpro-admin/.output/public/_nuxt/Bdz-sLfb.js'
    at open (node:internal/fs/promises:641:25)
    ... 2 lines matching cause stack trace ...
    at Server.toNodeHandle (file:///Users/hf-mac/Downloads/tgpro-admin/.output/server/chunks/nitro/nitro.mjs:2230:7) {
  cause: Error: ENOENT: no such file or directory, open '/Users/hf-mac/Downloads/tgpro-admin/.output/public/_nuxt/Bdz-sLfb.js'
      at open (node:internal/fs/promises:641:25)
      at Object.readFile (node:internal/fs/promises:1245:14)
      at Object.handler (file:///Users/hf-mac/Downloads/tgpro-admin/.output/server/chunks/nitro/nitro.mjs:1959:19)
      at Server.toNodeHandle (file:///Users/hf-mac/Downloads/tgpro-admin/.output/server/chunks/nitro/nitro.mjs:2230:7) {
    errno: -2,
    code: 'ENOENT',
    syscall: 'open',
    path: '/Users/hf-mac/Downloads/tgpro-admin/.output/public/_nuxt/Bdz-sLfb.js'
  },
  statusCode: 500,
  fatal: false,
  unhandled: true,
  statusMessage: undefined,
  data: undefined
}
2025-11-05T02:30:43: [request error] [unhandled] [GET] http://localhost:3000/_nuxt/DAr-OQmd.js
 H3Error: ENOENT: no such file or directory, open '/Users/hf-mac/Downloads/tgpro-admin/.output/public/_nuxt/DAr-OQmd.js'
    at open (node:internal/fs/promises:641:25)
    ... 2 lines matching cause stack trace ...
    at Server.toNodeHandle (file:///Users/hf-mac/Downloads/tgpro-admin/.output/server/chunks/nitro/nitro.mjs:2230:7) {
  cause: Error: ENOENT: no such file or directory, open '/Users/hf-mac/Downloads/tgpro-admin/.output/public/_nuxt/DAr-OQmd.js'
      at open (node:internal/fs/promises:641:25)
      at Object.readFile (node:internal/fs/promises:1245:14)
      at Object.handler (file:///Users/hf-mac/Downloads/tgpro-admin/.output/server/chunks/nitro/nitro.mjs:1959:19)
      at Server.toNodeHandle (file:///Users/hf-mac/Downloads/tgpro-admin/.output/server/chunks/nitro/nitro.mjs:2230:7) {
    errno: -2,
    code: 'ENOENT',
    syscall: 'open',
    path: '/Users/hf-mac/Downloads/tgpro-admin/.output/public/_nuxt/DAr-OQmd.js'
  },
  statusCode: 500,
  fatal: false,
  unhandled: true,
  statusMessage: undefined,
  data: undefined
}
2025-11-05T02:30:43: [request error] [unhandled] [GET] http://localhost:3000/_nuxt/Db7eFA1E.js
 H3Error: ENOENT: no such file or directory, open '/Users/hf-mac/Downloads/tgpro-admin/.output/public/_nuxt/Db7eFA1E.js'
    at open (node:internal/fs/promises:641:25)
    ... 2 lines matching cause stack trace ...
    at Server.toNodeHandle (file:///Users/hf-mac/Downloads/tgpro-admin/.output/server/chunks/nitro/nitro.mjs:2230:7) {
  cause: Error: ENOENT: no such file or directory, open '/Users/hf-mac/Downloads/tgpro-admin/.output/public/_nuxt/Db7eFA1E.js'
      at open (node:internal/fs/promises:641:25)
      at Object.readFile (node:internal/fs/promises:1245:14)
      at Object.handler (file:///Users/hf-mac/Downloads/tgpro-admin/.output/server/chunks/nitro/nitro.mjs:1959:19)
      at Server.toNodeHandle (file:///Users/hf-mac/Downloads/tgpro-admin/.output/server/chunks/nitro/nitro.mjs:2230:7) {
    errno: -2,
    code: 'ENOENT',
    syscall: 'open',
    path: '/Users/hf-mac/Downloads/tgpro-admin/.output/public/_nuxt/Db7eFA1E.js'
  },
  statusCode: 500,
  fatal: false,
  unhandled: true,
  statusMessage: undefined,
  data: undefined
}
2025-11-05T02:30:43: [request error] [unhandled] [GET] http://localhost:3000/_nuxt/BTgB1rvp.js
 H3Error: ENOENT: no such file or directory, open '/Users/hf-mac/Downloads/tgpro-admin/.output/public/_nuxt/BTgB1rvp.js'
    at open (node:internal/fs/promises:641:25)
    ... 2 lines matching cause stack trace ...
    at Server.toNodeHandle (file:///Users/hf-mac/Downloads/tgpro-admin/.output/server/chunks/nitro/nitro.mjs:2230:7) {
  cause: Error: ENOENT: no such file or directory, open '/Users/hf-mac/Downloads/tgpro-admin/.output/public/_nuxt/BTgB1rvp.js'
      at open (node:internal/fs/promises:641:25)
      at Object.readFile (node:internal/fs/promises:1245:14)
      at Object.handler (file:///Users/hf-mac/Downloads/tgpro-admin/.output/server/chunks/nitro/nitro.mjs:1959:19)
      at Server.toNodeHandle (file:///Users/hf-mac/Downloads/tgpro-admin/.output/server/chunks/nitro/nitro.mjs:2230:7) {
    errno: -2,
    code: 'ENOENT',
    syscall: 'open',
    path: '/Users/hf-mac/Downloads/tgpro-admin/.output/public/_nuxt/BTgB1rvp.js'
  },
  statusCode: 500,
  fatal: false,
  unhandled: true,
  statusMessage: undefined,
  data: undefined
}
2025-11-05T02:30:43: [request error] [unhandled] [GET] http://localhost:3000/_nuxt/CXT04lNs.js
 H3Error: ENOENT: no such file or directory, open '/Users/hf-mac/Downloads/tgpro-admin/.output/public/_nuxt/CXT04lNs.js'
    at open (node:internal/fs/promises:641:25)
    ... 2 lines matching cause stack trace ...
    at Server.toNodeHandle (file:///Users/hf-mac/Downloads/tgpro-admin/.output/server/chunks/nitro/nitro.mjs:2230:7) {
  cause: Error: ENOENT: no such file or directory, open '/Users/hf-mac/Downloads/tgpro-admin/.output/public/_nuxt/CXT04lNs.js'
      at open (node:internal/fs/promises:641:25)
      at Object.readFile (node:internal/fs/promises:1245:14)
      at Object.handler (file:///Users/hf-mac/Downloads/tgpro-admin/.output/server/chunks/nitro/nitro.mjs:1959:19)
      at Server.toNodeHandle (file:///Users/hf-mac/Downloads/tgpro-admin/.output/server/chunks/nitro/nitro.mjs:2230:7) {
    errno: -2,
    code: 'ENOENT',
    syscall: 'open',
    path: '/Users/hf-mac/Downloads/tgpro-admin/.output/public/_nuxt/CXT04lNs.js'
  },
  statusCode: 500,
  fatal: false,
  unhandled: true,
  statusMessage: undefined,
  data: undefined
}
2025-11-05T02:30:43: [request error] [unhandled] [GET] http://localhost:3000/_nuxt/DcHNM1Xn.js
 H3Error: ENOENT: no such file or directory, open '/Users/hf-mac/Downloads/tgpro-admin/.output/public/_nuxt/DcHNM1Xn.js'
    at open (node:internal/fs/promises:641:25)
    ... 2 lines matching cause stack trace ...
    at Server.toNodeHandle (file:///Users/hf-mac/Downloads/tgpro-admin/.output/server/chunks/nitro/nitro.mjs:2230:7) {
  cause: Error: ENOENT: no such file or directory, open '/Users/hf-mac/Downloads/tgpro-admin/.output/public/_nuxt/DcHNM1Xn.js'
      at open (node:internal/fs/promises:641:25)
      at Object.readFile (node:internal/fs/promises:1245:14)
      at Object.handler (file:///Users/hf-mac/Downloads/tgpro-admin/.output/server/chunks/nitro/nitro.mjs:1959:19)
      at Server.toNodeHandle (file:///Users/hf-mac/Downloads/tgpro-admin/.output/server/chunks/nitro/nitro.mjs:2230:7) {
    errno: -2,
    code: 'ENOENT',
    syscall: 'open',
    path: '/Users/hf-mac/Downloads/tgpro-admin/.output/public/_nuxt/DcHNM1Xn.js'
  },
  statusCode: 500,
  fatal: false,
  unhandled: true,
  statusMessage: undefined,
  data: undefined
}
2025-11-05T02:30:43: [request error] [unhandled] [GET] http://localhost:3000/_nuxt/C4xQaJXR.js
 H3Error: ENOENT: no such file or directory, open '/Users/hf-mac/Downloads/tgpro-admin/.output/public/_nuxt/C4xQaJXR.js'
    at open (node:internal/fs/promises:641:25)
    ... 2 lines matching cause stack trace ...
    at Server.toNodeHandle (file:///Users/hf-mac/Downloads/tgpro-admin/.output/server/chunks/nitro/nitro.mjs:2230:7) {
  cause: Error: ENOENT: no such file or directory, open '/Users/hf-mac/Downloads/tgpro-admin/.output/public/_nuxt/C4xQaJXR.js'
      at open (node:internal/fs/promises:641:25)
      at Object.readFile (node:internal/fs/promises:1245:14)
      at Object.handler (file:///Users/hf-mac/Downloads/tgpro-admin/.output/server/chunks/nitro/nitro.mjs:1959:19)
      at Server.toNodeHandle (file:///Users/hf-mac/Downloads/tgpro-admin/.output/server/chunks/nitro/nitro.mjs:2230:7) {
    errno: -2,
    code: 'ENOENT',
    syscall: 'open',
    path: '/Users/hf-mac/Downloads/tgpro-admin/.output/public/_nuxt/C4xQaJXR.js'
  },
  statusCode: 500,
  fatal: false,
  unhandled: true,
  statusMessage: undefined,
  data: undefined
}
2025-11-05T02:30:43: [request error] [unhandled] [GET] http://localhost:3000/_nuxt/builds/meta/db489c3b-20ab-405c-96a2-98b632ec7da6.json
 H3Error: ENOENT: no such file or directory, open '/Users/hf-mac/Downloads/tgpro-admin/.output/public/_nuxt/builds/meta/db489c3b-20ab-405c-96a2-98b632ec7da6.json'
    at open (node:internal/fs/promises:641:25)
    ... 2 lines matching cause stack trace ...
    at Server.toNodeHandle (file:///Users/hf-mac/Downloads/tgpro-admin/.output/server/chunks/nitro/nitro.mjs:2230:7) {
  cause: Error: ENOENT: no such file or directory, open '/Users/hf-mac/Downloads/tgpro-admin/.output/public/_nuxt/builds/meta/db489c3b-20ab-405c-96a2-98b632ec7da6.json'
      at open (node:internal/fs/promises:641:25)
      at Object.readFile (node:internal/fs/promises:1245:14)
      at Object.handler (file:///Users/hf-mac/Downloads/tgpro-admin/.output/server/chunks/nitro/nitro.mjs:1959:19)
      at Server.toNodeHandle (file:///Users/hf-mac/Downloads/tgpro-admin/.output/server/chunks/nitro/nitro.mjs:2230:7) {
    errno: -2,
    code: 'ENOENT',
    syscall: 'open',
    path: '/Users/hf-mac/Downloads/tgpro-admin/.output/public/_nuxt/builds/meta/db489c3b-20ab-405c-96a2-98b632ec7da6.json'
  },
  statusCode: 500,
  fatal: false,
  unhandled: true,
  statusMessage: undefined,
  data: undefined
}
2025-11-05T02:30:44: [request error] [unhandled] [GET] http://localhost:3000/_nuxt/DbAgXtul.js
 H3Error: ENOENT: no such file or directory, open '/Users/hf-mac/Downloads/tgpro-admin/.output/public/_nuxt/DbAgXtul.js'
    at open (node:internal/fs/promises:641:25)
    ... 2 lines matching cause stack trace ...
    at Server.toNodeHandle (file:///Users/hf-mac/Downloads/tgpro-admin/.output/server/chunks/nitro/nitro.mjs:2230:7) {
  cause: Error: ENOENT: no such file or directory, open '/Users/hf-mac/Downloads/tgpro-admin/.output/public/_nuxt/DbAgXtul.js'
      at open (node:internal/fs/promises:641:25)
      at Object.readFile (node:internal/fs/promises:1245:14)
      at Object.handler (file:///Users/hf-mac/Downloads/tgpro-admin/.output/server/chunks/nitro/nitro.mjs:1959:19)
      at Server.toNodeHandle (file:///Users/hf-mac/Downloads/tgpro-admin/.output/server/chunks/nitro/nitro.mjs:2230:7) {
    errno: -2,
    code: 'ENOENT',
    syscall: 'open',
    path: '/Users/hf-mac/Downloads/tgpro-admin/.output/public/_nuxt/DbAgXtul.js'
  },
  statusCode: 500,
  fatal: false,
  unhandled: true,
  statusMessage: undefined,
  data: undefined
}
2025-11-05T02:30:44: [request error] [unhandled] [GET] http://localhost:3000/_nuxt/D_B5nL8y.js
 H3Error: ENOENT: no such file or directory, open '/Users/hf-mac/Downloads/tgpro-admin/.output/public/_nuxt/D_B5nL8y.js'
    at open (node:internal/fs/promises:641:25)
    ... 2 lines matching cause stack trace ...
    at Server.toNodeHandle (file:///Users/hf-mac/Downloads/tgpro-admin/.output/server/chunks/nitro/nitro.mjs:2230:7) {
  cause: Error: ENOENT: no such file or directory, open '/Users/hf-mac/Downloads/tgpro-admin/.output/public/_nuxt/D_B5nL8y.js'
      at open (node:internal/fs/promises:641:25)
      at Object.readFile (node:internal/fs/promises:1245:14)
      at Object.handler (file:///Users/hf-mac/Downloads/tgpro-admin/.output/server/chunks/nitro/nitro.mjs:1959:19)
      at Server.toNodeHandle (file:///Users/hf-mac/Downloads/tgpro-admin/.output/server/chunks/nitro/nitro.mjs:2230:7) {
    errno: -2,
    code: 'ENOENT',
    syscall: 'open',
    path: '/Users/hf-mac/Downloads/tgpro-admin/.output/public/_nuxt/D_B5nL8y.js'
  },
  statusCode: 500,
  fatal: false,
  unhandled: true,
  statusMessage: undefined,
  data: undefined
}
2025-11-05T02:30:44: [request error] [unhandled] [GET] http://localhost:3000/_nuxt/DpNIWReE.js
 H3Error: ENOENT: no such file or directory, open '/Users/hf-mac/Downloads/tgpro-admin/.output/public/_nuxt/DpNIWReE.js'
    at open (node:internal/fs/promises:641:25)
    ... 2 lines matching cause stack trace ...
    at Server.toNodeHandle (file:///Users/hf-mac/Downloads/tgpro-admin/.output/server/chunks/nitro/nitro.mjs:2230:7) {
  cause: Error: ENOENT: no such file or directory, open '/Users/hf-mac/Downloads/tgpro-admin/.output/public/_nuxt/DpNIWReE.js'
      at open (node:internal/fs/promises:641:25)
      at Object.readFile (node:internal/fs/promises:1245:14)
      at Object.handler (file:///Users/hf-mac/Downloads/tgpro-admin/.output/server/chunks/nitro/nitro.mjs:1959:19)
      at Server.toNodeHandle (file:///Users/hf-mac/Downloads/tgpro-admin/.output/server/chunks/nitro/nitro.mjs:2230:7) {
    errno: -2,
    code: 'ENOENT',
    syscall: 'open',
    path: '/Users/hf-mac/Downloads/tgpro-admin/.output/public/_nuxt/DpNIWReE.js'
  },
  statusCode: 500,
  fatal: false,
  unhandled: true,
  statusMessage: undefined,
  data: undefined
}
2025-11-05T02:30:44: [request error] [unhandled] [GET] http://localhost:3000/_nuxt/Bl84yrz9.js
 H3Error: ENOENT: no such file or directory, open '/Users/hf-mac/Downloads/tgpro-admin/.output/public/_nuxt/Bl84yrz9.js'
    at open (node:internal/fs/promises:641:25)
    ... 2 lines matching cause stack trace ...
    at Server.toNodeHandle (file:///Users/hf-mac/Downloads/tgpro-admin/.output/server/chunks/nitro/nitro.mjs:2230:7) {
  cause: Error: ENOENT: no such file or directory, open '/Users/hf-mac/Downloads/tgpro-admin/.output/public/_nuxt/Bl84yrz9.js'
      at open (node:internal/fs/promises:641:25)
      at Object.readFile (node:internal/fs/promises:1245:14)
      at Object.handler (file:///Users/hf-mac/Downloads/tgpro-admin/.output/server/chunks/nitro/nitro.mjs:1959:19)
      at Server.toNodeHandle (file:///Users/hf-mac/Downloads/tgpro-admin/.output/server/chunks/nitro/nitro.mjs:2230:7) {
    errno: -2,
    code: 'ENOENT',
    syscall: 'open',
    path: '/Users/hf-mac/Downloads/tgpro-admin/.output/public/_nuxt/Bl84yrz9.js'
  },
  statusCode: 500,
  fatal: false,
  unhandled: true,
  statusMessage: undefined,
  data: undefined
}
2025-11-05T02:30:44: [request error] [unhandled] [GET] http://localhost:3000/_nuxt/D974gv07.js
 H3Error: ENOENT: no such file or directory, open '/Users/hf-mac/Downloads/tgpro-admin/.output/public/_nuxt/D974gv07.js'
    at open (node:internal/fs/promises:641:25)
    ... 2 lines matching cause stack trace ...
    at Server.toNodeHandle (file:///Users/hf-mac/Downloads/tgpro-admin/.output/server/chunks/nitro/nitro.mjs:2230:7) {
  cause: Error: ENOENT: no such file or directory, open '/Users/hf-mac/Downloads/tgpro-admin/.output/public/_nuxt/D974gv07.js'
      at open (node:internal/fs/promises:641:25)
      at Object.readFile (node:internal/fs/promises:1245:14)
      at Object.handler (file:///Users/hf-mac/Downloads/tgpro-admin/.output/server/chunks/nitro/nitro.mjs:1959:19)
      at Server.toNodeHandle (file:///Users/hf-mac/Downloads/tgpro-admin/.output/server/chunks/nitro/nitro.mjs:2230:7) {
    errno: -2,
    code: 'ENOENT',
    syscall: 'open',
    path: '/Users/hf-mac/Downloads/tgpro-admin/.output/public/_nuxt/D974gv07.js'
  },
  statusCode: 500,
  fatal: false,
  unhandled: true,
  statusMessage: undefined,
  data: undefined
}
2025-11-05T02:30:44: [request error] [unhandled] [GET] http://localhost:3000/_nuxt/D32lUId-.js
 H3Error: ENOENT: no such file or directory, open '/Users/hf-mac/Downloads/tgpro-admin/.output/public/_nuxt/D32lUId-.js'
    at open (node:internal/fs/promises:641:25)
    ... 2 lines matching cause stack trace ...
    at Server.toNodeHandle (file:///Users/hf-mac/Downloads/tgpro-admin/.output/server/chunks/nitro/nitro.mjs:2230:7) {
  cause: Error: ENOENT: no such file or directory, open '/Users/hf-mac/Downloads/tgpro-admin/.output/public/_nuxt/D32lUId-.js'
      at open (node:internal/fs/promises:641:25)
      at Object.readFile (node:internal/fs/promises:1245:14)
      at Object.handler (file:///Users/hf-mac/Downloads/tgpro-admin/.output/server/chunks/nitro/nitro.mjs:1959:19)
      at Server.toNodeHandle (file:///Users/hf-mac/Downloads/tgpro-admin/.output/server/chunks/nitro/nitro.mjs:2230:7) {
    errno: -2,
    code: 'ENOENT',
    syscall: 'open',
    path: '/Users/hf-mac/Downloads/tgpro-admin/.output/public/_nuxt/D32lUId-.js'
  },
  statusCode: 500,
  fatal: false,
  unhandled: true,
  statusMessage: undefined,
  data: undefined
}
2025-11-05T02:30:45: [request error] [unhandled] [GET] http://localhost:3000/_nuxt/CetYVyQG.js
 H3Error: ENOENT: no such file or directory, open '/Users/hf-mac/Downloads/tgpro-admin/.output/public/_nuxt/CetYVyQG.js'
    at open (node:internal/fs/promises:641:25)
    ... 2 lines matching cause stack trace ...
    at Server.toNodeHandle (file:///Users/hf-mac/Downloads/tgpro-admin/.output/server/chunks/nitro/nitro.mjs:2230:7) {
  cause: Error: ENOENT: no such file or directory, open '/Users/hf-mac/Downloads/tgpro-admin/.output/public/_nuxt/CetYVyQG.js'
      at open (node:internal/fs/promises:641:25)
      at Object.readFile (node:internal/fs/promises:1245:14)
      at Object.handler (file:///Users/hf-mac/Downloads/tgpro-admin/.output/server/chunks/nitro/nitro.mjs:1959:19)
      at Server.toNodeHandle (file:///Users/hf-mac/Downloads/tgpro-admin/.output/server/chunks/nitro/nitro.mjs:2230:7) {
    errno: -2,
    code: 'ENOENT',
    syscall: 'open',
    path: '/Users/hf-mac/Downloads/tgpro-admin/.output/public/_nuxt/CetYVyQG.js'
  },
  statusCode: 500,
  fatal: false,
  unhandled: true,
  statusMessage: undefined,
  data: undefined
}
2025-11-05T02:30:45: [request error] [unhandled] [GET] http://localhost:3000/_nuxt/Db7eFA1E.js
 H3Error: ENOENT: no such file or directory, open '/Users/hf-mac/Downloads/tgpro-admin/.output/public/_nuxt/Db7eFA1E.js'
    at open (node:internal/fs/promises:641:25)
    ... 2 lines matching cause stack trace ...
    at Server.toNodeHandle (file:///Users/hf-mac/Downloads/tgpro-admin/.output/server/chunks/nitro/nitro.mjs:2230:7) {
  cause: Error: ENOENT: no such file or directory, open '/Users/hf-mac/Downloads/tgpro-admin/.output/public/_nuxt/Db7eFA1E.js'
      at open (node:internal/fs/promises:641:25)
      at Object.readFile (node:internal/fs/promises:1245:14)
      at Object.handler (file:///Users/hf-mac/Downloads/tgpro-admin/.output/server/chunks/nitro/nitro.mjs:1959:19)
      at Server.toNodeHandle (file:///Users/hf-mac/Downloads/tgpro-admin/.output/server/chunks/nitro/nitro.mjs:2230:7) {
    errno: -2,
    code: 'ENOENT',
    syscall: 'open',
    path: '/Users/hf-mac/Downloads/tgpro-admin/.output/public/_nuxt/Db7eFA1E.js'
  },
  statusCode: 500,
  fatal: false,
  unhandled: true,
  statusMessage: undefined,
  data: undefined
}
2025-11-05T02:30:45: [request error] [unhandled] [GET] http://localhost:3000/_nuxt/DAr-OQmd.js
 H3Error: ENOENT: no such file or directory, open '/Users/hf-mac/Downloads/tgpro-admin/.output/public/_nuxt/DAr-OQmd.js'
    at open (node:internal/fs/promises:641:25)
    ... 2 lines matching cause stack trace ...
    at Server.toNodeHandle (file:///Users/hf-mac/Downloads/tgpro-admin/.output/server/chunks/nitro/nitro.mjs:2230:7) {
  cause: Error: ENOENT: no such file or directory, open '/Users/hf-mac/Downloads/tgpro-admin/.output/public/_nuxt/DAr-OQmd.js'
      at open (node:internal/fs/promises:641:25)
      at Object.readFile (node:internal/fs/promises:1245:14)
      at Object.handler (file:///Users/hf-mac/Downloads/tgpro-admin/.output/server/chunks/nitro/nitro.mjs:1959:19)
      at Server.toNodeHandle (file:///Users/hf-mac/Downloads/tgpro-admin/.output/server/chunks/nitro/nitro.mjs:2230:7) {
    errno: -2,
    code: 'ENOENT',
    syscall: 'open',
    path: '/Users/hf-mac/Downloads/tgpro-admin/.output/public/_nuxt/DAr-OQmd.js'
  },
  statusCode: 500,
  fatal: false,
  unhandled: true,
  statusMessage: undefined,
  data: undefined
}
2025-11-05T02:30:45: [request error] [unhandled] [GET] http://localhost:3000/_nuxt/Bdz-sLfb.js
 H3Error: ENOENT: no such file or directory, open '/Users/hf-mac/Downloads/tgpro-admin/.output/public/_nuxt/Bdz-sLfb.js'
    at open (node:internal/fs/promises:641:25)
    ... 2 lines matching cause stack trace ...
    at Server.toNodeHandle (file:///Users/hf-mac/Downloads/tgpro-admin/.output/server/chunks/nitro/nitro.mjs:2230:7) {
  cause: Error: ENOENT: no such file or directory, open '/Users/hf-mac/Downloads/tgpro-admin/.output/public/_nuxt/Bdz-sLfb.js'
      at open (node:internal/fs/promises:641:25)
      at Object.readFile (node:internal/fs/promises:1245:14)
      at Object.handler (file:///Users/hf-mac/Downloads/tgpro-admin/.output/server/chunks/nitro/nitro.mjs:1959:19)
      at Server.toNodeHandle (file:///Users/hf-mac/Downloads/tgpro-admin/.output/server/chunks/nitro/nitro.mjs:2230:7) {
    errno: -2,
    code: 'ENOENT',
    syscall: 'open',
    path: '/Users/hf-mac/Downloads/tgpro-admin/.output/public/_nuxt/Bdz-sLfb.js'
  },
  statusCode: 500,
  fatal: false,
  unhandled: true,
  statusMessage: undefined,
  data: undefined
}
2025-11-05T02:30:45: [request error] [unhandled] [GET] http://localhost:3000/_nuxt/BTgB1rvp.js
 H3Error: ENOENT: no such file or directory, open '/Users/hf-mac/Downloads/tgpro-admin/.output/public/_nuxt/BTgB1rvp.js'
    at open (node:internal/fs/promises:641:25)
    ... 2 lines matching cause stack trace ...
    at Server.toNodeHandle (file:///Users/hf-mac/Downloads/tgpro-admin/.output/server/chunks/nitro/nitro.mjs:2230:7) {
  cause: Error: ENOENT: no such file or directory, open '/Users/hf-mac/Downloads/tgpro-admin/.output/public/_nuxt/BTgB1rvp.js'
      at open (node:internal/fs/promises:641:25)
      at Object.readFile (node:internal/fs/promises:1245:14)
      at Object.handler (file:///Users/hf-mac/Downloads/tgpro-admin/.output/server/chunks/nitro/nitro.mjs:1959:19)
      at Server.toNodeHandle (file:///Users/hf-mac/Downloads/tgpro-admin/.output/server/chunks/nitro/nitro.mjs:2230:7) {
    errno: -2,
    code: 'ENOENT',
    syscall: 'open',
    path: '/Users/hf-mac/Downloads/tgpro-admin/.output/public/_nuxt/BTgB1rvp.js'
  },
  statusCode: 500,
  fatal: false,
  unhandled: true,
  statusMessage: undefined,
  data: undefined
}
2025-11-05T02:30:45: [request error] [unhandled] [GET] http://localhost:3000/_nuxt/CXT04lNs.js
 H3Error: ENOENT: no such file or directory, open '/Users/hf-mac/Downloads/tgpro-admin/.output/public/_nuxt/CXT04lNs.js'
    at open (node:internal/fs/promises:641:25)
    ... 2 lines matching cause stack trace ...
    at Server.toNodeHandle (file:///Users/hf-mac/Downloads/tgpro-admin/.output/server/chunks/nitro/nitro.mjs:2230:7) {
  cause: Error: ENOENT: no such file or directory, open '/Users/hf-mac/Downloads/tgpro-admin/.output/public/_nuxt/CXT04lNs.js'
      at open (node:internal/fs/promises:641:25)
      at Object.readFile (node:internal/fs/promises:1245:14)
      at Object.handler (file:///Users/hf-mac/Downloads/tgpro-admin/.output/server/chunks/nitro/nitro.mjs:1959:19)
      at Server.toNodeHandle (file:///Users/hf-mac/Downloads/tgpro-admin/.output/server/chunks/nitro/nitro.mjs:2230:7) {
    errno: -2,
    code: 'ENOENT',
    syscall: 'open',
    path: '/Users/hf-mac/Downloads/tgpro-admin/.output/public/_nuxt/CXT04lNs.js'
  },
  statusCode: 500,
  fatal: false,
  unhandled: true,
  statusMessage: undefined,
  data: undefined
}
2025-11-05T02:30:45: [request error] [unhandled] [GET] http://localhost:3000/_nuxt/DcHNM1Xn.js
 H3Error: ENOENT: no such file or directory, open '/Users/hf-mac/Downloads/tgpro-admin/.output/public/_nuxt/DcHNM1Xn.js'
    at open (node:internal/fs/promises:641:25)
    ... 2 lines matching cause stack trace ...
    at Server.toNodeHandle (file:///Users/hf-mac/Downloads/tgpro-admin/.output/server/chunks/nitro/nitro.mjs:2230:7) {
  cause: Error: ENOENT: no such file or directory, open '/Users/hf-mac/Downloads/tgpro-admin/.output/public/_nuxt/DcHNM1Xn.js'
      at open (node:internal/fs/promises:641:25)
      at Object.readFile (node:internal/fs/promises:1245:14)
      at Object.handler (file:///Users/hf-mac/Downloads/tgpro-admin/.output/server/chunks/nitro/nitro.mjs:1959:19)
      at Server.toNodeHandle (file:///Users/hf-mac/Downloads/tgpro-admin/.output/server/chunks/nitro/nitro.mjs:2230:7) {
    errno: -2,
    code: 'ENOENT',
    syscall: 'open',
    path: '/Users/hf-mac/Downloads/tgpro-admin/.output/public/_nuxt/DcHNM1Xn.js'
  },
  statusCode: 500,
  fatal: false,
  unhandled: true,
  statusMessage: undefined,
  data: undefined
}
2025-11-05T02:30:45: [request error] [unhandled] [GET] http://localhost:3000/_nuxt/C4xQaJXR.js
 H3Error: ENOENT: no such file or directory, open '/Users/hf-mac/Downloads/tgpro-admin/.output/public/_nuxt/C4xQaJXR.js'
    at open (node:internal/fs/promises:641:25)
    ... 2 lines matching cause stack trace ...
    at Server.toNodeHandle (file:///Users/hf-mac/Downloads/tgpro-admin/.output/server/chunks/nitro/nitro.mjs:2230:7) {
  cause: Error: ENOENT: no such file or directory, open '/Users/hf-mac/Downloads/tgpro-admin/.output/public/_nuxt/C4xQaJXR.js'
      at open (node:internal/fs/promises:641:25)
      at Object.readFile (node:internal/fs/promises:1245:14)
      at Object.handler (file:///Users/hf-mac/Downloads/tgpro-admin/.output/server/chunks/nitro/nitro.mjs:1959:19)
      at Server.toNodeHandle (file:///Users/hf-mac/Downloads/tgpro-admin/.output/server/chunks/nitro/nitro.mjs:2230:7) {
    errno: -2,
    code: 'ENOENT',
    syscall: 'open',
    path: '/Users/hf-mac/Downloads/tgpro-admin/.output/public/_nuxt/C4xQaJXR.js'
  },
  statusCode: 500,
  fatal: false,
  unhandled: true,
  statusMessage: undefined,
  data: undefined
}
2025-11-05T02:30:45: [request error] [unhandled] [GET] http://localhost:3000/_nuxt/builds/meta/db489c3b-20ab-405c-96a2-98b632ec7da6.json
 H3Error: ENOENT: no such file or directory, open '/Users/hf-mac/Downloads/tgpro-admin/.output/public/_nuxt/builds/meta/db489c3b-20ab-405c-96a2-98b632ec7da6.json'
    at open (node:internal/fs/promises:641:25)
    ... 2 lines matching cause stack trace ...
    at Server.toNodeHandle (file:///Users/hf-mac/Downloads/tgpro-admin/.output/server/chunks/nitro/nitro.mjs:2230:7) {
  cause: Error: ENOENT: no such file or directory, open '/Users/hf-mac/Downloads/tgpro-admin/.output/public/_nuxt/builds/meta/db489c3b-20ab-405c-96a2-98b632ec7da6.json'
      at open (node:internal/fs/promises:641:25)
      at Object.readFile (node:internal/fs/promises:1245:14)
      at Object.handler (file:///Users/hf-mac/Downloads/tgpro-admin/.output/server/chunks/nitro/nitro.mjs:1959:19)
      at Server.toNodeHandle (file:///Users/hf-mac/Downloads/tgpro-admin/.output/server/chunks/nitro/nitro.mjs:2230:7) {
    errno: -2,
    code: 'ENOENT',
    syscall: 'open',
    path: '/Users/hf-mac/Downloads/tgpro-admin/.output/public/_nuxt/builds/meta/db489c3b-20ab-405c-96a2-98b632ec7da6.json'
  },
  statusCode: 500,
  fatal: false,
  unhandled: true,
  statusMessage: undefined,
  data: undefined
}
2025-11-05T02:30:45: [request error] [unhandled] [GET] http://localhost:3000/_nuxt/DbAgXtul.js
 H3Error: ENOENT: no such file or directory, open '/Users/hf-mac/Downloads/tgpro-admin/.output/public/_nuxt/DbAgXtul.js'
    at open (node:internal/fs/promises:641:25)
    ... 2 lines matching cause stack trace ...
    at Server.toNodeHandle (file:///Users/hf-mac/Downloads/tgpro-admin/.output/server/chunks/nitro/nitro.mjs:2230:7) {
  cause: Error: ENOENT: no such file or directory, open '/Users/hf-mac/Downloads/tgpro-admin/.output/public/_nuxt/DbAgXtul.js'
      at open (node:internal/fs/promises:641:25)
      at Object.readFile (node:internal/fs/promises:1245:14)
      at Object.handler (file:///Users/hf-mac/Downloads/tgpro-admin/.output/server/chunks/nitro/nitro.mjs:1959:19)
      at Server.toNodeHandle (file:///Users/hf-mac/Downloads/tgpro-admin/.output/server/chunks/nitro/nitro.mjs:2230:7) {
    errno: -2,
    code: 'ENOENT',
    syscall: 'open',
    path: '/Users/hf-mac/Downloads/tgpro-admin/.output/public/_nuxt/DbAgXtul.js'
  },
  statusCode: 500,
  fatal: false,
  unhandled: true,
  statusMessage: undefined,
  data: undefined
}
2025-11-05T02:30:45: [request error] [unhandled] [GET] http://localhost:3000/_nuxt/DpNIWReE.js
 H3Error: ENOENT: no such file or directory, open '/Users/hf-mac/Downloads/tgpro-admin/.output/public/_nuxt/DpNIWReE.js'
    at open (node:internal/fs/promises:641:25)
    ... 2 lines matching cause stack trace ...
    at Server.toNodeHandle (file:///Users/hf-mac/Downloads/tgpro-admin/.output/server/chunks/nitro/nitro.mjs:2230:7) {
  cause: Error: ENOENT: no such file or directory, open '/Users/hf-mac/Downloads/tgpro-admin/.output/public/_nuxt/DpNIWReE.js'
      at open (node:internal/fs/promises:641:25)
      at Object.readFile (node:internal/fs/promises:1245:14)
      at Object.handler (file:///Users/hf-mac/Downloads/tgpro-admin/.output/server/chunks/nitro/nitro.mjs:1959:19)
      at Server.toNodeHandle (file:///Users/hf-mac/Downloads/tgpro-admin/.output/server/chunks/nitro/nitro.mjs:2230:7) {
    errno: -2,
    code: 'ENOENT',
    syscall: 'open',
    path: '/Users/hf-mac/Downloads/tgpro-admin/.output/public/_nuxt/DpNIWReE.js'
  },
  statusCode: 500,
  fatal: false,
  unhandled: true,
  statusMessage: undefined,
  data: undefined
}
2025-11-05T02:30:45: [request error] [unhandled] [GET] http://localhost:3000/_nuxt/D_B5nL8y.js
 H3Error: ENOENT: no such file or directory, open '/Users/hf-mac/Downloads/tgpro-admin/.output/public/_nuxt/D_B5nL8y.js'
    at open (node:internal/fs/promises:641:25)
    ... 2 lines matching cause stack trace ...
    at Server.toNodeHandle (file:///Users/hf-mac/Downloads/tgpro-admin/.output/server/chunks/nitro/nitro.mjs:2230:7) {
  cause: Error: ENOENT: no such file or directory, open '/Users/hf-mac/Downloads/tgpro-admin/.output/public/_nuxt/D_B5nL8y.js'
      at open (node:internal/fs/promises:641:25)
      at Object.readFile (node:internal/fs/promises:1245:14)
      at Object.handler (file:///Users/hf-mac/Downloads/tgpro-admin/.output/server/chunks/nitro/nitro.mjs:1959:19)
      at Server.toNodeHandle (file:///Users/hf-mac/Downloads/tgpro-admin/.output/server/chunks/nitro/nitro.mjs:2230:7) {
    errno: -2,
    code: 'ENOENT',
    syscall: 'open',
    path: '/Users/hf-mac/Downloads/tgpro-admin/.output/public/_nuxt/D_B5nL8y.js'
  },
  statusCode: 500,
  fatal: false,
  unhandled: true,
  statusMessage: undefined,
  data: undefined
}
2025-11-05T02:30:45: [request error] [unhandled] [GET] http://localhost:3000/_nuxt/D974gv07.js
 H3Error: ENOENT: no such file or directory, open '/Users/hf-mac/Downloads/tgpro-admin/.output/public/_nuxt/D974gv07.js'
    at open (node:internal/fs/promises:641:25)
    ... 2 lines matching cause stack trace ...
    at Server.toNodeHandle (file:///Users/hf-mac/Downloads/tgpro-admin/.output/server/chunks/nitro/nitro.mjs:2230:7) {
  cause: Error: ENOENT: no such file or directory, open '/Users/hf-mac/Downloads/tgpro-admin/.output/public/_nuxt/D974gv07.js'
      at open (node:internal/fs/promises:641:25)
      at Object.readFile (node:internal/fs/promises:1245:14)
      at Object.handler (file:///Users/hf-mac/Downloads/tgpro-admin/.output/server/chunks/nitro/nitro.mjs:1959:19)
      at Server.toNodeHandle (file:///Users/hf-mac/Downloads/tgpro-admin/.output/server/chunks/nitro/nitro.mjs:2230:7) {
    errno: -2,
    code: 'ENOENT',
    syscall: 'open',
    path: '/Users/hf-mac/Downloads/tgpro-admin/.output/public/_nuxt/D974gv07.js'
  },
  statusCode: 500,
  fatal: false,
  unhandled: true,
  statusMessage: undefined,
  data: undefined
}
2025-11-05T02:30:45: [request error] [unhandled] [GET] http://localhost:3000/_nuxt/D32lUId-.js
 H3Error: ENOENT: no such file or directory, open '/Users/hf-mac/Downloads/tgpro-admin/.output/public/_nuxt/D32lUId-.js'
    at open (node:internal/fs/promises:641:25)
    ... 2 lines matching cause stack trace ...
    at Server.toNodeHandle (file:///Users/hf-mac/Downloads/tgpro-admin/.output/server/chunks/nitro/nitro.mjs:2230:7) {
  cause: Error: ENOENT: no such file or directory, open '/Users/hf-mac/Downloads/tgpro-admin/.output/public/_nuxt/D32lUId-.js'
      at open (node:internal/fs/promises:641:25)
      at Object.readFile (node:internal/fs/promises:1245:14)
      at Object.handler (file:///Users/hf-mac/Downloads/tgpro-admin/.output/server/chunks/nitro/nitro.mjs:1959:19)
      at Server.toNodeHandle (file:///Users/hf-mac/Downloads/tgpro-admin/.output/server/chunks/nitro/nitro.mjs:2230:7) {
    errno: -2,
    code: 'ENOENT',
    syscall: 'open',
    path: '/Users/hf-mac/Downloads/tgpro-admin/.output/public/_nuxt/D32lUId-.js'
  },
  statusCode: 500,
  fatal: false,
  unhandled: true,
  statusMessage: undefined,
  data: undefined
}
2025-11-05T02:30:45: [request error] [unhandled] [GET] http://localhost:3000/_nuxt/Bl84yrz9.js
 H3Error: ENOENT: no such file or directory, open '/Users/hf-mac/Downloads/tgpro-admin/.output/public/_nuxt/Bl84yrz9.js'
    at open (node:internal/fs/promises:641:25)
    ... 2 lines matching cause stack trace ...
    at Server.toNodeHandle (file:///Users/hf-mac/Downloads/tgpro-admin/.output/server/chunks/nitro/nitro.mjs:2230:7) {
  cause: Error: ENOENT: no such file or directory, open '/Users/hf-mac/Downloads/tgpro-admin/.output/public/_nuxt/Bl84yrz9.js'
      at open (node:internal/fs/promises:641:25)
      at Object.readFile (node:internal/fs/promises:1245:14)
      at Object.handler (file:///Users/hf-mac/Downloads/tgpro-admin/.output/server/chunks/nitro/nitro.mjs:1959:19)
      at Server.toNodeHandle (file:///Users/hf-mac/Downloads/tgpro-admin/.output/server/chunks/nitro/nitro.mjs:2230:7) {
    errno: -2,
    code: 'ENOENT',
    syscall: 'open',
    path: '/Users/hf-mac/Downloads/tgpro-admin/.output/public/_nuxt/Bl84yrz9.js'
  },
  statusCode: 500,
  fatal: false,
  unhandled: true,
  statusMessage: undefined,
  data: undefined
}
2025-11-05T02:30:45: [request error] [unhandled] [GET] http://localhost:3000/_nuxt/CetYVyQG.js
 H3Error: ENOENT: no such file or directory, open '/Users/hf-mac/Downloads/tgpro-admin/.output/public/_nuxt/CetYVyQG.js'
    at open (node:internal/fs/promises:641:25)
    ... 2 lines matching cause stack trace ...
    at Server.toNodeHandle (file:///Users/hf-mac/Downloads/tgpro-admin/.output/server/chunks/nitro/nitro.mjs:2230:7) {
  cause: Error: ENOENT: no such file or directory, open '/Users/hf-mac/Downloads/tgpro-admin/.output/public/_nuxt/CetYVyQG.js'
      at open (node:internal/fs/promises:641:25)
      at Object.readFile (node:internal/fs/promises:1245:14)
      at Object.handler (file:///Users/hf-mac/Downloads/tgpro-admin/.output/server/chunks/nitro/nitro.mjs:1959:19)
      at Server.toNodeHandle (file:///Users/hf-mac/Downloads/tgpro-admin/.output/server/chunks/nitro/nitro.mjs:2230:7) {
    errno: -2,
    code: 'ENOENT',
    syscall: 'open',
    path: '/Users/hf-mac/Downloads/tgpro-admin/.output/public/_nuxt/CetYVyQG.js'
  },
  statusCode: 500,
  fatal: false,
  unhandled: true,
  statusMessage: undefined,
  data: undefined
}
2025-11-05T02:30:45: [request error] [unhandled] [GET] http://localhost:3000/_nuxt/Db7eFA1E.js
 H3Error: ENOENT: no such file or directory, open '/Users/hf-mac/Downloads/tgpro-admin/.output/public/_nuxt/Db7eFA1E.js'
    at open (node:internal/fs/promises:641:25)
    ... 2 lines matching cause stack trace ...
    at Server.toNodeHandle (file:///Users/hf-mac/Downloads/tgpro-admin/.output/server/chunks/nitro/nitro.mjs:2230:7) {
  cause: Error: ENOENT: no such file or directory, open '/Users/hf-mac/Downloads/tgpro-admin/.output/public/_nuxt/Db7eFA1E.js'
      at open (node:internal/fs/promises:641:25)
      at Object.readFile (node:internal/fs/promises:1245:14)
      at Object.handler (file:///Users/hf-mac/Downloads/tgpro-admin/.output/server/chunks/nitro/nitro.mjs:1959:19)
      at Server.toNodeHandle (file:///Users/hf-mac/Downloads/tgpro-admin/.output/server/chunks/nitro/nitro.mjs:2230:7) {
    errno: -2,
    code: 'ENOENT',
    syscall: 'open',
    path: '/Users/hf-mac/Downloads/tgpro-admin/.output/public/_nuxt/Db7eFA1E.js'
  },
  statusCode: 500,
  fatal: false,
  unhandled: true,
  statusMessage: undefined,
  data: undefined
}
2025-11-05T02:30:45: [request error] [unhandled] [GET] http://localhost:3000/_nuxt/DAr-OQmd.js
 H3Error: ENOENT: no such file or directory, open '/Users/hf-mac/Downloads/tgpro-admin/.output/public/_nuxt/DAr-OQmd.js'
    at open (node:internal/fs/promises:641:25)
    ... 2 lines matching cause stack trace ...
    at Server.toNodeHandle (file:///Users/hf-mac/Downloads/tgpro-admin/.output/server/chunks/nitro/nitro.mjs:2230:7) {
  cause: Error: ENOENT: no such file or directory, open '/Users/hf-mac/Downloads/tgpro-admin/.output/public/_nuxt/DAr-OQmd.js'
      at open (node:internal/fs/promises:641:25)
      at Object.readFile (node:internal/fs/promises:1245:14)
      at Object.handler (file:///Users/hf-mac/Downloads/tgpro-admin/.output/server/chunks/nitro/nitro.mjs:1959:19)
      at Server.toNodeHandle (file:///Users/hf-mac/Downloads/tgpro-admin/.output/server/chunks/nitro/nitro.mjs:2230:7) {
    errno: -2,
    code: 'ENOENT',
    syscall: 'open',
    path: '/Users/hf-mac/Downloads/tgpro-admin/.output/public/_nuxt/DAr-OQmd.js'
  },
  statusCode: 500,
  fatal: false,
  unhandled: true,
  statusMessage: undefined,
  data: undefined
}
2025-11-05T02:30:45: [request error] [unhandled] [GET] http://localhost:3000/_nuxt/Bdz-sLfb.js
 H3Error: ENOENT: no such file or directory, open '/Users/hf-mac/Downloads/tgpro-admin/.output/public/_nuxt/Bdz-sLfb.js'
    at open (node:internal/fs/promises:641:25)
    ... 2 lines matching cause stack trace ...
    at Server.toNodeHandle (file:///Users/hf-mac/Downloads/tgpro-admin/.output/server/chunks/nitro/nitro.mjs:2230:7) {
  cause: Error: ENOENT: no such file or directory, open '/Users/hf-mac/Downloads/tgpro-admin/.output/public/_nuxt/Bdz-sLfb.js'
      at open (node:internal/fs/promises:641:25)
      at Object.readFile (node:internal/fs/promises:1245:14)
      at Object.handler (file:///Users/hf-mac/Downloads/tgpro-admin/.output/server/chunks/nitro/nitro.mjs:1959:19)
      at Server.toNodeHandle (file:///Users/hf-mac/Downloads/tgpro-admin/.output/server/chunks/nitro/nitro.mjs:2230:7) {
    errno: -2,
    code: 'ENOENT',
    syscall: 'open',
    path: '/Users/hf-mac/Downloads/tgpro-admin/.output/public/_nuxt/Bdz-sLfb.js'
  },
  statusCode: 500,
  fatal: false,
  unhandled: true,
  statusMessage: undefined,
  data: undefined
}
2025-11-05T02:30:45: [request error] [unhandled] [GET] http://localhost:3000/_nuxt/BTgB1rvp.js
 H3Error: ENOENT: no such file or directory, open '/Users/hf-mac/Downloads/tgpro-admin/.output/public/_nuxt/BTgB1rvp.js'
    at open (node:internal/fs/promises:641:25)
    ... 2 lines matching cause stack trace ...
    at Server.toNodeHandle (file:///Users/hf-mac/Downloads/tgpro-admin/.output/server/chunks/nitro/nitro.mjs:2230:7) {
  cause: Error: ENOENT: no such file or directory, open '/Users/hf-mac/Downloads/tgpro-admin/.output/public/_nuxt/BTgB1rvp.js'
      at open (node:internal/fs/promises:641:25)
      at Object.readFile (node:internal/fs/promises:1245:14)
      at Object.handler (file:///Users/hf-mac/Downloads/tgpro-admin/.output/server/chunks/nitro/nitro.mjs:1959:19)
      at Server.toNodeHandle (file:///Users/hf-mac/Downloads/tgpro-admin/.output/server/chunks/nitro/nitro.mjs:2230:7) {
    errno: -2,
    code: 'ENOENT',
    syscall: 'open',
    path: '/Users/hf-mac/Downloads/tgpro-admin/.output/public/_nuxt/BTgB1rvp.js'
  },
  statusCode: 500,
  fatal: false,
  unhandled: true,
  statusMessage: undefined,
  data: undefined
}
2025-11-05T02:30:45: [request error] [unhandled] [GET] http://localhost:3000/_nuxt/CXT04lNs.js
 H3Error: ENOENT: no such file or directory, open '/Users/hf-mac/Downloads/tgpro-admin/.output/public/_nuxt/CXT04lNs.js'
    at open (node:internal/fs/promises:641:25)
    ... 2 lines matching cause stack trace ...
    at Server.toNodeHandle (file:///Users/hf-mac/Downloads/tgpro-admin/.output/server/chunks/nitro/nitro.mjs:2230:7) {
  cause: Error: ENOENT: no such file or directory, open '/Users/hf-mac/Downloads/tgpro-admin/.output/public/_nuxt/CXT04lNs.js'
      at open (node:internal/fs/promises:641:25)
      at Object.readFile (node:internal/fs/promises:1245:14)
      at Object.handler (file:///Users/hf-mac/Downloads/tgpro-admin/.output/server/chunks/nitro/nitro.mjs:1959:19)
      at Server.toNodeHandle (file:///Users/hf-mac/Downloads/tgpro-admin/.output/server/chunks/nitro/nitro.mjs:2230:7) {
    errno: -2,
    code: 'ENOENT',
    syscall: 'open',
    path: '/Users/hf-mac/Downloads/tgpro-admin/.output/public/_nuxt/CXT04lNs.js'
  },
  statusCode: 500,
  fatal: false,
  unhandled: true,
  statusMessage: undefined,
  data: undefined
}
2025-11-05T02:30:45: [request error] [unhandled] [GET] http://localhost:3000/_nuxt/DcHNM1Xn.js
 H3Error: ENOENT: no such file or directory, open '/Users/hf-mac/Downloads/tgpro-admin/.output/public/_nuxt/DcHNM1Xn.js'
    at open (node:internal/fs/promises:641:25)
    ... 2 lines matching cause stack trace ...
    at Server.toNodeHandle (file:///Users/hf-mac/Downloads/tgpro-admin/.output/server/chunks/nitro/nitro.mjs:2230:7) {
  cause: Error: ENOENT: no such file or directory, open '/Users/hf-mac/Downloads/tgpro-admin/.output/public/_nuxt/DcHNM1Xn.js'
      at open (node:internal/fs/promises:641:25)
      at Object.readFile (node:internal/fs/promises:1245:14)
      at Object.handler (file:///Users/hf-mac/Downloads/tgpro-admin/.output/server/chunks/nitro/nitro.mjs:1959:19)
      at Server.toNodeHandle (file:///Users/hf-mac/Downloads/tgpro-admin/.output/server/chunks/nitro/nitro.mjs:2230:7) {
    errno: -2,
    code: 'ENOENT',
    syscall: 'open',
    path: '/Users/hf-mac/Downloads/tgpro-admin/.output/public/_nuxt/DcHNM1Xn.js'
  },
  statusCode: 500,
  fatal: false,
  unhandled: true,
  statusMessage: undefined,
  data: undefined
}
2025-11-05T02:30:45: [request error] [unhandled] [GET] http://localhost:3000/_nuxt/C4xQaJXR.js
 H3Error: ENOENT: no such file or directory, open '/Users/hf-mac/Downloads/tgpro-admin/.output/public/_nuxt/C4xQaJXR.js'
    at open (node:internal/fs/promises:641:25)
    ... 2 lines matching cause stack trace ...
    at Server.toNodeHandle (file:///Users/hf-mac/Downloads/tgpro-admin/.output/server/chunks/nitro/nitro.mjs:2230:7) {
  cause: Error: ENOENT: no such file or directory, open '/Users/hf-mac/Downloads/tgpro-admin/.output/public/_nuxt/C4xQaJXR.js'
      at open (node:internal/fs/promises:641:25)
      at Object.readFile (node:internal/fs/promises:1245:14)
      at Object.handler (file:///Users/hf-mac/Downloads/tgpro-admin/.output/server/chunks/nitro/nitro.mjs:1959:19)
      at Server.toNodeHandle (file:///Users/hf-mac/Downloads/tgpro-admin/.output/server/chunks/nitro/nitro.mjs:2230:7) {
    errno: -2,
    code: 'ENOENT',
    syscall: 'open',
    path: '/Users/hf-mac/Downloads/tgpro-admin/.output/public/_nuxt/C4xQaJXR.js'
  },
  statusCode: 500,
  fatal: false,
  unhandled: true,
  statusMessage: undefined,
  data: undefined
}
2025-11-05T02:30:45: [request error] [unhandled] [GET] http://localhost:3000/_nuxt/builds/meta/db489c3b-20ab-405c-96a2-98b632ec7da6.json
 H3Error: ENOENT: no such file or directory, open '/Users/hf-mac/Downloads/tgpro-admin/.output/public/_nuxt/builds/meta/db489c3b-20ab-405c-96a2-98b632ec7da6.json'
    at open (node:internal/fs/promises:641:25)
    ... 2 lines matching cause stack trace ...
    at Server.toNodeHandle (file:///Users/hf-mac/Downloads/tgpro-admin/.output/server/chunks/nitro/nitro.mjs:2230:7) {
  cause: Error: ENOENT: no such file or directory, open '/Users/hf-mac/Downloads/tgpro-admin/.output/public/_nuxt/builds/meta/db489c3b-20ab-405c-96a2-98b632ec7da6.json'
      at open (node:internal/fs/promises:641:25)
      at Object.readFile (node:internal/fs/promises:1245:14)
      at Object.handler (file:///Users/hf-mac/Downloads/tgpro-admin/.output/server/chunks/nitro/nitro.mjs:1959:19)
      at Server.toNodeHandle (file:///Users/hf-mac/Downloads/tgpro-admin/.output/server/chunks/nitro/nitro.mjs:2230:7) {
    errno: -2,
    code: 'ENOENT',
    syscall: 'open',
    path: '/Users/hf-mac/Downloads/tgpro-admin/.output/public/_nuxt/builds/meta/db489c3b-20ab-405c-96a2-98b632ec7da6.json'
  },
  statusCode: 500,
  fatal: false,
  unhandled: true,
  statusMessage: undefined,
  data: undefined
}
2025-11-05T02:30:46: [request error] [unhandled] [GET] http://localhost:3000/_nuxt/DbAgXtul.js
 H3Error: ENOENT: no such file or directory, open '/Users/hf-mac/Downloads/tgpro-admin/.output/public/_nuxt/DbAgXtul.js'
    at open (node:internal/fs/promises:641:25)
    ... 2 lines matching cause stack trace ...
    at Server.toNodeHandle (file:///Users/hf-mac/Downloads/tgpro-admin/.output/server/chunks/nitro/nitro.mjs:2230:7) {
  cause: Error: ENOENT: no such file or directory, open '/Users/hf-mac/Downloads/tgpro-admin/.output/public/_nuxt/DbAgXtul.js'
      at open (node:internal/fs/promises:641:25)
      at Object.readFile (node:internal/fs/promises:1245:14)
      at Object.handler (file:///Users/hf-mac/Downloads/tgpro-admin/.output/server/chunks/nitro/nitro.mjs:1959:19)
      at Server.toNodeHandle (file:///Users/hf-mac/Downloads/tgpro-admin/.output/server/chunks/nitro/nitro.mjs:2230:7) {
    errno: -2,
    code: 'ENOENT',
    syscall: 'open',
    path: '/Users/hf-mac/Downloads/tgpro-admin/.output/public/_nuxt/DbAgXtul.js'
  },
  statusCode: 500,
  fatal: false,
  unhandled: true,
  statusMessage: undefined,
  data: undefined
}
2025-11-05T02:30:46: [request error] [unhandled] [GET] http://localhost:3000/_nuxt/DpNIWReE.js
 H3Error: ENOENT: no such file or directory, open '/Users/hf-mac/Downloads/tgpro-admin/.output/public/_nuxt/DpNIWReE.js'
    at open (node:internal/fs/promises:641:25)
    ... 2 lines matching cause stack trace ...
    at Server.toNodeHandle (file:///Users/hf-mac/Downloads/tgpro-admin/.output/server/chunks/nitro/nitro.mjs:2230:7) {
  cause: Error: ENOENT: no such file or directory, open '/Users/hf-mac/Downloads/tgpro-admin/.output/public/_nuxt/DpNIWReE.js'
      at open (node:internal/fs/promises:641:25)
      at Object.readFile (node:internal/fs/promises:1245:14)
      at Object.handler (file:///Users/hf-mac/Downloads/tgpro-admin/.output/server/chunks/nitro/nitro.mjs:1959:19)
      at Server.toNodeHandle (file:///Users/hf-mac/Downloads/tgpro-admin/.output/server/chunks/nitro/nitro.mjs:2230:7) {
    errno: -2,
    code: 'ENOENT',
    syscall: 'open',
    path: '/Users/hf-mac/Downloads/tgpro-admin/.output/public/_nuxt/DpNIWReE.js'
  },
  statusCode: 500,
  fatal: false,
  unhandled: true,
  statusMessage: undefined,
  data: undefined
}
2025-11-05T02:30:46: [request error] [unhandled] [GET] http://localhost:3000/_nuxt/D_B5nL8y.js
 H3Error: ENOENT: no such file or directory, open '/Users/hf-mac/Downloads/tgpro-admin/.output/public/_nuxt/D_B5nL8y.js'
    at open (node:internal/fs/promises:641:25)
    ... 2 lines matching cause stack trace ...
    at Server.toNodeHandle (file:///Users/hf-mac/Downloads/tgpro-admin/.output/server/chunks/nitro/nitro.mjs:2230:7) {
  cause: Error: ENOENT: no such file or directory, open '/Users/hf-mac/Downloads/tgpro-admin/.output/public/_nuxt/D_B5nL8y.js'
      at open (node:internal/fs/promises:641:25)
      at Object.readFile (node:internal/fs/promises:1245:14)
      at Object.handler (file:///Users/hf-mac/Downloads/tgpro-admin/.output/server/chunks/nitro/nitro.mjs:1959:19)
      at Server.toNodeHandle (file:///Users/hf-mac/Downloads/tgpro-admin/.output/server/chunks/nitro/nitro.mjs:2230:7) {
    errno: -2,
    code: 'ENOENT',
    syscall: 'open',
    path: '/Users/hf-mac/Downloads/tgpro-admin/.output/public/_nuxt/D_B5nL8y.js'
  },
  statusCode: 500,
  fatal: false,
  unhandled: true,
  statusMessage: undefined,
  data: undefined
}
2025-11-05T02:30:46: [request error] [unhandled] [GET] http://localhost:3000/_nuxt/Bl84yrz9.js
 H3Error: ENOENT: no such file or directory, open '/Users/hf-mac/Downloads/tgpro-admin/.output/public/_nuxt/Bl84yrz9.js'
    at open (node:internal/fs/promises:641:25)
    ... 2 lines matching cause stack trace ...
    at Server.toNodeHandle (file:///Users/hf-mac/Downloads/tgpro-admin/.output/server/chunks/nitro/nitro.mjs:2230:7) {
  cause: Error: ENOENT: no such file or directory, open '/Users/hf-mac/Downloads/tgpro-admin/.output/public/_nuxt/Bl84yrz9.js'
      at open (node:internal/fs/promises:641:25)
      at Object.readFile (node:internal/fs/promises:1245:14)
      at Object.handler (file:///Users/hf-mac/Downloads/tgpro-admin/.output/server/chunks/nitro/nitro.mjs:1959:19)
      at Server.toNodeHandle (file:///Users/hf-mac/Downloads/tgpro-admin/.output/server/chunks/nitro/nitro.mjs:2230:7) {
    errno: -2,
    code: 'ENOENT',
    syscall: 'open',
    path: '/Users/hf-mac/Downloads/tgpro-admin/.output/public/_nuxt/Bl84yrz9.js'
  },
  statusCode: 500,
  fatal: false,
  unhandled: true,
  statusMessage: undefined,
  data: undefined
}
2025-11-05T02:30:46: [request error] [unhandled] [GET] http://localhost:3000/_nuxt/D974gv07.js
 H3Error: ENOENT: no such file or directory, open '/Users/hf-mac/Downloads/tgpro-admin/.output/public/_nuxt/D974gv07.js'
    at open (node:internal/fs/promises:641:25)
    ... 2 lines matching cause stack trace ...
    at Server.toNodeHandle (file:///Users/hf-mac/Downloads/tgpro-admin/.output/server/chunks/nitro/nitro.mjs:2230:7) {
  cause: Error: ENOENT: no such file or directory, open '/Users/hf-mac/Downloads/tgpro-admin/.output/public/_nuxt/D974gv07.js'
      at open (node:internal/fs/promises:641:25)
      at Object.readFile (node:internal/fs/promises:1245:14)
      at Object.handler (file:///Users/hf-mac/Downloads/tgpro-admin/.output/server/chunks/nitro/nitro.mjs:1959:19)
      at Server.toNodeHandle (file:///Users/hf-mac/Downloads/tgpro-admin/.output/server/chunks/nitro/nitro.mjs:2230:7) {
    errno: -2,
    code: 'ENOENT',
    syscall: 'open',
    path: '/Users/hf-mac/Downloads/tgpro-admin/.output/public/_nuxt/D974gv07.js'
  },
  statusCode: 500,
  fatal: false,
  unhandled: true,
  statusMessage: undefined,
  data: undefined
}
2025-11-05T02:30:46: [request error] [unhandled] [GET] http://localhost:3000/_nuxt/D32lUId-.js
 H3Error: ENOENT: no such file or directory, open '/Users/hf-mac/Downloads/tgpro-admin/.output/public/_nuxt/D32lUId-.js'
    at open (node:internal/fs/promises:641:25)
    ... 2 lines matching cause stack trace ...
    at Server.toNodeHandle (file:///Users/hf-mac/Downloads/tgpro-admin/.output/server/chunks/nitro/nitro.mjs:2230:7) {
  cause: Error: ENOENT: no such file or directory, open '/Users/hf-mac/Downloads/tgpro-admin/.output/public/_nuxt/D32lUId-.js'
      at open (node:internal/fs/promises:641:25)
      at Object.readFile (node:internal/fs/promises:1245:14)
      at Object.handler (file:///Users/hf-mac/Downloads/tgpro-admin/.output/server/chunks/nitro/nitro.mjs:1959:19)
      at Server.toNodeHandle (file:///Users/hf-mac/Downloads/tgpro-admin/.output/server/chunks/nitro/nitro.mjs:2230:7) {
    errno: -2,
    code: 'ENOENT',
    syscall: 'open',
    path: '/Users/hf-mac/Downloads/tgpro-admin/.output/public/_nuxt/D32lUId-.js'
  },
  statusCode: 500,
  fatal: false,
  unhandled: true,
  statusMessage: undefined,
  data: undefined
}
2025-11-05T02:30:46: [request error] [unhandled] [GET] http://localhost:3000/_nuxt/CetYVyQG.js
 H3Error: ENOENT: no such file or directory, open '/Users/hf-mac/Downloads/tgpro-admin/.output/public/_nuxt/CetYVyQG.js'
    at open (node:internal/fs/promises:641:25)
    ... 2 lines matching cause stack trace ...
    at Server.toNodeHandle (file:///Users/hf-mac/Downloads/tgpro-admin/.output/server/chunks/nitro/nitro.mjs:2230:7) {
  cause: Error: ENOENT: no such file or directory, open '/Users/hf-mac/Downloads/tgpro-admin/.output/public/_nuxt/CetYVyQG.js'
      at open (node:internal/fs/promises:641:25)
      at Object.readFile (node:internal/fs/promises:1245:14)
      at Object.handler (file:///Users/hf-mac/Downloads/tgpro-admin/.output/server/chunks/nitro/nitro.mjs:1959:19)
      at Server.toNodeHandle (file:///Users/hf-mac/Downloads/tgpro-admin/.output/server/chunks/nitro/nitro.mjs:2230:7) {
    errno: -2,
    code: 'ENOENT',
    syscall: 'open',
    path: '/Users/hf-mac/Downloads/tgpro-admin/.output/public/_nuxt/CetYVyQG.js'
  },
  statusCode: 500,
  fatal: false,
  unhandled: true,
  statusMessage: undefined,
  data: undefined
}
2025-11-05T02:30:46: [request error] [unhandled] [GET] http://localhost:3000/_nuxt/Db7eFA1E.js
 H3Error: ENOENT: no such file or directory, open '/Users/hf-mac/Downloads/tgpro-admin/.output/public/_nuxt/Db7eFA1E.js'
    at open (node:internal/fs/promises:641:25)
    ... 2 lines matching cause stack trace ...
    at Server.toNodeHandle (file:///Users/hf-mac/Downloads/tgpro-admin/.output/server/chunks/nitro/nitro.mjs:2230:7) {
  cause: Error: ENOENT: no such file or directory, open '/Users/hf-mac/Downloads/tgpro-admin/.output/public/_nuxt/Db7eFA1E.js'
      at open (node:internal/fs/promises:641:25)
      at Object.readFile (node:internal/fs/promises:1245:14)
      at Object.handler (file:///Users/hf-mac/Downloads/tgpro-admin/.output/server/chunks/nitro/nitro.mjs:1959:19)
      at Server.toNodeHandle (file:///Users/hf-mac/Downloads/tgpro-admin/.output/server/chunks/nitro/nitro.mjs:2230:7) {
    errno: -2,
    code: 'ENOENT',
    syscall: 'open',
    path: '/Users/hf-mac/Downloads/tgpro-admin/.output/public/_nuxt/Db7eFA1E.js'
  },
  statusCode: 500,
  fatal: false,
  unhandled: true,
  statusMessage: undefined,
  data: undefined
}
2025-11-05T02:30:46: [request error] [unhandled] [GET] http://localhost:3000/_nuxt/DAr-OQmd.js
 H3Error: ENOENT: no such file or directory, open '/Users/hf-mac/Downloads/tgpro-admin/.output/public/_nuxt/DAr-OQmd.js'
    at open (node:internal/fs/promises:641:25)
    ... 2 lines matching cause stack trace ...
    at Server.toNodeHandle (file:///Users/hf-mac/Downloads/tgpro-admin/.output/server/chunks/nitro/nitro.mjs:2230:7) {
  cause: Error: ENOENT: no such file or directory, open '/Users/hf-mac/Downloads/tgpro-admin/.output/public/_nuxt/DAr-OQmd.js'
      at open (node:internal/fs/promises:641:25)
      at Object.readFile (node:internal/fs/promises:1245:14)
      at Object.handler (file:///Users/hf-mac/Downloads/tgpro-admin/.output/server/chunks/nitro/nitro.mjs:1959:19)
      at Server.toNodeHandle (file:///Users/hf-mac/Downloads/tgpro-admin/.output/server/chunks/nitro/nitro.mjs:2230:7) {
    errno: -2,
    code: 'ENOENT',
    syscall: 'open',
    path: '/Users/hf-mac/Downloads/tgpro-admin/.output/public/_nuxt/DAr-OQmd.js'
  },
  statusCode: 500,
  fatal: false,
  unhandled: true,
  statusMessage: undefined,
  data: undefined
}
2025-11-05T02:30:46: [request error] [unhandled] [GET] http://localhost:3000/_nuxt/Bdz-sLfb.js
 H3Error: ENOENT: no such file or directory, open '/Users/hf-mac/Downloads/tgpro-admin/.output/public/_nuxt/Bdz-sLfb.js'
    at open (node:internal/fs/promises:641:25)
    ... 2 lines matching cause stack trace ...
    at Server.toNodeHandle (file:///Users/hf-mac/Downloads/tgpro-admin/.output/server/chunks/nitro/nitro.mjs:2230:7) {
  cause: Error: ENOENT: no such file or directory, open '/Users/hf-mac/Downloads/tgpro-admin/.output/public/_nuxt/Bdz-sLfb.js'
      at open (node:internal/fs/promises:641:25)
      at Object.readFile (node:internal/fs/promises:1245:14)
      at Object.handler (file:///Users/hf-mac/Downloads/tgpro-admin/.output/server/chunks/nitro/nitro.mjs:1959:19)
      at Server.toNodeHandle (file:///Users/hf-mac/Downloads/tgpro-admin/.output/server/chunks/nitro/nitro.mjs:2230:7) {
    errno: -2,
    code: 'ENOENT',
    syscall: 'open',
    path: '/Users/hf-mac/Downloads/tgpro-admin/.output/public/_nuxt/Bdz-sLfb.js'
  },
  statusCode: 500,
  fatal: false,
  unhandled: true,
  statusMessage: undefined,
  data: undefined
}
2025-11-05T02:30:46: [request error] [unhandled] [GET] http://localhost:3000/_nuxt/BTgB1rvp.js
 H3Error: ENOENT: no such file or directory, open '/Users/hf-mac/Downloads/tgpro-admin/.output/public/_nuxt/BTgB1rvp.js'
    at open (node:internal/fs/promises:641:25)
    ... 2 lines matching cause stack trace ...
    at Server.toNodeHandle (file:///Users/hf-mac/Downloads/tgpro-admin/.output/server/chunks/nitro/nitro.mjs:2230:7) {
  cause: Error: ENOENT: no such file or directory, open '/Users/hf-mac/Downloads/tgpro-admin/.output/public/_nuxt/BTgB1rvp.js'
      at open (node:internal/fs/promises:641:25)
      at Object.readFile (node:internal/fs/promises:1245:14)
      at Object.handler (file:///Users/hf-mac/Downloads/tgpro-admin/.output/server/chunks/nitro/nitro.mjs:1959:19)
      at Server.toNodeHandle (file:///Users/hf-mac/Downloads/tgpro-admin/.output/server/chunks/nitro/nitro.mjs:2230:7) {
    errno: -2,
    code: 'ENOENT',
    syscall: 'open',
    path: '/Users/hf-mac/Downloads/tgpro-admin/.output/public/_nuxt/BTgB1rvp.js'
  },
  statusCode: 500,
  fatal: false,
  unhandled: true,
  statusMessage: undefined,
  data: undefined
}
2025-11-05T02:30:46: [request error] [unhandled] [GET] http://localhost:3000/_nuxt/C4xQaJXR.js
 H3Error: ENOENT: no such file or directory, open '/Users/hf-mac/Downloads/tgpro-admin/.output/public/_nuxt/C4xQaJXR.js'
    at open (node:internal/fs/promises:641:25)
    ... 2 lines matching cause stack trace ...
    at Server.toNodeHandle (file:///Users/hf-mac/Downloads/tgpro-admin/.output/server/chunks/nitro/nitro.mjs:2230:7) {
  cause: Error: ENOENT: no such file or directory, open '/Users/hf-mac/Downloads/tgpro-admin/.output/public/_nuxt/C4xQaJXR.js'
      at open (node:internal/fs/promises:641:25)
      at Object.readFile (node:internal/fs/promises:1245:14)
      at Object.handler (file:///Users/hf-mac/Downloads/tgpro-admin/.output/server/chunks/nitro/nitro.mjs:1959:19)
      at Server.toNodeHandle (file:///Users/hf-mac/Downloads/tgpro-admin/.output/server/chunks/nitro/nitro.mjs:2230:7) {
    errno: -2,
    code: 'ENOENT',
    syscall: 'open',
    path: '/Users/hf-mac/Downloads/tgpro-admin/.output/public/_nuxt/C4xQaJXR.js'
  },
  statusCode: 500,
  fatal: false,
  unhandled: true,
  statusMessage: undefined,
  data: undefined
}
2025-11-05T02:30:46: [request error] [unhandled] [GET] http://localhost:3000/_nuxt/CXT04lNs.js
 H3Error: ENOENT: no such file or directory, open '/Users/hf-mac/Downloads/tgpro-admin/.output/public/_nuxt/CXT04lNs.js'
    at open (node:internal/fs/promises:641:25)
    ... 2 lines matching cause stack trace ...
    at Server.toNodeHandle (file:///Users/hf-mac/Downloads/tgpro-admin/.output/server/chunks/nitro/nitro.mjs:2230:7) {
  cause: Error: ENOENT: no such file or directory, open '/Users/hf-mac/Downloads/tgpro-admin/.output/public/_nuxt/CXT04lNs.js'
      at open (node:internal/fs/promises:641:25)
      at Object.readFile (node:internal/fs/promises:1245:14)
      at Object.handler (file:///Users/hf-mac/Downloads/tgpro-admin/.output/server/chunks/nitro/nitro.mjs:1959:19)
      at Server.toNodeHandle (file:///Users/hf-mac/Downloads/tgpro-admin/.output/server/chunks/nitro/nitro.mjs:2230:7) {
    errno: -2,
    code: 'ENOENT',
    syscall: 'open',
    path: '/Users/hf-mac/Downloads/tgpro-admin/.output/public/_nuxt/CXT04lNs.js'
  },
  statusCode: 500,
  fatal: false,
  unhandled: true,
  statusMessage: undefined,
  data: undefined
}
2025-11-05T02:30:46: [request error] [unhandled] [GET] http://localhost:3000/_nuxt/DcHNM1Xn.js
 H3Error: ENOENT: no such file or directory, open '/Users/hf-mac/Downloads/tgpro-admin/.output/public/_nuxt/DcHNM1Xn.js'
    at open (node:internal/fs/promises:641:25)
    ... 2 lines matching cause stack trace ...
    at Server.toNodeHandle (file:///Users/hf-mac/Downloads/tgpro-admin/.output/server/chunks/nitro/nitro.mjs:2230:7) {
  cause: Error: ENOENT: no such file or directory, open '/Users/hf-mac/Downloads/tgpro-admin/.output/public/_nuxt/DcHNM1Xn.js'
      at open (node:internal/fs/promises:641:25)
      at Object.readFile (node:internal/fs/promises:1245:14)
      at Object.handler (file:///Users/hf-mac/Downloads/tgpro-admin/.output/server/chunks/nitro/nitro.mjs:1959:19)
      at Server.toNodeHandle (file:///Users/hf-mac/Downloads/tgpro-admin/.output/server/chunks/nitro/nitro.mjs:2230:7) {
    errno: -2,
    code: 'ENOENT',
    syscall: 'open',
    path: '/Users/hf-mac/Downloads/tgpro-admin/.output/public/_nuxt/DcHNM1Xn.js'
  },
  statusCode: 500,
  fatal: false,
  unhandled: true,
  statusMessage: undefined,
  data: undefined
}
2025-11-05T02:30:46: [request error] [unhandled] [GET] http://localhost:3000/_nuxt/builds/meta/db489c3b-20ab-405c-96a2-98b632ec7da6.json
 H3Error: ENOENT: no such file or directory, open '/Users/hf-mac/Downloads/tgpro-admin/.output/public/_nuxt/builds/meta/db489c3b-20ab-405c-96a2-98b632ec7da6.json'
    at open (node:internal/fs/promises:641:25)
    ... 2 lines matching cause stack trace ...
    at Server.toNodeHandle (file:///Users/hf-mac/Downloads/tgpro-admin/.output/server/chunks/nitro/nitro.mjs:2230:7) {
  cause: Error: ENOENT: no such file or directory, open '/Users/hf-mac/Downloads/tgpro-admin/.output/public/_nuxt/builds/meta/db489c3b-20ab-405c-96a2-98b632ec7da6.json'
      at open (node:internal/fs/promises:641:25)
      at Object.readFile (node:internal/fs/promises:1245:14)
      at Object.handler (file:///Users/hf-mac/Downloads/tgpro-admin/.output/server/chunks/nitro/nitro.mjs:1959:19)
      at Server.toNodeHandle (file:///Users/hf-mac/Downloads/tgpro-admin/.output/server/chunks/nitro/nitro.mjs:2230:7) {
    errno: -2,
    code: 'ENOENT',
    syscall: 'open',
    path: '/Users/hf-mac/Downloads/tgpro-admin/.output/public/_nuxt/builds/meta/db489c3b-20ab-405c-96a2-98b632ec7da6.json'
  },
  statusCode: 500,
  fatal: false,
  unhandled: true,
  statusMessage: undefined,
  data: undefined
}
2025-11-05T02:30:46: [request error] [unhandled] [GET] http://localhost:3000/_nuxt/DbAgXtul.js
 H3Error: ENOENT: no such file or directory, open '/Users/hf-mac/Downloads/tgpro-admin/.output/public/_nuxt/DbAgXtul.js'
    at open (node:internal/fs/promises:641:25)
    ... 2 lines matching cause stack trace ...
    at Server.toNodeHandle (file:///Users/hf-mac/Downloads/tgpro-admin/.output/server/chunks/nitro/nitro.mjs:2230:7) {
  cause: Error: ENOENT: no such file or directory, open '/Users/hf-mac/Downloads/tgpro-admin/.output/public/_nuxt/DbAgXtul.js'
      at open (node:internal/fs/promises:641:25)
      at Object.readFile (node:internal/fs/promises:1245:14)
      at Object.handler (file:///Users/hf-mac/Downloads/tgpro-admin/.output/server/chunks/nitro/nitro.mjs:1959:19)
      at Server.toNodeHandle (file:///Users/hf-mac/Downloads/tgpro-admin/.output/server/chunks/nitro/nitro.mjs:2230:7) {
    errno: -2,
    code: 'ENOENT',
    syscall: 'open',
    path: '/Users/hf-mac/Downloads/tgpro-admin/.output/public/_nuxt/DbAgXtul.js'
  },
  statusCode: 500,
  fatal: false,
  unhandled: true,
  statusMessage: undefined,
  data: undefined
}
2025-11-05T02:30:46: [request error] [unhandled] [GET] http://localhost:3000/_nuxt/DpNIWReE.js
 H3Error: ENOENT: no such file or directory, open '/Users/hf-mac/Downloads/tgpro-admin/.output/public/_nuxt/DpNIWReE.js'
    at open (node:internal/fs/promises:641:25)
    ... 2 lines matching cause stack trace ...
    at Server.toNodeHandle (file:///Users/hf-mac/Downloads/tgpro-admin/.output/server/chunks/nitro/nitro.mjs:2230:7) {
  cause: Error: ENOENT: no such file or directory, open '/Users/hf-mac/Downloads/tgpro-admin/.output/public/_nuxt/DpNIWReE.js'
      at open (node:internal/fs/promises:641:25)
      at Object.readFile (node:internal/fs/promises:1245:14)
      at Object.handler (file:///Users/hf-mac/Downloads/tgpro-admin/.output/server/chunks/nitro/nitro.mjs:1959:19)
      at Server.toNodeHandle (file:///Users/hf-mac/Downloads/tgpro-admin/.output/server/chunks/nitro/nitro.mjs:2230:7) {
    errno: -2,
    code: 'ENOENT',
    syscall: 'open',
    path: '/Users/hf-mac/Downloads/tgpro-admin/.output/public/_nuxt/DpNIWReE.js'
  },
  statusCode: 500,
  fatal: false,
  unhandled: true,
  statusMessage: undefined,
  data: undefined
}
2025-11-05T02:30:46: [request error] [unhandled] [GET] http://localhost:3000/_nuxt/D_B5nL8y.js
 H3Error: ENOENT: no such file or directory, open '/Users/hf-mac/Downloads/tgpro-admin/.output/public/_nuxt/D_B5nL8y.js'
    at open (node:internal/fs/promises:641:25)
    ... 2 lines matching cause stack trace ...
    at Server.toNodeHandle (file:///Users/hf-mac/Downloads/tgpro-admin/.output/server/chunks/nitro/nitro.mjs:2230:7) {
  cause: Error: ENOENT: no such file or directory, open '/Users/hf-mac/Downloads/tgpro-admin/.output/public/_nuxt/D_B5nL8y.js'
      at open (node:internal/fs/promises:641:25)
      at Object.readFile (node:internal/fs/promises:1245:14)
      at Object.handler (file:///Users/hf-mac/Downloads/tgpro-admin/.output/server/chunks/nitro/nitro.mjs:1959:19)
      at Server.toNodeHandle (file:///Users/hf-mac/Downloads/tgpro-admin/.output/server/chunks/nitro/nitro.mjs:2230:7) {
    errno: -2,
    code: 'ENOENT',
    syscall: 'open',
    path: '/Users/hf-mac/Downloads/tgpro-admin/.output/public/_nuxt/D_B5nL8y.js'
  },
  statusCode: 500,
  fatal: false,
  unhandled: true,
  statusMessage: undefined,
  data: undefined
}
2025-11-05T02:30:46: [request error] [unhandled] [GET] http://localhost:3000/_nuxt/D974gv07.js
 H3Error: ENOENT: no such file or directory, open '/Users/hf-mac/Downloads/tgpro-admin/.output/public/_nuxt/D974gv07.js'
    at open (node:internal/fs/promises:641:25)
    ... 2 lines matching cause stack trace ...
    at Server.toNodeHandle (file:///Users/hf-mac/Downloads/tgpro-admin/.output/server/chunks/nitro/nitro.mjs:2230:7) {
  cause: Error: ENOENT: no such file or directory, open '/Users/hf-mac/Downloads/tgpro-admin/.output/public/_nuxt/D974gv07.js'
      at open (node:internal/fs/promises:641:25)
      at Object.readFile (node:internal/fs/promises:1245:14)
      at Object.handler (file:///Users/hf-mac/Downloads/tgpro-admin/.output/server/chunks/nitro/nitro.mjs:1959:19)
      at Server.toNodeHandle (file:///Users/hf-mac/Downloads/tgpro-admin/.output/server/chunks/nitro/nitro.mjs:2230:7) {
    errno: -2,
    code: 'ENOENT',
    syscall: 'open',
    path: '/Users/hf-mac/Downloads/tgpro-admin/.output/public/_nuxt/D974gv07.js'
  },
  statusCode: 500,
  fatal: false,
  unhandled: true,
  statusMessage: undefined,
  data: undefined
}
2025-11-05T02:30:46: [request error] [unhandled] [GET] http://localhost:3000/_nuxt/D32lUId-.js
 H3Error: ENOENT: no such file or directory, open '/Users/hf-mac/Downloads/tgpro-admin/.output/public/_nuxt/D32lUId-.js'
    at open (node:internal/fs/promises:641:25)
    ... 2 lines matching cause stack trace ...
    at Server.toNodeHandle (file:///Users/hf-mac/Downloads/tgpro-admin/.output/server/chunks/nitro/nitro.mjs:2230:7) {
  cause: Error: ENOENT: no such file or directory, open '/Users/hf-mac/Downloads/tgpro-admin/.output/public/_nuxt/D32lUId-.js'
      at open (node:internal/fs/promises:641:25)
      at Object.readFile (node:internal/fs/promises:1245:14)
      at Object.handler (file:///Users/hf-mac/Downloads/tgpro-admin/.output/server/chunks/nitro/nitro.mjs:1959:19)
      at Server.toNodeHandle (file:///Users/hf-mac/Downloads/tgpro-admin/.output/server/chunks/nitro/nitro.mjs:2230:7) {
    errno: -2,
    code: 'ENOENT',
    syscall: 'open',
    path: '/Users/hf-mac/Downloads/tgpro-admin/.output/public/_nuxt/D32lUId-.js'
  },
  statusCode: 500,
  fatal: false,
  unhandled: true,
  statusMessage: undefined,
  data: undefined
}
2025-11-05T02:30:46: [request error] [unhandled] [GET] http://localhost:3000/_nuxt/Bl84yrz9.js
 H3Error: ENOENT: no such file or directory, open '/Users/hf-mac/Downloads/tgpro-admin/.output/public/_nuxt/Bl84yrz9.js'
    at open (node:internal/fs/promises:641:25)
    ... 2 lines matching cause stack trace ...
    at Server.toNodeHandle (file:///Users/hf-mac/Downloads/tgpro-admin/.output/server/chunks/nitro/nitro.mjs:2230:7) {
  cause: Error: ENOENT: no such file or directory, open '/Users/hf-mac/Downloads/tgpro-admin/.output/public/_nuxt/Bl84yrz9.js'
      at open (node:internal/fs/promises:641:25)
      at Object.readFile (node:internal/fs/promises:1245:14)
      at Object.handler (file:///Users/hf-mac/Downloads/tgpro-admin/.output/server/chunks/nitro/nitro.mjs:1959:19)
      at Server.toNodeHandle (file:///Users/hf-mac/Downloads/tgpro-admin/.output/server/chunks/nitro/nitro.mjs:2230:7) {
    errno: -2,
    code: 'ENOENT',
    syscall: 'open',
    path: '/Users/hf-mac/Downloads/tgpro-admin/.output/public/_nuxt/Bl84yrz9.js'
  },
  statusCode: 500,
  fatal: false,
  unhandled: true,
  statusMessage: undefined,
  data: undefined
}
2025-11-05T02:30:46: [request error] [unhandled] [GET] http://localhost:3000/_nuxt/CetYVyQG.js
 H3Error: ENOENT: no such file or directory, open '/Users/hf-mac/Downloads/tgpro-admin/.output/public/_nuxt/CetYVyQG.js'
    at open (node:internal/fs/promises:641:25)
    ... 2 lines matching cause stack trace ...
    at Server.toNodeHandle (file:///Users/hf-mac/Downloads/tgpro-admin/.output/server/chunks/nitro/nitro.mjs:2230:7) {
  cause: Error: ENOENT: no such file or directory, open '/Users/hf-mac/Downloads/tgpro-admin/.output/public/_nuxt/CetYVyQG.js'
      at open (node:internal/fs/promises:641:25)
      at Object.readFile (node:internal/fs/promises:1245:14)
      at Object.handler (file:///Users/hf-mac/Downloads/tgpro-admin/.output/server/chunks/nitro/nitro.mjs:1959:19)
      at Server.toNodeHandle (file:///Users/hf-mac/Downloads/tgpro-admin/.output/server/chunks/nitro/nitro.mjs:2230:7) {
    errno: -2,
    code: 'ENOENT',
    syscall: 'open',
    path: '/Users/hf-mac/Downloads/tgpro-admin/.output/public/_nuxt/CetYVyQG.js'
  },
  statusCode: 500,
  fatal: false,
  unhandled: true,
  statusMessage: undefined,
  data: undefined
}
2025-11-05T02:30:46: [request error] [unhandled] [GET] http://localhost:3000/_nuxt/Db7eFA1E.js
 H3Error: ENOENT: no such file or directory, open '/Users/hf-mac/Downloads/tgpro-admin/.output/public/_nuxt/Db7eFA1E.js'
    at open (node:internal/fs/promises:641:25)
    ... 2 lines matching cause stack trace ...
    at Server.toNodeHandle (file:///Users/hf-mac/Downloads/tgpro-admin/.output/server/chunks/nitro/nitro.mjs:2230:7) {
  cause: Error: ENOENT: no such file or directory, open '/Users/hf-mac/Downloads/tgpro-admin/.output/public/_nuxt/Db7eFA1E.js'
      at open (node:internal/fs/promises:641:25)
      at Object.readFile (node:internal/fs/promises:1245:14)
      at Object.handler (file:///Users/hf-mac/Downloads/tgpro-admin/.output/server/chunks/nitro/nitro.mjs:1959:19)
      at Server.toNodeHandle (file:///Users/hf-mac/Downloads/tgpro-admin/.output/server/chunks/nitro/nitro.mjs:2230:7) {
    errno: -2,
    code: 'ENOENT',
    syscall: 'open',
    path: '/Users/hf-mac/Downloads/tgpro-admin/.output/public/_nuxt/Db7eFA1E.js'
  },
  statusCode: 500,
  fatal: false,
  unhandled: true,
  statusMessage: undefined,
  data: undefined
}
2025-11-05T02:30:46: [request error] [unhandled] [GET] http://localhost:3000/_nuxt/DAr-OQmd.js
 H3Error: ENOENT: no such file or directory, open '/Users/hf-mac/Downloads/tgpro-admin/.output/public/_nuxt/DAr-OQmd.js'
    at open (node:internal/fs/promises:641:25)
    ... 2 lines matching cause stack trace ...
    at Server.toNodeHandle (file:///Users/hf-mac/Downloads/tgpro-admin/.output/server/chunks/nitro/nitro.mjs:2230:7) {
  cause: Error: ENOENT: no such file or directory, open '/Users/hf-mac/Downloads/tgpro-admin/.output/public/_nuxt/DAr-OQmd.js'
      at open (node:internal/fs/promises:641:25)
      at Object.readFile (node:internal/fs/promises:1245:14)
      at Object.handler (file:///Users/hf-mac/Downloads/tgpro-admin/.output/server/chunks/nitro/nitro.mjs:1959:19)
      at Server.toNodeHandle (file:///Users/hf-mac/Downloads/tgpro-admin/.output/server/chunks/nitro/nitro.mjs:2230:7) {
    errno: -2,
    code: 'ENOENT',
    syscall: 'open',
    path: '/Users/hf-mac/Downloads/tgpro-admin/.output/public/_nuxt/DAr-OQmd.js'
  },
  statusCode: 500,
  fatal: false,
  unhandled: true,
  statusMessage: undefined,
  data: undefined
}
2025-11-05T02:30:46: [request error] [unhandled] [GET] http://localhost:3000/_nuxt/DcHNM1Xn.js
 H3Error: ENOENT: no such file or directory, open '/Users/hf-mac/Downloads/tgpro-admin/.output/public/_nuxt/DcHNM1Xn.js'
    at open (node:internal/fs/promises:641:25)
    ... 2 lines matching cause stack trace ...
    at Server.toNodeHandle (file:///Users/hf-mac/Downloads/tgpro-admin/.output/server/chunks/nitro/nitro.mjs:2230:7) {
  cause: Error: ENOENT: no such file or directory, open '/Users/hf-mac/Downloads/tgpro-admin/.output/public/_nuxt/DcHNM1Xn.js'
      at open (node:internal/fs/promises:641:25)
      at Object.readFile (node:internal/fs/promises:1245:14)
      at Object.handler (file:///Users/hf-mac/Downloads/tgpro-admin/.output/server/chunks/nitro/nitro.mjs:1959:19)
      at Server.toNodeHandle (file:///Users/hf-mac/Downloads/tgpro-admin/.output/server/chunks/nitro/nitro.mjs:2230:7) {
    errno: -2,
    code: 'ENOENT',
    syscall: 'open',
    path: '/Users/hf-mac/Downloads/tgpro-admin/.output/public/_nuxt/DcHNM1Xn.js'
  },
  statusCode: 500,
  fatal: false,
  unhandled: true,
  statusMessage: undefined,
  data: undefined
}
2025-11-05T02:30:46: [request error] [unhandled] [GET] http://localhost:3000/_nuxt/Bdz-sLfb.js
 H3Error: ENOENT: no such file or directory, open '/Users/hf-mac/Downloads/tgpro-admin/.output/public/_nuxt/Bdz-sLfb.js'
    at open (node:internal/fs/promises:641:25)
    ... 2 lines matching cause stack trace ...
    at Server.toNodeHandle (file:///Users/hf-mac/Downloads/tgpro-admin/.output/server/chunks/nitro/nitro.mjs:2230:7) {
  cause: Error: ENOENT: no such file or directory, open '/Users/hf-mac/Downloads/tgpro-admin/.output/public/_nuxt/Bdz-sLfb.js'
      at open (node:internal/fs/promises:641:25)
      at Object.readFile (node:internal/fs/promises:1245:14)
      at Object.handler (file:///Users/hf-mac/Downloads/tgpro-admin/.output/server/chunks/nitro/nitro.mjs:1959:19)
      at Server.toNodeHandle (file:///Users/hf-mac/Downloads/tgpro-admin/.output/server/chunks/nitro/nitro.mjs:2230:7) {
    errno: -2,
    code: 'ENOENT',
    syscall: 'open',
    path: '/Users/hf-mac/Downloads/tgpro-admin/.output/public/_nuxt/Bdz-sLfb.js'
  },
  statusCode: 500,
  fatal: false,
  unhandled: true,
  statusMessage: undefined,
  data: undefined
}
2025-11-05T02:30:46: [request error] [unhandled] [GET] http://localhost:3000/_nuxt/BTgB1rvp.js
 H3Error: ENOENT: no such file or directory, open '/Users/hf-mac/Downloads/tgpro-admin/.output/public/_nuxt/BTgB1rvp.js'
    at open (node:internal/fs/promises:641:25)
    ... 2 lines matching cause stack trace ...
    at Server.toNodeHandle (file:///Users/hf-mac/Downloads/tgpro-admin/.output/server/chunks/nitro/nitro.mjs:2230:7) {
  cause: Error: ENOENT: no such file or directory, open '/Users/hf-mac/Downloads/tgpro-admin/.output/public/_nuxt/BTgB1rvp.js'
      at open (node:internal/fs/promises:641:25)
      at Object.readFile (node:internal/fs/promises:1245:14)
      at Object.handler (file:///Users/hf-mac/Downloads/tgpro-admin/.output/server/chunks/nitro/nitro.mjs:1959:19)
      at Server.toNodeHandle (file:///Users/hf-mac/Downloads/tgpro-admin/.output/server/chunks/nitro/nitro.mjs:2230:7) {
    errno: -2,
    code: 'ENOENT',
    syscall: 'open',
    path: '/Users/hf-mac/Downloads/tgpro-admin/.output/public/_nuxt/BTgB1rvp.js'
  },
  statusCode: 500,
  fatal: false,
  unhandled: true,
  statusMessage: undefined,
  data: undefined
}
2025-11-05T02:30:46: [request error] [unhandled] [GET] http://localhost:3000/_nuxt/CXT04lNs.js
 H3Error: ENOENT: no such file or directory, open '/Users/hf-mac/Downloads/tgpro-admin/.output/public/_nuxt/CXT04lNs.js'
    at open (node:internal/fs/promises:641:25)
    ... 2 lines matching cause stack trace ...
    at Server.toNodeHandle (file:///Users/hf-mac/Downloads/tgpro-admin/.output/server/chunks/nitro/nitro.mjs:2230:7) {
  cause: Error: ENOENT: no such file or directory, open '/Users/hf-mac/Downloads/tgpro-admin/.output/public/_nuxt/CXT04lNs.js'
      at open (node:internal/fs/promises:641:25)
      at Object.readFile (node:internal/fs/promises:1245:14)
      at Object.handler (file:///Users/hf-mac/Downloads/tgpro-admin/.output/server/chunks/nitro/nitro.mjs:1959:19)
      at Server.toNodeHandle (file:///Users/hf-mac/Downloads/tgpro-admin/.output/server/chunks/nitro/nitro.mjs:2230:7) {
    errno: -2,
    code: 'ENOENT',
    syscall: 'open',
    path: '/Users/hf-mac/Downloads/tgpro-admin/.output/public/_nuxt/CXT04lNs.js'
  },
  statusCode: 500,
  fatal: false,
  unhandled: true,
  statusMessage: undefined,
  data: undefined
}
2025-11-05T02:30:46: [request error] [unhandled] [GET] http://localhost:3000/_nuxt/DpNIWReE.js
 H3Error: ENOENT: no such file or directory, open '/Users/hf-mac/Downloads/tgpro-admin/.output/public/_nuxt/DpNIWReE.js'
    at open (node:internal/fs/promises:641:25)
    ... 2 lines matching cause stack trace ...
    at Server.toNodeHandle (file:///Users/hf-mac/Downloads/tgpro-admin/.output/server/chunks/nitro/nitro.mjs:2230:7) {
  cause: Error: ENOENT: no such file or directory, open '/Users/hf-mac/Downloads/tgpro-admin/.output/public/_nuxt/DpNIWReE.js'
      at open (node:internal/fs/promises:641:25)
      at Object.readFile (node:internal/fs/promises:1245:14)
      at Object.handler (file:///Users/hf-mac/Downloads/tgpro-admin/.output/server/chunks/nitro/nitro.mjs:1959:19)
      at Server.toNodeHandle (file:///Users/hf-mac/Downloads/tgpro-admin/.output/server/chunks/nitro/nitro.mjs:2230:7) {
    errno: -2,
    code: 'ENOENT',
    syscall: 'open',
    path: '/Users/hf-mac/Downloads/tgpro-admin/.output/public/_nuxt/DpNIWReE.js'
  },
  statusCode: 500,
  fatal: false,
  unhandled: true,
  statusMessage: undefined,
  data: undefined
}
2025-11-05T02:30:46: [request error] [unhandled] [GET] http://localhost:3000/_nuxt/DbAgXtul.js
 H3Error: ENOENT: no such file or directory, open '/Users/hf-mac/Downloads/tgpro-admin/.output/public/_nuxt/DbAgXtul.js'
    at open (node:internal/fs/promises:641:25)
    ... 2 lines matching cause stack trace ...
    at Server.toNodeHandle (file:///Users/hf-mac/Downloads/tgpro-admin/.output/server/chunks/nitro/nitro.mjs:2230:7) {
  cause: Error: ENOENT: no such file or directory, open '/Users/hf-mac/Downloads/tgpro-admin/.output/public/_nuxt/DbAgXtul.js'
      at open (node:internal/fs/promises:641:25)
      at Object.readFile (node:internal/fs/promises:1245:14)
      at Object.handler (file:///Users/hf-mac/Downloads/tgpro-admin/.output/server/chunks/nitro/nitro.mjs:1959:19)
      at Server.toNodeHandle (file:///Users/hf-mac/Downloads/tgpro-admin/.output/server/chunks/nitro/nitro.mjs:2230:7) {
    errno: -2,
    code: 'ENOENT',
    syscall: 'open',
    path: '/Users/hf-mac/Downloads/tgpro-admin/.output/public/_nuxt/DbAgXtul.js'
  },
  statusCode: 500,
  fatal: false,
  unhandled: true,
  statusMessage: undefined,
  data: undefined
}
2025-11-05T02:30:46: [request error] [unhandled] [GET] http://localhost:3000/_nuxt/D_B5nL8y.js
 H3Error: ENOENT: no such file or directory, open '/Users/hf-mac/Downloads/tgpro-admin/.output/public/_nuxt/D_B5nL8y.js'
    at open (node:internal/fs/promises:641:25)
    ... 2 lines matching cause stack trace ...
    at Server.toNodeHandle (file:///Users/hf-mac/Downloads/tgpro-admin/.output/server/chunks/nitro/nitro.mjs:2230:7) {
  cause: Error: ENOENT: no such file or directory, open '/Users/hf-mac/Downloads/tgpro-admin/.output/public/_nuxt/D_B5nL8y.js'
      at open (node:internal/fs/promises:641:25)
      at Object.readFile (node:internal/fs/promises:1245:14)
      at Object.handler (file:///Users/hf-mac/Downloads/tgpro-admin/.output/server/chunks/nitro/nitro.mjs:1959:19)
      at Server.toNodeHandle (file:///Users/hf-mac/Downloads/tgpro-admin/.output/server/chunks/nitro/nitro.mjs:2230:7) {
    errno: -2,
    code: 'ENOENT',
    syscall: 'open',
    path: '/Users/hf-mac/Downloads/tgpro-admin/.output/public/_nuxt/D_B5nL8y.js'
  },
  statusCode: 500,
  fatal: false,
  unhandled: true,
  statusMessage: undefined,
  data: undefined
}
2025-11-05T02:30:46: [request error] [unhandled] [GET] http://localhost:3000/_nuxt/Bl84yrz9.js
 H3Error: ENOENT: no such file or directory, open '/Users/hf-mac/Downloads/tgpro-admin/.output/public/_nuxt/Bl84yrz9.js'
    at open (node:internal/fs/promises:641:25)
    ... 2 lines matching cause stack trace ...
    at Server.toNodeHandle (file:///Users/hf-mac/Downloads/tgpro-admin/.output/server/chunks/nitro/nitro.mjs:2230:7) {
  cause: Error: ENOENT: no such file or directory, open '/Users/hf-mac/Downloads/tgpro-admin/.output/public/_nuxt/Bl84yrz9.js'
      at open (node:internal/fs/promises:641:25)
      at Object.readFile (node:internal/fs/promises:1245:14)
      at Object.handler (file:///Users/hf-mac/Downloads/tgpro-admin/.output/server/chunks/nitro/nitro.mjs:1959:19)
      at Server.toNodeHandle (file:///Users/hf-mac/Downloads/tgpro-admin/.output/server/chunks/nitro/nitro.mjs:2230:7) {
    errno: -2,
    code: 'ENOENT',
    syscall: 'open',
    path: '/Users/hf-mac/Downloads/tgpro-admin/.output/public/_nuxt/Bl84yrz9.js'
  },
  statusCode: 500,
  fatal: false,
  unhandled: true,
  statusMessage: undefined,
  data: undefined
}
2025-11-05T02:30:46: [request error] [unhandled] [GET] http://localhost:3000/_nuxt/D974gv07.js
 H3Error: ENOENT: no such file or directory, open '/Users/hf-mac/Downloads/tgpro-admin/.output/public/_nuxt/D974gv07.js'
    at open (node:internal/fs/promises:641:25)
    ... 2 lines matching cause stack trace ...
    at Server.toNodeHandle (file:///Users/hf-mac/Downloads/tgpro-admin/.output/server/chunks/nitro/nitro.mjs:2230:7) {
  cause: Error: ENOENT: no such file or directory, open '/Users/hf-mac/Downloads/tgpro-admin/.output/public/_nuxt/D974gv07.js'
      at open (node:internal/fs/promises:641:25)
      at Object.readFile (node:internal/fs/promises:1245:14)
      at Object.handler (file:///Users/hf-mac/Downloads/tgpro-admin/.output/server/chunks/nitro/nitro.mjs:1959:19)
      at Server.toNodeHandle (file:///Users/hf-mac/Downloads/tgpro-admin/.output/server/chunks/nitro/nitro.mjs:2230:7) {
    errno: -2,
    code: 'ENOENT',
    syscall: 'open',
    path: '/Users/hf-mac/Downloads/tgpro-admin/.output/public/_nuxt/D974gv07.js'
  },
  statusCode: 500,
  fatal: false,
  unhandled: true,
  statusMessage: undefined,
  data: undefined
}
2025-11-05T02:30:46: [request error] [unhandled] [GET] http://localhost:3000/_nuxt/D32lUId-.js
 H3Error: ENOENT: no such file or directory, open '/Users/hf-mac/Downloads/tgpro-admin/.output/public/_nuxt/D32lUId-.js'
    at open (node:internal/fs/promises:641:25)
    ... 2 lines matching cause stack trace ...
    at Server.toNodeHandle (file:///Users/hf-mac/Downloads/tgpro-admin/.output/server/chunks/nitro/nitro.mjs:2230:7) {
  cause: Error: ENOENT: no such file or directory, open '/Users/hf-mac/Downloads/tgpro-admin/.output/public/_nuxt/D32lUId-.js'
      at open (node:internal/fs/promises:641:25)
      at Object.readFile (node:internal/fs/promises:1245:14)
      at Object.handler (file:///Users/hf-mac/Downloads/tgpro-admin/.output/server/chunks/nitro/nitro.mjs:1959:19)
      at Server.toNodeHandle (file:///Users/hf-mac/Downloads/tgpro-admin/.output/server/chunks/nitro/nitro.mjs:2230:7) {
    errno: -2,
    code: 'ENOENT',
    syscall: 'open',
    path: '/Users/hf-mac/Downloads/tgpro-admin/.output/public/_nuxt/D32lUId-.js'
  },
  statusCode: 500,
  fatal: false,
  unhandled: true,
  statusMessage: undefined,
  data: undefined
}
2025-11-05T02:30:46: [request error] [unhandled] [GET] http://localhost:3000/_nuxt/CetYVyQG.js
 H3Error: ENOENT: no such file or directory, open '/Users/hf-mac/Downloads/tgpro-admin/.output/public/_nuxt/CetYVyQG.js'
    at open (node:internal/fs/promises:641:25)
    ... 2 lines matching cause stack trace ...
    at Server.toNodeHandle (file:///Users/hf-mac/Downloads/tgpro-admin/.output/server/chunks/nitro/nitro.mjs:2230:7) {
  cause: Error: ENOENT: no such file or directory, open '/Users/hf-mac/Downloads/tgpro-admin/.output/public/_nuxt/CetYVyQG.js'
      at open (node:internal/fs/promises:641:25)
      at Object.readFile (node:internal/fs/promises:1245:14)
      at Object.handler (file:///Users/hf-mac/Downloads/tgpro-admin/.output/server/chunks/nitro/nitro.mjs:1959:19)
      at Server.toNodeHandle (file:///Users/hf-mac/Downloads/tgpro-admin/.output/server/chunks/nitro/nitro.mjs:2230:7) {
    errno: -2,
    code: 'ENOENT',
    syscall: 'open',
    path: '/Users/hf-mac/Downloads/tgpro-admin/.output/public/_nuxt/CetYVyQG.js'
  },
  statusCode: 500,
  fatal: false,
  unhandled: true,
  statusMessage: undefined,
  data: undefined
}
2025-11-05T02:30:46: [request error] [unhandled] [GET] http://localhost:3000/_nuxt/Db7eFA1E.js
 H3Error: ENOENT: no such file or directory, open '/Users/hf-mac/Downloads/tgpro-admin/.output/public/_nuxt/Db7eFA1E.js'
    at open (node:internal/fs/promises:641:25)
    ... 2 lines matching cause stack trace ...
    at Server.toNodeHandle (file:///Users/hf-mac/Downloads/tgpro-admin/.output/server/chunks/nitro/nitro.mjs:2230:7) {
  cause: Error: ENOENT: no such file or directory, open '/Users/hf-mac/Downloads/tgpro-admin/.output/public/_nuxt/Db7eFA1E.js'
      at open (node:internal/fs/promises:641:25)
      at Object.readFile (node:internal/fs/promises:1245:14)
      at Object.handler (file:///Users/hf-mac/Downloads/tgpro-admin/.output/server/chunks/nitro/nitro.mjs:1959:19)
      at Server.toNodeHandle (file:///Users/hf-mac/Downloads/tgpro-admin/.output/server/chunks/nitro/nitro.mjs:2230:7) {
    errno: -2,
    code: 'ENOENT',
    syscall: 'open',
    path: '/Users/hf-mac/Downloads/tgpro-admin/.output/public/_nuxt/Db7eFA1E.js'
  },
  statusCode: 500,
  fatal: false,
  unhandled: true,
  statusMessage: undefined,
  data: undefined
}
2025-11-05T02:30:46: [request error] [unhandled] [GET] http://localhost:3000/_nuxt/DAr-OQmd.js
 H3Error: ENOENT: no such file or directory, open '/Users/hf-mac/Downloads/tgpro-admin/.output/public/_nuxt/DAr-OQmd.js'
    at open (node:internal/fs/promises:641:25)
    ... 2 lines matching cause stack trace ...
    at Server.toNodeHandle (file:///Users/hf-mac/Downloads/tgpro-admin/.output/server/chunks/nitro/nitro.mjs:2230:7) {
  cause: Error: ENOENT: no such file or directory, open '/Users/hf-mac/Downloads/tgpro-admin/.output/public/_nuxt/DAr-OQmd.js'
      at open (node:internal/fs/promises:641:25)
      at Object.readFile (node:internal/fs/promises:1245:14)
      at Object.handler (file:///Users/hf-mac/Downloads/tgpro-admin/.output/server/chunks/nitro/nitro.mjs:1959:19)
      at Server.toNodeHandle (file:///Users/hf-mac/Downloads/tgpro-admin/.output/server/chunks/nitro/nitro.mjs:2230:7) {
    errno: -2,
    code: 'ENOENT',
    syscall: 'open',
    path: '/Users/hf-mac/Downloads/tgpro-admin/.output/public/_nuxt/DAr-OQmd.js'
  },
  statusCode: 500,
  fatal: false,
  unhandled: true,
  statusMessage: undefined,
  data: undefined
}
2025-11-05T02:30:46: [request error] [unhandled] [GET] http://localhost:3000/_nuxt/Bdz-sLfb.js
 H3Error: ENOENT: no such file or directory, open '/Users/hf-mac/Downloads/tgpro-admin/.output/public/_nuxt/Bdz-sLfb.js'
    at open (node:internal/fs/promises:641:25)
    ... 2 lines matching cause stack trace ...
    at Server.toNodeHandle (file:///Users/hf-mac/Downloads/tgpro-admin/.output/server/chunks/nitro/nitro.mjs:2230:7) {
  cause: Error: ENOENT: no such file or directory, open '/Users/hf-mac/Downloads/tgpro-admin/.output/public/_nuxt/Bdz-sLfb.js'
      at open (node:internal/fs/promises:641:25)
      at Object.readFile (node:internal/fs/promises:1245:14)
      at Object.handler (file:///Users/hf-mac/Downloads/tgpro-admin/.output/server/chunks/nitro/nitro.mjs:1959:19)
      at Server.toNodeHandle (file:///Users/hf-mac/Downloads/tgpro-admin/.output/server/chunks/nitro/nitro.mjs:2230:7) {
    errno: -2,
    code: 'ENOENT',
    syscall: 'open',
    path: '/Users/hf-mac/Downloads/tgpro-admin/.output/public/_nuxt/Bdz-sLfb.js'
  },
  statusCode: 500,
  fatal: false,
  unhandled: true,
  statusMessage: undefined,
  data: undefined
}
2025-11-05T02:30:46: [request error] [unhandled] [GET] http://localhost:3000/_nuxt/BTgB1rvp.js
 H3Error: ENOENT: no such file or directory, open '/Users/hf-mac/Downloads/tgpro-admin/.output/public/_nuxt/BTgB1rvp.js'
    at open (node:internal/fs/promises:641:25)
    ... 2 lines matching cause stack trace ...
    at Server.toNodeHandle (file:///Users/hf-mac/Downloads/tgpro-admin/.output/server/chunks/nitro/nitro.mjs:2230:7) {
  cause: Error: ENOENT: no such file or directory, open '/Users/hf-mac/Downloads/tgpro-admin/.output/public/_nuxt/BTgB1rvp.js'
      at open (node:internal/fs/promises:641:25)
      at Object.readFile (node:internal/fs/promises:1245:14)
      at Object.handler (file:///Users/hf-mac/Downloads/tgpro-admin/.output/server/chunks/nitro/nitro.mjs:1959:19)
      at Server.toNodeHandle (file:///Users/hf-mac/Downloads/tgpro-admin/.output/server/chunks/nitro/nitro.mjs:2230:7) {
    errno: -2,
    code: 'ENOENT',
    syscall: 'open',
    path: '/Users/hf-mac/Downloads/tgpro-admin/.output/public/_nuxt/BTgB1rvp.js'
  },
  statusCode: 500,
  fatal: false,
  unhandled: true,
  statusMessage: undefined,
  data: undefined
}
2025-11-05T02:30:46: [request error] [unhandled] [GET] http://localhost:3000/_nuxt/CXT04lNs.js
 H3Error: ENOENT: no such file or directory, open '/Users/hf-mac/Downloads/tgpro-admin/.output/public/_nuxt/CXT04lNs.js'
    at open (node:internal/fs/promises:641:25)
    ... 2 lines matching cause stack trace ...
    at Server.toNodeHandle (file:///Users/hf-mac/Downloads/tgpro-admin/.output/server/chunks/nitro/nitro.mjs:2230:7) {
  cause: Error: ENOENT: no such file or directory, open '/Users/hf-mac/Downloads/tgpro-admin/.output/public/_nuxt/CXT04lNs.js'
      at open (node:internal/fs/promises:641:25)
      at Object.readFile (node:internal/fs/promises:1245:14)
      at Object.handler (file:///Users/hf-mac/Downloads/tgpro-admin/.output/server/chunks/nitro/nitro.mjs:1959:19)
      at Server.toNodeHandle (file:///Users/hf-mac/Downloads/tgpro-admin/.output/server/chunks/nitro/nitro.mjs:2230:7) {
    errno: -2,
    code: 'ENOENT',
    syscall: 'open',
    path: '/Users/hf-mac/Downloads/tgpro-admin/.output/public/_nuxt/CXT04lNs.js'
  },
  statusCode: 500,
  fatal: false,
  unhandled: true,
  statusMessage: undefined,
  data: undefined
}
2025-11-05T02:30:46: [request error] [unhandled] [GET] http://localhost:3000/_nuxt/DcHNM1Xn.js
 H3Error: ENOENT: no such file or directory, open '/Users/hf-mac/Downloads/tgpro-admin/.output/public/_nuxt/DcHNM1Xn.js'
    at open (node:internal/fs/promises:641:25)
    ... 2 lines matching cause stack trace ...
    at Server.toNodeHandle (file:///Users/hf-mac/Downloads/tgpro-admin/.output/server/chunks/nitro/nitro.mjs:2230:7) {
  cause: Error: ENOENT: no such file or directory, open '/Users/hf-mac/Downloads/tgpro-admin/.output/public/_nuxt/DcHNM1Xn.js'
      at open (node:internal/fs/promises:641:25)
      at Object.readFile (node:internal/fs/promises:1245:14)
      at Object.handler (file:///Users/hf-mac/Downloads/tgpro-admin/.output/server/chunks/nitro/nitro.mjs:1959:19)
      at Server.toNodeHandle (file:///Users/hf-mac/Downloads/tgpro-admin/.output/server/chunks/nitro/nitro.mjs:2230:7) {
    errno: -2,
    code: 'ENOENT',
    syscall: 'open',
    path: '/Users/hf-mac/Downloads/tgpro-admin/.output/public/_nuxt/DcHNM1Xn.js'
  },
  statusCode: 500,
  fatal: false,
  unhandled: true,
  statusMessage: undefined,
  data: undefined
}
2025-11-05T02:30:46: [request error] [unhandled] [GET] http://localhost:3000/_nuxt/builds/meta/db489c3b-20ab-405c-96a2-98b632ec7da6.json
 H3Error: ENOENT: no such file or directory, open '/Users/hf-mac/Downloads/tgpro-admin/.output/public/_nuxt/builds/meta/db489c3b-20ab-405c-96a2-98b632ec7da6.json'
    at open (node:internal/fs/promises:641:25)
    ... 2 lines matching cause stack trace ...
    at Server.toNodeHandle (file:///Users/hf-mac/Downloads/tgpro-admin/.output/server/chunks/nitro/nitro.mjs:2230:7) {
  cause: Error: ENOENT: no such file or directory, open '/Users/hf-mac/Downloads/tgpro-admin/.output/public/_nuxt/builds/meta/db489c3b-20ab-405c-96a2-98b632ec7da6.json'
      at open (node:internal/fs/promises:641:25)
      at Object.readFile (node:internal/fs/promises:1245:14)
      at Object.handler (file:///Users/hf-mac/Downloads/tgpro-admin/.output/server/chunks/nitro/nitro.mjs:1959:19)
      at Server.toNodeHandle (file:///Users/hf-mac/Downloads/tgpro-admin/.output/server/chunks/nitro/nitro.mjs:2230:7) {
    errno: -2,
    code: 'ENOENT',
    syscall: 'open',
    path: '/Users/hf-mac/Downloads/tgpro-admin/.output/public/_nuxt/builds/meta/db489c3b-20ab-405c-96a2-98b632ec7da6.json'
  },
  statusCode: 500,
  fatal: false,
  unhandled: true,
  statusMessage: undefined,
  data: undefined
}
2025-11-05T02:30:47: [request error] [unhandled] [GET] http://localhost:3000/_nuxt/DbAgXtul.js
 H3Error: ENOENT: no such file or directory, open '/Users/hf-mac/Downloads/tgpro-admin/.output/public/_nuxt/DbAgXtul.js'
    at open (node:internal/fs/promises:641:25)
    ... 2 lines matching cause stack trace ...
    at Server.toNodeHandle (file:///Users/hf-mac/Downloads/tgpro-admin/.output/server/chunks/nitro/nitro.mjs:2230:7) {
  cause: Error: ENOENT: no such file or directory, open '/Users/hf-mac/Downloads/tgpro-admin/.output/public/_nuxt/DbAgXtul.js'
      at open (node:internal/fs/promises:641:25)
      at Object.readFile (node:internal/fs/promises:1245:14)
      at Object.handler (file:///Users/hf-mac/Downloads/tgpro-admin/.output/server/chunks/nitro/nitro.mjs:1959:19)
      at Server.toNodeHandle (file:///Users/hf-mac/Downloads/tgpro-admin/.output/server/chunks/nitro/nitro.mjs:2230:7) {
    errno: -2,
    code: 'ENOENT',
    syscall: 'open',
    path: '/Users/hf-mac/Downloads/tgpro-admin/.output/public/_nuxt/DbAgXtul.js'
  },
  statusCode: 500,
  fatal: false,
  unhandled: true,
  statusMessage: undefined,
  data: undefined
}
2025-11-05T02:30:47: [request error] [unhandled] [GET] http://localhost:3000/_nuxt/DpNIWReE.js
 H3Error: ENOENT: no such file or directory, open '/Users/hf-mac/Downloads/tgpro-admin/.output/public/_nuxt/DpNIWReE.js'
    at open (node:internal/fs/promises:641:25)
    ... 2 lines matching cause stack trace ...
    at Server.toNodeHandle (file:///Users/hf-mac/Downloads/tgpro-admin/.output/server/chunks/nitro/nitro.mjs:2230:7) {
  cause: Error: ENOENT: no such file or directory, open '/Users/hf-mac/Downloads/tgpro-admin/.output/public/_nuxt/DpNIWReE.js'
      at open (node:internal/fs/promises:641:25)
      at Object.readFile (node:internal/fs/promises:1245:14)
      at Object.handler (file:///Users/hf-mac/Downloads/tgpro-admin/.output/server/chunks/nitro/nitro.mjs:1959:19)
      at Server.toNodeHandle (file:///Users/hf-mac/Downloads/tgpro-admin/.output/server/chunks/nitro/nitro.mjs:2230:7) {
    errno: -2,
    code: 'ENOENT',
    syscall: 'open',
    path: '/Users/hf-mac/Downloads/tgpro-admin/.output/public/_nuxt/DpNIWReE.js'
  },
  statusCode: 500,
  fatal: false,
  unhandled: true,
  statusMessage: undefined,
  data: undefined
}
2025-11-05T02:30:47: [request error] [unhandled] [GET] http://localhost:3000/_nuxt/D_B5nL8y.js
 H3Error: ENOENT: no such file or directory, open '/Users/hf-mac/Downloads/tgpro-admin/.output/public/_nuxt/D_B5nL8y.js'
    at open (node:internal/fs/promises:641:25)
    ... 2 lines matching cause stack trace ...
    at Server.toNodeHandle (file:///Users/hf-mac/Downloads/tgpro-admin/.output/server/chunks/nitro/nitro.mjs:2230:7) {
  cause: Error: ENOENT: no such file or directory, open '/Users/hf-mac/Downloads/tgpro-admin/.output/public/_nuxt/D_B5nL8y.js'
      at open (node:internal/fs/promises:641:25)
      at Object.readFile (node:internal/fs/promises:1245:14)
      at Object.handler (file:///Users/hf-mac/Downloads/tgpro-admin/.output/server/chunks/nitro/nitro.mjs:1959:19)
      at Server.toNodeHandle (file:///Users/hf-mac/Downloads/tgpro-admin/.output/server/chunks/nitro/nitro.mjs:2230:7) {
    errno: -2,
    code: 'ENOENT',
    syscall: 'open',
    path: '/Users/hf-mac/Downloads/tgpro-admin/.output/public/_nuxt/D_B5nL8y.js'
  },
  statusCode: 500,
  fatal: false,
  unhandled: true,
  statusMessage: undefined,
  data: undefined
}
2025-11-05T02:30:47: [request error] [unhandled] [GET] http://localhost:3000/_nuxt/Bl84yrz9.js
 H3Error: ENOENT: no such file or directory, open '/Users/hf-mac/Downloads/tgpro-admin/.output/public/_nuxt/Bl84yrz9.js'
    at open (node:internal/fs/promises:641:25)
    ... 2 lines matching cause stack trace ...
    at Server.toNodeHandle (file:///Users/hf-mac/Downloads/tgpro-admin/.output/server/chunks/nitro/nitro.mjs:2230:7) {
  cause: Error: ENOENT: no such file or directory, open '/Users/hf-mac/Downloads/tgpro-admin/.output/public/_nuxt/Bl84yrz9.js'
      at open (node:internal/fs/promises:641:25)
      at Object.readFile (node:internal/fs/promises:1245:14)
      at Object.handler (file:///Users/hf-mac/Downloads/tgpro-admin/.output/server/chunks/nitro/nitro.mjs:1959:19)
      at Server.toNodeHandle (file:///Users/hf-mac/Downloads/tgpro-admin/.output/server/chunks/nitro/nitro.mjs:2230:7) {
    errno: -2,
    code: 'ENOENT',
    syscall: 'open',
    path: '/Users/hf-mac/Downloads/tgpro-admin/.output/public/_nuxt/Bl84yrz9.js'
  },
  statusCode: 500,
  fatal: false,
  unhandled: true,
  statusMessage: undefined,
  data: undefined
}
2025-11-05T02:30:47: [request error] [unhandled] [GET] http://localhost:3000/_nuxt/D974gv07.js
 H3Error: ENOENT: no such file or directory, open '/Users/hf-mac/Downloads/tgpro-admin/.output/public/_nuxt/D974gv07.js'
    at open (node:internal/fs/promises:641:25)
    ... 2 lines matching cause stack trace ...
    at Server.toNodeHandle (file:///Users/hf-mac/Downloads/tgpro-admin/.output/server/chunks/nitro/nitro.mjs:2230:7) {
  cause: Error: ENOENT: no such file or directory, open '/Users/hf-mac/Downloads/tgpro-admin/.output/public/_nuxt/D974gv07.js'
      at open (node:internal/fs/promises:641:25)
      at Object.readFile (node:internal/fs/promises:1245:14)
      at Object.handler (file:///Users/hf-mac/Downloads/tgpro-admin/.output/server/chunks/nitro/nitro.mjs:1959:19)
      at Server.toNodeHandle (file:///Users/hf-mac/Downloads/tgpro-admin/.output/server/chunks/nitro/nitro.mjs:2230:7) {
    errno: -2,
    code: 'ENOENT',
    syscall: 'open',
    path: '/Users/hf-mac/Downloads/tgpro-admin/.output/public/_nuxt/D974gv07.js'
  },
  statusCode: 500,
  fatal: false,
  unhandled: true,
  statusMessage: undefined,
  data: undefined
}
2025-11-05T02:30:47: [request error] [unhandled] [GET] http://localhost:3000/_nuxt/D32lUId-.js
 H3Error: ENOENT: no such file or directory, open '/Users/hf-mac/Downloads/tgpro-admin/.output/public/_nuxt/D32lUId-.js'
    at open (node:internal/fs/promises:641:25)
    ... 2 lines matching cause stack trace ...
    at Server.toNodeHandle (file:///Users/hf-mac/Downloads/tgpro-admin/.output/server/chunks/nitro/nitro.mjs:2230:7) {
  cause: Error: ENOENT: no such file or directory, open '/Users/hf-mac/Downloads/tgpro-admin/.output/public/_nuxt/D32lUId-.js'
      at open (node:internal/fs/promises:641:25)
      at Object.readFile (node:internal/fs/promises:1245:14)
      at Object.handler (file:///Users/hf-mac/Downloads/tgpro-admin/.output/server/chunks/nitro/nitro.mjs:1959:19)
      at Server.toNodeHandle (file:///Users/hf-mac/Downloads/tgpro-admin/.output/server/chunks/nitro/nitro.mjs:2230:7) {
    errno: -2,
    code: 'ENOENT',
    syscall: 'open',
    path: '/Users/hf-mac/Downloads/tgpro-admin/.output/public/_nuxt/D32lUId-.js'
  },
  statusCode: 500,
  fatal: false,
  unhandled: true,
  statusMessage: undefined,
  data: undefined
}
2025-11-05T02:30:47: [request error] [unhandled] [GET] http://localhost:3000/_nuxt/CetYVyQG.js
 H3Error: ENOENT: no such file or directory, open '/Users/hf-mac/Downloads/tgpro-admin/.output/public/_nuxt/CetYVyQG.js'
    at open (node:internal/fs/promises:641:25)
    ... 2 lines matching cause stack trace ...
    at Server.toNodeHandle (file:///Users/hf-mac/Downloads/tgpro-admin/.output/server/chunks/nitro/nitro.mjs:2230:7) {
  cause: Error: ENOENT: no such file or directory, open '/Users/hf-mac/Downloads/tgpro-admin/.output/public/_nuxt/CetYVyQG.js'
      at open (node:internal/fs/promises:641:25)
      at Object.readFile (node:internal/fs/promises:1245:14)
      at Object.handler (file:///Users/hf-mac/Downloads/tgpro-admin/.output/server/chunks/nitro/nitro.mjs:1959:19)
      at Server.toNodeHandle (file:///Users/hf-mac/Downloads/tgpro-admin/.output/server/chunks/nitro/nitro.mjs:2230:7) {
    errno: -2,
    code: 'ENOENT',
    syscall: 'open',
    path: '/Users/hf-mac/Downloads/tgpro-admin/.output/public/_nuxt/CetYVyQG.js'
  },
  statusCode: 500,
  fatal: false,
  unhandled: true,
  statusMessage: undefined,
  data: undefined
}
2025-11-05T02:30:47: [request error] [unhandled] [GET] http://localhost:3000/_nuxt/Db7eFA1E.js
 H3Error: ENOENT: no such file or directory, open '/Users/hf-mac/Downloads/tgpro-admin/.output/public/_nuxt/Db7eFA1E.js'
    at open (node:internal/fs/promises:641:25)
    ... 2 lines matching cause stack trace ...
    at Server.toNodeHandle (file:///Users/hf-mac/Downloads/tgpro-admin/.output/server/chunks/nitro/nitro.mjs:2230:7) {
  cause: Error: ENOENT: no such file or directory, open '/Users/hf-mac/Downloads/tgpro-admin/.output/public/_nuxt/Db7eFA1E.js'
      at open (node:internal/fs/promises:641:25)
      at Object.readFile (node:internal/fs/promises:1245:14)
      at Object.handler (file:///Users/hf-mac/Downloads/tgpro-admin/.output/server/chunks/nitro/nitro.mjs:1959:19)
      at Server.toNodeHandle (file:///Users/hf-mac/Downloads/tgpro-admin/.output/server/chunks/nitro/nitro.mjs:2230:7) {
    errno: -2,
    code: 'ENOENT',
    syscall: 'open',
    path: '/Users/hf-mac/Downloads/tgpro-admin/.output/public/_nuxt/Db7eFA1E.js'
  },
  statusCode: 500,
  fatal: false,
  unhandled: true,
  statusMessage: undefined,
  data: undefined
}
2025-11-05T02:30:47: [request error] [unhandled] [GET] http://localhost:3000/_nuxt/DAr-OQmd.js
 H3Error: ENOENT: no such file or directory, open '/Users/hf-mac/Downloads/tgpro-admin/.output/public/_nuxt/DAr-OQmd.js'
    at open (node:internal/fs/promises:641:25)
    ... 2 lines matching cause stack trace ...
    at Server.toNodeHandle (file:///Users/hf-mac/Downloads/tgpro-admin/.output/server/chunks/nitro/nitro.mjs:2230:7) {
  cause: Error: ENOENT: no such file or directory, open '/Users/hf-mac/Downloads/tgpro-admin/.output/public/_nuxt/DAr-OQmd.js'
      at open (node:internal/fs/promises:641:25)
      at Object.readFile (node:internal/fs/promises:1245:14)
      at Object.handler (file:///Users/hf-mac/Downloads/tgpro-admin/.output/server/chunks/nitro/nitro.mjs:1959:19)
      at Server.toNodeHandle (file:///Users/hf-mac/Downloads/tgpro-admin/.output/server/chunks/nitro/nitro.mjs:2230:7) {
    errno: -2,
    code: 'ENOENT',
    syscall: 'open',
    path: '/Users/hf-mac/Downloads/tgpro-admin/.output/public/_nuxt/DAr-OQmd.js'
  },
  statusCode: 500,
  fatal: false,
  unhandled: true,
  statusMessage: undefined,
  data: undefined
}
2025-11-05T02:30:47: [request error] [unhandled] [GET] http://localhost:3000/_nuxt/Bdz-sLfb.js
 H3Error: ENOENT: no such file or directory, open '/Users/hf-mac/Downloads/tgpro-admin/.output/public/_nuxt/Bdz-sLfb.js'
    at open (node:internal/fs/promises:641:25)
    ... 2 lines matching cause stack trace ...
    at Server.toNodeHandle (file:///Users/hf-mac/Downloads/tgpro-admin/.output/server/chunks/nitro/nitro.mjs:2230:7) {
  cause: Error: ENOENT: no such file or directory, open '/Users/hf-mac/Downloads/tgpro-admin/.output/public/_nuxt/Bdz-sLfb.js'
      at open (node:internal/fs/promises:641:25)
      at Object.readFile (node:internal/fs/promises:1245:14)
      at Object.handler (file:///Users/hf-mac/Downloads/tgpro-admin/.output/server/chunks/nitro/nitro.mjs:1959:19)
      at Server.toNodeHandle (file:///Users/hf-mac/Downloads/tgpro-admin/.output/server/chunks/nitro/nitro.mjs:2230:7) {
    errno: -2,
    code: 'ENOENT',
    syscall: 'open',
    path: '/Users/hf-mac/Downloads/tgpro-admin/.output/public/_nuxt/Bdz-sLfb.js'
  },
  statusCode: 500,
  fatal: false,
  unhandled: true,
  statusMessage: undefined,
  data: undefined
}
2025-11-05T02:30:47: [request error] [unhandled] [GET] http://localhost:3000/_nuxt/BTgB1rvp.js
 H3Error: ENOENT: no such file or directory, open '/Users/hf-mac/Downloads/tgpro-admin/.output/public/_nuxt/BTgB1rvp.js'
    at open (node:internal/fs/promises:641:25)
    ... 2 lines matching cause stack trace ...
    at Server.toNodeHandle (file:///Users/hf-mac/Downloads/tgpro-admin/.output/server/chunks/nitro/nitro.mjs:2230:7) {
  cause: Error: ENOENT: no such file or directory, open '/Users/hf-mac/Downloads/tgpro-admin/.output/public/_nuxt/BTgB1rvp.js'
      at open (node:internal/fs/promises:641:25)
      at Object.readFile (node:internal/fs/promises:1245:14)
      at Object.handler (file:///Users/hf-mac/Downloads/tgpro-admin/.output/server/chunks/nitro/nitro.mjs:1959:19)
      at Server.toNodeHandle (file:///Users/hf-mac/Downloads/tgpro-admin/.output/server/chunks/nitro/nitro.mjs:2230:7) {
    errno: -2,
    code: 'ENOENT',
    syscall: 'open',
    path: '/Users/hf-mac/Downloads/tgpro-admin/.output/public/_nuxt/BTgB1rvp.js'
  },
  statusCode: 500,
  fatal: false,
  unhandled: true,
  statusMessage: undefined,
  data: undefined
}
2025-11-05T02:30:47: [request error] [unhandled] [GET] http://localhost:3000/_nuxt/CXT04lNs.js
 H3Error: ENOENT: no such file or directory, open '/Users/hf-mac/Downloads/tgpro-admin/.output/public/_nuxt/CXT04lNs.js'
    at open (node:internal/fs/promises:641:25)
    ... 2 lines matching cause stack trace ...
    at Server.toNodeHandle (file:///Users/hf-mac/Downloads/tgpro-admin/.output/server/chunks/nitro/nitro.mjs:2230:7) {
  cause: Error: ENOENT: no such file or directory, open '/Users/hf-mac/Downloads/tgpro-admin/.output/public/_nuxt/CXT04lNs.js'
      at open (node:internal/fs/promises:641:25)
      at Object.readFile (node:internal/fs/promises:1245:14)
      at Object.handler (file:///Users/hf-mac/Downloads/tgpro-admin/.output/server/chunks/nitro/nitro.mjs:1959:19)
      at Server.toNodeHandle (file:///Users/hf-mac/Downloads/tgpro-admin/.output/server/chunks/nitro/nitro.mjs:2230:7) {
    errno: -2,
    code: 'ENOENT',
    syscall: 'open',
    path: '/Users/hf-mac/Downloads/tgpro-admin/.output/public/_nuxt/CXT04lNs.js'
  },
  statusCode: 500,
  fatal: false,
  unhandled: true,
  statusMessage: undefined,
  data: undefined
}
2025-11-05T02:30:47: [request error] [unhandled] [GET] http://localhost:3000/_nuxt/builds/meta/db489c3b-20ab-405c-96a2-98b632ec7da6.json
 H3Error: ENOENT: no such file or directory, open '/Users/hf-mac/Downloads/tgpro-admin/.output/public/_nuxt/builds/meta/db489c3b-20ab-405c-96a2-98b632ec7da6.json'
    at open (node:internal/fs/promises:641:25)
    ... 2 lines matching cause stack trace ...
    at Server.toNodeHandle (file:///Users/hf-mac/Downloads/tgpro-admin/.output/server/chunks/nitro/nitro.mjs:2230:7) {
  cause: Error: ENOENT: no such file or directory, open '/Users/hf-mac/Downloads/tgpro-admin/.output/public/_nuxt/builds/meta/db489c3b-20ab-405c-96a2-98b632ec7da6.json'
      at open (node:internal/fs/promises:641:25)
      at Object.readFile (node:internal/fs/promises:1245:14)
      at Object.handler (file:///Users/hf-mac/Downloads/tgpro-admin/.output/server/chunks/nitro/nitro.mjs:1959:19)
      at Server.toNodeHandle (file:///Users/hf-mac/Downloads/tgpro-admin/.output/server/chunks/nitro/nitro.mjs:2230:7) {
    errno: -2,
    code: 'ENOENT',
    syscall: 'open',
    path: '/Users/hf-mac/Downloads/tgpro-admin/.output/public/_nuxt/builds/meta/db489c3b-20ab-405c-96a2-98b632ec7da6.json'
  },
  statusCode: 500,
  fatal: false,
  unhandled: true,
  statusMessage: undefined,
  data: undefined
}
2025-11-05T02:30:47: [request error] [unhandled] [GET] http://localhost:3000/_nuxt/DbAgXtul.js
 H3Error: ENOENT: no such file or directory, open '/Users/hf-mac/Downloads/tgpro-admin/.output/public/_nuxt/DbAgXtul.js'
    at open (node:internal/fs/promises:641:25)
    ... 2 lines matching cause stack trace ...
    at Server.toNodeHandle (file:///Users/hf-mac/Downloads/tgpro-admin/.output/server/chunks/nitro/nitro.mjs:2230:7) {
  cause: Error: ENOENT: no such file or directory, open '/Users/hf-mac/Downloads/tgpro-admin/.output/public/_nuxt/DbAgXtul.js'
      at open (node:internal/fs/promises:641:25)
      at Object.readFile (node:internal/fs/promises:1245:14)
      at Object.handler (file:///Users/hf-mac/Downloads/tgpro-admin/.output/server/chunks/nitro/nitro.mjs:1959:19)
      at Server.toNodeHandle (file:///Users/hf-mac/Downloads/tgpro-admin/.output/server/chunks/nitro/nitro.mjs:2230:7) {
    errno: -2,
    code: 'ENOENT',
    syscall: 'open',
    path: '/Users/hf-mac/Downloads/tgpro-admin/.output/public/_nuxt/DbAgXtul.js'
  },
  statusCode: 500,
  fatal: false,
  unhandled: true,
  statusMessage: undefined,
  data: undefined
}
2025-11-05T02:30:47: [request error] [unhandled] [GET] http://localhost:3000/_nuxt/DpNIWReE.js
 H3Error: ENOENT: no such file or directory, open '/Users/hf-mac/Downloads/tgpro-admin/.output/public/_nuxt/DpNIWReE.js'
    at open (node:internal/fs/promises:641:25)
    ... 2 lines matching cause stack trace ...
    at Server.toNodeHandle (file:///Users/hf-mac/Downloads/tgpro-admin/.output/server/chunks/nitro/nitro.mjs:2230:7) {
  cause: Error: ENOENT: no such file or directory, open '/Users/hf-mac/Downloads/tgpro-admin/.output/public/_nuxt/DpNIWReE.js'
      at open (node:internal/fs/promises:641:25)
      at Object.readFile (node:internal/fs/promises:1245:14)
      at Object.handler (file:///Users/hf-mac/Downloads/tgpro-admin/.output/server/chunks/nitro/nitro.mjs:1959:19)
      at Server.toNodeHandle (file:///Users/hf-mac/Downloads/tgpro-admin/.output/server/chunks/nitro/nitro.mjs:2230:7) {
    errno: -2,
    code: 'ENOENT',
    syscall: 'open',
    path: '/Users/hf-mac/Downloads/tgpro-admin/.output/public/_nuxt/DpNIWReE.js'
  },
  statusCode: 500,
  fatal: false,
  unhandled: true,
  statusMessage: undefined,
  data: undefined
}
2025-11-05T02:30:47: [request error] [unhandled] [GET] http://localhost:3000/_nuxt/D_B5nL8y.js
 H3Error: ENOENT: no such file or directory, open '/Users/hf-mac/Downloads/tgpro-admin/.output/public/_nuxt/D_B5nL8y.js'
    at open (node:internal/fs/promises:641:25)
    ... 2 lines matching cause stack trace ...
    at Server.toNodeHandle (file:///Users/hf-mac/Downloads/tgpro-admin/.output/server/chunks/nitro/nitro.mjs:2230:7) {
  cause: Error: ENOENT: no such file or directory, open '/Users/hf-mac/Downloads/tgpro-admin/.output/public/_nuxt/D_B5nL8y.js'
      at open (node:internal/fs/promises:641:25)
      at Object.readFile (node:internal/fs/promises:1245:14)
      at Object.handler (file:///Users/hf-mac/Downloads/tgpro-admin/.output/server/chunks/nitro/nitro.mjs:1959:19)
      at Server.toNodeHandle (file:///Users/hf-mac/Downloads/tgpro-admin/.output/server/chunks/nitro/nitro.mjs:2230:7) {
    errno: -2,
    code: 'ENOENT',
    syscall: 'open',
    path: '/Users/hf-mac/Downloads/tgpro-admin/.output/public/_nuxt/D_B5nL8y.js'
  },
  statusCode: 500,
  fatal: false,
  unhandled: true,
  statusMessage: undefined,
  data: undefined
}
2025-11-05T02:30:47: [request error] [unhandled] [GET] http://localhost:3000/_nuxt/Bl84yrz9.js
 H3Error: ENOENT: no such file or directory, open '/Users/hf-mac/Downloads/tgpro-admin/.output/public/_nuxt/Bl84yrz9.js'
    at open (node:internal/fs/promises:641:25)
    ... 2 lines matching cause stack trace ...
    at Server.toNodeHandle (file:///Users/hf-mac/Downloads/tgpro-admin/.output/server/chunks/nitro/nitro.mjs:2230:7) {
  cause: Error: ENOENT: no such file or directory, open '/Users/hf-mac/Downloads/tgpro-admin/.output/public/_nuxt/Bl84yrz9.js'
      at open (node:internal/fs/promises:641:25)
      at Object.readFile (node:internal/fs/promises:1245:14)
      at Object.handler (file:///Users/hf-mac/Downloads/tgpro-admin/.output/server/chunks/nitro/nitro.mjs:1959:19)
      at Server.toNodeHandle (file:///Users/hf-mac/Downloads/tgpro-admin/.output/server/chunks/nitro/nitro.mjs:2230:7) {
    errno: -2,
    code: 'ENOENT',
    syscall: 'open',
    path: '/Users/hf-mac/Downloads/tgpro-admin/.output/public/_nuxt/Bl84yrz9.js'
  },
  statusCode: 500,
  fatal: false,
  unhandled: true,
  statusMessage: undefined,
  data: undefined
}
2025-11-05T02:30:47: [request error] [unhandled] [GET] http://localhost:3000/_nuxt/D974gv07.js
 H3Error: ENOENT: no such file or directory, open '/Users/hf-mac/Downloads/tgpro-admin/.output/public/_nuxt/D974gv07.js'
    at open (node:internal/fs/promises:641:25)
    ... 2 lines matching cause stack trace ...
    at Server.toNodeHandle (file:///Users/hf-mac/Downloads/tgpro-admin/.output/server/chunks/nitro/nitro.mjs:2230:7) {
  cause: Error: ENOENT: no such file or directory, open '/Users/hf-mac/Downloads/tgpro-admin/.output/public/_nuxt/D974gv07.js'
      at open (node:internal/fs/promises:641:25)
      at Object.readFile (node:internal/fs/promises:1245:14)
      at Object.handler (file:///Users/hf-mac/Downloads/tgpro-admin/.output/server/chunks/nitro/nitro.mjs:1959:19)
      at Server.toNodeHandle (file:///Users/hf-mac/Downloads/tgpro-admin/.output/server/chunks/nitro/nitro.mjs:2230:7) {
    errno: -2,
    code: 'ENOENT',
    syscall: 'open',
    path: '/Users/hf-mac/Downloads/tgpro-admin/.output/public/_nuxt/D974gv07.js'
  },
  statusCode: 500,
  fatal: false,
  unhandled: true,
  statusMessage: undefined,
  data: undefined
}
2025-11-05T02:30:47: [request error] [unhandled] [GET] http://localhost:3000/_nuxt/D32lUId-.js
 H3Error: ENOENT: no such file or directory, open '/Users/hf-mac/Downloads/tgpro-admin/.output/public/_nuxt/D32lUId-.js'
    at open (node:internal/fs/promises:641:25)
    ... 2 lines matching cause stack trace ...
    at Server.toNodeHandle (file:///Users/hf-mac/Downloads/tgpro-admin/.output/server/chunks/nitro/nitro.mjs:2230:7) {
  cause: Error: ENOENT: no such file or directory, open '/Users/hf-mac/Downloads/tgpro-admin/.output/public/_nuxt/D32lUId-.js'
      at open (node:internal/fs/promises:641:25)
      at Object.readFile (node:internal/fs/promises:1245:14)
      at Object.handler (file:///Users/hf-mac/Downloads/tgpro-admin/.output/server/chunks/nitro/nitro.mjs:1959:19)
      at Server.toNodeHandle (file:///Users/hf-mac/Downloads/tgpro-admin/.output/server/chunks/nitro/nitro.mjs:2230:7) {
    errno: -2,
    code: 'ENOENT',
    syscall: 'open',
    path: '/Users/hf-mac/Downloads/tgpro-admin/.output/public/_nuxt/D32lUId-.js'
  },
  statusCode: 500,
  fatal: false,
  unhandled: true,
  statusMessage: undefined,
  data: undefined
}
2025-11-05T02:30:47: [request error] [unhandled] [GET] http://localhost:3000/_nuxt/CetYVyQG.js
 H3Error: ENOENT: no such file or directory, open '/Users/hf-mac/Downloads/tgpro-admin/.output/public/_nuxt/CetYVyQG.js'
    at open (node:internal/fs/promises:641:25)
    ... 2 lines matching cause stack trace ...
    at Server.toNodeHandle (file:///Users/hf-mac/Downloads/tgpro-admin/.output/server/chunks/nitro/nitro.mjs:2230:7) {
  cause: Error: ENOENT: no such file or directory, open '/Users/hf-mac/Downloads/tgpro-admin/.output/public/_nuxt/CetYVyQG.js'
      at open (node:internal/fs/promises:641:25)
      at Object.readFile (node:internal/fs/promises:1245:14)
      at Object.handler (file:///Users/hf-mac/Downloads/tgpro-admin/.output/server/chunks/nitro/nitro.mjs:1959:19)
      at Server.toNodeHandle (file:///Users/hf-mac/Downloads/tgpro-admin/.output/server/chunks/nitro/nitro.mjs:2230:7) {
    errno: -2,
    code: 'ENOENT',
    syscall: 'open',
    path: '/Users/hf-mac/Downloads/tgpro-admin/.output/public/_nuxt/CetYVyQG.js'
  },
  statusCode: 500,
  fatal: false,
  unhandled: true,
  statusMessage: undefined,
  data: undefined
}
2025-11-05T02:30:47: [request error] [unhandled] [GET] http://localhost:3000/_nuxt/Db7eFA1E.js
 H3Error: ENOENT: no such file or directory, open '/Users/hf-mac/Downloads/tgpro-admin/.output/public/_nuxt/Db7eFA1E.js'
    at open (node:internal/fs/promises:641:25)
    ... 2 lines matching cause stack trace ...
    at Server.toNodeHandle (file:///Users/hf-mac/Downloads/tgpro-admin/.output/server/chunks/nitro/nitro.mjs:2230:7) {
  cause: Error: ENOENT: no such file or directory, open '/Users/hf-mac/Downloads/tgpro-admin/.output/public/_nuxt/Db7eFA1E.js'
      at open (node:internal/fs/promises:641:25)
      at Object.readFile (node:internal/fs/promises:1245:14)
      at Object.handler (file:///Users/hf-mac/Downloads/tgpro-admin/.output/server/chunks/nitro/nitro.mjs:1959:19)
      at Server.toNodeHandle (file:///Users/hf-mac/Downloads/tgpro-admin/.output/server/chunks/nitro/nitro.mjs:2230:7) {
    errno: -2,
    code: 'ENOENT',
    syscall: 'open',
    path: '/Users/hf-mac/Downloads/tgpro-admin/.output/public/_nuxt/Db7eFA1E.js'
  },
  statusCode: 500,
  fatal: false,
  unhandled: true,
  statusMessage: undefined,
  data: undefined
}
2025-11-05T02:30:47: [request error] [unhandled] [GET] http://localhost:3000/_nuxt/DAr-OQmd.js
 H3Error: ENOENT: no such file or directory, open '/Users/hf-mac/Downloads/tgpro-admin/.output/public/_nuxt/DAr-OQmd.js'
    at open (node:internal/fs/promises:641:25)
    ... 2 lines matching cause stack trace ...
    at Server.toNodeHandle (file:///Users/hf-mac/Downloads/tgpro-admin/.output/server/chunks/nitro/nitro.mjs:2230:7) {
  cause: Error: ENOENT: no such file or directory, open '/Users/hf-mac/Downloads/tgpro-admin/.output/public/_nuxt/DAr-OQmd.js'
      at open (node:internal/fs/promises:641:25)
      at Object.readFile (node:internal/fs/promises:1245:14)
      at Object.handler (file:///Users/hf-mac/Downloads/tgpro-admin/.output/server/chunks/nitro/nitro.mjs:1959:19)
      at Server.toNodeHandle (file:///Users/hf-mac/Downloads/tgpro-admin/.output/server/chunks/nitro/nitro.mjs:2230:7) {
    errno: -2,
    code: 'ENOENT',
    syscall: 'open',
    path: '/Users/hf-mac/Downloads/tgpro-admin/.output/public/_nuxt/DAr-OQmd.js'
  },
  statusCode: 500,
  fatal: false,
  unhandled: true,
  statusMessage: undefined,
  data: undefined
}
2025-11-05T02:30:47: [request error] [unhandled] [GET] http://localhost:3000/_nuxt/Bdz-sLfb.js
 H3Error: ENOENT: no such file or directory, open '/Users/hf-mac/Downloads/tgpro-admin/.output/public/_nuxt/Bdz-sLfb.js'
    at open (node:internal/fs/promises:641:25)
    ... 2 lines matching cause stack trace ...
    at Server.toNodeHandle (file:///Users/hf-mac/Downloads/tgpro-admin/.output/server/chunks/nitro/nitro.mjs:2230:7) {
  cause: Error: ENOENT: no such file or directory, open '/Users/hf-mac/Downloads/tgpro-admin/.output/public/_nuxt/Bdz-sLfb.js'
      at open (node:internal/fs/promises:641:25)
      at Object.readFile (node:internal/fs/promises:1245:14)
      at Object.handler (file:///Users/hf-mac/Downloads/tgpro-admin/.output/server/chunks/nitro/nitro.mjs:1959:19)
      at Server.toNodeHandle (file:///Users/hf-mac/Downloads/tgpro-admin/.output/server/chunks/nitro/nitro.mjs:2230:7) {
    errno: -2,
    code: 'ENOENT',
    syscall: 'open',
    path: '/Users/hf-mac/Downloads/tgpro-admin/.output/public/_nuxt/Bdz-sLfb.js'
  },
  statusCode: 500,
  fatal: false,
  unhandled: true,
  statusMessage: undefined,
  data: undefined
}
2025-11-05T02:30:47: [request error] [unhandled] [GET] http://localhost:3000/_nuxt/BTgB1rvp.js
 H3Error: ENOENT: no such file or directory, open '/Users/hf-mac/Downloads/tgpro-admin/.output/public/_nuxt/BTgB1rvp.js'
    at open (node:internal/fs/promises:641:25)
    ... 2 lines matching cause stack trace ...
    at Server.toNodeHandle (file:///Users/hf-mac/Downloads/tgpro-admin/.output/server/chunks/nitro/nitro.mjs:2230:7) {
  cause: Error: ENOENT: no such file or directory, open '/Users/hf-mac/Downloads/tgpro-admin/.output/public/_nuxt/BTgB1rvp.js'
      at open (node:internal/fs/promises:641:25)
      at Object.readFile (node:internal/fs/promises:1245:14)
      at Object.handler (file:///Users/hf-mac/Downloads/tgpro-admin/.output/server/chunks/nitro/nitro.mjs:1959:19)
      at Server.toNodeHandle (file:///Users/hf-mac/Downloads/tgpro-admin/.output/server/chunks/nitro/nitro.mjs:2230:7) {
    errno: -2,
    code: 'ENOENT',
    syscall: 'open',
    path: '/Users/hf-mac/Downloads/tgpro-admin/.output/public/_nuxt/BTgB1rvp.js'
  },
  statusCode: 500,
  fatal: false,
  unhandled: true,
  statusMessage: undefined,
  data: undefined
}
2025-11-05T02:30:47: [request error] [unhandled] [GET] http://localhost:3000/_nuxt/CXT04lNs.js
 H3Error: ENOENT: no such file or directory, open '/Users/hf-mac/Downloads/tgpro-admin/.output/public/_nuxt/CXT04lNs.js'
    at open (node:internal/fs/promises:641:25)
    ... 2 lines matching cause stack trace ...
    at Server.toNodeHandle (file:///Users/hf-mac/Downloads/tgpro-admin/.output/server/chunks/nitro/nitro.mjs:2230:7) {
  cause: Error: ENOENT: no such file or directory, open '/Users/hf-mac/Downloads/tgpro-admin/.output/public/_nuxt/CXT04lNs.js'
      at open (node:internal/fs/promises:641:25)
      at Object.readFile (node:internal/fs/promises:1245:14)
      at Object.handler (file:///Users/hf-mac/Downloads/tgpro-admin/.output/server/chunks/nitro/nitro.mjs:1959:19)
      at Server.toNodeHandle (file:///Users/hf-mac/Downloads/tgpro-admin/.output/server/chunks/nitro/nitro.mjs:2230:7) {
    errno: -2,
    code: 'ENOENT',
    syscall: 'open',
    path: '/Users/hf-mac/Downloads/tgpro-admin/.output/public/_nuxt/CXT04lNs.js'
  },
  statusCode: 500,
  fatal: false,
  unhandled: true,
  statusMessage: undefined,
  data: undefined
}
2025-11-05T02:30:47: [request error] [unhandled] [GET] http://localhost:3000/_nuxt/DcHNM1Xn.js
 H3Error: ENOENT: no such file or directory, open '/Users/hf-mac/Downloads/tgpro-admin/.output/public/_nuxt/DcHNM1Xn.js'
    at open (node:internal/fs/promises:641:25)
    ... 2 lines matching cause stack trace ...
    at Server.toNodeHandle (file:///Users/hf-mac/Downloads/tgpro-admin/.output/server/chunks/nitro/nitro.mjs:2230:7) {
  cause: Error: ENOENT: no such file or directory, open '/Users/hf-mac/Downloads/tgpro-admin/.output/public/_nuxt/DcHNM1Xn.js'
      at open (node:internal/fs/promises:641:25)
      at Object.readFile (node:internal/fs/promises:1245:14)
      at Object.handler (file:///Users/hf-mac/Downloads/tgpro-admin/.output/server/chunks/nitro/nitro.mjs:1959:19)
      at Server.toNodeHandle (file:///Users/hf-mac/Downloads/tgpro-admin/.output/server/chunks/nitro/nitro.mjs:2230:7) {
    errno: -2,
    code: 'ENOENT',
    syscall: 'open',
    path: '/Users/hf-mac/Downloads/tgpro-admin/.output/public/_nuxt/DcHNM1Xn.js'
  },
  statusCode: 500,
  fatal: false,
  unhandled: true,
  statusMessage: undefined,
  data: undefined
}
2025-11-05T02:30:47: [request error] [unhandled] [GET] http://localhost:3000/_nuxt/C4xQaJXR.js
 H3Error: ENOENT: no such file or directory, open '/Users/hf-mac/Downloads/tgpro-admin/.output/public/_nuxt/C4xQaJXR.js'
    at open (node:internal/fs/promises:641:25)
    ... 2 lines matching cause stack trace ...
    at Server.toNodeHandle (file:///Users/hf-mac/Downloads/tgpro-admin/.output/server/chunks/nitro/nitro.mjs:2230:7) {
  cause: Error: ENOENT: no such file or directory, open '/Users/hf-mac/Downloads/tgpro-admin/.output/public/_nuxt/C4xQaJXR.js'
      at open (node:internal/fs/promises:641:25)
      at Object.readFile (node:internal/fs/promises:1245:14)
      at Object.handler (file:///Users/hf-mac/Downloads/tgpro-admin/.output/server/chunks/nitro/nitro.mjs:1959:19)
      at Server.toNodeHandle (file:///Users/hf-mac/Downloads/tgpro-admin/.output/server/chunks/nitro/nitro.mjs:2230:7) {
    errno: -2,
    code: 'ENOENT',
    syscall: 'open',
    path: '/Users/hf-mac/Downloads/tgpro-admin/.output/public/_nuxt/C4xQaJXR.js'
  },
  statusCode: 500,
  fatal: false,
  unhandled: true,
  statusMessage: undefined,
  data: undefined
}
2025-11-05T02:30:47: [request error] [unhandled] [GET] http://localhost:3000/_nuxt/builds/meta/db489c3b-20ab-405c-96a2-98b632ec7da6.json
 H3Error: ENOENT: no such file or directory, open '/Users/hf-mac/Downloads/tgpro-admin/.output/public/_nuxt/builds/meta/db489c3b-20ab-405c-96a2-98b632ec7da6.json'
    at open (node:internal/fs/promises:641:25)
    ... 2 lines matching cause stack trace ...
    at Server.toNodeHandle (file:///Users/hf-mac/Downloads/tgpro-admin/.output/server/chunks/nitro/nitro.mjs:2230:7) {
  cause: Error: ENOENT: no such file or directory, open '/Users/hf-mac/Downloads/tgpro-admin/.output/public/_nuxt/builds/meta/db489c3b-20ab-405c-96a2-98b632ec7da6.json'
      at open (node:internal/fs/promises:641:25)
      at Object.readFile (node:internal/fs/promises:1245:14)
      at Object.handler (file:///Users/hf-mac/Downloads/tgpro-admin/.output/server/chunks/nitro/nitro.mjs:1959:19)
      at Server.toNodeHandle (file:///Users/hf-mac/Downloads/tgpro-admin/.output/server/chunks/nitro/nitro.mjs:2230:7) {
    errno: -2,
    code: 'ENOENT',
    syscall: 'open',
    path: '/Users/hf-mac/Downloads/tgpro-admin/.output/public/_nuxt/builds/meta/db489c3b-20ab-405c-96a2-98b632ec7da6.json'
  },
  statusCode: 500,
  fatal: false,
  unhandled: true,
  statusMessage: undefined,
  data: undefined
}
2025-11-05T02:30:47: [request error] [unhandled] [GET] http://localhost:3000/_nuxt/DpNIWReE.js
 H3Error: ENOENT: no such file or directory, open '/Users/hf-mac/Downloads/tgpro-admin/.output/public/_nuxt/DpNIWReE.js'
    at open (node:internal/fs/promises:641:25)
    ... 2 lines matching cause stack trace ...
    at Server.toNodeHandle (file:///Users/hf-mac/Downloads/tgpro-admin/.output/server/chunks/nitro/nitro.mjs:2230:7) {
  cause: Error: ENOENT: no such file or directory, open '/Users/hf-mac/Downloads/tgpro-admin/.output/public/_nuxt/DpNIWReE.js'
      at open (node:internal/fs/promises:641:25)
      at Object.readFile (node:internal/fs/promises:1245:14)
      at Object.handler (file:///Users/hf-mac/Downloads/tgpro-admin/.output/server/chunks/nitro/nitro.mjs:1959:19)
      at Server.toNodeHandle (file:///Users/hf-mac/Downloads/tgpro-admin/.output/server/chunks/nitro/nitro.mjs:2230:7) {
    errno: -2,
    code: 'ENOENT',
    syscall: 'open',
    path: '/Users/hf-mac/Downloads/tgpro-admin/.output/public/_nuxt/DpNIWReE.js'
  },
  statusCode: 500,
  fatal: false,
  unhandled: true,
  statusMessage: undefined,
  data: undefined
}
2025-11-05T02:30:47: [request error] [unhandled] [GET] http://localhost:3000/_nuxt/DbAgXtul.js
 H3Error: ENOENT: no such file or directory, open '/Users/hf-mac/Downloads/tgpro-admin/.output/public/_nuxt/DbAgXtul.js'
    at open (node:internal/fs/promises:641:25)
    ... 2 lines matching cause stack trace ...
    at Server.toNodeHandle (file:///Users/hf-mac/Downloads/tgpro-admin/.output/server/chunks/nitro/nitro.mjs:2230:7) {
  cause: Error: ENOENT: no such file or directory, open '/Users/hf-mac/Downloads/tgpro-admin/.output/public/_nuxt/DbAgXtul.js'
      at open (node:internal/fs/promises:641:25)
      at Object.readFile (node:internal/fs/promises:1245:14)
      at Object.handler (file:///Users/hf-mac/Downloads/tgpro-admin/.output/server/chunks/nitro/nitro.mjs:1959:19)
      at Server.toNodeHandle (file:///Users/hf-mac/Downloads/tgpro-admin/.output/server/chunks/nitro/nitro.mjs:2230:7) {
    errno: -2,
    code: 'ENOENT',
    syscall: 'open',
    path: '/Users/hf-mac/Downloads/tgpro-admin/.output/public/_nuxt/DbAgXtul.js'
  },
  statusCode: 500,
  fatal: false,
  unhandled: true,
  statusMessage: undefined,
  data: undefined
}
2025-11-05T02:30:47: [request error] [unhandled] [GET] http://localhost:3000/_nuxt/D_B5nL8y.js
 H3Error: ENOENT: no such file or directory, open '/Users/hf-mac/Downloads/tgpro-admin/.output/public/_nuxt/D_B5nL8y.js'
    at open (node:internal/fs/promises:641:25)
    ... 2 lines matching cause stack trace ...
    at Server.toNodeHandle (file:///Users/hf-mac/Downloads/tgpro-admin/.output/server/chunks/nitro/nitro.mjs:2230:7) {
  cause: Error: ENOENT: no such file or directory, open '/Users/hf-mac/Downloads/tgpro-admin/.output/public/_nuxt/D_B5nL8y.js'
      at open (node:internal/fs/promises:641:25)
      at Object.readFile (node:internal/fs/promises:1245:14)
      at Object.handler (file:///Users/hf-mac/Downloads/tgpro-admin/.output/server/chunks/nitro/nitro.mjs:1959:19)
      at Server.toNodeHandle (file:///Users/hf-mac/Downloads/tgpro-admin/.output/server/chunks/nitro/nitro.mjs:2230:7) {
    errno: -2,
    code: 'ENOENT',
    syscall: 'open',
    path: '/Users/hf-mac/Downloads/tgpro-admin/.output/public/_nuxt/D_B5nL8y.js'
  },
  statusCode: 500,
  fatal: false,
  unhandled: true,
  statusMessage: undefined,
  data: undefined
}
2025-11-05T02:30:47: [request error] [unhandled] [GET] http://localhost:3000/_nuxt/Bl84yrz9.js
 H3Error: ENOENT: no such file or directory, open '/Users/hf-mac/Downloads/tgpro-admin/.output/public/_nuxt/Bl84yrz9.js'
    at open (node:internal/fs/promises:641:25)
    ... 2 lines matching cause stack trace ...
    at Server.toNodeHandle (file:///Users/hf-mac/Downloads/tgpro-admin/.output/server/chunks/nitro/nitro.mjs:2230:7) {
  cause: Error: ENOENT: no such file or directory, open '/Users/hf-mac/Downloads/tgpro-admin/.output/public/_nuxt/Bl84yrz9.js'
      at open (node:internal/fs/promises:641:25)
      at Object.readFile (node:internal/fs/promises:1245:14)
      at Object.handler (file:///Users/hf-mac/Downloads/tgpro-admin/.output/server/chunks/nitro/nitro.mjs:1959:19)
      at Server.toNodeHandle (file:///Users/hf-mac/Downloads/tgpro-admin/.output/server/chunks/nitro/nitro.mjs:2230:7) {
    errno: -2,
    code: 'ENOENT',
    syscall: 'open',
    path: '/Users/hf-mac/Downloads/tgpro-admin/.output/public/_nuxt/Bl84yrz9.js'
  },
  statusCode: 500,
  fatal: false,
  unhandled: true,
  statusMessage: undefined,
  data: undefined
}
2025-11-05T02:30:47: [request error] [unhandled] [GET] http://localhost:3000/_nuxt/D974gv07.js
 H3Error: ENOENT: no such file or directory, open '/Users/hf-mac/Downloads/tgpro-admin/.output/public/_nuxt/D974gv07.js'
    at open (node:internal/fs/promises:641:25)
    ... 2 lines matching cause stack trace ...
    at Server.toNodeHandle (file:///Users/hf-mac/Downloads/tgpro-admin/.output/server/chunks/nitro/nitro.mjs:2230:7) {
  cause: Error: ENOENT: no such file or directory, open '/Users/hf-mac/Downloads/tgpro-admin/.output/public/_nuxt/D974gv07.js'
      at open (node:internal/fs/promises:641:25)
      at Object.readFile (node:internal/fs/promises:1245:14)
      at Object.handler (file:///Users/hf-mac/Downloads/tgpro-admin/.output/server/chunks/nitro/nitro.mjs:1959:19)
      at Server.toNodeHandle (file:///Users/hf-mac/Downloads/tgpro-admin/.output/server/chunks/nitro/nitro.mjs:2230:7) {
    errno: -2,
    code: 'ENOENT',
    syscall: 'open',
    path: '/Users/hf-mac/Downloads/tgpro-admin/.output/public/_nuxt/D974gv07.js'
  },
  statusCode: 500,
  fatal: false,
  unhandled: true,
  statusMessage: undefined,
  data: undefined
}
2025-11-05T02:30:47: [request error] [unhandled] [GET] http://localhost:3000/_nuxt/D32lUId-.js
 H3Error: ENOENT: no such file or directory, open '/Users/hf-mac/Downloads/tgpro-admin/.output/public/_nuxt/D32lUId-.js'
    at open (node:internal/fs/promises:641:25)
    ... 2 lines matching cause stack trace ...
    at Server.toNodeHandle (file:///Users/hf-mac/Downloads/tgpro-admin/.output/server/chunks/nitro/nitro.mjs:2230:7) {
  cause: Error: ENOENT: no such file or directory, open '/Users/hf-mac/Downloads/tgpro-admin/.output/public/_nuxt/D32lUId-.js'
      at open (node:internal/fs/promises:641:25)
      at Object.readFile (node:internal/fs/promises:1245:14)
      at Object.handler (file:///Users/hf-mac/Downloads/tgpro-admin/.output/server/chunks/nitro/nitro.mjs:1959:19)
      at Server.toNodeHandle (file:///Users/hf-mac/Downloads/tgpro-admin/.output/server/chunks/nitro/nitro.mjs:2230:7) {
    errno: -2,
    code: 'ENOENT',
    syscall: 'open',
    path: '/Users/hf-mac/Downloads/tgpro-admin/.output/public/_nuxt/D32lUId-.js'
  },
  statusCode: 500,
  fatal: false,
  unhandled: true,
  statusMessage: undefined,
  data: undefined
}
2025-11-05T02:30:47: [request error] [unhandled] [GET] http://localhost:3000/_nuxt/CetYVyQG.js
 H3Error: ENOENT: no such file or directory, open '/Users/hf-mac/Downloads/tgpro-admin/.output/public/_nuxt/CetYVyQG.js'
    at open (node:internal/fs/promises:641:25)
    ... 2 lines matching cause stack trace ...
    at Server.toNodeHandle (file:///Users/hf-mac/Downloads/tgpro-admin/.output/server/chunks/nitro/nitro.mjs:2230:7) {
  cause: Error: ENOENT: no such file or directory, open '/Users/hf-mac/Downloads/tgpro-admin/.output/public/_nuxt/CetYVyQG.js'
      at open (node:internal/fs/promises:641:25)
      at Object.readFile (node:internal/fs/promises:1245:14)
      at Object.handler (file:///Users/hf-mac/Downloads/tgpro-admin/.output/server/chunks/nitro/nitro.mjs:1959:19)
      at Server.toNodeHandle (file:///Users/hf-mac/Downloads/tgpro-admin/.output/server/chunks/nitro/nitro.mjs:2230:7) {
    errno: -2,
    code: 'ENOENT',
    syscall: 'open',
    path: '/Users/hf-mac/Downloads/tgpro-admin/.output/public/_nuxt/CetYVyQG.js'
  },
  statusCode: 500,
  fatal: false,
  unhandled: true,
  statusMessage: undefined,
  data: undefined
}
2025-11-05T02:30:47: [request error] [unhandled] [GET] http://localhost:3000/_nuxt/Db7eFA1E.js
 H3Error: ENOENT: no such file or directory, open '/Users/hf-mac/Downloads/tgpro-admin/.output/public/_nuxt/Db7eFA1E.js'
    at open (node:internal/fs/promises:641:25)
    ... 2 lines matching cause stack trace ...
    at Server.toNodeHandle (file:///Users/hf-mac/Downloads/tgpro-admin/.output/server/chunks/nitro/nitro.mjs:2230:7) {
  cause: Error: ENOENT: no such file or directory, open '/Users/hf-mac/Downloads/tgpro-admin/.output/public/_nuxt/Db7eFA1E.js'
      at open (node:internal/fs/promises:641:25)
      at Object.readFile (node:internal/fs/promises:1245:14)
      at Object.handler (file:///Users/hf-mac/Downloads/tgpro-admin/.output/server/chunks/nitro/nitro.mjs:1959:19)
      at Server.toNodeHandle (file:///Users/hf-mac/Downloads/tgpro-admin/.output/server/chunks/nitro/nitro.mjs:2230:7) {
    errno: -2,
    code: 'ENOENT',
    syscall: 'open',
    path: '/Users/hf-mac/Downloads/tgpro-admin/.output/public/_nuxt/Db7eFA1E.js'
  },
  statusCode: 500,
  fatal: false,
  unhandled: true,
  statusMessage: undefined,
  data: undefined
}
2025-11-05T02:30:47: [request error] [unhandled] [GET] http://localhost:3000/_nuxt/DAr-OQmd.js
 H3Error: ENOENT: no such file or directory, open '/Users/hf-mac/Downloads/tgpro-admin/.output/public/_nuxt/DAr-OQmd.js'
    at open (node:internal/fs/promises:641:25)
    ... 2 lines matching cause stack trace ...
    at Server.toNodeHandle (file:///Users/hf-mac/Downloads/tgpro-admin/.output/server/chunks/nitro/nitro.mjs:2230:7) {
  cause: Error: ENOENT: no such file or directory, open '/Users/hf-mac/Downloads/tgpro-admin/.output/public/_nuxt/DAr-OQmd.js'
      at open (node:internal/fs/promises:641:25)
      at Object.readFile (node:internal/fs/promises:1245:14)
      at Object.handler (file:///Users/hf-mac/Downloads/tgpro-admin/.output/server/chunks/nitro/nitro.mjs:1959:19)
      at Server.toNodeHandle (file:///Users/hf-mac/Downloads/tgpro-admin/.output/server/chunks/nitro/nitro.mjs:2230:7) {
    errno: -2,
    code: 'ENOENT',
    syscall: 'open',
    path: '/Users/hf-mac/Downloads/tgpro-admin/.output/public/_nuxt/DAr-OQmd.js'
  },
  statusCode: 500,
  fatal: false,
  unhandled: true,
  statusMessage: undefined,
  data: undefined
}
2025-11-05T02:30:47: [request error] [unhandled] [GET] http://localhost:3000/_nuxt/Bdz-sLfb.js
 H3Error: ENOENT: no such file or directory, open '/Users/hf-mac/Downloads/tgpro-admin/.output/public/_nuxt/Bdz-sLfb.js'
    at open (node:internal/fs/promises:641:25)
    ... 2 lines matching cause stack trace ...
    at Server.toNodeHandle (file:///Users/hf-mac/Downloads/tgpro-admin/.output/server/chunks/nitro/nitro.mjs:2230:7) {
  cause: Error: ENOENT: no such file or directory, open '/Users/hf-mac/Downloads/tgpro-admin/.output/public/_nuxt/Bdz-sLfb.js'
      at open (node:internal/fs/promises:641:25)
      at Object.readFile (node:internal/fs/promises:1245:14)
      at Object.handler (file:///Users/hf-mac/Downloads/tgpro-admin/.output/server/chunks/nitro/nitro.mjs:1959:19)
      at Server.toNodeHandle (file:///Users/hf-mac/Downloads/tgpro-admin/.output/server/chunks/nitro/nitro.mjs:2230:7) {
    errno: -2,
    code: 'ENOENT',
    syscall: 'open',
    path: '/Users/hf-mac/Downloads/tgpro-admin/.output/public/_nuxt/Bdz-sLfb.js'
  },
  statusCode: 500,
  fatal: false,
  unhandled: true,
  statusMessage: undefined,
  data: undefined
}
2025-11-05T02:30:47: [request error] [unhandled] [GET] http://localhost:3000/_nuxt/BTgB1rvp.js
 H3Error: ENOENT: no such file or directory, open '/Users/hf-mac/Downloads/tgpro-admin/.output/public/_nuxt/BTgB1rvp.js'
    at open (node:internal/fs/promises:641:25)
    ... 2 lines matching cause stack trace ...
    at Server.toNodeHandle (file:///Users/hf-mac/Downloads/tgpro-admin/.output/server/chunks/nitro/nitro.mjs:2230:7) {
  cause: Error: ENOENT: no such file or directory, open '/Users/hf-mac/Downloads/tgpro-admin/.output/public/_nuxt/BTgB1rvp.js'
      at open (node:internal/fs/promises:641:25)
      at Object.readFile (node:internal/fs/promises:1245:14)
      at Object.handler (file:///Users/hf-mac/Downloads/tgpro-admin/.output/server/chunks/nitro/nitro.mjs:1959:19)
      at Server.toNodeHandle (file:///Users/hf-mac/Downloads/tgpro-admin/.output/server/chunks/nitro/nitro.mjs:2230:7) {
    errno: -2,
    code: 'ENOENT',
    syscall: 'open',
    path: '/Users/hf-mac/Downloads/tgpro-admin/.output/public/_nuxt/BTgB1rvp.js'
  },
  statusCode: 500,
  fatal: false,
  unhandled: true,
  statusMessage: undefined,
  data: undefined
}
2025-11-05T02:30:47: [request error] [unhandled] [GET] http://localhost:3000/_nuxt/CXT04lNs.js
 H3Error: ENOENT: no such file or directory, open '/Users/hf-mac/Downloads/tgpro-admin/.output/public/_nuxt/CXT04lNs.js'
    at open (node:internal/fs/promises:641:25)
    ... 2 lines matching cause stack trace ...
    at Server.toNodeHandle (file:///Users/hf-mac/Downloads/tgpro-admin/.output/server/chunks/nitro/nitro.mjs:2230:7) {
  cause: Error: ENOENT: no such file or directory, open '/Users/hf-mac/Downloads/tgpro-admin/.output/public/_nuxt/CXT04lNs.js'
      at open (node:internal/fs/promises:641:25)
      at Object.readFile (node:internal/fs/promises:1245:14)
      at Object.handler (file:///Users/hf-mac/Downloads/tgpro-admin/.output/server/chunks/nitro/nitro.mjs:1959:19)
      at Server.toNodeHandle (file:///Users/hf-mac/Downloads/tgpro-admin/.output/server/chunks/nitro/nitro.mjs:2230:7) {
    errno: -2,
    code: 'ENOENT',
    syscall: 'open',
    path: '/Users/hf-mac/Downloads/tgpro-admin/.output/public/_nuxt/CXT04lNs.js'
  },
  statusCode: 500,
  fatal: false,
  unhandled: true,
  statusMessage: undefined,
  data: undefined
}
2025-11-05T02:30:47: [request error] [unhandled] [GET] http://localhost:3000/_nuxt/DcHNM1Xn.js
 H3Error: ENOENT: no such file or directory, open '/Users/hf-mac/Downloads/tgpro-admin/.output/public/_nuxt/DcHNM1Xn.js'
    at open (node:internal/fs/promises:641:25)
    ... 2 lines matching cause stack trace ...
    at Server.toNodeHandle (file:///Users/hf-mac/Downloads/tgpro-admin/.output/server/chunks/nitro/nitro.mjs:2230:7) {
  cause: Error: ENOENT: no such file or directory, open '/Users/hf-mac/Downloads/tgpro-admin/.output/public/_nuxt/DcHNM1Xn.js'
      at open (node:internal/fs/promises:641:25)
      at Object.readFile (node:internal/fs/promises:1245:14)
      at Object.handler (file:///Users/hf-mac/Downloads/tgpro-admin/.output/server/chunks/nitro/nitro.mjs:1959:19)
      at Server.toNodeHandle (file:///Users/hf-mac/Downloads/tgpro-admin/.output/server/chunks/nitro/nitro.mjs:2230:7) {
    errno: -2,
    code: 'ENOENT',
    syscall: 'open',
    path: '/Users/hf-mac/Downloads/tgpro-admin/.output/public/_nuxt/DcHNM1Xn.js'
  },
  statusCode: 500,
  fatal: false,
  unhandled: true,
  statusMessage: undefined,
  data: undefined
}
2025-11-05T02:30:47: [request error] [unhandled] [GET] http://localhost:3000/_nuxt/C4xQaJXR.js
 H3Error: ENOENT: no such file or directory, open '/Users/hf-mac/Downloads/tgpro-admin/.output/public/_nuxt/C4xQaJXR.js'
    at open (node:internal/fs/promises:641:25)
    ... 2 lines matching cause stack trace ...
    at Server.toNodeHandle (file:///Users/hf-mac/Downloads/tgpro-admin/.output/server/chunks/nitro/nitro.mjs:2230:7) {
  cause: Error: ENOENT: no such file or directory, open '/Users/hf-mac/Downloads/tgpro-admin/.output/public/_nuxt/C4xQaJXR.js'
      at open (node:internal/fs/promises:641:25)
      at Object.readFile (node:internal/fs/promises:1245:14)
      at Object.handler (file:///Users/hf-mac/Downloads/tgpro-admin/.output/server/chunks/nitro/nitro.mjs:1959:19)
      at Server.toNodeHandle (file:///Users/hf-mac/Downloads/tgpro-admin/.output/server/chunks/nitro/nitro.mjs:2230:7) {
    errno: -2,
    code: 'ENOENT',
    syscall: 'open',
    path: '/Users/hf-mac/Downloads/tgpro-admin/.output/public/_nuxt/C4xQaJXR.js'
  },
  statusCode: 500,
  fatal: false,
  unhandled: true,
  statusMessage: undefined,
  data: undefined
}
2025-11-05T02:30:47: [request error] [unhandled] [GET] http://localhost:3000/_nuxt/builds/meta/db489c3b-20ab-405c-96a2-98b632ec7da6.json
 H3Error: ENOENT: no such file or directory, open '/Users/hf-mac/Downloads/tgpro-admin/.output/public/_nuxt/builds/meta/db489c3b-20ab-405c-96a2-98b632ec7da6.json'
    at open (node:internal/fs/promises:641:25)
    ... 2 lines matching cause stack trace ...
    at Server.toNodeHandle (file:///Users/hf-mac/Downloads/tgpro-admin/.output/server/chunks/nitro/nitro.mjs:2230:7) {
  cause: Error: ENOENT: no such file or directory, open '/Users/hf-mac/Downloads/tgpro-admin/.output/public/_nuxt/builds/meta/db489c3b-20ab-405c-96a2-98b632ec7da6.json'
      at open (node:internal/fs/promises:641:25)
      at Object.readFile (node:internal/fs/promises:1245:14)
      at Object.handler (file:///Users/hf-mac/Downloads/tgpro-admin/.output/server/chunks/nitro/nitro.mjs:1959:19)
      at Server.toNodeHandle (file:///Users/hf-mac/Downloads/tgpro-admin/.output/server/chunks/nitro/nitro.mjs:2230:7) {
    errno: -2,
    code: 'ENOENT',
    syscall: 'open',
    path: '/Users/hf-mac/Downloads/tgpro-admin/.output/public/_nuxt/builds/meta/db489c3b-20ab-405c-96a2-98b632ec7da6.json'
  },
  statusCode: 500,
  fatal: false,
  unhandled: true,
  statusMessage: undefined,
  data: undefined
}
2025-11-05T02:30:47: [request error] [unhandled] [GET] http://localhost:3000/_nuxt/DbAgXtul.js
 H3Error: ENOENT: no such file or directory, open '/Users/hf-mac/Downloads/tgpro-admin/.output/public/_nuxt/DbAgXtul.js'
    at open (node:internal/fs/promises:641:25)
    ... 2 lines matching cause stack trace ...
    at Server.toNodeHandle (file:///Users/hf-mac/Downloads/tgpro-admin/.output/server/chunks/nitro/nitro.mjs:2230:7) {
  cause: Error: ENOENT: no such file or directory, open '/Users/hf-mac/Downloads/tgpro-admin/.output/public/_nuxt/DbAgXtul.js'
      at open (node:internal/fs/promises:641:25)
      at Object.readFile (node:internal/fs/promises:1245:14)
      at Object.handler (file:///Users/hf-mac/Downloads/tgpro-admin/.output/server/chunks/nitro/nitro.mjs:1959:19)
      at Server.toNodeHandle (file:///Users/hf-mac/Downloads/tgpro-admin/.output/server/chunks/nitro/nitro.mjs:2230:7) {
    errno: -2,
    code: 'ENOENT',
    syscall: 'open',
    path: '/Users/hf-mac/Downloads/tgpro-admin/.output/public/_nuxt/DbAgXtul.js'
  },
  statusCode: 500,
  fatal: false,
  unhandled: true,
  statusMessage: undefined,
  data: undefined
}
2025-11-05T02:30:47: [request error] [unhandled] [GET] http://localhost:3000/_nuxt/D_B5nL8y.js
 H3Error: ENOENT: no such file or directory, open '/Users/hf-mac/Downloads/tgpro-admin/.output/public/_nuxt/D_B5nL8y.js'
    at open (node:internal/fs/promises:641:25)
    ... 2 lines matching cause stack trace ...
    at Server.toNodeHandle (file:///Users/hf-mac/Downloads/tgpro-admin/.output/server/chunks/nitro/nitro.mjs:2230:7) {
  cause: Error: ENOENT: no such file or directory, open '/Users/hf-mac/Downloads/tgpro-admin/.output/public/_nuxt/D_B5nL8y.js'
      at open (node:internal/fs/promises:641:25)
      at Object.readFile (node:internal/fs/promises:1245:14)
      at Object.handler (file:///Users/hf-mac/Downloads/tgpro-admin/.output/server/chunks/nitro/nitro.mjs:1959:19)
      at Server.toNodeHandle (file:///Users/hf-mac/Downloads/tgpro-admin/.output/server/chunks/nitro/nitro.mjs:2230:7) {
    errno: -2,
    code: 'ENOENT',
    syscall: 'open',
    path: '/Users/hf-mac/Downloads/tgpro-admin/.output/public/_nuxt/D_B5nL8y.js'
  },
  statusCode: 500,
  fatal: false,
  unhandled: true,
  statusMessage: undefined,
  data: undefined
}
2025-11-05T02:30:47: [request error] [unhandled] [GET] http://localhost:3000/_nuxt/Bl84yrz9.js
 H3Error: ENOENT: no such file or directory, open '/Users/hf-mac/Downloads/tgpro-admin/.output/public/_nuxt/Bl84yrz9.js'
    at open (node:internal/fs/promises:641:25)
    ... 2 lines matching cause stack trace ...
    at Server.toNodeHandle (file:///Users/hf-mac/Downloads/tgpro-admin/.output/server/chunks/nitro/nitro.mjs:2230:7) {
  cause: Error: ENOENT: no such file or directory, open '/Users/hf-mac/Downloads/tgpro-admin/.output/public/_nuxt/Bl84yrz9.js'
      at open (node:internal/fs/promises:641:25)
      at Object.readFile (node:internal/fs/promises:1245:14)
      at Object.handler (file:///Users/hf-mac/Downloads/tgpro-admin/.output/server/chunks/nitro/nitro.mjs:1959:19)
      at Server.toNodeHandle (file:///Users/hf-mac/Downloads/tgpro-admin/.output/server/chunks/nitro/nitro.mjs:2230:7) {
    errno: -2,
    code: 'ENOENT',
    syscall: 'open',
    path: '/Users/hf-mac/Downloads/tgpro-admin/.output/public/_nuxt/Bl84yrz9.js'
  },
  statusCode: 500,
  fatal: false,
  unhandled: true,
  statusMessage: undefined,
  data: undefined
}
2025-11-05T02:30:47: [request error] [unhandled] [GET] http://localhost:3000/_nuxt/DpNIWReE.js
 H3Error: ENOENT: no such file or directory, open '/Users/hf-mac/Downloads/tgpro-admin/.output/public/_nuxt/DpNIWReE.js'
    at open (node:internal/fs/promises:641:25)
    ... 2 lines matching cause stack trace ...
    at Server.toNodeHandle (file:///Users/hf-mac/Downloads/tgpro-admin/.output/server/chunks/nitro/nitro.mjs:2230:7) {
  cause: Error: ENOENT: no such file or directory, open '/Users/hf-mac/Downloads/tgpro-admin/.output/public/_nuxt/DpNIWReE.js'
      at open (node:internal/fs/promises:641:25)
      at Object.readFile (node:internal/fs/promises:1245:14)
      at Object.handler (file:///Users/hf-mac/Downloads/tgpro-admin/.output/server/chunks/nitro/nitro.mjs:1959:19)
      at Server.toNodeHandle (file:///Users/hf-mac/Downloads/tgpro-admin/.output/server/chunks/nitro/nitro.mjs:2230:7) {
    errno: -2,
    code: 'ENOENT',
    syscall: 'open',
    path: '/Users/hf-mac/Downloads/tgpro-admin/.output/public/_nuxt/DpNIWReE.js'
  },
  statusCode: 500,
  fatal: false,
  unhandled: true,
  statusMessage: undefined,
  data: undefined
}
2025-11-05T02:30:47: [request error] [unhandled] [GET] http://localhost:3000/_nuxt/D974gv07.js
 H3Error: ENOENT: no such file or directory, open '/Users/hf-mac/Downloads/tgpro-admin/.output/public/_nuxt/D974gv07.js'
    at open (node:internal/fs/promises:641:25)
    ... 2 lines matching cause stack trace ...
    at Server.toNodeHandle (file:///Users/hf-mac/Downloads/tgpro-admin/.output/server/chunks/nitro/nitro.mjs:2230:7) {
  cause: Error: ENOENT: no such file or directory, open '/Users/hf-mac/Downloads/tgpro-admin/.output/public/_nuxt/D974gv07.js'
      at open (node:internal/fs/promises:641:25)
      at Object.readFile (node:internal/fs/promises:1245:14)
      at Object.handler (file:///Users/hf-mac/Downloads/tgpro-admin/.output/server/chunks/nitro/nitro.mjs:1959:19)
      at Server.toNodeHandle (file:///Users/hf-mac/Downloads/tgpro-admin/.output/server/chunks/nitro/nitro.mjs:2230:7) {
    errno: -2,
    code: 'ENOENT',
    syscall: 'open',
    path: '/Users/hf-mac/Downloads/tgpro-admin/.output/public/_nuxt/D974gv07.js'
  },
  statusCode: 500,
  fatal: false,
  unhandled: true,
  statusMessage: undefined,
  data: undefined
}
2025-11-05T02:30:47: [request error] [unhandled] [GET] http://localhost:3000/_nuxt/D32lUId-.js
 H3Error: ENOENT: no such file or directory, open '/Users/hf-mac/Downloads/tgpro-admin/.output/public/_nuxt/D32lUId-.js'
    at open (node:internal/fs/promises:641:25)
    ... 2 lines matching cause stack trace ...
    at Server.toNodeHandle (file:///Users/hf-mac/Downloads/tgpro-admin/.output/server/chunks/nitro/nitro.mjs:2230:7) {
  cause: Error: ENOENT: no such file or directory, open '/Users/hf-mac/Downloads/tgpro-admin/.output/public/_nuxt/D32lUId-.js'
      at open (node:internal/fs/promises:641:25)
      at Object.readFile (node:internal/fs/promises:1245:14)
      at Object.handler (file:///Users/hf-mac/Downloads/tgpro-admin/.output/server/chunks/nitro/nitro.mjs:1959:19)
      at Server.toNodeHandle (file:///Users/hf-mac/Downloads/tgpro-admin/.output/server/chunks/nitro/nitro.mjs:2230:7) {
    errno: -2,
    code: 'ENOENT',
    syscall: 'open',
    path: '/Users/hf-mac/Downloads/tgpro-admin/.output/public/_nuxt/D32lUId-.js'
  },
  statusCode: 500,
  fatal: false,
  unhandled: true,
  statusMessage: undefined,
  data: undefined
}
2025-11-05T02:30:47: [request error] [unhandled] [GET] http://localhost:3000/_nuxt/CXT04lNs.js
 H3Error: ENOENT: no such file or directory, open '/Users/hf-mac/Downloads/tgpro-admin/.output/public/_nuxt/CXT04lNs.js'
    at open (node:internal/fs/promises:641:25)
    ... 2 lines matching cause stack trace ...
    at Server.toNodeHandle (file:///Users/hf-mac/Downloads/tgpro-admin/.output/server/chunks/nitro/nitro.mjs:2230:7) {
  cause: Error: ENOENT: no such file or directory, open '/Users/hf-mac/Downloads/tgpro-admin/.output/public/_nuxt/CXT04lNs.js'
      at open (node:internal/fs/promises:641:25)
      at Object.readFile (node:internal/fs/promises:1245:14)
      at Object.handler (file:///Users/hf-mac/Downloads/tgpro-admin/.output/server/chunks/nitro/nitro.mjs:1959:19)
      at Server.toNodeHandle (file:///Users/hf-mac/Downloads/tgpro-admin/.output/server/chunks/nitro/nitro.mjs:2230:7) {
    errno: -2,
    code: 'ENOENT',
    syscall: 'open',
    path: '/Users/hf-mac/Downloads/tgpro-admin/.output/public/_nuxt/CXT04lNs.js'
  },
  statusCode: 500,
  fatal: false,
  unhandled: true,
  statusMessage: undefined,
  data: undefined
}
2025-11-05T02:30:47: [request error] [unhandled] [GET] http://localhost:3000/_nuxt/CetYVyQG.js
 H3Error: ENOENT: no such file or directory, open '/Users/hf-mac/Downloads/tgpro-admin/.output/public/_nuxt/CetYVyQG.js'
    at open (node:internal/fs/promises:641:25)
    ... 2 lines matching cause stack trace ...
    at Server.toNodeHandle (file:///Users/hf-mac/Downloads/tgpro-admin/.output/server/chunks/nitro/nitro.mjs:2230:7) {
  cause: Error: ENOENT: no such file or directory, open '/Users/hf-mac/Downloads/tgpro-admin/.output/public/_nuxt/CetYVyQG.js'
      at open (node:internal/fs/promises:641:25)
      at Object.readFile (node:internal/fs/promises:1245:14)
      at Object.handler (file:///Users/hf-mac/Downloads/tgpro-admin/.output/server/chunks/nitro/nitro.mjs:1959:19)
      at Server.toNodeHandle (file:///Users/hf-mac/Downloads/tgpro-admin/.output/server/chunks/nitro/nitro.mjs:2230:7) {
    errno: -2,
    code: 'ENOENT',
    syscall: 'open',
    path: '/Users/hf-mac/Downloads/tgpro-admin/.output/public/_nuxt/CetYVyQG.js'
  },
  statusCode: 500,
  fatal: false,
  unhandled: true,
  statusMessage: undefined,
  data: undefined
}
2025-11-05T02:30:47: [request error] [unhandled] [GET] http://localhost:3000/_nuxt/Db7eFA1E.js
 H3Error: ENOENT: no such file or directory, open '/Users/hf-mac/Downloads/tgpro-admin/.output/public/_nuxt/Db7eFA1E.js'
    at open (node:internal/fs/promises:641:25)
    ... 2 lines matching cause stack trace ...
    at Server.toNodeHandle (file:///Users/hf-mac/Downloads/tgpro-admin/.output/server/chunks/nitro/nitro.mjs:2230:7) {
  cause: Error: ENOENT: no such file or directory, open '/Users/hf-mac/Downloads/tgpro-admin/.output/public/_nuxt/Db7eFA1E.js'
      at open (node:internal/fs/promises:641:25)
      at Object.readFile (node:internal/fs/promises:1245:14)
      at Object.handler (file:///Users/hf-mac/Downloads/tgpro-admin/.output/server/chunks/nitro/nitro.mjs:1959:19)
      at Server.toNodeHandle (file:///Users/hf-mac/Downloads/tgpro-admin/.output/server/chunks/nitro/nitro.mjs:2230:7) {
    errno: -2,
    code: 'ENOENT',
    syscall: 'open',
    path: '/Users/hf-mac/Downloads/tgpro-admin/.output/public/_nuxt/Db7eFA1E.js'
  },
  statusCode: 500,
  fatal: false,
  unhandled: true,
  statusMessage: undefined,
  data: undefined
}
2025-11-05T02:30:47: [request error] [unhandled] [GET] http://localhost:3000/_nuxt/DAr-OQmd.js
 H3Error: ENOENT: no such file or directory, open '/Users/hf-mac/Downloads/tgpro-admin/.output/public/_nuxt/DAr-OQmd.js'
    at open (node:internal/fs/promises:641:25)
    ... 2 lines matching cause stack trace ...
    at Server.toNodeHandle (file:///Users/hf-mac/Downloads/tgpro-admin/.output/server/chunks/nitro/nitro.mjs:2230:7) {
  cause: Error: ENOENT: no such file or directory, open '/Users/hf-mac/Downloads/tgpro-admin/.output/public/_nuxt/DAr-OQmd.js'
      at open (node:internal/fs/promises:641:25)
      at Object.readFile (node:internal/fs/promises:1245:14)
      at Object.handler (file:///Users/hf-mac/Downloads/tgpro-admin/.output/server/chunks/nitro/nitro.mjs:1959:19)
      at Server.toNodeHandle (file:///Users/hf-mac/Downloads/tgpro-admin/.output/server/chunks/nitro/nitro.mjs:2230:7) {
    errno: -2,
    code: 'ENOENT',
    syscall: 'open',
    path: '/Users/hf-mac/Downloads/tgpro-admin/.output/public/_nuxt/DAr-OQmd.js'
  },
  statusCode: 500,
  fatal: false,
  unhandled: true,
  statusMessage: undefined,
  data: undefined
}
2025-11-05T02:30:47: [request error] [unhandled] [GET] http://localhost:3000/_nuxt/Bdz-sLfb.js
 H3Error: ENOENT: no such file or directory, open '/Users/hf-mac/Downloads/tgpro-admin/.output/public/_nuxt/Bdz-sLfb.js'
    at open (node:internal/fs/promises:641:25)
    ... 2 lines matching cause stack trace ...
    at Server.toNodeHandle (file:///Users/hf-mac/Downloads/tgpro-admin/.output/server/chunks/nitro/nitro.mjs:2230:7) {
  cause: Error: ENOENT: no such file or directory, open '/Users/hf-mac/Downloads/tgpro-admin/.output/public/_nuxt/Bdz-sLfb.js'
      at open (node:internal/fs/promises:641:25)
      at Object.readFile (node:internal/fs/promises:1245:14)
      at Object.handler (file:///Users/hf-mac/Downloads/tgpro-admin/.output/server/chunks/nitro/nitro.mjs:1959:19)
      at Server.toNodeHandle (file:///Users/hf-mac/Downloads/tgpro-admin/.output/server/chunks/nitro/nitro.mjs:2230:7) {
    errno: -2,
    code: 'ENOENT',
    syscall: 'open',
    path: '/Users/hf-mac/Downloads/tgpro-admin/.output/public/_nuxt/Bdz-sLfb.js'
  },
  statusCode: 500,
  fatal: false,
  unhandled: true,
  statusMessage: undefined,
  data: undefined
}
2025-11-05T02:30:47: [request error] [unhandled] [GET] http://localhost:3000/_nuxt/BTgB1rvp.js
 H3Error: ENOENT: no such file or directory, open '/Users/hf-mac/Downloads/tgpro-admin/.output/public/_nuxt/BTgB1rvp.js'
    at open (node:internal/fs/promises:641:25)
    ... 2 lines matching cause stack trace ...
    at Server.toNodeHandle (file:///Users/hf-mac/Downloads/tgpro-admin/.output/server/chunks/nitro/nitro.mjs:2230:7) {
  cause: Error: ENOENT: no such file or directory, open '/Users/hf-mac/Downloads/tgpro-admin/.output/public/_nuxt/BTgB1rvp.js'
      at open (node:internal/fs/promises:641:25)
      at Object.readFile (node:internal/fs/promises:1245:14)
      at Object.handler (file:///Users/hf-mac/Downloads/tgpro-admin/.output/server/chunks/nitro/nitro.mjs:1959:19)
      at Server.toNodeHandle (file:///Users/hf-mac/Downloads/tgpro-admin/.output/server/chunks/nitro/nitro.mjs:2230:7) {
    errno: -2,
    code: 'ENOENT',
    syscall: 'open',
    path: '/Users/hf-mac/Downloads/tgpro-admin/.output/public/_nuxt/BTgB1rvp.js'
  },
  statusCode: 500,
  fatal: false,
  unhandled: true,
  statusMessage: undefined,
  data: undefined
}
2025-11-05T02:30:47: [request error] [unhandled] [GET] http://localhost:3000/_nuxt/DcHNM1Xn.js
 H3Error: ENOENT: no such file or directory, open '/Users/hf-mac/Downloads/tgpro-admin/.output/public/_nuxt/DcHNM1Xn.js'
    at open (node:internal/fs/promises:641:25)
    ... 2 lines matching cause stack trace ...
    at Server.toNodeHandle (file:///Users/hf-mac/Downloads/tgpro-admin/.output/server/chunks/nitro/nitro.mjs:2230:7) {
  cause: Error: ENOENT: no such file or directory, open '/Users/hf-mac/Downloads/tgpro-admin/.output/public/_nuxt/DcHNM1Xn.js'
      at open (node:internal/fs/promises:641:25)
      at Object.readFile (node:internal/fs/promises:1245:14)
      at Object.handler (file:///Users/hf-mac/Downloads/tgpro-admin/.output/server/chunks/nitro/nitro.mjs:1959:19)
      at Server.toNodeHandle (file:///Users/hf-mac/Downloads/tgpro-admin/.output/server/chunks/nitro/nitro.mjs:2230:7) {
    errno: -2,
    code: 'ENOENT',
    syscall: 'open',
    path: '/Users/hf-mac/Downloads/tgpro-admin/.output/public/_nuxt/DcHNM1Xn.js'
  },
  statusCode: 500,
  fatal: false,
  unhandled: true,
  statusMessage: undefined,
  data: undefined
}
2025-11-05T02:30:47: [request error] [unhandled] [GET] http://localhost:3000/_nuxt/DbAgXtul.js
 H3Error: ENOENT: no such file or directory, open '/Users/hf-mac/Downloads/tgpro-admin/.output/public/_nuxt/DbAgXtul.js'
    at open (node:internal/fs/promises:641:25)
    ... 2 lines matching cause stack trace ...
    at Server.toNodeHandle (file:///Users/hf-mac/Downloads/tgpro-admin/.output/server/chunks/nitro/nitro.mjs:2230:7) {
  cause: Error: ENOENT: no such file or directory, open '/Users/hf-mac/Downloads/tgpro-admin/.output/public/_nuxt/DbAgXtul.js'
      at open (node:internal/fs/promises:641:25)
      at Object.readFile (node:internal/fs/promises:1245:14)
      at Object.handler (file:///Users/hf-mac/Downloads/tgpro-admin/.output/server/chunks/nitro/nitro.mjs:1959:19)
      at Server.toNodeHandle (file:///Users/hf-mac/Downloads/tgpro-admin/.output/server/chunks/nitro/nitro.mjs:2230:7) {
    errno: -2,
    code: 'ENOENT',
    syscall: 'open',
    path: '/Users/hf-mac/Downloads/tgpro-admin/.output/public/_nuxt/DbAgXtul.js'
  },
  statusCode: 500,
  fatal: false,
  unhandled: true,
  statusMessage: undefined,
  data: undefined
}
2025-11-05T02:30:47: [request error] [unhandled] [GET] http://localhost:3000/_nuxt/DpNIWReE.js
 H3Error: ENOENT: no such file or directory, open '/Users/hf-mac/Downloads/tgpro-admin/.output/public/_nuxt/DpNIWReE.js'
    at open (node:internal/fs/promises:641:25)
    ... 2 lines matching cause stack trace ...
    at Server.toNodeHandle (file:///Users/hf-mac/Downloads/tgpro-admin/.output/server/chunks/nitro/nitro.mjs:2230:7) {
  cause: Error: ENOENT: no such file or directory, open '/Users/hf-mac/Downloads/tgpro-admin/.output/public/_nuxt/DpNIWReE.js'
      at open (node:internal/fs/promises:641:25)
      at Object.readFile (node:internal/fs/promises:1245:14)
      at Object.handler (file:///Users/hf-mac/Downloads/tgpro-admin/.output/server/chunks/nitro/nitro.mjs:1959:19)
      at Server.toNodeHandle (file:///Users/hf-mac/Downloads/tgpro-admin/.output/server/chunks/nitro/nitro.mjs:2230:7) {
    errno: -2,
    code: 'ENOENT',
    syscall: 'open',
    path: '/Users/hf-mac/Downloads/tgpro-admin/.output/public/_nuxt/DpNIWReE.js'
  },
  statusCode: 500,
  fatal: false,
  unhandled: true,
  statusMessage: undefined,
  data: undefined
}
2025-11-05T02:30:47: [request error] [unhandled] [GET] http://localhost:3000/_nuxt/D_B5nL8y.js
 H3Error: ENOENT: no such file or directory, open '/Users/hf-mac/Downloads/tgpro-admin/.output/public/_nuxt/D_B5nL8y.js'
    at open (node:internal/fs/promises:641:25)
    ... 2 lines matching cause stack trace ...
    at Server.toNodeHandle (file:///Users/hf-mac/Downloads/tgpro-admin/.output/server/chunks/nitro/nitro.mjs:2230:7) {
  cause: Error: ENOENT: no such file or directory, open '/Users/hf-mac/Downloads/tgpro-admin/.output/public/_nuxt/D_B5nL8y.js'
      at open (node:internal/fs/promises:641:25)
      at Object.readFile (node:internal/fs/promises:1245:14)
      at Object.handler (file:///Users/hf-mac/Downloads/tgpro-admin/.output/server/chunks/nitro/nitro.mjs:1959:19)
      at Server.toNodeHandle (file:///Users/hf-mac/Downloads/tgpro-admin/.output/server/chunks/nitro/nitro.mjs:2230:7) {
    errno: -2,
    code: 'ENOENT',
    syscall: 'open',
    path: '/Users/hf-mac/Downloads/tgpro-admin/.output/public/_nuxt/D_B5nL8y.js'
  },
  statusCode: 500,
  fatal: false,
  unhandled: true,
  statusMessage: undefined,
  data: undefined
}
2025-11-05T02:30:47: [request error] [unhandled] [GET] http://localhost:3000/_nuxt/Bl84yrz9.js
 H3Error: ENOENT: no such file or directory, open '/Users/hf-mac/Downloads/tgpro-admin/.output/public/_nuxt/Bl84yrz9.js'
    at open (node:internal/fs/promises:641:25)
    ... 2 lines matching cause stack trace ...
    at Server.toNodeHandle (file:///Users/hf-mac/Downloads/tgpro-admin/.output/server/chunks/nitro/nitro.mjs:2230:7) {
  cause: Error: ENOENT: no such file or directory, open '/Users/hf-mac/Downloads/tgpro-admin/.output/public/_nuxt/Bl84yrz9.js'
      at open (node:internal/fs/promises:641:25)
      at Object.readFile (node:internal/fs/promises:1245:14)
      at Object.handler (file:///Users/hf-mac/Downloads/tgpro-admin/.output/server/chunks/nitro/nitro.mjs:1959:19)
      at Server.toNodeHandle (file:///Users/hf-mac/Downloads/tgpro-admin/.output/server/chunks/nitro/nitro.mjs:2230:7) {
    errno: -2,
    code: 'ENOENT',
    syscall: 'open',
    path: '/Users/hf-mac/Downloads/tgpro-admin/.output/public/_nuxt/Bl84yrz9.js'
  },
  statusCode: 500,
  fatal: false,
  unhandled: true,
  statusMessage: undefined,
  data: undefined
}
2025-11-05T02:30:47: [request error] [unhandled] [GET] http://localhost:3000/_nuxt/D974gv07.js
 H3Error: ENOENT: no such file or directory, open '/Users/hf-mac/Downloads/tgpro-admin/.output/public/_nuxt/D974gv07.js'
    at open (node:internal/fs/promises:641:25)
    ... 2 lines matching cause stack trace ...
    at Server.toNodeHandle (file:///Users/hf-mac/Downloads/tgpro-admin/.output/server/chunks/nitro/nitro.mjs:2230:7) {
  cause: Error: ENOENT: no such file or directory, open '/Users/hf-mac/Downloads/tgpro-admin/.output/public/_nuxt/D974gv07.js'
      at open (node:internal/fs/promises:641:25)
      at Object.readFile (node:internal/fs/promises:1245:14)
      at Object.handler (file:///Users/hf-mac/Downloads/tgpro-admin/.output/server/chunks/nitro/nitro.mjs:1959:19)
      at Server.toNodeHandle (file:///Users/hf-mac/Downloads/tgpro-admin/.output/server/chunks/nitro/nitro.mjs:2230:7) {
    errno: -2,
    code: 'ENOENT',
    syscall: 'open',
    path: '/Users/hf-mac/Downloads/tgpro-admin/.output/public/_nuxt/D974gv07.js'
  },
  statusCode: 500,
  fatal: false,
  unhandled: true,
  statusMessage: undefined,
  data: undefined
}
2025-11-05T02:30:47: [request error] [unhandled] [GET] http://localhost:3000/_nuxt/D32lUId-.js
 H3Error: ENOENT: no such file or directory, open '/Users/hf-mac/Downloads/tgpro-admin/.output/public/_nuxt/D32lUId-.js'
    at open (node:internal/fs/promises:641:25)
    ... 2 lines matching cause stack trace ...
    at Server.toNodeHandle (file:///Users/hf-mac/Downloads/tgpro-admin/.output/server/chunks/nitro/nitro.mjs:2230:7) {
  cause: Error: ENOENT: no such file or directory, open '/Users/hf-mac/Downloads/tgpro-admin/.output/public/_nuxt/D32lUId-.js'
      at open (node:internal/fs/promises:641:25)
      at Object.readFile (node:internal/fs/promises:1245:14)
      at Object.handler (file:///Users/hf-mac/Downloads/tgpro-admin/.output/server/chunks/nitro/nitro.mjs:1959:19)
      at Server.toNodeHandle (file:///Users/hf-mac/Downloads/tgpro-admin/.output/server/chunks/nitro/nitro.mjs:2230:7) {
    errno: -2,
    code: 'ENOENT',
    syscall: 'open',
    path: '/Users/hf-mac/Downloads/tgpro-admin/.output/public/_nuxt/D32lUId-.js'
  },
  statusCode: 500,
  fatal: false,
  unhandled: true,
  statusMessage: undefined,
  data: undefined
}
2025-11-05T02:30:48: [request error] [unhandled] [GET] http://localhost:3000/_nuxt/CetYVyQG.js
 H3Error: ENOENT: no such file or directory, open '/Users/hf-mac/Downloads/tgpro-admin/.output/public/_nuxt/CetYVyQG.js'
    at open (node:internal/fs/promises:641:25)
    ... 2 lines matching cause stack trace ...
    at Server.toNodeHandle (file:///Users/hf-mac/Downloads/tgpro-admin/.output/server/chunks/nitro/nitro.mjs:2230:7) {
  cause: Error: ENOENT: no such file or directory, open '/Users/hf-mac/Downloads/tgpro-admin/.output/public/_nuxt/CetYVyQG.js'
      at open (node:internal/fs/promises:641:25)
      at Object.readFile (node:internal/fs/promises:1245:14)
      at Object.handler (file:///Users/hf-mac/Downloads/tgpro-admin/.output/server/chunks/nitro/nitro.mjs:1959:19)
      at Server.toNodeHandle (file:///Users/hf-mac/Downloads/tgpro-admin/.output/server/chunks/nitro/nitro.mjs:2230:7) {
    errno: -2,
    code: 'ENOENT',
    syscall: 'open',
    path: '/Users/hf-mac/Downloads/tgpro-admin/.output/public/_nuxt/CetYVyQG.js'
  },
  statusCode: 500,
  fatal: false,
  unhandled: true,
  statusMessage: undefined,
  data: undefined
}
2025-11-05T02:30:48: [request error] [unhandled] [GET] http://localhost:3000/_nuxt/Db7eFA1E.js
 H3Error: ENOENT: no such file or directory, open '/Users/hf-mac/Downloads/tgpro-admin/.output/public/_nuxt/Db7eFA1E.js'
    at open (node:internal/fs/promises:641:25)
    ... 2 lines matching cause stack trace ...
    at Server.toNodeHandle (file:///Users/hf-mac/Downloads/tgpro-admin/.output/server/chunks/nitro/nitro.mjs:2230:7) {
  cause: Error: ENOENT: no such file or directory, open '/Users/hf-mac/Downloads/tgpro-admin/.output/public/_nuxt/Db7eFA1E.js'
      at open (node:internal/fs/promises:641:25)
      at Object.readFile (node:internal/fs/promises:1245:14)
      at Object.handler (file:///Users/hf-mac/Downloads/tgpro-admin/.output/server/chunks/nitro/nitro.mjs:1959:19)
      at Server.toNodeHandle (file:///Users/hf-mac/Downloads/tgpro-admin/.output/server/chunks/nitro/nitro.mjs:2230:7) {
    errno: -2,
    code: 'ENOENT',
    syscall: 'open',
    path: '/Users/hf-mac/Downloads/tgpro-admin/.output/public/_nuxt/Db7eFA1E.js'
  },
  statusCode: 500,
  fatal: false,
  unhandled: true,
  statusMessage: undefined,
  data: undefined
}
2025-11-05T02:30:48: [request error] [unhandled] [GET] http://localhost:3000/_nuxt/DAr-OQmd.js
 H3Error: ENOENT: no such file or directory, open '/Users/hf-mac/Downloads/tgpro-admin/.output/public/_nuxt/DAr-OQmd.js'
    at open (node:internal/fs/promises:641:25)
    ... 2 lines matching cause stack trace ...
    at Server.toNodeHandle (file:///Users/hf-mac/Downloads/tgpro-admin/.output/server/chunks/nitro/nitro.mjs:2230:7) {
  cause: Error: ENOENT: no such file or directory, open '/Users/hf-mac/Downloads/tgpro-admin/.output/public/_nuxt/DAr-OQmd.js'
      at open (node:internal/fs/promises:641:25)
      at Object.readFile (node:internal/fs/promises:1245:14)
      at Object.handler (file:///Users/hf-mac/Downloads/tgpro-admin/.output/server/chunks/nitro/nitro.mjs:1959:19)
      at Server.toNodeHandle (file:///Users/hf-mac/Downloads/tgpro-admin/.output/server/chunks/nitro/nitro.mjs:2230:7) {
    errno: -2,
    code: 'ENOENT',
    syscall: 'open',
    path: '/Users/hf-mac/Downloads/tgpro-admin/.output/public/_nuxt/DAr-OQmd.js'
  },
  statusCode: 500,
  fatal: false,
  unhandled: true,
  statusMessage: undefined,
  data: undefined
}
2025-11-05T02:30:48: [request error] [unhandled] [GET] http://localhost:3000/_nuxt/Bdz-sLfb.js
 H3Error: ENOENT: no such file or directory, open '/Users/hf-mac/Downloads/tgpro-admin/.output/public/_nuxt/Bdz-sLfb.js'
    at open (node:internal/fs/promises:641:25)
    ... 2 lines matching cause stack trace ...
    at Server.toNodeHandle (file:///Users/hf-mac/Downloads/tgpro-admin/.output/server/chunks/nitro/nitro.mjs:2230:7) {
  cause: Error: ENOENT: no such file or directory, open '/Users/hf-mac/Downloads/tgpro-admin/.output/public/_nuxt/Bdz-sLfb.js'
      at open (node:internal/fs/promises:641:25)
      at Object.readFile (node:internal/fs/promises:1245:14)
      at Object.handler (file:///Users/hf-mac/Downloads/tgpro-admin/.output/server/chunks/nitro/nitro.mjs:1959:19)
      at Server.toNodeHandle (file:///Users/hf-mac/Downloads/tgpro-admin/.output/server/chunks/nitro/nitro.mjs:2230:7) {
    errno: -2,
    code: 'ENOENT',
    syscall: 'open',
    path: '/Users/hf-mac/Downloads/tgpro-admin/.output/public/_nuxt/Bdz-sLfb.js'
  },
  statusCode: 500,
  fatal: false,
  unhandled: true,
  statusMessage: undefined,
  data: undefined
}
2025-11-05T02:30:48: [request error] [unhandled] [GET] http://localhost:3000/_nuxt/CXT04lNs.js
 H3Error: ENOENT: no such file or directory, open '/Users/hf-mac/Downloads/tgpro-admin/.output/public/_nuxt/CXT04lNs.js'
    at open (node:internal/fs/promises:641:25)
    ... 2 lines matching cause stack trace ...
    at Server.toNodeHandle (file:///Users/hf-mac/Downloads/tgpro-admin/.output/server/chunks/nitro/nitro.mjs:2230:7) {
  cause: Error: ENOENT: no such file or directory, open '/Users/hf-mac/Downloads/tgpro-admin/.output/public/_nuxt/CXT04lNs.js'
      at open (node:internal/fs/promises:641:25)
      at Object.readFile (node:internal/fs/promises:1245:14)
      at Object.handler (file:///Users/hf-mac/Downloads/tgpro-admin/.output/server/chunks/nitro/nitro.mjs:1959:19)
      at Server.toNodeHandle (file:///Users/hf-mac/Downloads/tgpro-admin/.output/server/chunks/nitro/nitro.mjs:2230:7) {
    errno: -2,
    code: 'ENOENT',
    syscall: 'open',
    path: '/Users/hf-mac/Downloads/tgpro-admin/.output/public/_nuxt/CXT04lNs.js'
  },
  statusCode: 500,
  fatal: false,
  unhandled: true,
  statusMessage: undefined,
  data: undefined
}
2025-11-05T02:30:48: [request error] [unhandled] [GET] http://localhost:3000/_nuxt/BTgB1rvp.js
 H3Error: ENOENT: no such file or directory, open '/Users/hf-mac/Downloads/tgpro-admin/.output/public/_nuxt/BTgB1rvp.js'
    at open (node:internal/fs/promises:641:25)
    ... 2 lines matching cause stack trace ...
    at Server.toNodeHandle (file:///Users/hf-mac/Downloads/tgpro-admin/.output/server/chunks/nitro/nitro.mjs:2230:7) {
  cause: Error: ENOENT: no such file or directory, open '/Users/hf-mac/Downloads/tgpro-admin/.output/public/_nuxt/BTgB1rvp.js'
      at open (node:internal/fs/promises:641:25)
      at Object.readFile (node:internal/fs/promises:1245:14)
      at Object.handler (file:///Users/hf-mac/Downloads/tgpro-admin/.output/server/chunks/nitro/nitro.mjs:1959:19)
      at Server.toNodeHandle (file:///Users/hf-mac/Downloads/tgpro-admin/.output/server/chunks/nitro/nitro.mjs:2230:7) {
    errno: -2,
    code: 'ENOENT',
    syscall: 'open',
    path: '/Users/hf-mac/Downloads/tgpro-admin/.output/public/_nuxt/BTgB1rvp.js'
  },
  statusCode: 500,
  fatal: false,
  unhandled: true,
  statusMessage: undefined,
  data: undefined
}
2025-11-05T02:30:48: [request error] [unhandled] [GET] http://localhost:3000/_nuxt/DcHNM1Xn.js
 H3Error: ENOENT: no such file or directory, open '/Users/hf-mac/Downloads/tgpro-admin/.output/public/_nuxt/DcHNM1Xn.js'
    at open (node:internal/fs/promises:641:25)
    ... 2 lines matching cause stack trace ...
    at Server.toNodeHandle (file:///Users/hf-mac/Downloads/tgpro-admin/.output/server/chunks/nitro/nitro.mjs:2230:7) {
  cause: Error: ENOENT: no such file or directory, open '/Users/hf-mac/Downloads/tgpro-admin/.output/public/_nuxt/DcHNM1Xn.js'
      at open (node:internal/fs/promises:641:25)
      at Object.readFile (node:internal/fs/promises:1245:14)
      at Object.handler (file:///Users/hf-mac/Downloads/tgpro-admin/.output/server/chunks/nitro/nitro.mjs:1959:19)
      at Server.toNodeHandle (file:///Users/hf-mac/Downloads/tgpro-admin/.output/server/chunks/nitro/nitro.mjs:2230:7) {
    errno: -2,
    code: 'ENOENT',
    syscall: 'open',
    path: '/Users/hf-mac/Downloads/tgpro-admin/.output/public/_nuxt/DcHNM1Xn.js'
  },
  statusCode: 500,
  fatal: false,
  unhandled: true,
  statusMessage: undefined,
  data: undefined
}
2025-11-05T02:30:48: [request error] [unhandled] [GET] http://localhost:3000/_nuxt/DbAgXtul.js
 H3Error: ENOENT: no such file or directory, open '/Users/hf-mac/Downloads/tgpro-admin/.output/public/_nuxt/DbAgXtul.js'
    at open (node:internal/fs/promises:641:25)
    ... 2 lines matching cause stack trace ...
    at Server.toNodeHandle (file:///Users/hf-mac/Downloads/tgpro-admin/.output/server/chunks/nitro/nitro.mjs:2230:7) {
  cause: Error: ENOENT: no such file or directory, open '/Users/hf-mac/Downloads/tgpro-admin/.output/public/_nuxt/DbAgXtul.js'
      at open (node:internal/fs/promises:641:25)
      at Object.readFile (node:internal/fs/promises:1245:14)
      at Object.handler (file:///Users/hf-mac/Downloads/tgpro-admin/.output/server/chunks/nitro/nitro.mjs:1959:19)
      at Server.toNodeHandle (file:///Users/hf-mac/Downloads/tgpro-admin/.output/server/chunks/nitro/nitro.mjs:2230:7) {
    errno: -2,
    code: 'ENOENT',
    syscall: 'open',
    path: '/Users/hf-mac/Downloads/tgpro-admin/.output/public/_nuxt/DbAgXtul.js'
  },
  statusCode: 500,
  fatal: false,
  unhandled: true,
  statusMessage: undefined,
  data: undefined
}
2025-11-05T02:30:48: [request error] [unhandled] [GET] http://localhost:3000/_nuxt/D_B5nL8y.js
 H3Error: ENOENT: no such file or directory, open '/Users/hf-mac/Downloads/tgpro-admin/.output/public/_nuxt/D_B5nL8y.js'
    at open (node:internal/fs/promises:641:25)
    ... 2 lines matching cause stack trace ...
    at Server.toNodeHandle (file:///Users/hf-mac/Downloads/tgpro-admin/.output/server/chunks/nitro/nitro.mjs:2230:7) {
  cause: Error: ENOENT: no such file or directory, open '/Users/hf-mac/Downloads/tgpro-admin/.output/public/_nuxt/D_B5nL8y.js'
      at open (node:internal/fs/promises:641:25)
      at Object.readFile (node:internal/fs/promises:1245:14)
      at Object.handler (file:///Users/hf-mac/Downloads/tgpro-admin/.output/server/chunks/nitro/nitro.mjs:1959:19)
      at Server.toNodeHandle (file:///Users/hf-mac/Downloads/tgpro-admin/.output/server/chunks/nitro/nitro.mjs:2230:7) {
    errno: -2,
    code: 'ENOENT',
    syscall: 'open',
    path: '/Users/hf-mac/Downloads/tgpro-admin/.output/public/_nuxt/D_B5nL8y.js'
  },
  statusCode: 500,
  fatal: false,
  unhandled: true,
  statusMessage: undefined,
  data: undefined
}
2025-11-05T02:30:48: [request error] [unhandled] [GET] http://localhost:3000/_nuxt/DpNIWReE.js
 H3Error: ENOENT: no such file or directory, open '/Users/hf-mac/Downloads/tgpro-admin/.output/public/_nuxt/DpNIWReE.js'
    at open (node:internal/fs/promises:641:25)
    ... 2 lines matching cause stack trace ...
    at Server.toNodeHandle (file:///Users/hf-mac/Downloads/tgpro-admin/.output/server/chunks/nitro/nitro.mjs:2230:7) {
  cause: Error: ENOENT: no such file or directory, open '/Users/hf-mac/Downloads/tgpro-admin/.output/public/_nuxt/DpNIWReE.js'
      at open (node:internal/fs/promises:641:25)
      at Object.readFile (node:internal/fs/promises:1245:14)
      at Object.handler (file:///Users/hf-mac/Downloads/tgpro-admin/.output/server/chunks/nitro/nitro.mjs:1959:19)
      at Server.toNodeHandle (file:///Users/hf-mac/Downloads/tgpro-admin/.output/server/chunks/nitro/nitro.mjs:2230:7) {
    errno: -2,
    code: 'ENOENT',
    syscall: 'open',
    path: '/Users/hf-mac/Downloads/tgpro-admin/.output/public/_nuxt/DpNIWReE.js'
  },
  statusCode: 500,
  fatal: false,
  unhandled: true,
  statusMessage: undefined,
  data: undefined
}
2025-11-05T02:30:48: [request error] [unhandled] [GET] http://localhost:3000/_nuxt/Bl84yrz9.js
 H3Error: ENOENT: no such file or directory, open '/Users/hf-mac/Downloads/tgpro-admin/.output/public/_nuxt/Bl84yrz9.js'
    at open (node:internal/fs/promises:641:25)
    ... 2 lines matching cause stack trace ...
    at Server.toNodeHandle (file:///Users/hf-mac/Downloads/tgpro-admin/.output/server/chunks/nitro/nitro.mjs:2230:7) {
  cause: Error: ENOENT: no such file or directory, open '/Users/hf-mac/Downloads/tgpro-admin/.output/public/_nuxt/Bl84yrz9.js'
      at open (node:internal/fs/promises:641:25)
      at Object.readFile (node:internal/fs/promises:1245:14)
      at Object.handler (file:///Users/hf-mac/Downloads/tgpro-admin/.output/server/chunks/nitro/nitro.mjs:1959:19)
      at Server.toNodeHandle (file:///Users/hf-mac/Downloads/tgpro-admin/.output/server/chunks/nitro/nitro.mjs:2230:7) {
    errno: -2,
    code: 'ENOENT',
    syscall: 'open',
    path: '/Users/hf-mac/Downloads/tgpro-admin/.output/public/_nuxt/Bl84yrz9.js'
  },
  statusCode: 500,
  fatal: false,
  unhandled: true,
  statusMessage: undefined,
  data: undefined
}
2025-11-05T02:30:48: [request error] [unhandled] [GET] http://localhost:3000/_nuxt/D974gv07.js
 H3Error: ENOENT: no such file or directory, open '/Users/hf-mac/Downloads/tgpro-admin/.output/public/_nuxt/D974gv07.js'
    at open (node:internal/fs/promises:641:25)
    ... 2 lines matching cause stack trace ...
    at Server.toNodeHandle (file:///Users/hf-mac/Downloads/tgpro-admin/.output/server/chunks/nitro/nitro.mjs:2230:7) {
  cause: Error: ENOENT: no such file or directory, open '/Users/hf-mac/Downloads/tgpro-admin/.output/public/_nuxt/D974gv07.js'
      at open (node:internal/fs/promises:641:25)
      at Object.readFile (node:internal/fs/promises:1245:14)
      at Object.handler (file:///Users/hf-mac/Downloads/tgpro-admin/.output/server/chunks/nitro/nitro.mjs:1959:19)
      at Server.toNodeHandle (file:///Users/hf-mac/Downloads/tgpro-admin/.output/server/chunks/nitro/nitro.mjs:2230:7) {
    errno: -2,
    code: 'ENOENT',
    syscall: 'open',
    path: '/Users/hf-mac/Downloads/tgpro-admin/.output/public/_nuxt/D974gv07.js'
  },
  statusCode: 500,
  fatal: false,
  unhandled: true,
  statusMessage: undefined,
  data: undefined
}
2025-11-05T02:30:48: [request error] [unhandled] [GET] http://localhost:3000/_nuxt/D32lUId-.js
 H3Error: ENOENT: no such file or directory, open '/Users/hf-mac/Downloads/tgpro-admin/.output/public/_nuxt/D32lUId-.js'
    at open (node:internal/fs/promises:641:25)
    ... 2 lines matching cause stack trace ...
    at Server.toNodeHandle (file:///Users/hf-mac/Downloads/tgpro-admin/.output/server/chunks/nitro/nitro.mjs:2230:7) {
  cause: Error: ENOENT: no such file or directory, open '/Users/hf-mac/Downloads/tgpro-admin/.output/public/_nuxt/D32lUId-.js'
      at open (node:internal/fs/promises:641:25)
      at Object.readFile (node:internal/fs/promises:1245:14)
      at Object.handler (file:///Users/hf-mac/Downloads/tgpro-admin/.output/server/chunks/nitro/nitro.mjs:1959:19)
      at Server.toNodeHandle (file:///Users/hf-mac/Downloads/tgpro-admin/.output/server/chunks/nitro/nitro.mjs:2230:7) {
    errno: -2,
    code: 'ENOENT',
    syscall: 'open',
    path: '/Users/hf-mac/Downloads/tgpro-admin/.output/public/_nuxt/D32lUId-.js'
  },
  statusCode: 500,
  fatal: false,
  unhandled: true,
  statusMessage: undefined,
  data: undefined
}
2025-11-05T02:30:48: [request error] [unhandled] [GET] http://localhost:3000/_nuxt/CetYVyQG.js
 H3Error: ENOENT: no such file or directory, open '/Users/hf-mac/Downloads/tgpro-admin/.output/public/_nuxt/CetYVyQG.js'
    at open (node:internal/fs/promises:641:25)
    ... 2 lines matching cause stack trace ...
    at Server.toNodeHandle (file:///Users/hf-mac/Downloads/tgpro-admin/.output/server/chunks/nitro/nitro.mjs:2230:7) {
  cause: Error: ENOENT: no such file or directory, open '/Users/hf-mac/Downloads/tgpro-admin/.output/public/_nuxt/CetYVyQG.js'
      at open (node:internal/fs/promises:641:25)
      at Object.readFile (node:internal/fs/promises:1245:14)
      at Object.handler (file:///Users/hf-mac/Downloads/tgpro-admin/.output/server/chunks/nitro/nitro.mjs:1959:19)
      at Server.toNodeHandle (file:///Users/hf-mac/Downloads/tgpro-admin/.output/server/chunks/nitro/nitro.mjs:2230:7) {
    errno: -2,
    code: 'ENOENT',
    syscall: 'open',
    path: '/Users/hf-mac/Downloads/tgpro-admin/.output/public/_nuxt/CetYVyQG.js'
  },
  statusCode: 500,
  fatal: false,
  unhandled: true,
  statusMessage: undefined,
  data: undefined
}
2025-11-05T02:30:48: [request error] [unhandled] [GET] http://localhost:3000/_nuxt/Db7eFA1E.js
 H3Error: ENOENT: no such file or directory, open '/Users/hf-mac/Downloads/tgpro-admin/.output/public/_nuxt/Db7eFA1E.js'
    at open (node:internal/fs/promises:641:25)
    ... 2 lines matching cause stack trace ...
    at Server.toNodeHandle (file:///Users/hf-mac/Downloads/tgpro-admin/.output/server/chunks/nitro/nitro.mjs:2230:7) {
  cause: Error: ENOENT: no such file or directory, open '/Users/hf-mac/Downloads/tgpro-admin/.output/public/_nuxt/Db7eFA1E.js'
      at open (node:internal/fs/promises:641:25)
      at Object.readFile (node:internal/fs/promises:1245:14)
      at Object.handler (file:///Users/hf-mac/Downloads/tgpro-admin/.output/server/chunks/nitro/nitro.mjs:1959:19)
      at Server.toNodeHandle (file:///Users/hf-mac/Downloads/tgpro-admin/.output/server/chunks/nitro/nitro.mjs:2230:7) {
    errno: -2,
    code: 'ENOENT',
    syscall: 'open',
    path: '/Users/hf-mac/Downloads/tgpro-admin/.output/public/_nuxt/Db7eFA1E.js'
  },
  statusCode: 500,
  fatal: false,
  unhandled: true,
  statusMessage: undefined,
  data: undefined
}
2025-11-05T02:30:48: [request error] [unhandled] [GET] http://localhost:3000/_nuxt/DAr-OQmd.js
 H3Error: ENOENT: no such file or directory, open '/Users/hf-mac/Downloads/tgpro-admin/.output/public/_nuxt/DAr-OQmd.js'
    at open (node:internal/fs/promises:641:25)
    ... 2 lines matching cause stack trace ...
    at Server.toNodeHandle (file:///Users/hf-mac/Downloads/tgpro-admin/.output/server/chunks/nitro/nitro.mjs:2230:7) {
  cause: Error: ENOENT: no such file or directory, open '/Users/hf-mac/Downloads/tgpro-admin/.output/public/_nuxt/DAr-OQmd.js'
      at open (node:internal/fs/promises:641:25)
      at Object.readFile (node:internal/fs/promises:1245:14)
      at Object.handler (file:///Users/hf-mac/Downloads/tgpro-admin/.output/server/chunks/nitro/nitro.mjs:1959:19)
      at Server.toNodeHandle (file:///Users/hf-mac/Downloads/tgpro-admin/.output/server/chunks/nitro/nitro.mjs:2230:7) {
    errno: -2,
    code: 'ENOENT',
    syscall: 'open',
    path: '/Users/hf-mac/Downloads/tgpro-admin/.output/public/_nuxt/DAr-OQmd.js'
  },
  statusCode: 500,
  fatal: false,
  unhandled: true,
  statusMessage: undefined,
  data: undefined
}
2025-11-05T02:30:48: [request error] [unhandled] [GET] http://localhost:3000/_nuxt/Bdz-sLfb.js
 H3Error: ENOENT: no such file or directory, open '/Users/hf-mac/Downloads/tgpro-admin/.output/public/_nuxt/Bdz-sLfb.js'
    at open (node:internal/fs/promises:641:25)
    ... 2 lines matching cause stack trace ...
    at Server.toNodeHandle (file:///Users/hf-mac/Downloads/tgpro-admin/.output/server/chunks/nitro/nitro.mjs:2230:7) {
  cause: Error: ENOENT: no such file or directory, open '/Users/hf-mac/Downloads/tgpro-admin/.output/public/_nuxt/Bdz-sLfb.js'
      at open (node:internal/fs/promises:641:25)
      at Object.readFile (node:internal/fs/promises:1245:14)
      at Object.handler (file:///Users/hf-mac/Downloads/tgpro-admin/.output/server/chunks/nitro/nitro.mjs:1959:19)
      at Server.toNodeHandle (file:///Users/hf-mac/Downloads/tgpro-admin/.output/server/chunks/nitro/nitro.mjs:2230:7) {
    errno: -2,
    code: 'ENOENT',
    syscall: 'open',
    path: '/Users/hf-mac/Downloads/tgpro-admin/.output/public/_nuxt/Bdz-sLfb.js'
  },
  statusCode: 500,
  fatal: false,
  unhandled: true,
  statusMessage: undefined,
  data: undefined
}
2025-11-05T02:30:48: [request error] [unhandled] [GET] http://localhost:3000/_nuxt/BTgB1rvp.js
 H3Error: ENOENT: no such file or directory, open '/Users/hf-mac/Downloads/tgpro-admin/.output/public/_nuxt/BTgB1rvp.js'
    at open (node:internal/fs/promises:641:25)
    ... 2 lines matching cause stack trace ...
    at Server.toNodeHandle (file:///Users/hf-mac/Downloads/tgpro-admin/.output/server/chunks/nitro/nitro.mjs:2230:7) {
  cause: Error: ENOENT: no such file or directory, open '/Users/hf-mac/Downloads/tgpro-admin/.output/public/_nuxt/BTgB1rvp.js'
      at open (node:internal/fs/promises:641:25)
      at Object.readFile (node:internal/fs/promises:1245:14)
      at Object.handler (file:///Users/hf-mac/Downloads/tgpro-admin/.output/server/chunks/nitro/nitro.mjs:1959:19)
      at Server.toNodeHandle (file:///Users/hf-mac/Downloads/tgpro-admin/.output/server/chunks/nitro/nitro.mjs:2230:7) {
    errno: -2,
    code: 'ENOENT',
    syscall: 'open',
    path: '/Users/hf-mac/Downloads/tgpro-admin/.output/public/_nuxt/BTgB1rvp.js'
  },
  statusCode: 500,
  fatal: false,
  unhandled: true,
  statusMessage: undefined,
  data: undefined
}
2025-11-05T02:30:48: [request error] [unhandled] [GET] http://localhost:3000/_nuxt/CXT04lNs.js
 H3Error: ENOENT: no such file or directory, open '/Users/hf-mac/Downloads/tgpro-admin/.output/public/_nuxt/CXT04lNs.js'
    at open (node:internal/fs/promises:641:25)
    ... 2 lines matching cause stack trace ...
    at Server.toNodeHandle (file:///Users/hf-mac/Downloads/tgpro-admin/.output/server/chunks/nitro/nitro.mjs:2230:7) {
  cause: Error: ENOENT: no such file or directory, open '/Users/hf-mac/Downloads/tgpro-admin/.output/public/_nuxt/CXT04lNs.js'
      at open (node:internal/fs/promises:641:25)
      at Object.readFile (node:internal/fs/promises:1245:14)
      at Object.handler (file:///Users/hf-mac/Downloads/tgpro-admin/.output/server/chunks/nitro/nitro.mjs:1959:19)
      at Server.toNodeHandle (file:///Users/hf-mac/Downloads/tgpro-admin/.output/server/chunks/nitro/nitro.mjs:2230:7) {
    errno: -2,
    code: 'ENOENT',
    syscall: 'open',
    path: '/Users/hf-mac/Downloads/tgpro-admin/.output/public/_nuxt/CXT04lNs.js'
  },
  statusCode: 500,
  fatal: false,
  unhandled: true,
  statusMessage: undefined,
  data: undefined
}
2025-11-05T02:30:48: [request error] [unhandled] [GET] http://localhost:3000/_nuxt/DcHNM1Xn.js
 H3Error: ENOENT: no such file or directory, open '/Users/hf-mac/Downloads/tgpro-admin/.output/public/_nuxt/DcHNM1Xn.js'
    at open (node:internal/fs/promises:641:25)
    ... 2 lines matching cause stack trace ...
    at Server.toNodeHandle (file:///Users/hf-mac/Downloads/tgpro-admin/.output/server/chunks/nitro/nitro.mjs:2230:7) {
  cause: Error: ENOENT: no such file or directory, open '/Users/hf-mac/Downloads/tgpro-admin/.output/public/_nuxt/DcHNM1Xn.js'
      at open (node:internal/fs/promises:641:25)
      at Object.readFile (node:internal/fs/promises:1245:14)
      at Object.handler (file:///Users/hf-mac/Downloads/tgpro-admin/.output/server/chunks/nitro/nitro.mjs:1959:19)
      at Server.toNodeHandle (file:///Users/hf-mac/Downloads/tgpro-admin/.output/server/chunks/nitro/nitro.mjs:2230:7) {
    errno: -2,
    code: 'ENOENT',
    syscall: 'open',
    path: '/Users/hf-mac/Downloads/tgpro-admin/.output/public/_nuxt/DcHNM1Xn.js'
  },
  statusCode: 500,
  fatal: false,
  unhandled: true,
  statusMessage: undefined,
  data: undefined
}
2025-11-05T02:30:48: [request error] [unhandled] [GET] http://localhost:3000/_nuxt/C4xQaJXR.js
 H3Error: ENOENT: no such file or directory, open '/Users/hf-mac/Downloads/tgpro-admin/.output/public/_nuxt/C4xQaJXR.js'
    at open (node:internal/fs/promises:641:25)
    ... 2 lines matching cause stack trace ...
    at Server.toNodeHandle (file:///Users/hf-mac/Downloads/tgpro-admin/.output/server/chunks/nitro/nitro.mjs:2230:7) {
  cause: Error: ENOENT: no such file or directory, open '/Users/hf-mac/Downloads/tgpro-admin/.output/public/_nuxt/C4xQaJXR.js'
      at open (node:internal/fs/promises:641:25)
      at Object.readFile (node:internal/fs/promises:1245:14)
      at Object.handler (file:///Users/hf-mac/Downloads/tgpro-admin/.output/server/chunks/nitro/nitro.mjs:1959:19)
      at Server.toNodeHandle (file:///Users/hf-mac/Downloads/tgpro-admin/.output/server/chunks/nitro/nitro.mjs:2230:7) {
    errno: -2,
    code: 'ENOENT',
    syscall: 'open',
    path: '/Users/hf-mac/Downloads/tgpro-admin/.output/public/_nuxt/C4xQaJXR.js'
  },
  statusCode: 500,
  fatal: false,
  unhandled: true,
  statusMessage: undefined,
  data: undefined
}
2025-11-05T02:30:48: [request error] [unhandled] [GET] http://localhost:3000/_nuxt/DbAgXtul.js
 H3Error: ENOENT: no such file or directory, open '/Users/hf-mac/Downloads/tgpro-admin/.output/public/_nuxt/DbAgXtul.js'
    at open (node:internal/fs/promises:641:25)
    ... 2 lines matching cause stack trace ...
    at Server.toNodeHandle (file:///Users/hf-mac/Downloads/tgpro-admin/.output/server/chunks/nitro/nitro.mjs:2230:7) {
  cause: Error: ENOENT: no such file or directory, open '/Users/hf-mac/Downloads/tgpro-admin/.output/public/_nuxt/DbAgXtul.js'
      at open (node:internal/fs/promises:641:25)
      at Object.readFile (node:internal/fs/promises:1245:14)
      at Object.handler (file:///Users/hf-mac/Downloads/tgpro-admin/.output/server/chunks/nitro/nitro.mjs:1959:19)
      at Server.toNodeHandle (file:///Users/hf-mac/Downloads/tgpro-admin/.output/server/chunks/nitro/nitro.mjs:2230:7) {
    errno: -2,
    code: 'ENOENT',
    syscall: 'open',
    path: '/Users/hf-mac/Downloads/tgpro-admin/.output/public/_nuxt/DbAgXtul.js'
  },
  statusCode: 500,
  fatal: false,
  unhandled: true,
  statusMessage: undefined,
  data: undefined
}
2025-11-05T02:30:48: [request error] [unhandled] [GET] http://localhost:3000/_nuxt/DpNIWReE.js
 H3Error: ENOENT: no such file or directory, open '/Users/hf-mac/Downloads/tgpro-admin/.output/public/_nuxt/DpNIWReE.js'
    at open (node:internal/fs/promises:641:25)
    ... 2 lines matching cause stack trace ...
    at Server.toNodeHandle (file:///Users/hf-mac/Downloads/tgpro-admin/.output/server/chunks/nitro/nitro.mjs:2230:7) {
  cause: Error: ENOENT: no such file or directory, open '/Users/hf-mac/Downloads/tgpro-admin/.output/public/_nuxt/DpNIWReE.js'
      at open (node:internal/fs/promises:641:25)
      at Object.readFile (node:internal/fs/promises:1245:14)
      at Object.handler (file:///Users/hf-mac/Downloads/tgpro-admin/.output/server/chunks/nitro/nitro.mjs:1959:19)
      at Server.toNodeHandle (file:///Users/hf-mac/Downloads/tgpro-admin/.output/server/chunks/nitro/nitro.mjs:2230:7) {
    errno: -2,
    code: 'ENOENT',
    syscall: 'open',
    path: '/Users/hf-mac/Downloads/tgpro-admin/.output/public/_nuxt/DpNIWReE.js'
  },
  statusCode: 500,
  fatal: false,
  unhandled: true,
  statusMessage: undefined,
  data: undefined
}
2025-11-05T02:30:48: [request error] [unhandled] [GET] http://localhost:3000/_nuxt/D_B5nL8y.js
 H3Error: ENOENT: no such file or directory, open '/Users/hf-mac/Downloads/tgpro-admin/.output/public/_nuxt/D_B5nL8y.js'
    at open (node:internal/fs/promises:641:25)
    ... 2 lines matching cause stack trace ...
    at Server.toNodeHandle (file:///Users/hf-mac/Downloads/tgpro-admin/.output/server/chunks/nitro/nitro.mjs:2230:7) {
  cause: Error: ENOENT: no such file or directory, open '/Users/hf-mac/Downloads/tgpro-admin/.output/public/_nuxt/D_B5nL8y.js'
      at open (node:internal/fs/promises:641:25)
      at Object.readFile (node:internal/fs/promises:1245:14)
      at Object.handler (file:///Users/hf-mac/Downloads/tgpro-admin/.output/server/chunks/nitro/nitro.mjs:1959:19)
      at Server.toNodeHandle (file:///Users/hf-mac/Downloads/tgpro-admin/.output/server/chunks/nitro/nitro.mjs:2230:7) {
    errno: -2,
    code: 'ENOENT',
    syscall: 'open',
    path: '/Users/hf-mac/Downloads/tgpro-admin/.output/public/_nuxt/D_B5nL8y.js'
  },
  statusCode: 500,
  fatal: false,
  unhandled: true,
  statusMessage: undefined,
  data: undefined
}
2025-11-05T02:30:48: [request error] [unhandled] [GET] http://localhost:3000/_nuxt/Bl84yrz9.js
 H3Error: ENOENT: no such file or directory, open '/Users/hf-mac/Downloads/tgpro-admin/.output/public/_nuxt/Bl84yrz9.js'
    at open (node:internal/fs/promises:641:25)
    ... 2 lines matching cause stack trace ...
    at Server.toNodeHandle (file:///Users/hf-mac/Downloads/tgpro-admin/.output/server/chunks/nitro/nitro.mjs:2230:7) {
  cause: Error: ENOENT: no such file or directory, open '/Users/hf-mac/Downloads/tgpro-admin/.output/public/_nuxt/Bl84yrz9.js'
      at open (node:internal/fs/promises:641:25)
      at Object.readFile (node:internal/fs/promises:1245:14)
      at Object.handler (file:///Users/hf-mac/Downloads/tgpro-admin/.output/server/chunks/nitro/nitro.mjs:1959:19)
      at Server.toNodeHandle (file:///Users/hf-mac/Downloads/tgpro-admin/.output/server/chunks/nitro/nitro.mjs:2230:7) {
    errno: -2,
    code: 'ENOENT',
    syscall: 'open',
    path: '/Users/hf-mac/Downloads/tgpro-admin/.output/public/_nuxt/Bl84yrz9.js'
  },
  statusCode: 500,
  fatal: false,
  unhandled: true,
  statusMessage: undefined,
  data: undefined
}
2025-11-05T02:30:48: [request error] [unhandled] [GET] http://localhost:3000/_nuxt/D974gv07.js
 H3Error: ENOENT: no such file or directory, open '/Users/hf-mac/Downloads/tgpro-admin/.output/public/_nuxt/D974gv07.js'
    at open (node:internal/fs/promises:641:25)
    ... 2 lines matching cause stack trace ...
    at Server.toNodeHandle (file:///Users/hf-mac/Downloads/tgpro-admin/.output/server/chunks/nitro/nitro.mjs:2230:7) {
  cause: Error: ENOENT: no such file or directory, open '/Users/hf-mac/Downloads/tgpro-admin/.output/public/_nuxt/D974gv07.js'
      at open (node:internal/fs/promises:641:25)
      at Object.readFile (node:internal/fs/promises:1245:14)
      at Object.handler (file:///Users/hf-mac/Downloads/tgpro-admin/.output/server/chunks/nitro/nitro.mjs:1959:19)
      at Server.toNodeHandle (file:///Users/hf-mac/Downloads/tgpro-admin/.output/server/chunks/nitro/nitro.mjs:2230:7) {
    errno: -2,
    code: 'ENOENT',
    syscall: 'open',
    path: '/Users/hf-mac/Downloads/tgpro-admin/.output/public/_nuxt/D974gv07.js'
  },
  statusCode: 500,
  fatal: false,
  unhandled: true,
  statusMessage: undefined,
  data: undefined
}
2025-11-05T02:30:48: [request error] [unhandled] [GET] http://localhost:3000/_nuxt/D32lUId-.js
 H3Error: ENOENT: no such file or directory, open '/Users/hf-mac/Downloads/tgpro-admin/.output/public/_nuxt/D32lUId-.js'
    at open (node:internal/fs/promises:641:25)
    ... 2 lines matching cause stack trace ...
    at Server.toNodeHandle (file:///Users/hf-mac/Downloads/tgpro-admin/.output/server/chunks/nitro/nitro.mjs:2230:7) {
  cause: Error: ENOENT: no such file or directory, open '/Users/hf-mac/Downloads/tgpro-admin/.output/public/_nuxt/D32lUId-.js'
      at open (node:internal/fs/promises:641:25)
      at Object.readFile (node:internal/fs/promises:1245:14)
      at Object.handler (file:///Users/hf-mac/Downloads/tgpro-admin/.output/server/chunks/nitro/nitro.mjs:1959:19)
      at Server.toNodeHandle (file:///Users/hf-mac/Downloads/tgpro-admin/.output/server/chunks/nitro/nitro.mjs:2230:7) {
    errno: -2,
    code: 'ENOENT',
    syscall: 'open',
    path: '/Users/hf-mac/Downloads/tgpro-admin/.output/public/_nuxt/D32lUId-.js'
  },
  statusCode: 500,
  fatal: false,
  unhandled: true,
  statusMessage: undefined,
  data: undefined
}
2025-11-05T02:30:48: [request error] [unhandled] [GET] http://localhost:3000/_nuxt/CetYVyQG.js
 H3Error: ENOENT: no such file or directory, open '/Users/hf-mac/Downloads/tgpro-admin/.output/public/_nuxt/CetYVyQG.js'
    at open (node:internal/fs/promises:641:25)
    ... 2 lines matching cause stack trace ...
    at Server.toNodeHandle (file:///Users/hf-mac/Downloads/tgpro-admin/.output/server/chunks/nitro/nitro.mjs:2230:7) {
  cause: Error: ENOENT: no such file or directory, open '/Users/hf-mac/Downloads/tgpro-admin/.output/public/_nuxt/CetYVyQG.js'
      at open (node:internal/fs/promises:641:25)
      at Object.readFile (node:internal/fs/promises:1245:14)
      at Object.handler (file:///Users/hf-mac/Downloads/tgpro-admin/.output/server/chunks/nitro/nitro.mjs:1959:19)
      at Server.toNodeHandle (file:///Users/hf-mac/Downloads/tgpro-admin/.output/server/chunks/nitro/nitro.mjs:2230:7) {
    errno: -2,
    code: 'ENOENT',
    syscall: 'open',
    path: '/Users/hf-mac/Downloads/tgpro-admin/.output/public/_nuxt/CetYVyQG.js'
  },
  statusCode: 500,
  fatal: false,
  unhandled: true,
  statusMessage: undefined,
  data: undefined
}
2025-11-05T02:30:48: [request error] [unhandled] [GET] http://localhost:3000/_nuxt/Db7eFA1E.js
 H3Error: ENOENT: no such file or directory, open '/Users/hf-mac/Downloads/tgpro-admin/.output/public/_nuxt/Db7eFA1E.js'
    at open (node:internal/fs/promises:641:25)
    ... 2 lines matching cause stack trace ...
    at Server.toNodeHandle (file:///Users/hf-mac/Downloads/tgpro-admin/.output/server/chunks/nitro/nitro.mjs:2230:7) {
  cause: Error: ENOENT: no such file or directory, open '/Users/hf-mac/Downloads/tgpro-admin/.output/public/_nuxt/Db7eFA1E.js'
      at open (node:internal/fs/promises:641:25)
      at Object.readFile (node:internal/fs/promises:1245:14)
      at Object.handler (file:///Users/hf-mac/Downloads/tgpro-admin/.output/server/chunks/nitro/nitro.mjs:1959:19)
      at Server.toNodeHandle (file:///Users/hf-mac/Downloads/tgpro-admin/.output/server/chunks/nitro/nitro.mjs:2230:7) {
    errno: -2,
    code: 'ENOENT',
    syscall: 'open',
    path: '/Users/hf-mac/Downloads/tgpro-admin/.output/public/_nuxt/Db7eFA1E.js'
  },
  statusCode: 500,
  fatal: false,
  unhandled: true,
  statusMessage: undefined,
  data: undefined
}
2025-11-05T02:30:48: [request error] [unhandled] [GET] http://localhost:3000/_nuxt/DAr-OQmd.js
 H3Error: ENOENT: no such file or directory, open '/Users/hf-mac/Downloads/tgpro-admin/.output/public/_nuxt/DAr-OQmd.js'
    at open (node:internal/fs/promises:641:25)
    ... 2 lines matching cause stack trace ...
    at Server.toNodeHandle (file:///Users/hf-mac/Downloads/tgpro-admin/.output/server/chunks/nitro/nitro.mjs:2230:7) {
  cause: Error: ENOENT: no such file or directory, open '/Users/hf-mac/Downloads/tgpro-admin/.output/public/_nuxt/DAr-OQmd.js'
      at open (node:internal/fs/promises:641:25)
      at Object.readFile (node:internal/fs/promises:1245:14)
      at Object.handler (file:///Users/hf-mac/Downloads/tgpro-admin/.output/server/chunks/nitro/nitro.mjs:1959:19)
      at Server.toNodeHandle (file:///Users/hf-mac/Downloads/tgpro-admin/.output/server/chunks/nitro/nitro.mjs:2230:7) {
    errno: -2,
    code: 'ENOENT',
    syscall: 'open',
    path: '/Users/hf-mac/Downloads/tgpro-admin/.output/public/_nuxt/DAr-OQmd.js'
  },
  statusCode: 500,
  fatal: false,
  unhandled: true,
  statusMessage: undefined,
  data: undefined
}
2025-11-05T02:30:48: [request error] [unhandled] [GET] http://localhost:3000/_nuxt/Bdz-sLfb.js
 H3Error: ENOENT: no such file or directory, open '/Users/hf-mac/Downloads/tgpro-admin/.output/public/_nuxt/Bdz-sLfb.js'
    at open (node:internal/fs/promises:641:25)
    ... 2 lines matching cause stack trace ...
    at Server.toNodeHandle (file:///Users/hf-mac/Downloads/tgpro-admin/.output/server/chunks/nitro/nitro.mjs:2230:7) {
  cause: Error: ENOENT: no such file or directory, open '/Users/hf-mac/Downloads/tgpro-admin/.output/public/_nuxt/Bdz-sLfb.js'
      at open (node:internal/fs/promises:641:25)
      at Object.readFile (node:internal/fs/promises:1245:14)
      at Object.handler (file:///Users/hf-mac/Downloads/tgpro-admin/.output/server/chunks/nitro/nitro.mjs:1959:19)
      at Server.toNodeHandle (file:///Users/hf-mac/Downloads/tgpro-admin/.output/server/chunks/nitro/nitro.mjs:2230:7) {
    errno: -2,
    code: 'ENOENT',
    syscall: 'open',
    path: '/Users/hf-mac/Downloads/tgpro-admin/.output/public/_nuxt/Bdz-sLfb.js'
  },
  statusCode: 500,
  fatal: false,
  unhandled: true,
  statusMessage: undefined,
  data: undefined
}
2025-11-05T02:30:48: [request error] [unhandled] [GET] http://localhost:3000/_nuxt/BTgB1rvp.js
 H3Error: ENOENT: no such file or directory, open '/Users/hf-mac/Downloads/tgpro-admin/.output/public/_nuxt/BTgB1rvp.js'
    at open (node:internal/fs/promises:641:25)
    ... 2 lines matching cause stack trace ...
    at Server.toNodeHandle (file:///Users/hf-mac/Downloads/tgpro-admin/.output/server/chunks/nitro/nitro.mjs:2230:7) {
  cause: Error: ENOENT: no such file or directory, open '/Users/hf-mac/Downloads/tgpro-admin/.output/public/_nuxt/BTgB1rvp.js'
      at open (node:internal/fs/promises:641:25)
      at Object.readFile (node:internal/fs/promises:1245:14)
      at Object.handler (file:///Users/hf-mac/Downloads/tgpro-admin/.output/server/chunks/nitro/nitro.mjs:1959:19)
      at Server.toNodeHandle (file:///Users/hf-mac/Downloads/tgpro-admin/.output/server/chunks/nitro/nitro.mjs:2230:7) {
    errno: -2,
    code: 'ENOENT',
    syscall: 'open',
    path: '/Users/hf-mac/Downloads/tgpro-admin/.output/public/_nuxt/BTgB1rvp.js'
  },
  statusCode: 500,
  fatal: false,
  unhandled: true,
  statusMessage: undefined,
  data: undefined
}
2025-11-05T02:30:48: [request error] [unhandled] [GET] http://localhost:3000/_nuxt/DcHNM1Xn.js
 H3Error: ENOENT: no such file or directory, open '/Users/hf-mac/Downloads/tgpro-admin/.output/public/_nuxt/DcHNM1Xn.js'
    at open (node:internal/fs/promises:641:25)
    ... 2 lines matching cause stack trace ...
    at Server.toNodeHandle (file:///Users/hf-mac/Downloads/tgpro-admin/.output/server/chunks/nitro/nitro.mjs:2230:7) {
  cause: Error: ENOENT: no such file or directory, open '/Users/hf-mac/Downloads/tgpro-admin/.output/public/_nuxt/DcHNM1Xn.js'
      at open (node:internal/fs/promises:641:25)
      at Object.readFile (node:internal/fs/promises:1245:14)
      at Object.handler (file:///Users/hf-mac/Downloads/tgpro-admin/.output/server/chunks/nitro/nitro.mjs:1959:19)
      at Server.toNodeHandle (file:///Users/hf-mac/Downloads/tgpro-admin/.output/server/chunks/nitro/nitro.mjs:2230:7) {
    errno: -2,
    code: 'ENOENT',
    syscall: 'open',
    path: '/Users/hf-mac/Downloads/tgpro-admin/.output/public/_nuxt/DcHNM1Xn.js'
  },
  statusCode: 500,
  fatal: false,
  unhandled: true,
  statusMessage: undefined,
  data: undefined
}
2025-11-05T02:30:48: [request error] [unhandled] [GET] http://localhost:3000/_nuxt/CXT04lNs.js
 H3Error: ENOENT: no such file or directory, open '/Users/hf-mac/Downloads/tgpro-admin/.output/public/_nuxt/CXT04lNs.js'
    at open (node:internal/fs/promises:641:25)
    ... 2 lines matching cause stack trace ...
    at Server.toNodeHandle (file:///Users/hf-mac/Downloads/tgpro-admin/.output/server/chunks/nitro/nitro.mjs:2230:7) {
  cause: Error: ENOENT: no such file or directory, open '/Users/hf-mac/Downloads/tgpro-admin/.output/public/_nuxt/CXT04lNs.js'
      at open (node:internal/fs/promises:641:25)
      at Object.readFile (node:internal/fs/promises:1245:14)
      at Object.handler (file:///Users/hf-mac/Downloads/tgpro-admin/.output/server/chunks/nitro/nitro.mjs:1959:19)
      at Server.toNodeHandle (file:///Users/hf-mac/Downloads/tgpro-admin/.output/server/chunks/nitro/nitro.mjs:2230:7) {
    errno: -2,
    code: 'ENOENT',
    syscall: 'open',
    path: '/Users/hf-mac/Downloads/tgpro-admin/.output/public/_nuxt/CXT04lNs.js'
  },
  statusCode: 500,
  fatal: false,
  unhandled: true,
  statusMessage: undefined,
  data: undefined
}
2025-11-05T02:30:48: [request error] [unhandled] [GET] http://localhost:3000/_nuxt/C4xQaJXR.js
 H3Error: ENOENT: no such file or directory, open '/Users/hf-mac/Downloads/tgpro-admin/.output/public/_nuxt/C4xQaJXR.js'
    at open (node:internal/fs/promises:641:25)
    ... 2 lines matching cause stack trace ...
    at Server.toNodeHandle (file:///Users/hf-mac/Downloads/tgpro-admin/.output/server/chunks/nitro/nitro.mjs:2230:7) {
  cause: Error: ENOENT: no such file or directory, open '/Users/hf-mac/Downloads/tgpro-admin/.output/public/_nuxt/C4xQaJXR.js'
      at open (node:internal/fs/promises:641:25)
      at Object.readFile (node:internal/fs/promises:1245:14)
      at Object.handler (file:///Users/hf-mac/Downloads/tgpro-admin/.output/server/chunks/nitro/nitro.mjs:1959:19)
      at Server.toNodeHandle (file:///Users/hf-mac/Downloads/tgpro-admin/.output/server/chunks/nitro/nitro.mjs:2230:7) {
    errno: -2,
    code: 'ENOENT',
    syscall: 'open',
    path: '/Users/hf-mac/Downloads/tgpro-admin/.output/public/_nuxt/C4xQaJXR.js'
  },
  statusCode: 500,
  fatal: false,
  unhandled: true,
  statusMessage: undefined,
  data: undefined
}
2025-11-05T02:30:48: [request error] [unhandled] [GET] http://localhost:3000/_nuxt/builds/meta/db489c3b-20ab-405c-96a2-98b632ec7da6.json
 H3Error: ENOENT: no such file or directory, open '/Users/hf-mac/Downloads/tgpro-admin/.output/public/_nuxt/builds/meta/db489c3b-20ab-405c-96a2-98b632ec7da6.json'
    at open (node:internal/fs/promises:641:25)
    ... 2 lines matching cause stack trace ...
    at Server.toNodeHandle (file:///Users/hf-mac/Downloads/tgpro-admin/.output/server/chunks/nitro/nitro.mjs:2230:7) {
  cause: Error: ENOENT: no such file or directory, open '/Users/hf-mac/Downloads/tgpro-admin/.output/public/_nuxt/builds/meta/db489c3b-20ab-405c-96a2-98b632ec7da6.json'
      at open (node:internal/fs/promises:641:25)
      at Object.readFile (node:internal/fs/promises:1245:14)
      at Object.handler (file:///Users/hf-mac/Downloads/tgpro-admin/.output/server/chunks/nitro/nitro.mjs:1959:19)
      at Server.toNodeHandle (file:///Users/hf-mac/Downloads/tgpro-admin/.output/server/chunks/nitro/nitro.mjs:2230:7) {
    errno: -2,
    code: 'ENOENT',
    syscall: 'open',
    path: '/Users/hf-mac/Downloads/tgpro-admin/.output/public/_nuxt/builds/meta/db489c3b-20ab-405c-96a2-98b632ec7da6.json'
  },
  statusCode: 500,
  fatal: false,
  unhandled: true,
  statusMessage: undefined,
  data: undefined
}
2025-11-05T02:30:48: [request error] [unhandled] [GET] http://localhost:3000/_nuxt/DbAgXtul.js
 H3Error: ENOENT: no such file or directory, open '/Users/hf-mac/Downloads/tgpro-admin/.output/public/_nuxt/DbAgXtul.js'
    at open (node:internal/fs/promises:641:25)
    ... 2 lines matching cause stack trace ...
    at Server.toNodeHandle (file:///Users/hf-mac/Downloads/tgpro-admin/.output/server/chunks/nitro/nitro.mjs:2230:7) {
  cause: Error: ENOENT: no such file or directory, open '/Users/hf-mac/Downloads/tgpro-admin/.output/public/_nuxt/DbAgXtul.js'
      at open (node:internal/fs/promises:641:25)
      at Object.readFile (node:internal/fs/promises:1245:14)
      at Object.handler (file:///Users/hf-mac/Downloads/tgpro-admin/.output/server/chunks/nitro/nitro.mjs:1959:19)
      at Server.toNodeHandle (file:///Users/hf-mac/Downloads/tgpro-admin/.output/server/chunks/nitro/nitro.mjs:2230:7) {
    errno: -2,
    code: 'ENOENT',
    syscall: 'open',
    path: '/Users/hf-mac/Downloads/tgpro-admin/.output/public/_nuxt/DbAgXtul.js'
  },
  statusCode: 500,
  fatal: false,
  unhandled: true,
  statusMessage: undefined,
  data: undefined
}
2025-11-05T02:30:48: [request error] [unhandled] [GET] http://localhost:3000/_nuxt/DpNIWReE.js
 H3Error: ENOENT: no such file or directory, open '/Users/hf-mac/Downloads/tgpro-admin/.output/public/_nuxt/DpNIWReE.js'
    at open (node:internal/fs/promises:641:25)
    ... 2 lines matching cause stack trace ...
    at Server.toNodeHandle (file:///Users/hf-mac/Downloads/tgpro-admin/.output/server/chunks/nitro/nitro.mjs:2230:7) {
  cause: Error: ENOENT: no such file or directory, open '/Users/hf-mac/Downloads/tgpro-admin/.output/public/_nuxt/DpNIWReE.js'
      at open (node:internal/fs/promises:641:25)
      at Object.readFile (node:internal/fs/promises:1245:14)
      at Object.handler (file:///Users/hf-mac/Downloads/tgpro-admin/.output/server/chunks/nitro/nitro.mjs:1959:19)
      at Server.toNodeHandle (file:///Users/hf-mac/Downloads/tgpro-admin/.output/server/chunks/nitro/nitro.mjs:2230:7) {
    errno: -2,
    code: 'ENOENT',
    syscall: 'open',
    path: '/Users/hf-mac/Downloads/tgpro-admin/.output/public/_nuxt/DpNIWReE.js'
  },
  statusCode: 500,
  fatal: false,
  unhandled: true,
  statusMessage: undefined,
  data: undefined
}
2025-11-05T02:30:48: [request error] [unhandled] [GET] http://localhost:3000/_nuxt/D_B5nL8y.js
 H3Error: ENOENT: no such file or directory, open '/Users/hf-mac/Downloads/tgpro-admin/.output/public/_nuxt/D_B5nL8y.js'
    at open (node:internal/fs/promises:641:25)
    ... 2 lines matching cause stack trace ...
    at Server.toNodeHandle (file:///Users/hf-mac/Downloads/tgpro-admin/.output/server/chunks/nitro/nitro.mjs:2230:7) {
  cause: Error: ENOENT: no such file or directory, open '/Users/hf-mac/Downloads/tgpro-admin/.output/public/_nuxt/D_B5nL8y.js'
      at open (node:internal/fs/promises:641:25)
      at Object.readFile (node:internal/fs/promises:1245:14)
      at Object.handler (file:///Users/hf-mac/Downloads/tgpro-admin/.output/server/chunks/nitro/nitro.mjs:1959:19)
      at Server.toNodeHandle (file:///Users/hf-mac/Downloads/tgpro-admin/.output/server/chunks/nitro/nitro.mjs:2230:7) {
    errno: -2,
    code: 'ENOENT',
    syscall: 'open',
    path: '/Users/hf-mac/Downloads/tgpro-admin/.output/public/_nuxt/D_B5nL8y.js'
  },
  statusCode: 500,
  fatal: false,
  unhandled: true,
  statusMessage: undefined,
  data: undefined
}
2025-11-05T02:30:48: [request error] [unhandled] [GET] http://localhost:3000/_nuxt/Bl84yrz9.js
 H3Error: ENOENT: no such file or directory, open '/Users/hf-mac/Downloads/tgpro-admin/.output/public/_nuxt/Bl84yrz9.js'
    at open (node:internal/fs/promises:641:25)
    ... 2 lines matching cause stack trace ...
    at Server.toNodeHandle (file:///Users/hf-mac/Downloads/tgpro-admin/.output/server/chunks/nitro/nitro.mjs:2230:7) {
  cause: Error: ENOENT: no such file or directory, open '/Users/hf-mac/Downloads/tgpro-admin/.output/public/_nuxt/Bl84yrz9.js'
      at open (node:internal/fs/promises:641:25)
      at Object.readFile (node:internal/fs/promises:1245:14)
      at Object.handler (file:///Users/hf-mac/Downloads/tgpro-admin/.output/server/chunks/nitro/nitro.mjs:1959:19)
      at Server.toNodeHandle (file:///Users/hf-mac/Downloads/tgpro-admin/.output/server/chunks/nitro/nitro.mjs:2230:7) {
    errno: -2,
    code: 'ENOENT',
    syscall: 'open',
    path: '/Users/hf-mac/Downloads/tgpro-admin/.output/public/_nuxt/Bl84yrz9.js'
  },
  statusCode: 500,
  fatal: false,
  unhandled: true,
  statusMessage: undefined,
  data: undefined
}
2025-11-05T02:30:48: [request error] [unhandled] [GET] http://localhost:3000/_nuxt/D974gv07.js
 H3Error: ENOENT: no such file or directory, open '/Users/hf-mac/Downloads/tgpro-admin/.output/public/_nuxt/D974gv07.js'
    at open (node:internal/fs/promises:641:25)
    ... 2 lines matching cause stack trace ...
    at Server.toNodeHandle (file:///Users/hf-mac/Downloads/tgpro-admin/.output/server/chunks/nitro/nitro.mjs:2230:7) {
  cause: Error: ENOENT: no such file or directory, open '/Users/hf-mac/Downloads/tgpro-admin/.output/public/_nuxt/D974gv07.js'
      at open (node:internal/fs/promises:641:25)
      at Object.readFile (node:internal/fs/promises:1245:14)
      at Object.handler (file:///Users/hf-mac/Downloads/tgpro-admin/.output/server/chunks/nitro/nitro.mjs:1959:19)
      at Server.toNodeHandle (file:///Users/hf-mac/Downloads/tgpro-admin/.output/server/chunks/nitro/nitro.mjs:2230:7) {
    errno: -2,
    code: 'ENOENT',
    syscall: 'open',
    path: '/Users/hf-mac/Downloads/tgpro-admin/.output/public/_nuxt/D974gv07.js'
  },
  statusCode: 500,
  fatal: false,
  unhandled: true,
  statusMessage: undefined,
  data: undefined
}
2025-11-05T02:30:48: [request error] [unhandled] [GET] http://localhost:3000/_nuxt/D32lUId-.js
 H3Error: ENOENT: no such file or directory, open '/Users/hf-mac/Downloads/tgpro-admin/.output/public/_nuxt/D32lUId-.js'
    at open (node:internal/fs/promises:641:25)
    ... 2 lines matching cause stack trace ...
    at Server.toNodeHandle (file:///Users/hf-mac/Downloads/tgpro-admin/.output/server/chunks/nitro/nitro.mjs:2230:7) {
  cause: Error: ENOENT: no such file or directory, open '/Users/hf-mac/Downloads/tgpro-admin/.output/public/_nuxt/D32lUId-.js'
      at open (node:internal/fs/promises:641:25)
      at Object.readFile (node:internal/fs/promises:1245:14)
      at Object.handler (file:///Users/hf-mac/Downloads/tgpro-admin/.output/server/chunks/nitro/nitro.mjs:1959:19)
      at Server.toNodeHandle (file:///Users/hf-mac/Downloads/tgpro-admin/.output/server/chunks/nitro/nitro.mjs:2230:7) {
    errno: -2,
    code: 'ENOENT',
    syscall: 'open',
    path: '/Users/hf-mac/Downloads/tgpro-admin/.output/public/_nuxt/D32lUId-.js'
  },
  statusCode: 500,
  fatal: false,
  unhandled: true,
  statusMessage: undefined,
  data: undefined
}
2025-11-05T02:30:48: [request error] [unhandled] [GET] http://localhost:3000/_nuxt/CetYVyQG.js
 H3Error: ENOENT: no such file or directory, open '/Users/hf-mac/Downloads/tgpro-admin/.output/public/_nuxt/CetYVyQG.js'
    at open (node:internal/fs/promises:641:25)
    ... 2 lines matching cause stack trace ...
    at Server.toNodeHandle (file:///Users/hf-mac/Downloads/tgpro-admin/.output/server/chunks/nitro/nitro.mjs:2230:7) {
  cause: Error: ENOENT: no such file or directory, open '/Users/hf-mac/Downloads/tgpro-admin/.output/public/_nuxt/CetYVyQG.js'
      at open (node:internal/fs/promises:641:25)
      at Object.readFile (node:internal/fs/promises:1245:14)
      at Object.handler (file:///Users/hf-mac/Downloads/tgpro-admin/.output/server/chunks/nitro/nitro.mjs:1959:19)
      at Server.toNodeHandle (file:///Users/hf-mac/Downloads/tgpro-admin/.output/server/chunks/nitro/nitro.mjs:2230:7) {
    errno: -2,
    code: 'ENOENT',
    syscall: 'open',
    path: '/Users/hf-mac/Downloads/tgpro-admin/.output/public/_nuxt/CetYVyQG.js'
  },
  statusCode: 500,
  fatal: false,
  unhandled: true,
  statusMessage: undefined,
  data: undefined
}
2025-11-05T02:30:48: [request error] [unhandled] [GET] http://localhost:3000/_nuxt/Db7eFA1E.js
 H3Error: ENOENT: no such file or directory, open '/Users/hf-mac/Downloads/tgpro-admin/.output/public/_nuxt/Db7eFA1E.js'
    at open (node:internal/fs/promises:641:25)
    ... 2 lines matching cause stack trace ...
    at Server.toNodeHandle (file:///Users/hf-mac/Downloads/tgpro-admin/.output/server/chunks/nitro/nitro.mjs:2230:7) {
  cause: Error: ENOENT: no such file or directory, open '/Users/hf-mac/Downloads/tgpro-admin/.output/public/_nuxt/Db7eFA1E.js'
      at open (node:internal/fs/promises:641:25)
      at Object.readFile (node:internal/fs/promises:1245:14)
      at Object.handler (file:///Users/hf-mac/Downloads/tgpro-admin/.output/server/chunks/nitro/nitro.mjs:1959:19)
      at Server.toNodeHandle (file:///Users/hf-mac/Downloads/tgpro-admin/.output/server/chunks/nitro/nitro.mjs:2230:7) {
    errno: -2,
    code: 'ENOENT',
    syscall: 'open',
    path: '/Users/hf-mac/Downloads/tgpro-admin/.output/public/_nuxt/Db7eFA1E.js'
  },
  statusCode: 500,
  fatal: false,
  unhandled: true,
  statusMessage: undefined,
  data: undefined
}
2025-11-05T02:30:48: [request error] [unhandled] [GET] http://localhost:3000/_nuxt/DAr-OQmd.js
 H3Error: ENOENT: no such file or directory, open '/Users/hf-mac/Downloads/tgpro-admin/.output/public/_nuxt/DAr-OQmd.js'
    at open (node:internal/fs/promises:641:25)
    ... 2 lines matching cause stack trace ...
    at Server.toNodeHandle (file:///Users/hf-mac/Downloads/tgpro-admin/.output/server/chunks/nitro/nitro.mjs:2230:7) {
  cause: Error: ENOENT: no such file or directory, open '/Users/hf-mac/Downloads/tgpro-admin/.output/public/_nuxt/DAr-OQmd.js'
      at open (node:internal/fs/promises:641:25)
      at Object.readFile (node:internal/fs/promises:1245:14)
      at Object.handler (file:///Users/hf-mac/Downloads/tgpro-admin/.output/server/chunks/nitro/nitro.mjs:1959:19)
      at Server.toNodeHandle (file:///Users/hf-mac/Downloads/tgpro-admin/.output/server/chunks/nitro/nitro.mjs:2230:7) {
    errno: -2,
    code: 'ENOENT',
    syscall: 'open',
    path: '/Users/hf-mac/Downloads/tgpro-admin/.output/public/_nuxt/DAr-OQmd.js'
  },
  statusCode: 500,
  fatal: false,
  unhandled: true,
  statusMessage: undefined,
  data: undefined
}
2025-11-05T02:30:48: [request error] [unhandled] [GET] http://localhost:3000/_nuxt/Bdz-sLfb.js
 H3Error: ENOENT: no such file or directory, open '/Users/hf-mac/Downloads/tgpro-admin/.output/public/_nuxt/Bdz-sLfb.js'
    at open (node:internal/fs/promises:641:25)
    ... 2 lines matching cause stack trace ...
    at Server.toNodeHandle (file:///Users/hf-mac/Downloads/tgpro-admin/.output/server/chunks/nitro/nitro.mjs:2230:7) {
  cause: Error: ENOENT: no such file or directory, open '/Users/hf-mac/Downloads/tgpro-admin/.output/public/_nuxt/Bdz-sLfb.js'
      at open (node:internal/fs/promises:641:25)
      at Object.readFile (node:internal/fs/promises:1245:14)
      at Object.handler (file:///Users/hf-mac/Downloads/tgpro-admin/.output/server/chunks/nitro/nitro.mjs:1959:19)
      at Server.toNodeHandle (file:///Users/hf-mac/Downloads/tgpro-admin/.output/server/chunks/nitro/nitro.mjs:2230:7) {
    errno: -2,
    code: 'ENOENT',
    syscall: 'open',
    path: '/Users/hf-mac/Downloads/tgpro-admin/.output/public/_nuxt/Bdz-sLfb.js'
  },
  statusCode: 500,
  fatal: false,
  unhandled: true,
  statusMessage: undefined,
  data: undefined
}
2025-11-05T02:30:48: [request error] [unhandled] [GET] http://localhost:3000/_nuxt/BTgB1rvp.js
 H3Error: ENOENT: no such file or directory, open '/Users/hf-mac/Downloads/tgpro-admin/.output/public/_nuxt/BTgB1rvp.js'
    at open (node:internal/fs/promises:641:25)
    ... 2 lines matching cause stack trace ...
    at Server.toNodeHandle (file:///Users/hf-mac/Downloads/tgpro-admin/.output/server/chunks/nitro/nitro.mjs:2230:7) {
  cause: Error: ENOENT: no such file or directory, open '/Users/hf-mac/Downloads/tgpro-admin/.output/public/_nuxt/BTgB1rvp.js'
      at open (node:internal/fs/promises:641:25)
      at Object.readFile (node:internal/fs/promises:1245:14)
      at Object.handler (file:///Users/hf-mac/Downloads/tgpro-admin/.output/server/chunks/nitro/nitro.mjs:1959:19)
      at Server.toNodeHandle (file:///Users/hf-mac/Downloads/tgpro-admin/.output/server/chunks/nitro/nitro.mjs:2230:7) {
    errno: -2,
    code: 'ENOENT',
    syscall: 'open',
    path: '/Users/hf-mac/Downloads/tgpro-admin/.output/public/_nuxt/BTgB1rvp.js'
  },
  statusCode: 500,
  fatal: false,
  unhandled: true,
  statusMessage: undefined,
  data: undefined
}
2025-11-05T02:30:48: [request error] [unhandled] [GET] http://localhost:3000/_nuxt/CXT04lNs.js
 H3Error: ENOENT: no such file or directory, open '/Users/hf-mac/Downloads/tgpro-admin/.output/public/_nuxt/CXT04lNs.js'
    at open (node:internal/fs/promises:641:25)
    ... 2 lines matching cause stack trace ...
    at Server.toNodeHandle (file:///Users/hf-mac/Downloads/tgpro-admin/.output/server/chunks/nitro/nitro.mjs:2230:7) {
  cause: Error: ENOENT: no such file or directory, open '/Users/hf-mac/Downloads/tgpro-admin/.output/public/_nuxt/CXT04lNs.js'
      at open (node:internal/fs/promises:641:25)
      at Object.readFile (node:internal/fs/promises:1245:14)
      at Object.handler (file:///Users/hf-mac/Downloads/tgpro-admin/.output/server/chunks/nitro/nitro.mjs:1959:19)
      at Server.toNodeHandle (file:///Users/hf-mac/Downloads/tgpro-admin/.output/server/chunks/nitro/nitro.mjs:2230:7) {
    errno: -2,
    code: 'ENOENT',
    syscall: 'open',
    path: '/Users/hf-mac/Downloads/tgpro-admin/.output/public/_nuxt/CXT04lNs.js'
  },
  statusCode: 500,
  fatal: false,
  unhandled: true,
  statusMessage: undefined,
  data: undefined
}
2025-11-05T02:30:48: [request error] [unhandled] [GET] http://localhost:3000/_nuxt/DcHNM1Xn.js
 H3Error: ENOENT: no such file or directory, open '/Users/hf-mac/Downloads/tgpro-admin/.output/public/_nuxt/DcHNM1Xn.js'
    at open (node:internal/fs/promises:641:25)
    ... 2 lines matching cause stack trace ...
    at Server.toNodeHandle (file:///Users/hf-mac/Downloads/tgpro-admin/.output/server/chunks/nitro/nitro.mjs:2230:7) {
  cause: Error: ENOENT: no such file or directory, open '/Users/hf-mac/Downloads/tgpro-admin/.output/public/_nuxt/DcHNM1Xn.js'
      at open (node:internal/fs/promises:641:25)
      at Object.readFile (node:internal/fs/promises:1245:14)
      at Object.handler (file:///Users/hf-mac/Downloads/tgpro-admin/.output/server/chunks/nitro/nitro.mjs:1959:19)
      at Server.toNodeHandle (file:///Users/hf-mac/Downloads/tgpro-admin/.output/server/chunks/nitro/nitro.mjs:2230:7) {
    errno: -2,
    code: 'ENOENT',
    syscall: 'open',
    path: '/Users/hf-mac/Downloads/tgpro-admin/.output/public/_nuxt/DcHNM1Xn.js'
  },
  statusCode: 500,
  fatal: false,
  unhandled: true,
  statusMessage: undefined,
  data: undefined
}
2025-11-05T02:30:48: [request error] [unhandled] [GET] http://localhost:3000/_nuxt/builds/meta/db489c3b-20ab-405c-96a2-98b632ec7da6.json
 H3Error: ENOENT: no such file or directory, open '/Users/hf-mac/Downloads/tgpro-admin/.output/public/_nuxt/builds/meta/db489c3b-20ab-405c-96a2-98b632ec7da6.json'
    at open (node:internal/fs/promises:641:25)
    ... 2 lines matching cause stack trace ...
    at Server.toNodeHandle (file:///Users/hf-mac/Downloads/tgpro-admin/.output/server/chunks/nitro/nitro.mjs:2230:7) {
  cause: Error: ENOENT: no such file or directory, open '/Users/hf-mac/Downloads/tgpro-admin/.output/public/_nuxt/builds/meta/db489c3b-20ab-405c-96a2-98b632ec7da6.json'
      at open (node:internal/fs/promises:641:25)
      at Object.readFile (node:internal/fs/promises:1245:14)
      at Object.handler (file:///Users/hf-mac/Downloads/tgpro-admin/.output/server/chunks/nitro/nitro.mjs:1959:19)
      at Server.toNodeHandle (file:///Users/hf-mac/Downloads/tgpro-admin/.output/server/chunks/nitro/nitro.mjs:2230:7) {
    errno: -2,
    code: 'ENOENT',
    syscall: 'open',
    path: '/Users/hf-mac/Downloads/tgpro-admin/.output/public/_nuxt/builds/meta/db489c3b-20ab-405c-96a2-98b632ec7da6.json'
  },
  statusCode: 500,
  fatal: false,
  unhandled: true,
  statusMessage: undefined,
  data: undefined
}
2025-11-05T02:30:48: [request error] [unhandled] [GET] http://localhost:3000/_nuxt/DbAgXtul.js
 H3Error: ENOENT: no such file or directory, open '/Users/hf-mac/Downloads/tgpro-admin/.output/public/_nuxt/DbAgXtul.js'
    at open (node:internal/fs/promises:641:25)
    ... 2 lines matching cause stack trace ...
    at Server.toNodeHandle (file:///Users/hf-mac/Downloads/tgpro-admin/.output/server/chunks/nitro/nitro.mjs:2230:7) {
  cause: Error: ENOENT: no such file or directory, open '/Users/hf-mac/Downloads/tgpro-admin/.output/public/_nuxt/DbAgXtul.js'
      at open (node:internal/fs/promises:641:25)
      at Object.readFile (node:internal/fs/promises:1245:14)
      at Object.handler (file:///Users/hf-mac/Downloads/tgpro-admin/.output/server/chunks/nitro/nitro.mjs:1959:19)
      at Server.toNodeHandle (file:///Users/hf-mac/Downloads/tgpro-admin/.output/server/chunks/nitro/nitro.mjs:2230:7) {
    errno: -2,
    code: 'ENOENT',
    syscall: 'open',
    path: '/Users/hf-mac/Downloads/tgpro-admin/.output/public/_nuxt/DbAgXtul.js'
  },
  statusCode: 500,
  fatal: false,
  unhandled: true,
  statusMessage: undefined,
  data: undefined
}
2025-11-05T02:30:48: [request error] [unhandled] [GET] http://localhost:3000/_nuxt/DpNIWReE.js
 H3Error: ENOENT: no such file or directory, open '/Users/hf-mac/Downloads/tgpro-admin/.output/public/_nuxt/DpNIWReE.js'
    at open (node:internal/fs/promises:641:25)
    ... 2 lines matching cause stack trace ...
    at Server.toNodeHandle (file:///Users/hf-mac/Downloads/tgpro-admin/.output/server/chunks/nitro/nitro.mjs:2230:7) {
  cause: Error: ENOENT: no such file or directory, open '/Users/hf-mac/Downloads/tgpro-admin/.output/public/_nuxt/DpNIWReE.js'
      at open (node:internal/fs/promises:641:25)
      at Object.readFile (node:internal/fs/promises:1245:14)
      at Object.handler (file:///Users/hf-mac/Downloads/tgpro-admin/.output/server/chunks/nitro/nitro.mjs:1959:19)
      at Server.toNodeHandle (file:///Users/hf-mac/Downloads/tgpro-admin/.output/server/chunks/nitro/nitro.mjs:2230:7) {
    errno: -2,
    code: 'ENOENT',
    syscall: 'open',
    path: '/Users/hf-mac/Downloads/tgpro-admin/.output/public/_nuxt/DpNIWReE.js'
  },
  statusCode: 500,
  fatal: false,
  unhandled: true,
  statusMessage: undefined,
  data: undefined
}
2025-11-05T02:30:48: [request error] [unhandled] [GET] http://localhost:3000/_nuxt/D_B5nL8y.js
 H3Error: ENOENT: no such file or directory, open '/Users/hf-mac/Downloads/tgpro-admin/.output/public/_nuxt/D_B5nL8y.js'
    at open (node:internal/fs/promises:641:25)
    ... 2 lines matching cause stack trace ...
    at Server.toNodeHandle (file:///Users/hf-mac/Downloads/tgpro-admin/.output/server/chunks/nitro/nitro.mjs:2230:7) {
  cause: Error: ENOENT: no such file or directory, open '/Users/hf-mac/Downloads/tgpro-admin/.output/public/_nuxt/D_B5nL8y.js'
      at open (node:internal/fs/promises:641:25)
      at Object.readFile (node:internal/fs/promises:1245:14)
      at Object.handler (file:///Users/hf-mac/Downloads/tgpro-admin/.output/server/chunks/nitro/nitro.mjs:1959:19)
      at Server.toNodeHandle (file:///Users/hf-mac/Downloads/tgpro-admin/.output/server/chunks/nitro/nitro.mjs:2230:7) {
    errno: -2,
    code: 'ENOENT',
    syscall: 'open',
    path: '/Users/hf-mac/Downloads/tgpro-admin/.output/public/_nuxt/D_B5nL8y.js'
  },
  statusCode: 500,
  fatal: false,
  unhandled: true,
  statusMessage: undefined,
  data: undefined
}
2025-11-05T02:30:48: [request error] [unhandled] [GET] http://localhost:3000/_nuxt/Bl84yrz9.js
 H3Error: ENOENT: no such file or directory, open '/Users/hf-mac/Downloads/tgpro-admin/.output/public/_nuxt/Bl84yrz9.js'
    at open (node:internal/fs/promises:641:25)
    ... 2 lines matching cause stack trace ...
    at Server.toNodeHandle (file:///Users/hf-mac/Downloads/tgpro-admin/.output/server/chunks/nitro/nitro.mjs:2230:7) {
  cause: Error: ENOENT: no such file or directory, open '/Users/hf-mac/Downloads/tgpro-admin/.output/public/_nuxt/Bl84yrz9.js'
      at open (node:internal/fs/promises:641:25)
      at Object.readFile (node:internal/fs/promises:1245:14)
      at Object.handler (file:///Users/hf-mac/Downloads/tgpro-admin/.output/server/chunks/nitro/nitro.mjs:1959:19)
      at Server.toNodeHandle (file:///Users/hf-mac/Downloads/tgpro-admin/.output/server/chunks/nitro/nitro.mjs:2230:7) {
    errno: -2,
    code: 'ENOENT',
    syscall: 'open',
    path: '/Users/hf-mac/Downloads/tgpro-admin/.output/public/_nuxt/Bl84yrz9.js'
  },
  statusCode: 500,
  fatal: false,
  unhandled: true,
  statusMessage: undefined,
  data: undefined
}
2025-11-05T02:30:48: [request error] [unhandled] [GET] http://localhost:3000/_nuxt/D974gv07.js
 H3Error: ENOENT: no such file or directory, open '/Users/hf-mac/Downloads/tgpro-admin/.output/public/_nuxt/D974gv07.js'
    at open (node:internal/fs/promises:641:25)
    ... 2 lines matching cause stack trace ...
    at Server.toNodeHandle (file:///Users/hf-mac/Downloads/tgpro-admin/.output/server/chunks/nitro/nitro.mjs:2230:7) {
  cause: Error: ENOENT: no such file or directory, open '/Users/hf-mac/Downloads/tgpro-admin/.output/public/_nuxt/D974gv07.js'
      at open (node:internal/fs/promises:641:25)
      at Object.readFile (node:internal/fs/promises:1245:14)
      at Object.handler (file:///Users/hf-mac/Downloads/tgpro-admin/.output/server/chunks/nitro/nitro.mjs:1959:19)
      at Server.toNodeHandle (file:///Users/hf-mac/Downloads/tgpro-admin/.output/server/chunks/nitro/nitro.mjs:2230:7) {
    errno: -2,
    code: 'ENOENT',
    syscall: 'open',
    path: '/Users/hf-mac/Downloads/tgpro-admin/.output/public/_nuxt/D974gv07.js'
  },
  statusCode: 500,
  fatal: false,
  unhandled: true,
  statusMessage: undefined,
  data: undefined
}
2025-11-05T02:30:48: [request error] [unhandled] [GET] http://localhost:3000/_nuxt/D32lUId-.js
 H3Error: ENOENT: no such file or directory, open '/Users/hf-mac/Downloads/tgpro-admin/.output/public/_nuxt/D32lUId-.js'
    at open (node:internal/fs/promises:641:25)
    ... 2 lines matching cause stack trace ...
    at Server.toNodeHandle (file:///Users/hf-mac/Downloads/tgpro-admin/.output/server/chunks/nitro/nitro.mjs:2230:7) {
  cause: Error: ENOENT: no such file or directory, open '/Users/hf-mac/Downloads/tgpro-admin/.output/public/_nuxt/D32lUId-.js'
      at open (node:internal/fs/promises:641:25)
      at Object.readFile (node:internal/fs/promises:1245:14)
      at Object.handler (file:///Users/hf-mac/Downloads/tgpro-admin/.output/server/chunks/nitro/nitro.mjs:1959:19)
      at Server.toNodeHandle (file:///Users/hf-mac/Downloads/tgpro-admin/.output/server/chunks/nitro/nitro.mjs:2230:7) {
    errno: -2,
    code: 'ENOENT',
    syscall: 'open',
    path: '/Users/hf-mac/Downloads/tgpro-admin/.output/public/_nuxt/D32lUId-.js'
  },
  statusCode: 500,
  fatal: false,
  unhandled: true,
  statusMessage: undefined,
  data: undefined
}
2025-11-05T02:30:48: [request error] [unhandled] [GET] http://localhost:3000/_nuxt/CetYVyQG.js
 H3Error: ENOENT: no such file or directory, open '/Users/hf-mac/Downloads/tgpro-admin/.output/public/_nuxt/CetYVyQG.js'
    at open (node:internal/fs/promises:641:25)
    ... 2 lines matching cause stack trace ...
    at Server.toNodeHandle (file:///Users/hf-mac/Downloads/tgpro-admin/.output/server/chunks/nitro/nitro.mjs:2230:7) {
  cause: Error: ENOENT: no such file or directory, open '/Users/hf-mac/Downloads/tgpro-admin/.output/public/_nuxt/CetYVyQG.js'
      at open (node:internal/fs/promises:641:25)
      at Object.readFile (node:internal/fs/promises:1245:14)
      at Object.handler (file:///Users/hf-mac/Downloads/tgpro-admin/.output/server/chunks/nitro/nitro.mjs:1959:19)
      at Server.toNodeHandle (file:///Users/hf-mac/Downloads/tgpro-admin/.output/server/chunks/nitro/nitro.mjs:2230:7) {
    errno: -2,
    code: 'ENOENT',
    syscall: 'open',
    path: '/Users/hf-mac/Downloads/tgpro-admin/.output/public/_nuxt/CetYVyQG.js'
  },
  statusCode: 500,
  fatal: false,
  unhandled: true,
  statusMessage: undefined,
  data: undefined
}
2025-11-05T02:30:48: [request error] [unhandled] [GET] http://localhost:3000/_nuxt/Db7eFA1E.js
 H3Error: ENOENT: no such file or directory, open '/Users/hf-mac/Downloads/tgpro-admin/.output/public/_nuxt/Db7eFA1E.js'
    at open (node:internal/fs/promises:641:25)
    ... 2 lines matching cause stack trace ...
    at Server.toNodeHandle (file:///Users/hf-mac/Downloads/tgpro-admin/.output/server/chunks/nitro/nitro.mjs:2230:7) {
  cause: Error: ENOENT: no such file or directory, open '/Users/hf-mac/Downloads/tgpro-admin/.output/public/_nuxt/Db7eFA1E.js'
      at open (node:internal/fs/promises:641:25)
      at Object.readFile (node:internal/fs/promises:1245:14)
      at Object.handler (file:///Users/hf-mac/Downloads/tgpro-admin/.output/server/chunks/nitro/nitro.mjs:1959:19)
      at Server.toNodeHandle (file:///Users/hf-mac/Downloads/tgpro-admin/.output/server/chunks/nitro/nitro.mjs:2230:7) {
    errno: -2,
    code: 'ENOENT',
    syscall: 'open',
    path: '/Users/hf-mac/Downloads/tgpro-admin/.output/public/_nuxt/Db7eFA1E.js'
  },
  statusCode: 500,
  fatal: false,
  unhandled: true,
  statusMessage: undefined,
  data: undefined
}
2025-11-05T02:30:48: [request error] [unhandled] [GET] http://localhost:3000/_nuxt/DAr-OQmd.js
 H3Error: ENOENT: no such file or directory, open '/Users/hf-mac/Downloads/tgpro-admin/.output/public/_nuxt/DAr-OQmd.js'
    at open (node:internal/fs/promises:641:25)
    ... 2 lines matching cause stack trace ...
    at Server.toNodeHandle (file:///Users/hf-mac/Downloads/tgpro-admin/.output/server/chunks/nitro/nitro.mjs:2230:7) {
  cause: Error: ENOENT: no such file or directory, open '/Users/hf-mac/Downloads/tgpro-admin/.output/public/_nuxt/DAr-OQmd.js'
      at open (node:internal/fs/promises:641:25)
      at Object.readFile (node:internal/fs/promises:1245:14)
      at Object.handler (file:///Users/hf-mac/Downloads/tgpro-admin/.output/server/chunks/nitro/nitro.mjs:1959:19)
      at Server.toNodeHandle (file:///Users/hf-mac/Downloads/tgpro-admin/.output/server/chunks/nitro/nitro.mjs:2230:7) {
    errno: -2,
    code: 'ENOENT',
    syscall: 'open',
    path: '/Users/hf-mac/Downloads/tgpro-admin/.output/public/_nuxt/DAr-OQmd.js'
  },
  statusCode: 500,
  fatal: false,
  unhandled: true,
  statusMessage: undefined,
  data: undefined
}
2025-11-05T02:30:48: [request error] [unhandled] [GET] http://localhost:3000/_nuxt/Bdz-sLfb.js
 H3Error: ENOENT: no such file or directory, open '/Users/hf-mac/Downloads/tgpro-admin/.output/public/_nuxt/Bdz-sLfb.js'
    at open (node:internal/fs/promises:641:25)
    ... 2 lines matching cause stack trace ...
    at Server.toNodeHandle (file:///Users/hf-mac/Downloads/tgpro-admin/.output/server/chunks/nitro/nitro.mjs:2230:7) {
  cause: Error: ENOENT: no such file or directory, open '/Users/hf-mac/Downloads/tgpro-admin/.output/public/_nuxt/Bdz-sLfb.js'
      at open (node:internal/fs/promises:641:25)
      at Object.readFile (node:internal/fs/promises:1245:14)
      at Object.handler (file:///Users/hf-mac/Downloads/tgpro-admin/.output/server/chunks/nitro/nitro.mjs:1959:19)
      at Server.toNodeHandle (file:///Users/hf-mac/Downloads/tgpro-admin/.output/server/chunks/nitro/nitro.mjs:2230:7) {
    errno: -2,
    code: 'ENOENT',
    syscall: 'open',
    path: '/Users/hf-mac/Downloads/tgpro-admin/.output/public/_nuxt/Bdz-sLfb.js'
  },
  statusCode: 500,
  fatal: false,
  unhandled: true,
  statusMessage: undefined,
  data: undefined
}
2025-11-05T02:30:48: [request error] [unhandled] [GET] http://localhost:3000/_nuxt/BTgB1rvp.js
 H3Error: ENOENT: no such file or directory, open '/Users/hf-mac/Downloads/tgpro-admin/.output/public/_nuxt/BTgB1rvp.js'
    at open (node:internal/fs/promises:641:25)
    ... 2 lines matching cause stack trace ...
    at Server.toNodeHandle (file:///Users/hf-mac/Downloads/tgpro-admin/.output/server/chunks/nitro/nitro.mjs:2230:7) {
  cause: Error: ENOENT: no such file or directory, open '/Users/hf-mac/Downloads/tgpro-admin/.output/public/_nuxt/BTgB1rvp.js'
      at open (node:internal/fs/promises:641:25)
      at Object.readFile (node:internal/fs/promises:1245:14)
      at Object.handler (file:///Users/hf-mac/Downloads/tgpro-admin/.output/server/chunks/nitro/nitro.mjs:1959:19)
      at Server.toNodeHandle (file:///Users/hf-mac/Downloads/tgpro-admin/.output/server/chunks/nitro/nitro.mjs:2230:7) {
    errno: -2,
    code: 'ENOENT',
    syscall: 'open',
    path: '/Users/hf-mac/Downloads/tgpro-admin/.output/public/_nuxt/BTgB1rvp.js'
  },
  statusCode: 500,
  fatal: false,
  unhandled: true,
  statusMessage: undefined,
  data: undefined
}
2025-11-05T02:30:48: [request error] [unhandled] [GET] http://localhost:3000/_nuxt/CXT04lNs.js
 H3Error: ENOENT: no such file or directory, open '/Users/hf-mac/Downloads/tgpro-admin/.output/public/_nuxt/CXT04lNs.js'
    at open (node:internal/fs/promises:641:25)
    ... 2 lines matching cause stack trace ...
    at Server.toNodeHandle (file:///Users/hf-mac/Downloads/tgpro-admin/.output/server/chunks/nitro/nitro.mjs:2230:7) {
  cause: Error: ENOENT: no such file or directory, open '/Users/hf-mac/Downloads/tgpro-admin/.output/public/_nuxt/CXT04lNs.js'
      at open (node:internal/fs/promises:641:25)
      at Object.readFile (node:internal/fs/promises:1245:14)
      at Object.handler (file:///Users/hf-mac/Downloads/tgpro-admin/.output/server/chunks/nitro/nitro.mjs:1959:19)
      at Server.toNodeHandle (file:///Users/hf-mac/Downloads/tgpro-admin/.output/server/chunks/nitro/nitro.mjs:2230:7) {
    errno: -2,
    code: 'ENOENT',
    syscall: 'open',
    path: '/Users/hf-mac/Downloads/tgpro-admin/.output/public/_nuxt/CXT04lNs.js'
  },
  statusCode: 500,
  fatal: false,
  unhandled: true,
  statusMessage: undefined,
  data: undefined
}
2025-11-05T02:30:48: [request error] [unhandled] [GET] http://localhost:3000/_nuxt/DcHNM1Xn.js
 H3Error: ENOENT: no such file or directory, open '/Users/hf-mac/Downloads/tgpro-admin/.output/public/_nuxt/DcHNM1Xn.js'
    at open (node:internal/fs/promises:641:25)
    ... 2 lines matching cause stack trace ...
    at Server.toNodeHandle (file:///Users/hf-mac/Downloads/tgpro-admin/.output/server/chunks/nitro/nitro.mjs:2230:7) {
  cause: Error: ENOENT: no such file or directory, open '/Users/hf-mac/Downloads/tgpro-admin/.output/public/_nuxt/DcHNM1Xn.js'
      at open (node:internal/fs/promises:641:25)
      at Object.readFile (node:internal/fs/promises:1245:14)
      at Object.handler (file:///Users/hf-mac/Downloads/tgpro-admin/.output/server/chunks/nitro/nitro.mjs:1959:19)
      at Server.toNodeHandle (file:///Users/hf-mac/Downloads/tgpro-admin/.output/server/chunks/nitro/nitro.mjs:2230:7) {
    errno: -2,
    code: 'ENOENT',
    syscall: 'open',
    path: '/Users/hf-mac/Downloads/tgpro-admin/.output/public/_nuxt/DcHNM1Xn.js'
  },
  statusCode: 500,
  fatal: false,
  unhandled: true,
  statusMessage: undefined,
  data: undefined
}
2025-11-05T02:30:48: [request error] [unhandled] [GET] http://localhost:3000/_nuxt/C4xQaJXR.js
 H3Error: ENOENT: no such file or directory, open '/Users/hf-mac/Downloads/tgpro-admin/.output/public/_nuxt/C4xQaJXR.js'
    at open (node:internal/fs/promises:641:25)
    ... 2 lines matching cause stack trace ...
    at Server.toNodeHandle (file:///Users/hf-mac/Downloads/tgpro-admin/.output/server/chunks/nitro/nitro.mjs:2230:7) {
  cause: Error: ENOENT: no such file or directory, open '/Users/hf-mac/Downloads/tgpro-admin/.output/public/_nuxt/C4xQaJXR.js'
      at open (node:internal/fs/promises:641:25)
      at Object.readFile (node:internal/fs/promises:1245:14)
      at Object.handler (file:///Users/hf-mac/Downloads/tgpro-admin/.output/server/chunks/nitro/nitro.mjs:1959:19)
      at Server.toNodeHandle (file:///Users/hf-mac/Downloads/tgpro-admin/.output/server/chunks/nitro/nitro.mjs:2230:7) {
    errno: -2,
    code: 'ENOENT',
    syscall: 'open',
    path: '/Users/hf-mac/Downloads/tgpro-admin/.output/public/_nuxt/C4xQaJXR.js'
  },
  statusCode: 500,
  fatal: false,
  unhandled: true,
  statusMessage: undefined,
  data: undefined
}
2025-11-05T02:30:48: [request error] [unhandled] [GET] http://localhost:3000/_nuxt/DbAgXtul.js
 H3Error: ENOENT: no such file or directory, open '/Users/hf-mac/Downloads/tgpro-admin/.output/public/_nuxt/DbAgXtul.js'
    at open (node:internal/fs/promises:641:25)
    ... 2 lines matching cause stack trace ...
    at Server.toNodeHandle (file:///Users/hf-mac/Downloads/tgpro-admin/.output/server/chunks/nitro/nitro.mjs:2230:7) {
  cause: Error: ENOENT: no such file or directory, open '/Users/hf-mac/Downloads/tgpro-admin/.output/public/_nuxt/DbAgXtul.js'
      at open (node:internal/fs/promises:641:25)
      at Object.readFile (node:internal/fs/promises:1245:14)
      at Object.handler (file:///Users/hf-mac/Downloads/tgpro-admin/.output/server/chunks/nitro/nitro.mjs:1959:19)
      at Server.toNodeHandle (file:///Users/hf-mac/Downloads/tgpro-admin/.output/server/chunks/nitro/nitro.mjs:2230:7) {
    errno: -2,
    code: 'ENOENT',
    syscall: 'open',
    path: '/Users/hf-mac/Downloads/tgpro-admin/.output/public/_nuxt/DbAgXtul.js'
  },
  statusCode: 500,
  fatal: false,
  unhandled: true,
  statusMessage: undefined,
  data: undefined
}
2025-11-05T02:30:48: [request error] [unhandled] [GET] http://localhost:3000/_nuxt/DpNIWReE.js
 H3Error: ENOENT: no such file or directory, open '/Users/hf-mac/Downloads/tgpro-admin/.output/public/_nuxt/DpNIWReE.js'
    at open (node:internal/fs/promises:641:25)
    ... 2 lines matching cause stack trace ...
    at Server.toNodeHandle (file:///Users/hf-mac/Downloads/tgpro-admin/.output/server/chunks/nitro/nitro.mjs:2230:7) {
  cause: Error: ENOENT: no such file or directory, open '/Users/hf-mac/Downloads/tgpro-admin/.output/public/_nuxt/DpNIWReE.js'
      at open (node:internal/fs/promises:641:25)
      at Object.readFile (node:internal/fs/promises:1245:14)
      at Object.handler (file:///Users/hf-mac/Downloads/tgpro-admin/.output/server/chunks/nitro/nitro.mjs:1959:19)
      at Server.toNodeHandle (file:///Users/hf-mac/Downloads/tgpro-admin/.output/server/chunks/nitro/nitro.mjs:2230:7) {
    errno: -2,
    code: 'ENOENT',
    syscall: 'open',
    path: '/Users/hf-mac/Downloads/tgpro-admin/.output/public/_nuxt/DpNIWReE.js'
  },
  statusCode: 500,
  fatal: false,
  unhandled: true,
  statusMessage: undefined,
  data: undefined
}
2025-11-05T02:30:48: [request error] [unhandled] [GET] http://localhost:3000/_nuxt/D_B5nL8y.js
 H3Error: ENOENT: no such file or directory, open '/Users/hf-mac/Downloads/tgpro-admin/.output/public/_nuxt/D_B5nL8y.js'
    at open (node:internal/fs/promises:641:25)
    ... 2 lines matching cause stack trace ...
    at Server.toNodeHandle (file:///Users/hf-mac/Downloads/tgpro-admin/.output/server/chunks/nitro/nitro.mjs:2230:7) {
  cause: Error: ENOENT: no such file or directory, open '/Users/hf-mac/Downloads/tgpro-admin/.output/public/_nuxt/D_B5nL8y.js'
      at open (node:internal/fs/promises:641:25)
      at Object.readFile (node:internal/fs/promises:1245:14)
      at Object.handler (file:///Users/hf-mac/Downloads/tgpro-admin/.output/server/chunks/nitro/nitro.mjs:1959:19)
      at Server.toNodeHandle (file:///Users/hf-mac/Downloads/tgpro-admin/.output/server/chunks/nitro/nitro.mjs:2230:7) {
    errno: -2,
    code: 'ENOENT',
    syscall: 'open',
    path: '/Users/hf-mac/Downloads/tgpro-admin/.output/public/_nuxt/D_B5nL8y.js'
  },
  statusCode: 500,
  fatal: false,
  unhandled: true,
  statusMessage: undefined,
  data: undefined
}
2025-11-05T02:30:48: [request error] [unhandled] [GET] http://localhost:3000/_nuxt/Bl84yrz9.js
 H3Error: ENOENT: no such file or directory, open '/Users/hf-mac/Downloads/tgpro-admin/.output/public/_nuxt/Bl84yrz9.js'
    at open (node:internal/fs/promises:641:25)
    ... 2 lines matching cause stack trace ...
    at Server.toNodeHandle (file:///Users/hf-mac/Downloads/tgpro-admin/.output/server/chunks/nitro/nitro.mjs:2230:7) {
  cause: Error: ENOENT: no such file or directory, open '/Users/hf-mac/Downloads/tgpro-admin/.output/public/_nuxt/Bl84yrz9.js'
      at open (node:internal/fs/promises:641:25)
      at Object.readFile (node:internal/fs/promises:1245:14)
      at Object.handler (file:///Users/hf-mac/Downloads/tgpro-admin/.output/server/chunks/nitro/nitro.mjs:1959:19)
      at Server.toNodeHandle (file:///Users/hf-mac/Downloads/tgpro-admin/.output/server/chunks/nitro/nitro.mjs:2230:7) {
    errno: -2,
    code: 'ENOENT',
    syscall: 'open',
    path: '/Users/hf-mac/Downloads/tgpro-admin/.output/public/_nuxt/Bl84yrz9.js'
  },
  statusCode: 500,
  fatal: false,
  unhandled: true,
  statusMessage: undefined,
  data: undefined
}
2025-11-05T02:30:48: [request error] [unhandled] [GET] http://localhost:3000/_nuxt/D974gv07.js
 H3Error: ENOENT: no such file or directory, open '/Users/hf-mac/Downloads/tgpro-admin/.output/public/_nuxt/D974gv07.js'
    at open (node:internal/fs/promises:641:25)
    ... 2 lines matching cause stack trace ...
    at Server.toNodeHandle (file:///Users/hf-mac/Downloads/tgpro-admin/.output/server/chunks/nitro/nitro.mjs:2230:7) {
  cause: Error: ENOENT: no such file or directory, open '/Users/hf-mac/Downloads/tgpro-admin/.output/public/_nuxt/D974gv07.js'
      at open (node:internal/fs/promises:641:25)
      at Object.readFile (node:internal/fs/promises:1245:14)
      at Object.handler (file:///Users/hf-mac/Downloads/tgpro-admin/.output/server/chunks/nitro/nitro.mjs:1959:19)
      at Server.toNodeHandle (file:///Users/hf-mac/Downloads/tgpro-admin/.output/server/chunks/nitro/nitro.mjs:2230:7) {
    errno: -2,
    code: 'ENOENT',
    syscall: 'open',
    path: '/Users/hf-mac/Downloads/tgpro-admin/.output/public/_nuxt/D974gv07.js'
  },
  statusCode: 500,
  fatal: false,
  unhandled: true,
  statusMessage: undefined,
  data: undefined
}
2025-11-05T02:30:48: [request error] [unhandled] [GET] http://localhost:3000/_nuxt/D32lUId-.js
 H3Error: ENOENT: no such file or directory, open '/Users/hf-mac/Downloads/tgpro-admin/.output/public/_nuxt/D32lUId-.js'
    at open (node:internal/fs/promises:641:25)
    ... 2 lines matching cause stack trace ...
    at Server.toNodeHandle (file:///Users/hf-mac/Downloads/tgpro-admin/.output/server/chunks/nitro/nitro.mjs:2230:7) {
  cause: Error: ENOENT: no such file or directory, open '/Users/hf-mac/Downloads/tgpro-admin/.output/public/_nuxt/D32lUId-.js'
      at open (node:internal/fs/promises:641:25)
      at Object.readFile (node:internal/fs/promises:1245:14)
      at Object.handler (file:///Users/hf-mac/Downloads/tgpro-admin/.output/server/chunks/nitro/nitro.mjs:1959:19)
      at Server.toNodeHandle (file:///Users/hf-mac/Downloads/tgpro-admin/.output/server/chunks/nitro/nitro.mjs:2230:7) {
    errno: -2,
    code: 'ENOENT',
    syscall: 'open',
    path: '/Users/hf-mac/Downloads/tgpro-admin/.output/public/_nuxt/D32lUId-.js'
  },
  statusCode: 500,
  fatal: false,
  unhandled: true,
  statusMessage: undefined,
  data: undefined
}
2025-11-05T02:30:49: [request error] [unhandled] [GET] http://localhost:3000/_nuxt/CetYVyQG.js
 H3Error: ENOENT: no such file or directory, open '/Users/hf-mac/Downloads/tgpro-admin/.output/public/_nuxt/CetYVyQG.js'
    at open (node:internal/fs/promises:641:25)
    ... 2 lines matching cause stack trace ...
    at Server.toNodeHandle (file:///Users/hf-mac/Downloads/tgpro-admin/.output/server/chunks/nitro/nitro.mjs:2230:7) {
  cause: Error: ENOENT: no such file or directory, open '/Users/hf-mac/Downloads/tgpro-admin/.output/public/_nuxt/CetYVyQG.js'
      at open (node:internal/fs/promises:641:25)
      at Object.readFile (node:internal/fs/promises:1245:14)
      at Object.handler (file:///Users/hf-mac/Downloads/tgpro-admin/.output/server/chunks/nitro/nitro.mjs:1959:19)
      at Server.toNodeHandle (file:///Users/hf-mac/Downloads/tgpro-admin/.output/server/chunks/nitro/nitro.mjs:2230:7) {
    errno: -2,
    code: 'ENOENT',
    syscall: 'open',
    path: '/Users/hf-mac/Downloads/tgpro-admin/.output/public/_nuxt/CetYVyQG.js'
  },
  statusCode: 500,
  fatal: false,
  unhandled: true,
  statusMessage: undefined,
  data: undefined
}
2025-11-05T02:30:49: [request error] [unhandled] [GET] http://localhost:3000/_nuxt/Db7eFA1E.js
 H3Error: ENOENT: no such file or directory, open '/Users/hf-mac/Downloads/tgpro-admin/.output/public/_nuxt/Db7eFA1E.js'
    at open (node:internal/fs/promises:641:25)
    ... 2 lines matching cause stack trace ...
    at Server.toNodeHandle (file:///Users/hf-mac/Downloads/tgpro-admin/.output/server/chunks/nitro/nitro.mjs:2230:7) {
  cause: Error: ENOENT: no such file or directory, open '/Users/hf-mac/Downloads/tgpro-admin/.output/public/_nuxt/Db7eFA1E.js'
      at open (node:internal/fs/promises:641:25)
      at Object.readFile (node:internal/fs/promises:1245:14)
      at Object.handler (file:///Users/hf-mac/Downloads/tgpro-admin/.output/server/chunks/nitro/nitro.mjs:1959:19)
      at Server.toNodeHandle (file:///Users/hf-mac/Downloads/tgpro-admin/.output/server/chunks/nitro/nitro.mjs:2230:7) {
    errno: -2,
    code: 'ENOENT',
    syscall: 'open',
    path: '/Users/hf-mac/Downloads/tgpro-admin/.output/public/_nuxt/Db7eFA1E.js'
  },
  statusCode: 500,
  fatal: false,
  unhandled: true,
  statusMessage: undefined,
  data: undefined
}
2025-11-05T02:30:49: [request error] [unhandled] [GET] http://localhost:3000/_nuxt/DAr-OQmd.js
 H3Error: ENOENT: no such file or directory, open '/Users/hf-mac/Downloads/tgpro-admin/.output/public/_nuxt/DAr-OQmd.js'
    at open (node:internal/fs/promises:641:25)
    ... 2 lines matching cause stack trace ...
    at Server.toNodeHandle (file:///Users/hf-mac/Downloads/tgpro-admin/.output/server/chunks/nitro/nitro.mjs:2230:7) {
  cause: Error: ENOENT: no such file or directory, open '/Users/hf-mac/Downloads/tgpro-admin/.output/public/_nuxt/DAr-OQmd.js'
      at open (node:internal/fs/promises:641:25)
      at Object.readFile (node:internal/fs/promises:1245:14)
      at Object.handler (file:///Users/hf-mac/Downloads/tgpro-admin/.output/server/chunks/nitro/nitro.mjs:1959:19)
      at Server.toNodeHandle (file:///Users/hf-mac/Downloads/tgpro-admin/.output/server/chunks/nitro/nitro.mjs:2230:7) {
    errno: -2,
    code: 'ENOENT',
    syscall: 'open',
    path: '/Users/hf-mac/Downloads/tgpro-admin/.output/public/_nuxt/DAr-OQmd.js'
  },
  statusCode: 500,
  fatal: false,
  unhandled: true,
  statusMessage: undefined,
  data: undefined
}
2025-11-05T02:30:49: [request error] [unhandled] [GET] http://localhost:3000/_nuxt/Bdz-sLfb.js
 H3Error: ENOENT: no such file or directory, open '/Users/hf-mac/Downloads/tgpro-admin/.output/public/_nuxt/Bdz-sLfb.js'
    at open (node:internal/fs/promises:641:25)
    ... 2 lines matching cause stack trace ...
    at Server.toNodeHandle (file:///Users/hf-mac/Downloads/tgpro-admin/.output/server/chunks/nitro/nitro.mjs:2230:7) {
  cause: Error: ENOENT: no such file or directory, open '/Users/hf-mac/Downloads/tgpro-admin/.output/public/_nuxt/Bdz-sLfb.js'
      at open (node:internal/fs/promises:641:25)
      at Object.readFile (node:internal/fs/promises:1245:14)
      at Object.handler (file:///Users/hf-mac/Downloads/tgpro-admin/.output/server/chunks/nitro/nitro.mjs:1959:19)
      at Server.toNodeHandle (file:///Users/hf-mac/Downloads/tgpro-admin/.output/server/chunks/nitro/nitro.mjs:2230:7) {
    errno: -2,
    code: 'ENOENT',
    syscall: 'open',
    path: '/Users/hf-mac/Downloads/tgpro-admin/.output/public/_nuxt/Bdz-sLfb.js'
  },
  statusCode: 500,
  fatal: false,
  unhandled: true,
  statusMessage: undefined,
  data: undefined
}
2025-11-05T02:30:49: [request error] [unhandled] [GET] http://localhost:3000/_nuxt/BTgB1rvp.js
 H3Error: ENOENT: no such file or directory, open '/Users/hf-mac/Downloads/tgpro-admin/.output/public/_nuxt/BTgB1rvp.js'
    at open (node:internal/fs/promises:641:25)
    ... 2 lines matching cause stack trace ...
    at Server.toNodeHandle (file:///Users/hf-mac/Downloads/tgpro-admin/.output/server/chunks/nitro/nitro.mjs:2230:7) {
  cause: Error: ENOENT: no such file or directory, open '/Users/hf-mac/Downloads/tgpro-admin/.output/public/_nuxt/BTgB1rvp.js'
      at open (node:internal/fs/promises:641:25)
      at Object.readFile (node:internal/fs/promises:1245:14)
      at Object.handler (file:///Users/hf-mac/Downloads/tgpro-admin/.output/server/chunks/nitro/nitro.mjs:1959:19)
      at Server.toNodeHandle (file:///Users/hf-mac/Downloads/tgpro-admin/.output/server/chunks/nitro/nitro.mjs:2230:7) {
    errno: -2,
    code: 'ENOENT',
    syscall: 'open',
    path: '/Users/hf-mac/Downloads/tgpro-admin/.output/public/_nuxt/BTgB1rvp.js'
  },
  statusCode: 500,
  fatal: false,
  unhandled: true,
  statusMessage: undefined,
  data: undefined
}
2025-11-05T02:30:49: [request error] [unhandled] [GET] http://localhost:3000/_nuxt/CXT04lNs.js
 H3Error: ENOENT: no such file or directory, open '/Users/hf-mac/Downloads/tgpro-admin/.output/public/_nuxt/CXT04lNs.js'
    at open (node:internal/fs/promises:641:25)
    ... 2 lines matching cause stack trace ...
    at Server.toNodeHandle (file:///Users/hf-mac/Downloads/tgpro-admin/.output/server/chunks/nitro/nitro.mjs:2230:7) {
  cause: Error: ENOENT: no such file or directory, open '/Users/hf-mac/Downloads/tgpro-admin/.output/public/_nuxt/CXT04lNs.js'
      at open (node:internal/fs/promises:641:25)
      at Object.readFile (node:internal/fs/promises:1245:14)
      at Object.handler (file:///Users/hf-mac/Downloads/tgpro-admin/.output/server/chunks/nitro/nitro.mjs:1959:19)
      at Server.toNodeHandle (file:///Users/hf-mac/Downloads/tgpro-admin/.output/server/chunks/nitro/nitro.mjs:2230:7) {
    errno: -2,
    code: 'ENOENT',
    syscall: 'open',
    path: '/Users/hf-mac/Downloads/tgpro-admin/.output/public/_nuxt/CXT04lNs.js'
  },
  statusCode: 500,
  fatal: false,
  unhandled: true,
  statusMessage: undefined,
  data: undefined
}
2025-11-05T02:30:49: [request error] [unhandled] [GET] http://localhost:3000/_nuxt/C4xQaJXR.js
 H3Error: ENOENT: no such file or directory, open '/Users/hf-mac/Downloads/tgpro-admin/.output/public/_nuxt/C4xQaJXR.js'
    at open (node:internal/fs/promises:641:25)
    ... 2 lines matching cause stack trace ...
    at Server.toNodeHandle (file:///Users/hf-mac/Downloads/tgpro-admin/.output/server/chunks/nitro/nitro.mjs:2230:7) {
  cause: Error: ENOENT: no such file or directory, open '/Users/hf-mac/Downloads/tgpro-admin/.output/public/_nuxt/C4xQaJXR.js'
      at open (node:internal/fs/promises:641:25)
      at Object.readFile (node:internal/fs/promises:1245:14)
      at Object.handler (file:///Users/hf-mac/Downloads/tgpro-admin/.output/server/chunks/nitro/nitro.mjs:1959:19)
      at Server.toNodeHandle (file:///Users/hf-mac/Downloads/tgpro-admin/.output/server/chunks/nitro/nitro.mjs:2230:7) {
    errno: -2,
    code: 'ENOENT',
    syscall: 'open',
    path: '/Users/hf-mac/Downloads/tgpro-admin/.output/public/_nuxt/C4xQaJXR.js'
  },
  statusCode: 500,
  fatal: false,
  unhandled: true,
  statusMessage: undefined,
  data: undefined
}
2025-11-05T02:30:49: [request error] [unhandled] [GET] http://localhost:3000/_nuxt/builds/meta/db489c3b-20ab-405c-96a2-98b632ec7da6.json
 H3Error: ENOENT: no such file or directory, open '/Users/hf-mac/Downloads/tgpro-admin/.output/public/_nuxt/builds/meta/db489c3b-20ab-405c-96a2-98b632ec7da6.json'
    at open (node:internal/fs/promises:641:25)
    ... 2 lines matching cause stack trace ...
    at Server.toNodeHandle (file:///Users/hf-mac/Downloads/tgpro-admin/.output/server/chunks/nitro/nitro.mjs:2230:7) {
  cause: Error: ENOENT: no such file or directory, open '/Users/hf-mac/Downloads/tgpro-admin/.output/public/_nuxt/builds/meta/db489c3b-20ab-405c-96a2-98b632ec7da6.json'
      at open (node:internal/fs/promises:641:25)
      at Object.readFile (node:internal/fs/promises:1245:14)
      at Object.handler (file:///Users/hf-mac/Downloads/tgpro-admin/.output/server/chunks/nitro/nitro.mjs:1959:19)
      at Server.toNodeHandle (file:///Users/hf-mac/Downloads/tgpro-admin/.output/server/chunks/nitro/nitro.mjs:2230:7) {
    errno: -2,
    code: 'ENOENT',
    syscall: 'open',
    path: '/Users/hf-mac/Downloads/tgpro-admin/.output/public/_nuxt/builds/meta/db489c3b-20ab-405c-96a2-98b632ec7da6.json'
  },
  statusCode: 500,
  fatal: false,
  unhandled: true,
  statusMessage: undefined,
  data: undefined
}
2025-11-05T02:30:49: [request error] [unhandled] [GET] http://localhost:3000/_nuxt/DbAgXtul.js
 H3Error: ENOENT: no such file or directory, open '/Users/hf-mac/Downloads/tgpro-admin/.output/public/_nuxt/DbAgXtul.js'
    at open (node:internal/fs/promises:641:25)
    ... 2 lines matching cause stack trace ...
    at Server.toNodeHandle (file:///Users/hf-mac/Downloads/tgpro-admin/.output/server/chunks/nitro/nitro.mjs:2230:7) {
  cause: Error: ENOENT: no such file or directory, open '/Users/hf-mac/Downloads/tgpro-admin/.output/public/_nuxt/DbAgXtul.js'
      at open (node:internal/fs/promises:641:25)
      at Object.readFile (node:internal/fs/promises:1245:14)
      at Object.handler (file:///Users/hf-mac/Downloads/tgpro-admin/.output/server/chunks/nitro/nitro.mjs:1959:19)
      at Server.toNodeHandle (file:///Users/hf-mac/Downloads/tgpro-admin/.output/server/chunks/nitro/nitro.mjs:2230:7) {
    errno: -2,
    code: 'ENOENT',
    syscall: 'open',
    path: '/Users/hf-mac/Downloads/tgpro-admin/.output/public/_nuxt/DbAgXtul.js'
  },
  statusCode: 500,
  fatal: false,
  unhandled: true,
  statusMessage: undefined,
  data: undefined
}
2025-11-05T02:30:49: [request error] [unhandled] [GET] http://localhost:3000/_nuxt/Bl84yrz9.js
 H3Error: ENOENT: no such file or directory, open '/Users/hf-mac/Downloads/tgpro-admin/.output/public/_nuxt/Bl84yrz9.js'
    at open (node:internal/fs/promises:641:25)
    ... 2 lines matching cause stack trace ...
    at Server.toNodeHandle (file:///Users/hf-mac/Downloads/tgpro-admin/.output/server/chunks/nitro/nitro.mjs:2230:7) {
  cause: Error: ENOENT: no such file or directory, open '/Users/hf-mac/Downloads/tgpro-admin/.output/public/_nuxt/Bl84yrz9.js'
      at open (node:internal/fs/promises:641:25)
      at Object.readFile (node:internal/fs/promises:1245:14)
      at Object.handler (file:///Users/hf-mac/Downloads/tgpro-admin/.output/server/chunks/nitro/nitro.mjs:1959:19)
      at Server.toNodeHandle (file:///Users/hf-mac/Downloads/tgpro-admin/.output/server/chunks/nitro/nitro.mjs:2230:7) {
    errno: -2,
    code: 'ENOENT',
    syscall: 'open',
    path: '/Users/hf-mac/Downloads/tgpro-admin/.output/public/_nuxt/Bl84yrz9.js'
  },
  statusCode: 500,
  fatal: false,
  unhandled: true,
  statusMessage: undefined,
  data: undefined
}
2025-11-05T02:30:49: [request error] [unhandled] [GET] http://localhost:3000/_nuxt/D_B5nL8y.js
 H3Error: ENOENT: no such file or directory, open '/Users/hf-mac/Downloads/tgpro-admin/.output/public/_nuxt/D_B5nL8y.js'
    at open (node:internal/fs/promises:641:25)
    ... 2 lines matching cause stack trace ...
    at Server.toNodeHandle (file:///Users/hf-mac/Downloads/tgpro-admin/.output/server/chunks/nitro/nitro.mjs:2230:7) {
  cause: Error: ENOENT: no such file or directory, open '/Users/hf-mac/Downloads/tgpro-admin/.output/public/_nuxt/D_B5nL8y.js'
      at open (node:internal/fs/promises:641:25)
      at Object.readFile (node:internal/fs/promises:1245:14)
      at Object.handler (file:///Users/hf-mac/Downloads/tgpro-admin/.output/server/chunks/nitro/nitro.mjs:1959:19)
      at Server.toNodeHandle (file:///Users/hf-mac/Downloads/tgpro-admin/.output/server/chunks/nitro/nitro.mjs:2230:7) {
    errno: -2,
    code: 'ENOENT',
    syscall: 'open',
    path: '/Users/hf-mac/Downloads/tgpro-admin/.output/public/_nuxt/D_B5nL8y.js'
  },
  statusCode: 500,
  fatal: false,
  unhandled: true,
  statusMessage: undefined,
  data: undefined
}
2025-11-05T02:30:49: [request error] [unhandled] [GET] http://localhost:3000/_nuxt/DpNIWReE.js
 H3Error: ENOENT: no such file or directory, open '/Users/hf-mac/Downloads/tgpro-admin/.output/public/_nuxt/DpNIWReE.js'
    at open (node:internal/fs/promises:641:25)
    ... 2 lines matching cause stack trace ...
    at Server.toNodeHandle (file:///Users/hf-mac/Downloads/tgpro-admin/.output/server/chunks/nitro/nitro.mjs:2230:7) {
  cause: Error: ENOENT: no such file or directory, open '/Users/hf-mac/Downloads/tgpro-admin/.output/public/_nuxt/DpNIWReE.js'
      at open (node:internal/fs/promises:641:25)
      at Object.readFile (node:internal/fs/promises:1245:14)
      at Object.handler (file:///Users/hf-mac/Downloads/tgpro-admin/.output/server/chunks/nitro/nitro.mjs:1959:19)
      at Server.toNodeHandle (file:///Users/hf-mac/Downloads/tgpro-admin/.output/server/chunks/nitro/nitro.mjs:2230:7) {
    errno: -2,
    code: 'ENOENT',
    syscall: 'open',
    path: '/Users/hf-mac/Downloads/tgpro-admin/.output/public/_nuxt/DpNIWReE.js'
  },
  statusCode: 500,
  fatal: false,
  unhandled: true,
  statusMessage: undefined,
  data: undefined
}
2025-11-05T02:30:49: [request error] [unhandled] [GET] http://localhost:3000/_nuxt/D974gv07.js
 H3Error: ENOENT: no such file or directory, open '/Users/hf-mac/Downloads/tgpro-admin/.output/public/_nuxt/D974gv07.js'
    at open (node:internal/fs/promises:641:25)
    ... 2 lines matching cause stack trace ...
    at Server.toNodeHandle (file:///Users/hf-mac/Downloads/tgpro-admin/.output/server/chunks/nitro/nitro.mjs:2230:7) {
  cause: Error: ENOENT: no such file or directory, open '/Users/hf-mac/Downloads/tgpro-admin/.output/public/_nuxt/D974gv07.js'
      at open (node:internal/fs/promises:641:25)
      at Object.readFile (node:internal/fs/promises:1245:14)
      at Object.handler (file:///Users/hf-mac/Downloads/tgpro-admin/.output/server/chunks/nitro/nitro.mjs:1959:19)
      at Server.toNodeHandle (file:///Users/hf-mac/Downloads/tgpro-admin/.output/server/chunks/nitro/nitro.mjs:2230:7) {
    errno: -2,
    code: 'ENOENT',
    syscall: 'open',
    path: '/Users/hf-mac/Downloads/tgpro-admin/.output/public/_nuxt/D974gv07.js'
  },
  statusCode: 500,
  fatal: false,
  unhandled: true,
  statusMessage: undefined,
  data: undefined
}
2025-11-05T02:30:49: [request error] [unhandled] [GET] http://localhost:3000/_nuxt/Bdz-sLfb.js
 H3Error: ENOENT: no such file or directory, open '/Users/hf-mac/Downloads/tgpro-admin/.output/public/_nuxt/Bdz-sLfb.js'
    at open (node:internal/fs/promises:641:25)
    ... 2 lines matching cause stack trace ...
    at Server.toNodeHandle (file:///Users/hf-mac/Downloads/tgpro-admin/.output/server/chunks/nitro/nitro.mjs:2230:7) {
  cause: Error: ENOENT: no such file or directory, open '/Users/hf-mac/Downloads/tgpro-admin/.output/public/_nuxt/Bdz-sLfb.js'
      at open (node:internal/fs/promises:641:25)
      at Object.readFile (node:internal/fs/promises:1245:14)
      at Object.handler (file:///Users/hf-mac/Downloads/tgpro-admin/.output/server/chunks/nitro/nitro.mjs:1959:19)
      at Server.toNodeHandle (file:///Users/hf-mac/Downloads/tgpro-admin/.output/server/chunks/nitro/nitro.mjs:2230:7) {
    errno: -2,
    code: 'ENOENT',
    syscall: 'open',
    path: '/Users/hf-mac/Downloads/tgpro-admin/.output/public/_nuxt/Bdz-sLfb.js'
  },
  statusCode: 500,
  fatal: false,
  unhandled: true,
  statusMessage: undefined,
  data: undefined
}
2025-11-05T02:30:49: [request error] [unhandled] [GET] http://localhost:3000/_nuxt/D32lUId-.js
 H3Error: ENOENT: no such file or directory, open '/Users/hf-mac/Downloads/tgpro-admin/.output/public/_nuxt/D32lUId-.js'
    at open (node:internal/fs/promises:641:25)
    ... 2 lines matching cause stack trace ...
    at Server.toNodeHandle (file:///Users/hf-mac/Downloads/tgpro-admin/.output/server/chunks/nitro/nitro.mjs:2230:7) {
  cause: Error: ENOENT: no such file or directory, open '/Users/hf-mac/Downloads/tgpro-admin/.output/public/_nuxt/D32lUId-.js'
      at open (node:internal/fs/promises:641:25)
      at Object.readFile (node:internal/fs/promises:1245:14)
      at Object.handler (file:///Users/hf-mac/Downloads/tgpro-admin/.output/server/chunks/nitro/nitro.mjs:1959:19)
      at Server.toNodeHandle (file:///Users/hf-mac/Downloads/tgpro-admin/.output/server/chunks/nitro/nitro.mjs:2230:7) {
    errno: -2,
    code: 'ENOENT',
    syscall: 'open',
    path: '/Users/hf-mac/Downloads/tgpro-admin/.output/public/_nuxt/D32lUId-.js'
  },
  statusCode: 500,
  fatal: false,
  unhandled: true,
  statusMessage: undefined,
  data: undefined
}
2025-11-05T02:30:49: [request error] [unhandled] [GET] http://localhost:3000/_nuxt/CetYVyQG.js
 H3Error: ENOENT: no such file or directory, open '/Users/hf-mac/Downloads/tgpro-admin/.output/public/_nuxt/CetYVyQG.js'
    at open (node:internal/fs/promises:641:25)
    ... 2 lines matching cause stack trace ...
    at Server.toNodeHandle (file:///Users/hf-mac/Downloads/tgpro-admin/.output/server/chunks/nitro/nitro.mjs:2230:7) {
  cause: Error: ENOENT: no such file or directory, open '/Users/hf-mac/Downloads/tgpro-admin/.output/public/_nuxt/CetYVyQG.js'
      at open (node:internal/fs/promises:641:25)
      at Object.readFile (node:internal/fs/promises:1245:14)
      at Object.handler (file:///Users/hf-mac/Downloads/tgpro-admin/.output/server/chunks/nitro/nitro.mjs:1959:19)
      at Server.toNodeHandle (file:///Users/hf-mac/Downloads/tgpro-admin/.output/server/chunks/nitro/nitro.mjs:2230:7) {
    errno: -2,
    code: 'ENOENT',
    syscall: 'open',
    path: '/Users/hf-mac/Downloads/tgpro-admin/.output/public/_nuxt/CetYVyQG.js'
  },
  statusCode: 500,
  fatal: false,
  unhandled: true,
  statusMessage: undefined,
  data: undefined
}
2025-11-05T02:30:49: [request error] [unhandled] [GET] http://localhost:3000/_nuxt/Db7eFA1E.js
 H3Error: ENOENT: no such file or directory, open '/Users/hf-mac/Downloads/tgpro-admin/.output/public/_nuxt/Db7eFA1E.js'
    at open (node:internal/fs/promises:641:25)
    ... 2 lines matching cause stack trace ...
    at Server.toNodeHandle (file:///Users/hf-mac/Downloads/tgpro-admin/.output/server/chunks/nitro/nitro.mjs:2230:7) {
  cause: Error: ENOENT: no such file or directory, open '/Users/hf-mac/Downloads/tgpro-admin/.output/public/_nuxt/Db7eFA1E.js'
      at open (node:internal/fs/promises:641:25)
      at Object.readFile (node:internal/fs/promises:1245:14)
      at Object.handler (file:///Users/hf-mac/Downloads/tgpro-admin/.output/server/chunks/nitro/nitro.mjs:1959:19)
      at Server.toNodeHandle (file:///Users/hf-mac/Downloads/tgpro-admin/.output/server/chunks/nitro/nitro.mjs:2230:7) {
    errno: -2,
    code: 'ENOENT',
    syscall: 'open',
    path: '/Users/hf-mac/Downloads/tgpro-admin/.output/public/_nuxt/Db7eFA1E.js'
  },
  statusCode: 500,
  fatal: false,
  unhandled: true,
  statusMessage: undefined,
  data: undefined
}
2025-11-05T02:30:49: [request error] [unhandled] [GET] http://localhost:3000/_nuxt/DAr-OQmd.js
 H3Error: ENOENT: no such file or directory, open '/Users/hf-mac/Downloads/tgpro-admin/.output/public/_nuxt/DAr-OQmd.js'
    at open (node:internal/fs/promises:641:25)
    ... 2 lines matching cause stack trace ...
    at Server.toNodeHandle (file:///Users/hf-mac/Downloads/tgpro-admin/.output/server/chunks/nitro/nitro.mjs:2230:7) {
  cause: Error: ENOENT: no such file or directory, open '/Users/hf-mac/Downloads/tgpro-admin/.output/public/_nuxt/DAr-OQmd.js'
      at open (node:internal/fs/promises:641:25)
      at Object.readFile (node:internal/fs/promises:1245:14)
      at Object.handler (file:///Users/hf-mac/Downloads/tgpro-admin/.output/server/chunks/nitro/nitro.mjs:1959:19)
      at Server.toNodeHandle (file:///Users/hf-mac/Downloads/tgpro-admin/.output/server/chunks/nitro/nitro.mjs:2230:7) {
    errno: -2,
    code: 'ENOENT',
    syscall: 'open',
    path: '/Users/hf-mac/Downloads/tgpro-admin/.output/public/_nuxt/DAr-OQmd.js'
  },
  statusCode: 500,
  fatal: false,
  unhandled: true,
  statusMessage: undefined,
  data: undefined
}
2025-11-05T02:30:49: [request error] [unhandled] [GET] http://localhost:3000/_nuxt/BTgB1rvp.js
 H3Error: ENOENT: no such file or directory, open '/Users/hf-mac/Downloads/tgpro-admin/.output/public/_nuxt/BTgB1rvp.js'
    at open (node:internal/fs/promises:641:25)
    ... 2 lines matching cause stack trace ...
    at Server.toNodeHandle (file:///Users/hf-mac/Downloads/tgpro-admin/.output/server/chunks/nitro/nitro.mjs:2230:7) {
  cause: Error: ENOENT: no such file or directory, open '/Users/hf-mac/Downloads/tgpro-admin/.output/public/_nuxt/BTgB1rvp.js'
      at open (node:internal/fs/promises:641:25)
      at Object.readFile (node:internal/fs/promises:1245:14)
      at Object.handler (file:///Users/hf-mac/Downloads/tgpro-admin/.output/server/chunks/nitro/nitro.mjs:1959:19)
      at Server.toNodeHandle (file:///Users/hf-mac/Downloads/tgpro-admin/.output/server/chunks/nitro/nitro.mjs:2230:7) {
    errno: -2,
    code: 'ENOENT',
    syscall: 'open',
    path: '/Users/hf-mac/Downloads/tgpro-admin/.output/public/_nuxt/BTgB1rvp.js'
  },
  statusCode: 500,
  fatal: false,
  unhandled: true,
  statusMessage: undefined,
  data: undefined
}
2025-11-05T02:30:49: [request error] [unhandled] [GET] http://localhost:3000/_nuxt/DbAgXtul.js
 H3Error: ENOENT: no such file or directory, open '/Users/hf-mac/Downloads/tgpro-admin/.output/public/_nuxt/DbAgXtul.js'
    at open (node:internal/fs/promises:641:25)
    ... 2 lines matching cause stack trace ...
    at Server.toNodeHandle (file:///Users/hf-mac/Downloads/tgpro-admin/.output/server/chunks/nitro/nitro.mjs:2230:7) {
  cause: Error: ENOENT: no such file or directory, open '/Users/hf-mac/Downloads/tgpro-admin/.output/public/_nuxt/DbAgXtul.js'
      at open (node:internal/fs/promises:641:25)
      at Object.readFile (node:internal/fs/promises:1245:14)
      at Object.handler (file:///Users/hf-mac/Downloads/tgpro-admin/.output/server/chunks/nitro/nitro.mjs:1959:19)
      at Server.toNodeHandle (file:///Users/hf-mac/Downloads/tgpro-admin/.output/server/chunks/nitro/nitro.mjs:2230:7) {
    errno: -2,
    code: 'ENOENT',
    syscall: 'open',
    path: '/Users/hf-mac/Downloads/tgpro-admin/.output/public/_nuxt/DbAgXtul.js'
  },
  statusCode: 500,
  fatal: false,
  unhandled: true,
  statusMessage: undefined,
  data: undefined
}
2025-11-05T02:30:49: [request error] [unhandled] [GET] http://localhost:3000/_nuxt/Bl84yrz9.js
 H3Error: ENOENT: no such file or directory, open '/Users/hf-mac/Downloads/tgpro-admin/.output/public/_nuxt/Bl84yrz9.js'
    at open (node:internal/fs/promises:641:25)
    ... 2 lines matching cause stack trace ...
    at Server.toNodeHandle (file:///Users/hf-mac/Downloads/tgpro-admin/.output/server/chunks/nitro/nitro.mjs:2230:7) {
  cause: Error: ENOENT: no such file or directory, open '/Users/hf-mac/Downloads/tgpro-admin/.output/public/_nuxt/Bl84yrz9.js'
      at open (node:internal/fs/promises:641:25)
      at Object.readFile (node:internal/fs/promises:1245:14)
      at Object.handler (file:///Users/hf-mac/Downloads/tgpro-admin/.output/server/chunks/nitro/nitro.mjs:1959:19)
      at Server.toNodeHandle (file:///Users/hf-mac/Downloads/tgpro-admin/.output/server/chunks/nitro/nitro.mjs:2230:7) {
    errno: -2,
    code: 'ENOENT',
    syscall: 'open',
    path: '/Users/hf-mac/Downloads/tgpro-admin/.output/public/_nuxt/Bl84yrz9.js'
  },
  statusCode: 500,
  fatal: false,
  unhandled: true,
  statusMessage: undefined,
  data: undefined
}
2025-11-05T02:30:49: [request error] [unhandled] [GET] http://localhost:3000/_nuxt/D_B5nL8y.js
 H3Error: ENOENT: no such file or directory, open '/Users/hf-mac/Downloads/tgpro-admin/.output/public/_nuxt/D_B5nL8y.js'
    at open (node:internal/fs/promises:641:25)
    ... 2 lines matching cause stack trace ...
    at Server.toNodeHandle (file:///Users/hf-mac/Downloads/tgpro-admin/.output/server/chunks/nitro/nitro.mjs:2230:7) {
  cause: Error: ENOENT: no such file or directory, open '/Users/hf-mac/Downloads/tgpro-admin/.output/public/_nuxt/D_B5nL8y.js'
      at open (node:internal/fs/promises:641:25)
      at Object.readFile (node:internal/fs/promises:1245:14)
      at Object.handler (file:///Users/hf-mac/Downloads/tgpro-admin/.output/server/chunks/nitro/nitro.mjs:1959:19)
      at Server.toNodeHandle (file:///Users/hf-mac/Downloads/tgpro-admin/.output/server/chunks/nitro/nitro.mjs:2230:7) {
    errno: -2,
    code: 'ENOENT',
    syscall: 'open',
    path: '/Users/hf-mac/Downloads/tgpro-admin/.output/public/_nuxt/D_B5nL8y.js'
  },
  statusCode: 500,
  fatal: false,
  unhandled: true,
  statusMessage: undefined,
  data: undefined
}
2025-11-05T02:30:49: [request error] [unhandled] [GET] http://localhost:3000/_nuxt/DpNIWReE.js
 H3Error: ENOENT: no such file or directory, open '/Users/hf-mac/Downloads/tgpro-admin/.output/public/_nuxt/DpNIWReE.js'
    at open (node:internal/fs/promises:641:25)
    ... 2 lines matching cause stack trace ...
    at Server.toNodeHandle (file:///Users/hf-mac/Downloads/tgpro-admin/.output/server/chunks/nitro/nitro.mjs:2230:7) {
  cause: Error: ENOENT: no such file or directory, open '/Users/hf-mac/Downloads/tgpro-admin/.output/public/_nuxt/DpNIWReE.js'
      at open (node:internal/fs/promises:641:25)
      at Object.readFile (node:internal/fs/promises:1245:14)
      at Object.handler (file:///Users/hf-mac/Downloads/tgpro-admin/.output/server/chunks/nitro/nitro.mjs:1959:19)
      at Server.toNodeHandle (file:///Users/hf-mac/Downloads/tgpro-admin/.output/server/chunks/nitro/nitro.mjs:2230:7) {
    errno: -2,
    code: 'ENOENT',
    syscall: 'open',
    path: '/Users/hf-mac/Downloads/tgpro-admin/.output/public/_nuxt/DpNIWReE.js'
  },
  statusCode: 500,
  fatal: false,
  unhandled: true,
  statusMessage: undefined,
  data: undefined
}
2025-11-05T02:30:49: [request error] [unhandled] [GET] http://localhost:3000/_nuxt/D974gv07.js
 H3Error: ENOENT: no such file or directory, open '/Users/hf-mac/Downloads/tgpro-admin/.output/public/_nuxt/D974gv07.js'
    at open (node:internal/fs/promises:641:25)
    ... 2 lines matching cause stack trace ...
    at Server.toNodeHandle (file:///Users/hf-mac/Downloads/tgpro-admin/.output/server/chunks/nitro/nitro.mjs:2230:7) {
  cause: Error: ENOENT: no such file or directory, open '/Users/hf-mac/Downloads/tgpro-admin/.output/public/_nuxt/D974gv07.js'
      at open (node:internal/fs/promises:641:25)
      at Object.readFile (node:internal/fs/promises:1245:14)
      at Object.handler (file:///Users/hf-mac/Downloads/tgpro-admin/.output/server/chunks/nitro/nitro.mjs:1959:19)
      at Server.toNodeHandle (file:///Users/hf-mac/Downloads/tgpro-admin/.output/server/chunks/nitro/nitro.mjs:2230:7) {
    errno: -2,
    code: 'ENOENT',
    syscall: 'open',
    path: '/Users/hf-mac/Downloads/tgpro-admin/.output/public/_nuxt/D974gv07.js'
  },
  statusCode: 500,
  fatal: false,
  unhandled: true,
  statusMessage: undefined,
  data: undefined
}
2025-11-05T02:30:49: [request error] [unhandled] [GET] http://localhost:3000/_nuxt/D32lUId-.js
 H3Error: ENOENT: no such file or directory, open '/Users/hf-mac/Downloads/tgpro-admin/.output/public/_nuxt/D32lUId-.js'
    at open (node:internal/fs/promises:641:25)
    ... 2 lines matching cause stack trace ...
    at Server.toNodeHandle (file:///Users/hf-mac/Downloads/tgpro-admin/.output/server/chunks/nitro/nitro.mjs:2230:7) {
  cause: Error: ENOENT: no such file or directory, open '/Users/hf-mac/Downloads/tgpro-admin/.output/public/_nuxt/D32lUId-.js'
      at open (node:internal/fs/promises:641:25)
      at Object.readFile (node:internal/fs/promises:1245:14)
      at Object.handler (file:///Users/hf-mac/Downloads/tgpro-admin/.output/server/chunks/nitro/nitro.mjs:1959:19)
      at Server.toNodeHandle (file:///Users/hf-mac/Downloads/tgpro-admin/.output/server/chunks/nitro/nitro.mjs:2230:7) {
    errno: -2,
    code: 'ENOENT',
    syscall: 'open',
    path: '/Users/hf-mac/Downloads/tgpro-admin/.output/public/_nuxt/D32lUId-.js'
  },
  statusCode: 500,
  fatal: false,
  unhandled: true,
  statusMessage: undefined,
  data: undefined
}
2025-11-05T02:30:49: [request error] [unhandled] [GET] http://localhost:3000/_nuxt/CetYVyQG.js
 H3Error: ENOENT: no such file or directory, open '/Users/hf-mac/Downloads/tgpro-admin/.output/public/_nuxt/CetYVyQG.js'
    at open (node:internal/fs/promises:641:25)
    ... 2 lines matching cause stack trace ...
    at Server.toNodeHandle (file:///Users/hf-mac/Downloads/tgpro-admin/.output/server/chunks/nitro/nitro.mjs:2230:7) {
  cause: Error: ENOENT: no such file or directory, open '/Users/hf-mac/Downloads/tgpro-admin/.output/public/_nuxt/CetYVyQG.js'
      at open (node:internal/fs/promises:641:25)
      at Object.readFile (node:internal/fs/promises:1245:14)
      at Object.handler (file:///Users/hf-mac/Downloads/tgpro-admin/.output/server/chunks/nitro/nitro.mjs:1959:19)
      at Server.toNodeHandle (file:///Users/hf-mac/Downloads/tgpro-admin/.output/server/chunks/nitro/nitro.mjs:2230:7) {
    errno: -2,
    code: 'ENOENT',
    syscall: 'open',
    path: '/Users/hf-mac/Downloads/tgpro-admin/.output/public/_nuxt/CetYVyQG.js'
  },
  statusCode: 500,
  fatal: false,
  unhandled: true,
  statusMessage: undefined,
  data: undefined
}
2025-11-05T02:30:49: [request error] [unhandled] [GET] http://localhost:3000/_nuxt/Bdz-sLfb.js
 H3Error: ENOENT: no such file or directory, open '/Users/hf-mac/Downloads/tgpro-admin/.output/public/_nuxt/Bdz-sLfb.js'
    at open (node:internal/fs/promises:641:25)
    ... 2 lines matching cause stack trace ...
    at Server.toNodeHandle (file:///Users/hf-mac/Downloads/tgpro-admin/.output/server/chunks/nitro/nitro.mjs:2230:7) {
  cause: Error: ENOENT: no such file or directory, open '/Users/hf-mac/Downloads/tgpro-admin/.output/public/_nuxt/Bdz-sLfb.js'
      at open (node:internal/fs/promises:641:25)
      at Object.readFile (node:internal/fs/promises:1245:14)
      at Object.handler (file:///Users/hf-mac/Downloads/tgpro-admin/.output/server/chunks/nitro/nitro.mjs:1959:19)
      at Server.toNodeHandle (file:///Users/hf-mac/Downloads/tgpro-admin/.output/server/chunks/nitro/nitro.mjs:2230:7) {
    errno: -2,
    code: 'ENOENT',
    syscall: 'open',
    path: '/Users/hf-mac/Downloads/tgpro-admin/.output/public/_nuxt/Bdz-sLfb.js'
  },
  statusCode: 500,
  fatal: false,
  unhandled: true,
  statusMessage: undefined,
  data: undefined
}
2025-11-05T02:30:49: [request error] [unhandled] [GET] http://localhost:3000/_nuxt/Db7eFA1E.js
 H3Error: ENOENT: no such file or directory, open '/Users/hf-mac/Downloads/tgpro-admin/.output/public/_nuxt/Db7eFA1E.js'
    at open (node:internal/fs/promises:641:25)
    ... 2 lines matching cause stack trace ...
    at Server.toNodeHandle (file:///Users/hf-mac/Downloads/tgpro-admin/.output/server/chunks/nitro/nitro.mjs:2230:7) {
  cause: Error: ENOENT: no such file or directory, open '/Users/hf-mac/Downloads/tgpro-admin/.output/public/_nuxt/Db7eFA1E.js'
      at open (node:internal/fs/promises:641:25)
      at Object.readFile (node:internal/fs/promises:1245:14)
      at Object.handler (file:///Users/hf-mac/Downloads/tgpro-admin/.output/server/chunks/nitro/nitro.mjs:1959:19)
      at Server.toNodeHandle (file:///Users/hf-mac/Downloads/tgpro-admin/.output/server/chunks/nitro/nitro.mjs:2230:7) {
    errno: -2,
    code: 'ENOENT',
    syscall: 'open',
    path: '/Users/hf-mac/Downloads/tgpro-admin/.output/public/_nuxt/Db7eFA1E.js'
  },
  statusCode: 500,
  fatal: false,
  unhandled: true,
  statusMessage: undefined,
  data: undefined
}
2025-11-05T02:30:49: [request error] [unhandled] [GET] http://localhost:3000/_nuxt/DAr-OQmd.js
 H3Error: ENOENT: no such file or directory, open '/Users/hf-mac/Downloads/tgpro-admin/.output/public/_nuxt/DAr-OQmd.js'
    at open (node:internal/fs/promises:641:25)
    ... 2 lines matching cause stack trace ...
    at Server.toNodeHandle (file:///Users/hf-mac/Downloads/tgpro-admin/.output/server/chunks/nitro/nitro.mjs:2230:7) {
  cause: Error: ENOENT: no such file or directory, open '/Users/hf-mac/Downloads/tgpro-admin/.output/public/_nuxt/DAr-OQmd.js'
      at open (node:internal/fs/promises:641:25)
      at Object.readFile (node:internal/fs/promises:1245:14)
      at Object.handler (file:///Users/hf-mac/Downloads/tgpro-admin/.output/server/chunks/nitro/nitro.mjs:1959:19)
      at Server.toNodeHandle (file:///Users/hf-mac/Downloads/tgpro-admin/.output/server/chunks/nitro/nitro.mjs:2230:7) {
    errno: -2,
    code: 'ENOENT',
    syscall: 'open',
    path: '/Users/hf-mac/Downloads/tgpro-admin/.output/public/_nuxt/DAr-OQmd.js'
  },
  statusCode: 500,
  fatal: false,
  unhandled: true,
  statusMessage: undefined,
  data: undefined
}
2025-11-05T02:30:49: [request error] [unhandled] [GET] http://localhost:3000/_nuxt/BTgB1rvp.js
 H3Error: ENOENT: no such file or directory, open '/Users/hf-mac/Downloads/tgpro-admin/.output/public/_nuxt/BTgB1rvp.js'
    at open (node:internal/fs/promises:641:25)
    ... 2 lines matching cause stack trace ...
    at Server.toNodeHandle (file:///Users/hf-mac/Downloads/tgpro-admin/.output/server/chunks/nitro/nitro.mjs:2230:7) {
  cause: Error: ENOENT: no such file or directory, open '/Users/hf-mac/Downloads/tgpro-admin/.output/public/_nuxt/BTgB1rvp.js'
      at open (node:internal/fs/promises:641:25)
      at Object.readFile (node:internal/fs/promises:1245:14)
      at Object.handler (file:///Users/hf-mac/Downloads/tgpro-admin/.output/server/chunks/nitro/nitro.mjs:1959:19)
      at Server.toNodeHandle (file:///Users/hf-mac/Downloads/tgpro-admin/.output/server/chunks/nitro/nitro.mjs:2230:7) {
    errno: -2,
    code: 'ENOENT',
    syscall: 'open',
    path: '/Users/hf-mac/Downloads/tgpro-admin/.output/public/_nuxt/BTgB1rvp.js'
  },
  statusCode: 500,
  fatal: false,
  unhandled: true,
  statusMessage: undefined,
  data: undefined
}
2025-11-05T02:30:49: [request error] [unhandled] [GET] http://localhost:3000/_nuxt/C4xQaJXR.js
 H3Error: ENOENT: no such file or directory, open '/Users/hf-mac/Downloads/tgpro-admin/.output/public/_nuxt/C4xQaJXR.js'
    at open (node:internal/fs/promises:641:25)
    ... 2 lines matching cause stack trace ...
    at Server.toNodeHandle (file:///Users/hf-mac/Downloads/tgpro-admin/.output/server/chunks/nitro/nitro.mjs:2230:7) {
  cause: Error: ENOENT: no such file or directory, open '/Users/hf-mac/Downloads/tgpro-admin/.output/public/_nuxt/C4xQaJXR.js'
      at open (node:internal/fs/promises:641:25)
      at Object.readFile (node:internal/fs/promises:1245:14)
      at Object.handler (file:///Users/hf-mac/Downloads/tgpro-admin/.output/server/chunks/nitro/nitro.mjs:1959:19)
      at Server.toNodeHandle (file:///Users/hf-mac/Downloads/tgpro-admin/.output/server/chunks/nitro/nitro.mjs:2230:7) {
    errno: -2,
    code: 'ENOENT',
    syscall: 'open',
    path: '/Users/hf-mac/Downloads/tgpro-admin/.output/public/_nuxt/C4xQaJXR.js'
  },
  statusCode: 500,
  fatal: false,
  unhandled: true,
  statusMessage: undefined,
  data: undefined
}
2025-11-05T02:30:49: [request error] [unhandled] [GET] http://localhost:3000/_nuxt/builds/meta/db489c3b-20ab-405c-96a2-98b632ec7da6.json
 H3Error: ENOENT: no such file or directory, open '/Users/hf-mac/Downloads/tgpro-admin/.output/public/_nuxt/builds/meta/db489c3b-20ab-405c-96a2-98b632ec7da6.json'
    at open (node:internal/fs/promises:641:25)
    ... 2 lines matching cause stack trace ...
    at Server.toNodeHandle (file:///Users/hf-mac/Downloads/tgpro-admin/.output/server/chunks/nitro/nitro.mjs:2230:7) {
  cause: Error: ENOENT: no such file or directory, open '/Users/hf-mac/Downloads/tgpro-admin/.output/public/_nuxt/builds/meta/db489c3b-20ab-405c-96a2-98b632ec7da6.json'
      at open (node:internal/fs/promises:641:25)
      at Object.readFile (node:internal/fs/promises:1245:14)
      at Object.handler (file:///Users/hf-mac/Downloads/tgpro-admin/.output/server/chunks/nitro/nitro.mjs:1959:19)
      at Server.toNodeHandle (file:///Users/hf-mac/Downloads/tgpro-admin/.output/server/chunks/nitro/nitro.mjs:2230:7) {
    errno: -2,
    code: 'ENOENT',
    syscall: 'open',
    path: '/Users/hf-mac/Downloads/tgpro-admin/.output/public/_nuxt/builds/meta/db489c3b-20ab-405c-96a2-98b632ec7da6.json'
  },
  statusCode: 500,
  fatal: false,
  unhandled: true,
  statusMessage: undefined,
  data: undefined
}
2025-11-05T02:30:49: [request error] [unhandled] [GET] http://localhost:3000/_nuxt/DbAgXtul.js
 H3Error: ENOENT: no such file or directory, open '/Users/hf-mac/Downloads/tgpro-admin/.output/public/_nuxt/DbAgXtul.js'
    at open (node:internal/fs/promises:641:25)
    ... 2 lines matching cause stack trace ...
    at Server.toNodeHandle (file:///Users/hf-mac/Downloads/tgpro-admin/.output/server/chunks/nitro/nitro.mjs:2230:7) {
  cause: Error: ENOENT: no such file or directory, open '/Users/hf-mac/Downloads/tgpro-admin/.output/public/_nuxt/DbAgXtul.js'
      at open (node:internal/fs/promises:641:25)
      at Object.readFile (node:internal/fs/promises:1245:14)
      at Object.handler (file:///Users/hf-mac/Downloads/tgpro-admin/.output/server/chunks/nitro/nitro.mjs:1959:19)
      at Server.toNodeHandle (file:///Users/hf-mac/Downloads/tgpro-admin/.output/server/chunks/nitro/nitro.mjs:2230:7) {
    errno: -2,
    code: 'ENOENT',
    syscall: 'open',
    path: '/Users/hf-mac/Downloads/tgpro-admin/.output/public/_nuxt/DbAgXtul.js'
  },
  statusCode: 500,
  fatal: false,
  unhandled: true,
  statusMessage: undefined,
  data: undefined
}
2025-11-05T02:30:49: [request error] [unhandled] [GET] http://localhost:3000/_nuxt/Bl84yrz9.js
 H3Error: ENOENT: no such file or directory, open '/Users/hf-mac/Downloads/tgpro-admin/.output/public/_nuxt/Bl84yrz9.js'
    at open (node:internal/fs/promises:641:25)
    ... 2 lines matching cause stack trace ...
    at Server.toNodeHandle (file:///Users/hf-mac/Downloads/tgpro-admin/.output/server/chunks/nitro/nitro.mjs:2230:7) {
  cause: Error: ENOENT: no such file or directory, open '/Users/hf-mac/Downloads/tgpro-admin/.output/public/_nuxt/Bl84yrz9.js'
      at open (node:internal/fs/promises:641:25)
      at Object.readFile (node:internal/fs/promises:1245:14)
      at Object.handler (file:///Users/hf-mac/Downloads/tgpro-admin/.output/server/chunks/nitro/nitro.mjs:1959:19)
      at Server.toNodeHandle (file:///Users/hf-mac/Downloads/tgpro-admin/.output/server/chunks/nitro/nitro.mjs:2230:7) {
    errno: -2,
    code: 'ENOENT',
    syscall: 'open',
    path: '/Users/hf-mac/Downloads/tgpro-admin/.output/public/_nuxt/Bl84yrz9.js'
  },
  statusCode: 500,
  fatal: false,
  unhandled: true,
  statusMessage: undefined,
  data: undefined
}
2025-11-05T02:30:49: [request error] [unhandled] [GET] http://localhost:3000/_nuxt/D_B5nL8y.js
 H3Error: ENOENT: no such file or directory, open '/Users/hf-mac/Downloads/tgpro-admin/.output/public/_nuxt/D_B5nL8y.js'
    at open (node:internal/fs/promises:641:25)
    ... 2 lines matching cause stack trace ...
    at Server.toNodeHandle (file:///Users/hf-mac/Downloads/tgpro-admin/.output/server/chunks/nitro/nitro.mjs:2230:7) {
  cause: Error: ENOENT: no such file or directory, open '/Users/hf-mac/Downloads/tgpro-admin/.output/public/_nuxt/D_B5nL8y.js'
      at open (node:internal/fs/promises:641:25)
      at Object.readFile (node:internal/fs/promises:1245:14)
      at Object.handler (file:///Users/hf-mac/Downloads/tgpro-admin/.output/server/chunks/nitro/nitro.mjs:1959:19)
      at Server.toNodeHandle (file:///Users/hf-mac/Downloads/tgpro-admin/.output/server/chunks/nitro/nitro.mjs:2230:7) {
    errno: -2,
    code: 'ENOENT',
    syscall: 'open',
    path: '/Users/hf-mac/Downloads/tgpro-admin/.output/public/_nuxt/D_B5nL8y.js'
  },
  statusCode: 500,
  fatal: false,
  unhandled: true,
  statusMessage: undefined,
  data: undefined
}
2025-11-05T02:30:49: [request error] [unhandled] [GET] http://localhost:3000/_nuxt/DpNIWReE.js
 H3Error: ENOENT: no such file or directory, open '/Users/hf-mac/Downloads/tgpro-admin/.output/public/_nuxt/DpNIWReE.js'
    at open (node:internal/fs/promises:641:25)
    ... 2 lines matching cause stack trace ...
    at Server.toNodeHandle (file:///Users/hf-mac/Downloads/tgpro-admin/.output/server/chunks/nitro/nitro.mjs:2230:7) {
  cause: Error: ENOENT: no such file or directory, open '/Users/hf-mac/Downloads/tgpro-admin/.output/public/_nuxt/DpNIWReE.js'
      at open (node:internal/fs/promises:641:25)
      at Object.readFile (node:internal/fs/promises:1245:14)
      at Object.handler (file:///Users/hf-mac/Downloads/tgpro-admin/.output/server/chunks/nitro/nitro.mjs:1959:19)
      at Server.toNodeHandle (file:///Users/hf-mac/Downloads/tgpro-admin/.output/server/chunks/nitro/nitro.mjs:2230:7) {
    errno: -2,
    code: 'ENOENT',
    syscall: 'open',
    path: '/Users/hf-mac/Downloads/tgpro-admin/.output/public/_nuxt/DpNIWReE.js'
  },
  statusCode: 500,
  fatal: false,
  unhandled: true,
  statusMessage: undefined,
  data: undefined
}
2025-11-05T02:30:49: [request error] [unhandled] [GET] http://localhost:3000/_nuxt/D974gv07.js
 H3Error: ENOENT: no such file or directory, open '/Users/hf-mac/Downloads/tgpro-admin/.output/public/_nuxt/D974gv07.js'
    at open (node:internal/fs/promises:641:25)
    ... 2 lines matching cause stack trace ...
    at Server.toNodeHandle (file:///Users/hf-mac/Downloads/tgpro-admin/.output/server/chunks/nitro/nitro.mjs:2230:7) {
  cause: Error: ENOENT: no such file or directory, open '/Users/hf-mac/Downloads/tgpro-admin/.output/public/_nuxt/D974gv07.js'
      at open (node:internal/fs/promises:641:25)
      at Object.readFile (node:internal/fs/promises:1245:14)
      at Object.handler (file:///Users/hf-mac/Downloads/tgpro-admin/.output/server/chunks/nitro/nitro.mjs:1959:19)
      at Server.toNodeHandle (file:///Users/hf-mac/Downloads/tgpro-admin/.output/server/chunks/nitro/nitro.mjs:2230:7) {
    errno: -2,
    code: 'ENOENT',
    syscall: 'open',
    path: '/Users/hf-mac/Downloads/tgpro-admin/.output/public/_nuxt/D974gv07.js'
  },
  statusCode: 500,
  fatal: false,
  unhandled: true,
  statusMessage: undefined,
  data: undefined
}
2025-11-05T02:30:49: [request error] [unhandled] [GET] http://localhost:3000/_nuxt/D32lUId-.js
 H3Error: ENOENT: no such file or directory, open '/Users/hf-mac/Downloads/tgpro-admin/.output/public/_nuxt/D32lUId-.js'
    at open (node:internal/fs/promises:641:25)
    ... 2 lines matching cause stack trace ...
    at Server.toNodeHandle (file:///Users/hf-mac/Downloads/tgpro-admin/.output/server/chunks/nitro/nitro.mjs:2230:7) {
  cause: Error: ENOENT: no such file or directory, open '/Users/hf-mac/Downloads/tgpro-admin/.output/public/_nuxt/D32lUId-.js'
      at open (node:internal/fs/promises:641:25)
      at Object.readFile (node:internal/fs/promises:1245:14)
      at Object.handler (file:///Users/hf-mac/Downloads/tgpro-admin/.output/server/chunks/nitro/nitro.mjs:1959:19)
      at Server.toNodeHandle (file:///Users/hf-mac/Downloads/tgpro-admin/.output/server/chunks/nitro/nitro.mjs:2230:7) {
    errno: -2,
    code: 'ENOENT',
    syscall: 'open',
    path: '/Users/hf-mac/Downloads/tgpro-admin/.output/public/_nuxt/D32lUId-.js'
  },
  statusCode: 500,
  fatal: false,
  unhandled: true,
  statusMessage: undefined,
  data: undefined
}
2025-11-05T02:30:49: [request error] [unhandled] [GET] http://localhost:3000/_nuxt/CetYVyQG.js
 H3Error: ENOENT: no such file or directory, open '/Users/hf-mac/Downloads/tgpro-admin/.output/public/_nuxt/CetYVyQG.js'
    at open (node:internal/fs/promises:641:25)
    ... 2 lines matching cause stack trace ...
    at Server.toNodeHandle (file:///Users/hf-mac/Downloads/tgpro-admin/.output/server/chunks/nitro/nitro.mjs:2230:7) {
  cause: Error: ENOENT: no such file or directory, open '/Users/hf-mac/Downloads/tgpro-admin/.output/public/_nuxt/CetYVyQG.js'
      at open (node:internal/fs/promises:641:25)
      at Object.readFile (node:internal/fs/promises:1245:14)
      at Object.handler (file:///Users/hf-mac/Downloads/tgpro-admin/.output/server/chunks/nitro/nitro.mjs:1959:19)
      at Server.toNodeHandle (file:///Users/hf-mac/Downloads/tgpro-admin/.output/server/chunks/nitro/nitro.mjs:2230:7) {
    errno: -2,
    code: 'ENOENT',
    syscall: 'open',
    path: '/Users/hf-mac/Downloads/tgpro-admin/.output/public/_nuxt/CetYVyQG.js'
  },
  statusCode: 500,
  fatal: false,
  unhandled: true,
  statusMessage: undefined,
  data: undefined
}
2025-11-05T02:30:49: [request error] [unhandled] [GET] http://localhost:3000/_nuxt/Db7eFA1E.js
 H3Error: ENOENT: no such file or directory, open '/Users/hf-mac/Downloads/tgpro-admin/.output/public/_nuxt/Db7eFA1E.js'
    at open (node:internal/fs/promises:641:25)
    ... 2 lines matching cause stack trace ...
    at Server.toNodeHandle (file:///Users/hf-mac/Downloads/tgpro-admin/.output/server/chunks/nitro/nitro.mjs:2230:7) {
  cause: Error: ENOENT: no such file or directory, open '/Users/hf-mac/Downloads/tgpro-admin/.output/public/_nuxt/Db7eFA1E.js'
      at open (node:internal/fs/promises:641:25)
      at Object.readFile (node:internal/fs/promises:1245:14)
      at Object.handler (file:///Users/hf-mac/Downloads/tgpro-admin/.output/server/chunks/nitro/nitro.mjs:1959:19)
      at Server.toNodeHandle (file:///Users/hf-mac/Downloads/tgpro-admin/.output/server/chunks/nitro/nitro.mjs:2230:7) {
    errno: -2,
    code: 'ENOENT',
    syscall: 'open',
    path: '/Users/hf-mac/Downloads/tgpro-admin/.output/public/_nuxt/Db7eFA1E.js'
  },
  statusCode: 500,
  fatal: false,
  unhandled: true,
  statusMessage: undefined,
  data: undefined
}
2025-11-05T02:30:49: [request error] [unhandled] [GET] http://localhost:3000/_nuxt/DAr-OQmd.js
 H3Error: ENOENT: no such file or directory, open '/Users/hf-mac/Downloads/tgpro-admin/.output/public/_nuxt/DAr-OQmd.js'
    at open (node:internal/fs/promises:641:25)
    ... 2 lines matching cause stack trace ...
    at Server.toNodeHandle (file:///Users/hf-mac/Downloads/tgpro-admin/.output/server/chunks/nitro/nitro.mjs:2230:7) {
  cause: Error: ENOENT: no such file or directory, open '/Users/hf-mac/Downloads/tgpro-admin/.output/public/_nuxt/DAr-OQmd.js'
      at open (node:internal/fs/promises:641:25)
      at Object.readFile (node:internal/fs/promises:1245:14)
      at Object.handler (file:///Users/hf-mac/Downloads/tgpro-admin/.output/server/chunks/nitro/nitro.mjs:1959:19)
      at Server.toNodeHandle (file:///Users/hf-mac/Downloads/tgpro-admin/.output/server/chunks/nitro/nitro.mjs:2230:7) {
    errno: -2,
    code: 'ENOENT',
    syscall: 'open',
    path: '/Users/hf-mac/Downloads/tgpro-admin/.output/public/_nuxt/DAr-OQmd.js'
  },
  statusCode: 500,
  fatal: false,
  unhandled: true,
  statusMessage: undefined,
  data: undefined
}
2025-11-05T02:30:49: [request error] [unhandled] [GET] http://localhost:3000/_nuxt/Bdz-sLfb.js
 H3Error: ENOENT: no such file or directory, open '/Users/hf-mac/Downloads/tgpro-admin/.output/public/_nuxt/Bdz-sLfb.js'
    at open (node:internal/fs/promises:641:25)
    ... 2 lines matching cause stack trace ...
    at Server.toNodeHandle (file:///Users/hf-mac/Downloads/tgpro-admin/.output/server/chunks/nitro/nitro.mjs:2230:7) {
  cause: Error: ENOENT: no such file or directory, open '/Users/hf-mac/Downloads/tgpro-admin/.output/public/_nuxt/Bdz-sLfb.js'
      at open (node:internal/fs/promises:641:25)
      at Object.readFile (node:internal/fs/promises:1245:14)
      at Object.handler (file:///Users/hf-mac/Downloads/tgpro-admin/.output/server/chunks/nitro/nitro.mjs:1959:19)
      at Server.toNodeHandle (file:///Users/hf-mac/Downloads/tgpro-admin/.output/server/chunks/nitro/nitro.mjs:2230:7) {
    errno: -2,
    code: 'ENOENT',
    syscall: 'open',
    path: '/Users/hf-mac/Downloads/tgpro-admin/.output/public/_nuxt/Bdz-sLfb.js'
  },
  statusCode: 500,
  fatal: false,
  unhandled: true,
  statusMessage: undefined,
  data: undefined
}
2025-11-05T02:30:49: [request error] [unhandled] [GET] http://localhost:3000/_nuxt/BTgB1rvp.js
 H3Error: ENOENT: no such file or directory, open '/Users/hf-mac/Downloads/tgpro-admin/.output/public/_nuxt/BTgB1rvp.js'
    at open (node:internal/fs/promises:641:25)
    ... 2 lines matching cause stack trace ...
    at Server.toNodeHandle (file:///Users/hf-mac/Downloads/tgpro-admin/.output/server/chunks/nitro/nitro.mjs:2230:7) {
  cause: Error: ENOENT: no such file or directory, open '/Users/hf-mac/Downloads/tgpro-admin/.output/public/_nuxt/BTgB1rvp.js'
      at open (node:internal/fs/promises:641:25)
      at Object.readFile (node:internal/fs/promises:1245:14)
      at Object.handler (file:///Users/hf-mac/Downloads/tgpro-admin/.output/server/chunks/nitro/nitro.mjs:1959:19)
      at Server.toNodeHandle (file:///Users/hf-mac/Downloads/tgpro-admin/.output/server/chunks/nitro/nitro.mjs:2230:7) {
    errno: -2,
    code: 'ENOENT',
    syscall: 'open',
    path: '/Users/hf-mac/Downloads/tgpro-admin/.output/public/_nuxt/BTgB1rvp.js'
  },
  statusCode: 500,
  fatal: false,
  unhandled: true,
  statusMessage: undefined,
  data: undefined
}
2025-11-05T02:30:49: [request error] [unhandled] [GET] http://localhost:3000/_nuxt/C4xQaJXR.js
 H3Error: ENOENT: no such file or directory, open '/Users/hf-mac/Downloads/tgpro-admin/.output/public/_nuxt/C4xQaJXR.js'
    at open (node:internal/fs/promises:641:25)
    ... 2 lines matching cause stack trace ...
    at Server.toNodeHandle (file:///Users/hf-mac/Downloads/tgpro-admin/.output/server/chunks/nitro/nitro.mjs:2230:7) {
  cause: Error: ENOENT: no such file or directory, open '/Users/hf-mac/Downloads/tgpro-admin/.output/public/_nuxt/C4xQaJXR.js'
      at open (node:internal/fs/promises:641:25)
      at Object.readFile (node:internal/fs/promises:1245:14)
      at Object.handler (file:///Users/hf-mac/Downloads/tgpro-admin/.output/server/chunks/nitro/nitro.mjs:1959:19)
      at Server.toNodeHandle (file:///Users/hf-mac/Downloads/tgpro-admin/.output/server/chunks/nitro/nitro.mjs:2230:7) {
    errno: -2,
    code: 'ENOENT',
    syscall: 'open',
    path: '/Users/hf-mac/Downloads/tgpro-admin/.output/public/_nuxt/C4xQaJXR.js'
  },
  statusCode: 500,
  fatal: false,
  unhandled: true,
  statusMessage: undefined,
  data: undefined
}
2025-11-05T02:30:49: [request error] [unhandled] [GET] http://localhost:3000/_nuxt/CXT04lNs.js
 H3Error: ENOENT: no such file or directory, open '/Users/hf-mac/Downloads/tgpro-admin/.output/public/_nuxt/CXT04lNs.js'
    at open (node:internal/fs/promises:641:25)
    ... 2 lines matching cause stack trace ...
    at Server.toNodeHandle (file:///Users/hf-mac/Downloads/tgpro-admin/.output/server/chunks/nitro/nitro.mjs:2230:7) {
  cause: Error: ENOENT: no such file or directory, open '/Users/hf-mac/Downloads/tgpro-admin/.output/public/_nuxt/CXT04lNs.js'
      at open (node:internal/fs/promises:641:25)
      at Object.readFile (node:internal/fs/promises:1245:14)
      at Object.handler (file:///Users/hf-mac/Downloads/tgpro-admin/.output/server/chunks/nitro/nitro.mjs:1959:19)
      at Server.toNodeHandle (file:///Users/hf-mac/Downloads/tgpro-admin/.output/server/chunks/nitro/nitro.mjs:2230:7) {
    errno: -2,
    code: 'ENOENT',
    syscall: 'open',
    path: '/Users/hf-mac/Downloads/tgpro-admin/.output/public/_nuxt/CXT04lNs.js'
  },
  statusCode: 500,
  fatal: false,
  unhandled: true,
  statusMessage: undefined,
  data: undefined
}
2025-11-05T02:30:49: [request error] [unhandled] [GET] http://localhost:3000/_nuxt/DcHNM1Xn.js
 H3Error: ENOENT: no such file or directory, open '/Users/hf-mac/Downloads/tgpro-admin/.output/public/_nuxt/DcHNM1Xn.js'
    at open (node:internal/fs/promises:641:25)
    ... 2 lines matching cause stack trace ...
    at Server.toNodeHandle (file:///Users/hf-mac/Downloads/tgpro-admin/.output/server/chunks/nitro/nitro.mjs:2230:7) {
  cause: Error: ENOENT: no such file or directory, open '/Users/hf-mac/Downloads/tgpro-admin/.output/public/_nuxt/DcHNM1Xn.js'
      at open (node:internal/fs/promises:641:25)
      at Object.readFile (node:internal/fs/promises:1245:14)
      at Object.handler (file:///Users/hf-mac/Downloads/tgpro-admin/.output/server/chunks/nitro/nitro.mjs:1959:19)
      at Server.toNodeHandle (file:///Users/hf-mac/Downloads/tgpro-admin/.output/server/chunks/nitro/nitro.mjs:2230:7) {
    errno: -2,
    code: 'ENOENT',
    syscall: 'open',
    path: '/Users/hf-mac/Downloads/tgpro-admin/.output/public/_nuxt/DcHNM1Xn.js'
  },
  statusCode: 500,
  fatal: false,
  unhandled: true,
  statusMessage: undefined,
  data: undefined
}
2025-11-05T02:30:49: [request error] [unhandled] [GET] http://localhost:3000/_nuxt/DbAgXtul.js
 H3Error: ENOENT: no such file or directory, open '/Users/hf-mac/Downloads/tgpro-admin/.output/public/_nuxt/DbAgXtul.js'
    at open (node:internal/fs/promises:641:25)
    ... 2 lines matching cause stack trace ...
    at Server.toNodeHandle (file:///Users/hf-mac/Downloads/tgpro-admin/.output/server/chunks/nitro/nitro.mjs:2230:7) {
  cause: Error: ENOENT: no such file or directory, open '/Users/hf-mac/Downloads/tgpro-admin/.output/public/_nuxt/DbAgXtul.js'
      at open (node:internal/fs/promises:641:25)
      at Object.readFile (node:internal/fs/promises:1245:14)
      at Object.handler (file:///Users/hf-mac/Downloads/tgpro-admin/.output/server/chunks/nitro/nitro.mjs:1959:19)
      at Server.toNodeHandle (file:///Users/hf-mac/Downloads/tgpro-admin/.output/server/chunks/nitro/nitro.mjs:2230:7) {
    errno: -2,
    code: 'ENOENT',
    syscall: 'open',
    path: '/Users/hf-mac/Downloads/tgpro-admin/.output/public/_nuxt/DbAgXtul.js'
  },
  statusCode: 500,
  fatal: false,
  unhandled: true,
  statusMessage: undefined,
  data: undefined
}
2025-11-05T02:30:49: [request error] [unhandled] [GET] http://localhost:3000/_nuxt/D_B5nL8y.js
 H3Error: ENOENT: no such file or directory, open '/Users/hf-mac/Downloads/tgpro-admin/.output/public/_nuxt/D_B5nL8y.js'
    at open (node:internal/fs/promises:641:25)
    ... 2 lines matching cause stack trace ...
    at Server.toNodeHandle (file:///Users/hf-mac/Downloads/tgpro-admin/.output/server/chunks/nitro/nitro.mjs:2230:7) {
  cause: Error: ENOENT: no such file or directory, open '/Users/hf-mac/Downloads/tgpro-admin/.output/public/_nuxt/D_B5nL8y.js'
      at open (node:internal/fs/promises:641:25)
      at Object.readFile (node:internal/fs/promises:1245:14)
      at Object.handler (file:///Users/hf-mac/Downloads/tgpro-admin/.output/server/chunks/nitro/nitro.mjs:1959:19)
      at Server.toNodeHandle (file:///Users/hf-mac/Downloads/tgpro-admin/.output/server/chunks/nitro/nitro.mjs:2230:7) {
    errno: -2,
    code: 'ENOENT',
    syscall: 'open',
    path: '/Users/hf-mac/Downloads/tgpro-admin/.output/public/_nuxt/D_B5nL8y.js'
  },
  statusCode: 500,
  fatal: false,
  unhandled: true,
  statusMessage: undefined,
  data: undefined
}
2025-11-05T02:30:49: [request error] [unhandled] [GET] http://localhost:3000/_nuxt/Bl84yrz9.js
 H3Error: ENOENT: no such file or directory, open '/Users/hf-mac/Downloads/tgpro-admin/.output/public/_nuxt/Bl84yrz9.js'
    at open (node:internal/fs/promises:641:25)
    ... 2 lines matching cause stack trace ...
    at Server.toNodeHandle (file:///Users/hf-mac/Downloads/tgpro-admin/.output/server/chunks/nitro/nitro.mjs:2230:7) {
  cause: Error: ENOENT: no such file or directory, open '/Users/hf-mac/Downloads/tgpro-admin/.output/public/_nuxt/Bl84yrz9.js'
      at open (node:internal/fs/promises:641:25)
      at Object.readFile (node:internal/fs/promises:1245:14)
      at Object.handler (file:///Users/hf-mac/Downloads/tgpro-admin/.output/server/chunks/nitro/nitro.mjs:1959:19)
      at Server.toNodeHandle (file:///Users/hf-mac/Downloads/tgpro-admin/.output/server/chunks/nitro/nitro.mjs:2230:7) {
    errno: -2,
    code: 'ENOENT',
    syscall: 'open',
    path: '/Users/hf-mac/Downloads/tgpro-admin/.output/public/_nuxt/Bl84yrz9.js'
  },
  statusCode: 500,
  fatal: false,
  unhandled: true,
  statusMessage: undefined,
  data: undefined
}
2025-11-05T02:30:49: [request error] [unhandled] [GET] http://localhost:3000/_nuxt/DpNIWReE.js
 H3Error: ENOENT: no such file or directory, open '/Users/hf-mac/Downloads/tgpro-admin/.output/public/_nuxt/DpNIWReE.js'
    at open (node:internal/fs/promises:641:25)
    ... 2 lines matching cause stack trace ...
    at Server.toNodeHandle (file:///Users/hf-mac/Downloads/tgpro-admin/.output/server/chunks/nitro/nitro.mjs:2230:7) {
  cause: Error: ENOENT: no such file or directory, open '/Users/hf-mac/Downloads/tgpro-admin/.output/public/_nuxt/DpNIWReE.js'
      at open (node:internal/fs/promises:641:25)
      at Object.readFile (node:internal/fs/promises:1245:14)
      at Object.handler (file:///Users/hf-mac/Downloads/tgpro-admin/.output/server/chunks/nitro/nitro.mjs:1959:19)
      at Server.toNodeHandle (file:///Users/hf-mac/Downloads/tgpro-admin/.output/server/chunks/nitro/nitro.mjs:2230:7) {
    errno: -2,
    code: 'ENOENT',
    syscall: 'open',
    path: '/Users/hf-mac/Downloads/tgpro-admin/.output/public/_nuxt/DpNIWReE.js'
  },
  statusCode: 500,
  fatal: false,
  unhandled: true,
  statusMessage: undefined,
  data: undefined
}
2025-11-05T02:30:49: [request error] [unhandled] [GET] http://localhost:3000/_nuxt/D974gv07.js
 H3Error: ENOENT: no such file or directory, open '/Users/hf-mac/Downloads/tgpro-admin/.output/public/_nuxt/D974gv07.js'
    at open (node:internal/fs/promises:641:25)
    ... 2 lines matching cause stack trace ...
    at Server.toNodeHandle (file:///Users/hf-mac/Downloads/tgpro-admin/.output/server/chunks/nitro/nitro.mjs:2230:7) {
  cause: Error: ENOENT: no such file or directory, open '/Users/hf-mac/Downloads/tgpro-admin/.output/public/_nuxt/D974gv07.js'
      at open (node:internal/fs/promises:641:25)
      at Object.readFile (node:internal/fs/promises:1245:14)
      at Object.handler (file:///Users/hf-mac/Downloads/tgpro-admin/.output/server/chunks/nitro/nitro.mjs:1959:19)
      at Server.toNodeHandle (file:///Users/hf-mac/Downloads/tgpro-admin/.output/server/chunks/nitro/nitro.mjs:2230:7) {
    errno: -2,
    code: 'ENOENT',
    syscall: 'open',
    path: '/Users/hf-mac/Downloads/tgpro-admin/.output/public/_nuxt/D974gv07.js'
  },
  statusCode: 500,
  fatal: false,
  unhandled: true,
  statusMessage: undefined,
  data: undefined
}
2025-11-05T02:30:49: [request error] [unhandled] [GET] http://localhost:3000/_nuxt/D32lUId-.js
 H3Error: ENOENT: no such file or directory, open '/Users/hf-mac/Downloads/tgpro-admin/.output/public/_nuxt/D32lUId-.js'
    at open (node:internal/fs/promises:641:25)
    ... 2 lines matching cause stack trace ...
    at Server.toNodeHandle (file:///Users/hf-mac/Downloads/tgpro-admin/.output/server/chunks/nitro/nitro.mjs:2230:7) {
  cause: Error: ENOENT: no such file or directory, open '/Users/hf-mac/Downloads/tgpro-admin/.output/public/_nuxt/D32lUId-.js'
      at open (node:internal/fs/promises:641:25)
      at Object.readFile (node:internal/fs/promises:1245:14)
      at Object.handler (file:///Users/hf-mac/Downloads/tgpro-admin/.output/server/chunks/nitro/nitro.mjs:1959:19)
      at Server.toNodeHandle (file:///Users/hf-mac/Downloads/tgpro-admin/.output/server/chunks/nitro/nitro.mjs:2230:7) {
    errno: -2,
    code: 'ENOENT',
    syscall: 'open',
    path: '/Users/hf-mac/Downloads/tgpro-admin/.output/public/_nuxt/D32lUId-.js'
  },
  statusCode: 500,
  fatal: false,
  unhandled: true,
  statusMessage: undefined,
  data: undefined
}
2025-11-05T02:30:49: [request error] [unhandled] [GET] http://localhost:3000/_nuxt/Bdz-sLfb.js
 H3Error: ENOENT: no such file or directory, open '/Users/hf-mac/Downloads/tgpro-admin/.output/public/_nuxt/Bdz-sLfb.js'
    at open (node:internal/fs/promises:641:25)
    ... 2 lines matching cause stack trace ...
    at Server.toNodeHandle (file:///Users/hf-mac/Downloads/tgpro-admin/.output/server/chunks/nitro/nitro.mjs:2230:7) {
  cause: Error: ENOENT: no such file or directory, open '/Users/hf-mac/Downloads/tgpro-admin/.output/public/_nuxt/Bdz-sLfb.js'
      at open (node:internal/fs/promises:641:25)
      at Object.readFile (node:internal/fs/promises:1245:14)
      at Object.handler (file:///Users/hf-mac/Downloads/tgpro-admin/.output/server/chunks/nitro/nitro.mjs:1959:19)
      at Server.toNodeHandle (file:///Users/hf-mac/Downloads/tgpro-admin/.output/server/chunks/nitro/nitro.mjs:2230:7) {
    errno: -2,
    code: 'ENOENT',
    syscall: 'open',
    path: '/Users/hf-mac/Downloads/tgpro-admin/.output/public/_nuxt/Bdz-sLfb.js'
  },
  statusCode: 500,
  fatal: false,
  unhandled: true,
  statusMessage: undefined,
  data: undefined
}
2025-11-05T02:30:49: [request error] [unhandled] [GET] http://localhost:3000/_nuxt/CetYVyQG.js
 H3Error: ENOENT: no such file or directory, open '/Users/hf-mac/Downloads/tgpro-admin/.output/public/_nuxt/CetYVyQG.js'
    at open (node:internal/fs/promises:641:25)
    ... 2 lines matching cause stack trace ...
    at Server.toNodeHandle (file:///Users/hf-mac/Downloads/tgpro-admin/.output/server/chunks/nitro/nitro.mjs:2230:7) {
  cause: Error: ENOENT: no such file or directory, open '/Users/hf-mac/Downloads/tgpro-admin/.output/public/_nuxt/CetYVyQG.js'
      at open (node:internal/fs/promises:641:25)
      at Object.readFile (node:internal/fs/promises:1245:14)
      at Object.handler (file:///Users/hf-mac/Downloads/tgpro-admin/.output/server/chunks/nitro/nitro.mjs:1959:19)
      at Server.toNodeHandle (file:///Users/hf-mac/Downloads/tgpro-admin/.output/server/chunks/nitro/nitro.mjs:2230:7) {
    errno: -2,
    code: 'ENOENT',
    syscall: 'open',
    path: '/Users/hf-mac/Downloads/tgpro-admin/.output/public/_nuxt/CetYVyQG.js'
  },
  statusCode: 500,
  fatal: false,
  unhandled: true,
  statusMessage: undefined,
  data: undefined
}
2025-11-05T02:30:49: [request error] [unhandled] [GET] http://localhost:3000/_nuxt/Db7eFA1E.js
 H3Error: ENOENT: no such file or directory, open '/Users/hf-mac/Downloads/tgpro-admin/.output/public/_nuxt/Db7eFA1E.js'
    at open (node:internal/fs/promises:641:25)
    ... 2 lines matching cause stack trace ...
    at Server.toNodeHandle (file:///Users/hf-mac/Downloads/tgpro-admin/.output/server/chunks/nitro/nitro.mjs:2230:7) {
  cause: Error: ENOENT: no such file or directory, open '/Users/hf-mac/Downloads/tgpro-admin/.output/public/_nuxt/Db7eFA1E.js'
      at open (node:internal/fs/promises:641:25)
      at Object.readFile (node:internal/fs/promises:1245:14)
      at Object.handler (file:///Users/hf-mac/Downloads/tgpro-admin/.output/server/chunks/nitro/nitro.mjs:1959:19)
      at Server.toNodeHandle (file:///Users/hf-mac/Downloads/tgpro-admin/.output/server/chunks/nitro/nitro.mjs:2230:7) {
    errno: -2,
    code: 'ENOENT',
    syscall: 'open',
    path: '/Users/hf-mac/Downloads/tgpro-admin/.output/public/_nuxt/Db7eFA1E.js'
  },
  statusCode: 500,
  fatal: false,
  unhandled: true,
  statusMessage: undefined,
  data: undefined
}
2025-11-05T02:30:49: [request error] [unhandled] [GET] http://localhost:3000/_nuxt/DAr-OQmd.js
 H3Error: ENOENT: no such file or directory, open '/Users/hf-mac/Downloads/tgpro-admin/.output/public/_nuxt/DAr-OQmd.js'
    at open (node:internal/fs/promises:641:25)
    ... 2 lines matching cause stack trace ...
    at Server.toNodeHandle (file:///Users/hf-mac/Downloads/tgpro-admin/.output/server/chunks/nitro/nitro.mjs:2230:7) {
  cause: Error: ENOENT: no such file or directory, open '/Users/hf-mac/Downloads/tgpro-admin/.output/public/_nuxt/DAr-OQmd.js'
      at open (node:internal/fs/promises:641:25)
      at Object.readFile (node:internal/fs/promises:1245:14)
      at Object.handler (file:///Users/hf-mac/Downloads/tgpro-admin/.output/server/chunks/nitro/nitro.mjs:1959:19)
      at Server.toNodeHandle (file:///Users/hf-mac/Downloads/tgpro-admin/.output/server/chunks/nitro/nitro.mjs:2230:7) {
    errno: -2,
    code: 'ENOENT',
    syscall: 'open',
    path: '/Users/hf-mac/Downloads/tgpro-admin/.output/public/_nuxt/DAr-OQmd.js'
  },
  statusCode: 500,
  fatal: false,
  unhandled: true,
  statusMessage: undefined,
  data: undefined
}
2025-11-05T02:30:49: [request error] [unhandled] [GET] http://localhost:3000/_nuxt/CXT04lNs.js
 H3Error: ENOENT: no such file or directory, open '/Users/hf-mac/Downloads/tgpro-admin/.output/public/_nuxt/CXT04lNs.js'
    at open (node:internal/fs/promises:641:25)
    ... 2 lines matching cause stack trace ...
    at Server.toNodeHandle (file:///Users/hf-mac/Downloads/tgpro-admin/.output/server/chunks/nitro/nitro.mjs:2230:7) {
  cause: Error: ENOENT: no such file or directory, open '/Users/hf-mac/Downloads/tgpro-admin/.output/public/_nuxt/CXT04lNs.js'
      at open (node:internal/fs/promises:641:25)
      at Object.readFile (node:internal/fs/promises:1245:14)
      at Object.handler (file:///Users/hf-mac/Downloads/tgpro-admin/.output/server/chunks/nitro/nitro.mjs:1959:19)
      at Server.toNodeHandle (file:///Users/hf-mac/Downloads/tgpro-admin/.output/server/chunks/nitro/nitro.mjs:2230:7) {
    errno: -2,
    code: 'ENOENT',
    syscall: 'open',
    path: '/Users/hf-mac/Downloads/tgpro-admin/.output/public/_nuxt/CXT04lNs.js'
  },
  statusCode: 500,
  fatal: false,
  unhandled: true,
  statusMessage: undefined,
  data: undefined
}
2025-11-05T02:30:49: [request error] [unhandled] [GET] http://localhost:3000/_nuxt/C4xQaJXR.js
 H3Error: ENOENT: no such file or directory, open '/Users/hf-mac/Downloads/tgpro-admin/.output/public/_nuxt/C4xQaJXR.js'
    at open (node:internal/fs/promises:641:25)
    ... 2 lines matching cause stack trace ...
    at Server.toNodeHandle (file:///Users/hf-mac/Downloads/tgpro-admin/.output/server/chunks/nitro/nitro.mjs:2230:7) {
  cause: Error: ENOENT: no such file or directory, open '/Users/hf-mac/Downloads/tgpro-admin/.output/public/_nuxt/C4xQaJXR.js'
      at open (node:internal/fs/promises:641:25)
      at Object.readFile (node:internal/fs/promises:1245:14)
      at Object.handler (file:///Users/hf-mac/Downloads/tgpro-admin/.output/server/chunks/nitro/nitro.mjs:1959:19)
      at Server.toNodeHandle (file:///Users/hf-mac/Downloads/tgpro-admin/.output/server/chunks/nitro/nitro.mjs:2230:7) {
    errno: -2,
    code: 'ENOENT',
    syscall: 'open',
    path: '/Users/hf-mac/Downloads/tgpro-admin/.output/public/_nuxt/C4xQaJXR.js'
  },
  statusCode: 500,
  fatal: false,
  unhandled: true,
  statusMessage: undefined,
  data: undefined
}
2025-11-05T02:30:49: [request error] [unhandled] [GET] http://localhost:3000/_nuxt/DbAgXtul.js
 H3Error: ENOENT: no such file or directory, open '/Users/hf-mac/Downloads/tgpro-admin/.output/public/_nuxt/DbAgXtul.js'
    at open (node:internal/fs/promises:641:25)
    ... 2 lines matching cause stack trace ...
    at Server.toNodeHandle (file:///Users/hf-mac/Downloads/tgpro-admin/.output/server/chunks/nitro/nitro.mjs:2230:7) {
  cause: Error: ENOENT: no such file or directory, open '/Users/hf-mac/Downloads/tgpro-admin/.output/public/_nuxt/DbAgXtul.js'
      at open (node:internal/fs/promises:641:25)
      at Object.readFile (node:internal/fs/promises:1245:14)
      at Object.handler (file:///Users/hf-mac/Downloads/tgpro-admin/.output/server/chunks/nitro/nitro.mjs:1959:19)
      at Server.toNodeHandle (file:///Users/hf-mac/Downloads/tgpro-admin/.output/server/chunks/nitro/nitro.mjs:2230:7) {
    errno: -2,
    code: 'ENOENT',
    syscall: 'open',
    path: '/Users/hf-mac/Downloads/tgpro-admin/.output/public/_nuxt/DbAgXtul.js'
  },
  statusCode: 500,
  fatal: false,
  unhandled: true,
  statusMessage: undefined,
  data: undefined
}
2025-11-05T02:30:49: [request error] [unhandled] [GET] http://localhost:3000/_nuxt/Bl84yrz9.js
 H3Error: ENOENT: no such file or directory, open '/Users/hf-mac/Downloads/tgpro-admin/.output/public/_nuxt/Bl84yrz9.js'
    at open (node:internal/fs/promises:641:25)
    ... 2 lines matching cause stack trace ...
    at Server.toNodeHandle (file:///Users/hf-mac/Downloads/tgpro-admin/.output/server/chunks/nitro/nitro.mjs:2230:7) {
  cause: Error: ENOENT: no such file or directory, open '/Users/hf-mac/Downloads/tgpro-admin/.output/public/_nuxt/Bl84yrz9.js'
      at open (node:internal/fs/promises:641:25)
      at Object.readFile (node:internal/fs/promises:1245:14)
      at Object.handler (file:///Users/hf-mac/Downloads/tgpro-admin/.output/server/chunks/nitro/nitro.mjs:1959:19)
      at Server.toNodeHandle (file:///Users/hf-mac/Downloads/tgpro-admin/.output/server/chunks/nitro/nitro.mjs:2230:7) {
    errno: -2,
    code: 'ENOENT',
    syscall: 'open',
    path: '/Users/hf-mac/Downloads/tgpro-admin/.output/public/_nuxt/Bl84yrz9.js'
  },
  statusCode: 500,
  fatal: false,
  unhandled: true,
  statusMessage: undefined,
  data: undefined
}
2025-11-05T02:30:49: [request error] [unhandled] [GET] http://localhost:3000/_nuxt/D_B5nL8y.js
 H3Error: ENOENT: no such file or directory, open '/Users/hf-mac/Downloads/tgpro-admin/.output/public/_nuxt/D_B5nL8y.js'
    at open (node:internal/fs/promises:641:25)
    ... 2 lines matching cause stack trace ...
    at Server.toNodeHandle (file:///Users/hf-mac/Downloads/tgpro-admin/.output/server/chunks/nitro/nitro.mjs:2230:7) {
  cause: Error: ENOENT: no such file or directory, open '/Users/hf-mac/Downloads/tgpro-admin/.output/public/_nuxt/D_B5nL8y.js'
      at open (node:internal/fs/promises:641:25)
      at Object.readFile (node:internal/fs/promises:1245:14)
      at Object.handler (file:///Users/hf-mac/Downloads/tgpro-admin/.output/server/chunks/nitro/nitro.mjs:1959:19)
      at Server.toNodeHandle (file:///Users/hf-mac/Downloads/tgpro-admin/.output/server/chunks/nitro/nitro.mjs:2230:7) {
    errno: -2,
    code: 'ENOENT',
    syscall: 'open',
    path: '/Users/hf-mac/Downloads/tgpro-admin/.output/public/_nuxt/D_B5nL8y.js'
  },
  statusCode: 500,
  fatal: false,
  unhandled: true,
  statusMessage: undefined,
  data: undefined
}
2025-11-05T02:30:49: [request error] [unhandled] [GET] http://localhost:3000/_nuxt/DpNIWReE.js
 H3Error: ENOENT: no such file or directory, open '/Users/hf-mac/Downloads/tgpro-admin/.output/public/_nuxt/DpNIWReE.js'
    at open (node:internal/fs/promises:641:25)
    ... 2 lines matching cause stack trace ...
    at Server.toNodeHandle (file:///Users/hf-mac/Downloads/tgpro-admin/.output/server/chunks/nitro/nitro.mjs:2230:7) {
  cause: Error: ENOENT: no such file or directory, open '/Users/hf-mac/Downloads/tgpro-admin/.output/public/_nuxt/DpNIWReE.js'
      at open (node:internal/fs/promises:641:25)
      at Object.readFile (node:internal/fs/promises:1245:14)
      at Object.handler (file:///Users/hf-mac/Downloads/tgpro-admin/.output/server/chunks/nitro/nitro.mjs:1959:19)
      at Server.toNodeHandle (file:///Users/hf-mac/Downloads/tgpro-admin/.output/server/chunks/nitro/nitro.mjs:2230:7) {
    errno: -2,
    code: 'ENOENT',
    syscall: 'open',
    path: '/Users/hf-mac/Downloads/tgpro-admin/.output/public/_nuxt/DpNIWReE.js'
  },
  statusCode: 500,
  fatal: false,
  unhandled: true,
  statusMessage: undefined,
  data: undefined
}
2025-11-05T02:30:49: [request error] [unhandled] [GET] http://localhost:3000/_nuxt/D974gv07.js
 H3Error: ENOENT: no such file or directory, open '/Users/hf-mac/Downloads/tgpro-admin/.output/public/_nuxt/D974gv07.js'
    at open (node:internal/fs/promises:641:25)
    ... 2 lines matching cause stack trace ...
    at Server.toNodeHandle (file:///Users/hf-mac/Downloads/tgpro-admin/.output/server/chunks/nitro/nitro.mjs:2230:7) {
  cause: Error: ENOENT: no such file or directory, open '/Users/hf-mac/Downloads/tgpro-admin/.output/public/_nuxt/D974gv07.js'
      at open (node:internal/fs/promises:641:25)
      at Object.readFile (node:internal/fs/promises:1245:14)
      at Object.handler (file:///Users/hf-mac/Downloads/tgpro-admin/.output/server/chunks/nitro/nitro.mjs:1959:19)
      at Server.toNodeHandle (file:///Users/hf-mac/Downloads/tgpro-admin/.output/server/chunks/nitro/nitro.mjs:2230:7) {
    errno: -2,
    code: 'ENOENT',
    syscall: 'open',
    path: '/Users/hf-mac/Downloads/tgpro-admin/.output/public/_nuxt/D974gv07.js'
  },
  statusCode: 500,
  fatal: false,
  unhandled: true,
  statusMessage: undefined,
  data: undefined
}
2025-11-05T02:30:49: [request error] [unhandled] [GET] http://localhost:3000/_nuxt/D32lUId-.js
 H3Error: ENOENT: no such file or directory, open '/Users/hf-mac/Downloads/tgpro-admin/.output/public/_nuxt/D32lUId-.js'
    at open (node:internal/fs/promises:641:25)
    ... 2 lines matching cause stack trace ...
    at Server.toNodeHandle (file:///Users/hf-mac/Downloads/tgpro-admin/.output/server/chunks/nitro/nitro.mjs:2230:7) {
  cause: Error: ENOENT: no such file or directory, open '/Users/hf-mac/Downloads/tgpro-admin/.output/public/_nuxt/D32lUId-.js'
      at open (node:internal/fs/promises:641:25)
      at Object.readFile (node:internal/fs/promises:1245:14)
      at Object.handler (file:///Users/hf-mac/Downloads/tgpro-admin/.output/server/chunks/nitro/nitro.mjs:1959:19)
      at Server.toNodeHandle (file:///Users/hf-mac/Downloads/tgpro-admin/.output/server/chunks/nitro/nitro.mjs:2230:7) {
    errno: -2,
    code: 'ENOENT',
    syscall: 'open',
    path: '/Users/hf-mac/Downloads/tgpro-admin/.output/public/_nuxt/D32lUId-.js'
  },
  statusCode: 500,
  fatal: false,
  unhandled: true,
  statusMessage: undefined,
  data: undefined
}
2025-11-05T02:30:49: [request error] [unhandled] [GET] http://localhost:3000/_nuxt/CetYVyQG.js
 H3Error: ENOENT: no such file or directory, open '/Users/hf-mac/Downloads/tgpro-admin/.output/public/_nuxt/CetYVyQG.js'
    at open (node:internal/fs/promises:641:25)
    ... 2 lines matching cause stack trace ...
    at Server.toNodeHandle (file:///Users/hf-mac/Downloads/tgpro-admin/.output/server/chunks/nitro/nitro.mjs:2230:7) {
  cause: Error: ENOENT: no such file or directory, open '/Users/hf-mac/Downloads/tgpro-admin/.output/public/_nuxt/CetYVyQG.js'
      at open (node:internal/fs/promises:641:25)
      at Object.readFile (node:internal/fs/promises:1245:14)
      at Object.handler (file:///Users/hf-mac/Downloads/tgpro-admin/.output/server/chunks/nitro/nitro.mjs:1959:19)
      at Server.toNodeHandle (file:///Users/hf-mac/Downloads/tgpro-admin/.output/server/chunks/nitro/nitro.mjs:2230:7) {
    errno: -2,
    code: 'ENOENT',
    syscall: 'open',
    path: '/Users/hf-mac/Downloads/tgpro-admin/.output/public/_nuxt/CetYVyQG.js'
  },
  statusCode: 500,
  fatal: false,
  unhandled: true,
  statusMessage: undefined,
  data: undefined
}
2025-11-05T02:30:49: [request error] [unhandled] [GET] http://localhost:3000/_nuxt/Bdz-sLfb.js
 H3Error: ENOENT: no such file or directory, open '/Users/hf-mac/Downloads/tgpro-admin/.output/public/_nuxt/Bdz-sLfb.js'
    at open (node:internal/fs/promises:641:25)
    ... 2 lines matching cause stack trace ...
    at Server.toNodeHandle (file:///Users/hf-mac/Downloads/tgpro-admin/.output/server/chunks/nitro/nitro.mjs:2230:7) {
  cause: Error: ENOENT: no such file or directory, open '/Users/hf-mac/Downloads/tgpro-admin/.output/public/_nuxt/Bdz-sLfb.js'
      at open (node:internal/fs/promises:641:25)
      at Object.readFile (node:internal/fs/promises:1245:14)
      at Object.handler (file:///Users/hf-mac/Downloads/tgpro-admin/.output/server/chunks/nitro/nitro.mjs:1959:19)
      at Server.toNodeHandle (file:///Users/hf-mac/Downloads/tgpro-admin/.output/server/chunks/nitro/nitro.mjs:2230:7) {
    errno: -2,
    code: 'ENOENT',
    syscall: 'open',
    path: '/Users/hf-mac/Downloads/tgpro-admin/.output/public/_nuxt/Bdz-sLfb.js'
  },
  statusCode: 500,
  fatal: false,
  unhandled: true,
  statusMessage: undefined,
  data: undefined
}
2025-11-05T02:30:49: [request error] [unhandled] [GET] http://localhost:3000/_nuxt/Db7eFA1E.js
 H3Error: ENOENT: no such file or directory, open '/Users/hf-mac/Downloads/tgpro-admin/.output/public/_nuxt/Db7eFA1E.js'
    at open (node:internal/fs/promises:641:25)
    ... 2 lines matching cause stack trace ...
    at Server.toNodeHandle (file:///Users/hf-mac/Downloads/tgpro-admin/.output/server/chunks/nitro/nitro.mjs:2230:7) {
  cause: Error: ENOENT: no such file or directory, open '/Users/hf-mac/Downloads/tgpro-admin/.output/public/_nuxt/Db7eFA1E.js'
      at open (node:internal/fs/promises:641:25)
      at Object.readFile (node:internal/fs/promises:1245:14)
      at Object.handler (file:///Users/hf-mac/Downloads/tgpro-admin/.output/server/chunks/nitro/nitro.mjs:1959:19)
      at Server.toNodeHandle (file:///Users/hf-mac/Downloads/tgpro-admin/.output/server/chunks/nitro/nitro.mjs:2230:7) {
    errno: -2,
    code: 'ENOENT',
    syscall: 'open',
    path: '/Users/hf-mac/Downloads/tgpro-admin/.output/public/_nuxt/Db7eFA1E.js'
  },
  statusCode: 500,
  fatal: false,
  unhandled: true,
  statusMessage: undefined,
  data: undefined
}
2025-11-05T02:30:49: [request error] [unhandled] [GET] http://localhost:3000/_nuxt/DAr-OQmd.js
 H3Error: ENOENT: no such file or directory, open '/Users/hf-mac/Downloads/tgpro-admin/.output/public/_nuxt/DAr-OQmd.js'
    at open (node:internal/fs/promises:641:25)
    ... 2 lines matching cause stack trace ...
    at Server.toNodeHandle (file:///Users/hf-mac/Downloads/tgpro-admin/.output/server/chunks/nitro/nitro.mjs:2230:7) {
  cause: Error: ENOENT: no such file or directory, open '/Users/hf-mac/Downloads/tgpro-admin/.output/public/_nuxt/DAr-OQmd.js'
      at open (node:internal/fs/promises:641:25)
      at Object.readFile (node:internal/fs/promises:1245:14)
      at Object.handler (file:///Users/hf-mac/Downloads/tgpro-admin/.output/server/chunks/nitro/nitro.mjs:1959:19)
      at Server.toNodeHandle (file:///Users/hf-mac/Downloads/tgpro-admin/.output/server/chunks/nitro/nitro.mjs:2230:7) {
    errno: -2,
    code: 'ENOENT',
    syscall: 'open',
    path: '/Users/hf-mac/Downloads/tgpro-admin/.output/public/_nuxt/DAr-OQmd.js'
  },
  statusCode: 500,
  fatal: false,
  unhandled: true,
  statusMessage: undefined,
  data: undefined
}
2025-11-05T02:30:49: [request error] [unhandled] [GET] http://localhost:3000/_nuxt/BTgB1rvp.js
 H3Error: ENOENT: no such file or directory, open '/Users/hf-mac/Downloads/tgpro-admin/.output/public/_nuxt/BTgB1rvp.js'
    at open (node:internal/fs/promises:641:25)
    ... 2 lines matching cause stack trace ...
    at Server.toNodeHandle (file:///Users/hf-mac/Downloads/tgpro-admin/.output/server/chunks/nitro/nitro.mjs:2230:7) {
  cause: Error: ENOENT: no such file or directory, open '/Users/hf-mac/Downloads/tgpro-admin/.output/public/_nuxt/BTgB1rvp.js'
      at open (node:internal/fs/promises:641:25)
      at Object.readFile (node:internal/fs/promises:1245:14)
      at Object.handler (file:///Users/hf-mac/Downloads/tgpro-admin/.output/server/chunks/nitro/nitro.mjs:1959:19)
      at Server.toNodeHandle (file:///Users/hf-mac/Downloads/tgpro-admin/.output/server/chunks/nitro/nitro.mjs:2230:7) {
    errno: -2,
    code: 'ENOENT',
    syscall: 'open',
    path: '/Users/hf-mac/Downloads/tgpro-admin/.output/public/_nuxt/BTgB1rvp.js'
  },
  statusCode: 500,
  fatal: false,
  unhandled: true,
  statusMessage: undefined,
  data: undefined
}
2025-11-05T02:30:50: [request error] [unhandled] [GET] http://localhost:3000/_nuxt/DcHNM1Xn.js
 H3Error: ENOENT: no such file or directory, open '/Users/hf-mac/Downloads/tgpro-admin/.output/public/_nuxt/DcHNM1Xn.js'
    at open (node:internal/fs/promises:641:25)
    ... 2 lines matching cause stack trace ...
    at Server.toNodeHandle (file:///Users/hf-mac/Downloads/tgpro-admin/.output/server/chunks/nitro/nitro.mjs:2230:7) {
  cause: Error: ENOENT: no such file or directory, open '/Users/hf-mac/Downloads/tgpro-admin/.output/public/_nuxt/DcHNM1Xn.js'
      at open (node:internal/fs/promises:641:25)
      at Object.readFile (node:internal/fs/promises:1245:14)
      at Object.handler (file:///Users/hf-mac/Downloads/tgpro-admin/.output/server/chunks/nitro/nitro.mjs:1959:19)
      at Server.toNodeHandle (file:///Users/hf-mac/Downloads/tgpro-admin/.output/server/chunks/nitro/nitro.mjs:2230:7) {
    errno: -2,
    code: 'ENOENT',
    syscall: 'open',
    path: '/Users/hf-mac/Downloads/tgpro-admin/.output/public/_nuxt/DcHNM1Xn.js'
  },
  statusCode: 500,
  fatal: false,
  unhandled: true,
  statusMessage: undefined,
  data: undefined
}
2025-11-05T02:30:50: [request error] [unhandled] [GET] http://localhost:3000/_nuxt/DbAgXtul.js
 H3Error: ENOENT: no such file or directory, open '/Users/hf-mac/Downloads/tgpro-admin/.output/public/_nuxt/DbAgXtul.js'
    at open (node:internal/fs/promises:641:25)
    ... 2 lines matching cause stack trace ...
    at Server.toNodeHandle (file:///Users/hf-mac/Downloads/tgpro-admin/.output/server/chunks/nitro/nitro.mjs:2230:7) {
  cause: Error: ENOENT: no such file or directory, open '/Users/hf-mac/Downloads/tgpro-admin/.output/public/_nuxt/DbAgXtul.js'
      at open (node:internal/fs/promises:641:25)
      at Object.readFile (node:internal/fs/promises:1245:14)
      at Object.handler (file:///Users/hf-mac/Downloads/tgpro-admin/.output/server/chunks/nitro/nitro.mjs:1959:19)
      at Server.toNodeHandle (file:///Users/hf-mac/Downloads/tgpro-admin/.output/server/chunks/nitro/nitro.mjs:2230:7) {
    errno: -2,
    code: 'ENOENT',
    syscall: 'open',
    path: '/Users/hf-mac/Downloads/tgpro-admin/.output/public/_nuxt/DbAgXtul.js'
  },
  statusCode: 500,
  fatal: false,
  unhandled: true,
  statusMessage: undefined,
  data: undefined
}
2025-11-05T02:30:50: [request error] [unhandled] [GET] http://localhost:3000/_nuxt/Bl84yrz9.js
 H3Error: ENOENT: no such file or directory, open '/Users/hf-mac/Downloads/tgpro-admin/.output/public/_nuxt/Bl84yrz9.js'
    at open (node:internal/fs/promises:641:25)
    ... 2 lines matching cause stack trace ...
    at Server.toNodeHandle (file:///Users/hf-mac/Downloads/tgpro-admin/.output/server/chunks/nitro/nitro.mjs:2230:7) {
  cause: Error: ENOENT: no such file or directory, open '/Users/hf-mac/Downloads/tgpro-admin/.output/public/_nuxt/Bl84yrz9.js'
      at open (node:internal/fs/promises:641:25)
      at Object.readFile (node:internal/fs/promises:1245:14)
      at Object.handler (file:///Users/hf-mac/Downloads/tgpro-admin/.output/server/chunks/nitro/nitro.mjs:1959:19)
      at Server.toNodeHandle (file:///Users/hf-mac/Downloads/tgpro-admin/.output/server/chunks/nitro/nitro.mjs:2230:7) {
    errno: -2,
    code: 'ENOENT',
    syscall: 'open',
    path: '/Users/hf-mac/Downloads/tgpro-admin/.output/public/_nuxt/Bl84yrz9.js'
  },
  statusCode: 500,
  fatal: false,
  unhandled: true,
  statusMessage: undefined,
  data: undefined
}
2025-11-05T02:30:50: [request error] [unhandled] [GET] http://localhost:3000/_nuxt/D_B5nL8y.js
 H3Error: ENOENT: no such file or directory, open '/Users/hf-mac/Downloads/tgpro-admin/.output/public/_nuxt/D_B5nL8y.js'
    at open (node:internal/fs/promises:641:25)
    ... 2 lines matching cause stack trace ...
    at Server.toNodeHandle (file:///Users/hf-mac/Downloads/tgpro-admin/.output/server/chunks/nitro/nitro.mjs:2230:7) {
  cause: Error: ENOENT: no such file or directory, open '/Users/hf-mac/Downloads/tgpro-admin/.output/public/_nuxt/D_B5nL8y.js'
      at open (node:internal/fs/promises:641:25)
      at Object.readFile (node:internal/fs/promises:1245:14)
      at Object.handler (file:///Users/hf-mac/Downloads/tgpro-admin/.output/server/chunks/nitro/nitro.mjs:1959:19)
      at Server.toNodeHandle (file:///Users/hf-mac/Downloads/tgpro-admin/.output/server/chunks/nitro/nitro.mjs:2230:7) {
    errno: -2,
    code: 'ENOENT',
    syscall: 'open',
    path: '/Users/hf-mac/Downloads/tgpro-admin/.output/public/_nuxt/D_B5nL8y.js'
  },
  statusCode: 500,
  fatal: false,
  unhandled: true,
  statusMessage: undefined,
  data: undefined
}
2025-11-05T02:30:50: [request error] [unhandled] [GET] http://localhost:3000/_nuxt/DpNIWReE.js
 H3Error: ENOENT: no such file or directory, open '/Users/hf-mac/Downloads/tgpro-admin/.output/public/_nuxt/DpNIWReE.js'
    at open (node:internal/fs/promises:641:25)
    ... 2 lines matching cause stack trace ...
    at Server.toNodeHandle (file:///Users/hf-mac/Downloads/tgpro-admin/.output/server/chunks/nitro/nitro.mjs:2230:7) {
  cause: Error: ENOENT: no such file or directory, open '/Users/hf-mac/Downloads/tgpro-admin/.output/public/_nuxt/DpNIWReE.js'
      at open (node:internal/fs/promises:641:25)
      at Object.readFile (node:internal/fs/promises:1245:14)
      at Object.handler (file:///Users/hf-mac/Downloads/tgpro-admin/.output/server/chunks/nitro/nitro.mjs:1959:19)
      at Server.toNodeHandle (file:///Users/hf-mac/Downloads/tgpro-admin/.output/server/chunks/nitro/nitro.mjs:2230:7) {
    errno: -2,
    code: 'ENOENT',
    syscall: 'open',
    path: '/Users/hf-mac/Downloads/tgpro-admin/.output/public/_nuxt/DpNIWReE.js'
  },
  statusCode: 500,
  fatal: false,
  unhandled: true,
  statusMessage: undefined,
  data: undefined
}
2025-11-05T02:30:50: [request error] [unhandled] [GET] http://localhost:3000/_nuxt/D974gv07.js
 H3Error: ENOENT: no such file or directory, open '/Users/hf-mac/Downloads/tgpro-admin/.output/public/_nuxt/D974gv07.js'
    at open (node:internal/fs/promises:641:25)
    ... 2 lines matching cause stack trace ...
    at Server.toNodeHandle (file:///Users/hf-mac/Downloads/tgpro-admin/.output/server/chunks/nitro/nitro.mjs:2230:7) {
  cause: Error: ENOENT: no such file or directory, open '/Users/hf-mac/Downloads/tgpro-admin/.output/public/_nuxt/D974gv07.js'
      at open (node:internal/fs/promises:641:25)
      at Object.readFile (node:internal/fs/promises:1245:14)
      at Object.handler (file:///Users/hf-mac/Downloads/tgpro-admin/.output/server/chunks/nitro/nitro.mjs:1959:19)
      at Server.toNodeHandle (file:///Users/hf-mac/Downloads/tgpro-admin/.output/server/chunks/nitro/nitro.mjs:2230:7) {
    errno: -2,
    code: 'ENOENT',
    syscall: 'open',
    path: '/Users/hf-mac/Downloads/tgpro-admin/.output/public/_nuxt/D974gv07.js'
  },
  statusCode: 500,
  fatal: false,
  unhandled: true,
  statusMessage: undefined,
  data: undefined
}
2025-11-05T02:30:50: [request error] [unhandled] [GET] http://localhost:3000/_nuxt/D32lUId-.js
 H3Error: ENOENT: no such file or directory, open '/Users/hf-mac/Downloads/tgpro-admin/.output/public/_nuxt/D32lUId-.js'
    at open (node:internal/fs/promises:641:25)
    ... 2 lines matching cause stack trace ...
    at Server.toNodeHandle (file:///Users/hf-mac/Downloads/tgpro-admin/.output/server/chunks/nitro/nitro.mjs:2230:7) {
  cause: Error: ENOENT: no such file or directory, open '/Users/hf-mac/Downloads/tgpro-admin/.output/public/_nuxt/D32lUId-.js'
      at open (node:internal/fs/promises:641:25)
      at Object.readFile (node:internal/fs/promises:1245:14)
      at Object.handler (file:///Users/hf-mac/Downloads/tgpro-admin/.output/server/chunks/nitro/nitro.mjs:1959:19)
      at Server.toNodeHandle (file:///Users/hf-mac/Downloads/tgpro-admin/.output/server/chunks/nitro/nitro.mjs:2230:7) {
    errno: -2,
    code: 'ENOENT',
    syscall: 'open',
    path: '/Users/hf-mac/Downloads/tgpro-admin/.output/public/_nuxt/D32lUId-.js'
  },
  statusCode: 500,
  fatal: false,
  unhandled: true,
  statusMessage: undefined,
  data: undefined
}
2025-11-05T02:30:50: [request error] [unhandled] [GET] http://localhost:3000/_nuxt/CetYVyQG.js
 H3Error: ENOENT: no such file or directory, open '/Users/hf-mac/Downloads/tgpro-admin/.output/public/_nuxt/CetYVyQG.js'
    at open (node:internal/fs/promises:641:25)
    ... 2 lines matching cause stack trace ...
    at Server.toNodeHandle (file:///Users/hf-mac/Downloads/tgpro-admin/.output/server/chunks/nitro/nitro.mjs:2230:7) {
  cause: Error: ENOENT: no such file or directory, open '/Users/hf-mac/Downloads/tgpro-admin/.output/public/_nuxt/CetYVyQG.js'
      at open (node:internal/fs/promises:641:25)
      at Object.readFile (node:internal/fs/promises:1245:14)
      at Object.handler (file:///Users/hf-mac/Downloads/tgpro-admin/.output/server/chunks/nitro/nitro.mjs:1959:19)
      at Server.toNodeHandle (file:///Users/hf-mac/Downloads/tgpro-admin/.output/server/chunks/nitro/nitro.mjs:2230:7) {
    errno: -2,
    code: 'ENOENT',
    syscall: 'open',
    path: '/Users/hf-mac/Downloads/tgpro-admin/.output/public/_nuxt/CetYVyQG.js'
  },
  statusCode: 500,
  fatal: false,
  unhandled: true,
  statusMessage: undefined,
  data: undefined
}
2025-11-05T02:30:50: [request error] [unhandled] [GET] http://localhost:3000/_nuxt/Bdz-sLfb.js
 H3Error: ENOENT: no such file or directory, open '/Users/hf-mac/Downloads/tgpro-admin/.output/public/_nuxt/Bdz-sLfb.js'
    at open (node:internal/fs/promises:641:25)
    ... 2 lines matching cause stack trace ...
    at Server.toNodeHandle (file:///Users/hf-mac/Downloads/tgpro-admin/.output/server/chunks/nitro/nitro.mjs:2230:7) {
  cause: Error: ENOENT: no such file or directory, open '/Users/hf-mac/Downloads/tgpro-admin/.output/public/_nuxt/Bdz-sLfb.js'
      at open (node:internal/fs/promises:641:25)
      at Object.readFile (node:internal/fs/promises:1245:14)
      at Object.handler (file:///Users/hf-mac/Downloads/tgpro-admin/.output/server/chunks/nitro/nitro.mjs:1959:19)
      at Server.toNodeHandle (file:///Users/hf-mac/Downloads/tgpro-admin/.output/server/chunks/nitro/nitro.mjs:2230:7) {
    errno: -2,
    code: 'ENOENT',
    syscall: 'open',
    path: '/Users/hf-mac/Downloads/tgpro-admin/.output/public/_nuxt/Bdz-sLfb.js'
  },
  statusCode: 500,
  fatal: false,
  unhandled: true,
  statusMessage: undefined,
  data: undefined
}
2025-11-05T02:30:50: [request error] [unhandled] [GET] http://localhost:3000/_nuxt/Db7eFA1E.js
 H3Error: ENOENT: no such file or directory, open '/Users/hf-mac/Downloads/tgpro-admin/.output/public/_nuxt/Db7eFA1E.js'
    at open (node:internal/fs/promises:641:25)
    ... 2 lines matching cause stack trace ...
    at Server.toNodeHandle (file:///Users/hf-mac/Downloads/tgpro-admin/.output/server/chunks/nitro/nitro.mjs:2230:7) {
  cause: Error: ENOENT: no such file or directory, open '/Users/hf-mac/Downloads/tgpro-admin/.output/public/_nuxt/Db7eFA1E.js'
      at open (node:internal/fs/promises:641:25)
      at Object.readFile (node:internal/fs/promises:1245:14)
      at Object.handler (file:///Users/hf-mac/Downloads/tgpro-admin/.output/server/chunks/nitro/nitro.mjs:1959:19)
      at Server.toNodeHandle (file:///Users/hf-mac/Downloads/tgpro-admin/.output/server/chunks/nitro/nitro.mjs:2230:7) {
    errno: -2,
    code: 'ENOENT',
    syscall: 'open',
    path: '/Users/hf-mac/Downloads/tgpro-admin/.output/public/_nuxt/Db7eFA1E.js'
  },
  statusCode: 500,
  fatal: false,
  unhandled: true,
  statusMessage: undefined,
  data: undefined
}
2025-11-05T02:30:50: [request error] [unhandled] [GET] http://localhost:3000/_nuxt/DAr-OQmd.js
 H3Error: ENOENT: no such file or directory, open '/Users/hf-mac/Downloads/tgpro-admin/.output/public/_nuxt/DAr-OQmd.js'
    at open (node:internal/fs/promises:641:25)
    ... 2 lines matching cause stack trace ...
    at Server.toNodeHandle (file:///Users/hf-mac/Downloads/tgpro-admin/.output/server/chunks/nitro/nitro.mjs:2230:7) {
  cause: Error: ENOENT: no such file or directory, open '/Users/hf-mac/Downloads/tgpro-admin/.output/public/_nuxt/DAr-OQmd.js'
      at open (node:internal/fs/promises:641:25)
      at Object.readFile (node:internal/fs/promises:1245:14)
      at Object.handler (file:///Users/hf-mac/Downloads/tgpro-admin/.output/server/chunks/nitro/nitro.mjs:1959:19)
      at Server.toNodeHandle (file:///Users/hf-mac/Downloads/tgpro-admin/.output/server/chunks/nitro/nitro.mjs:2230:7) {
    errno: -2,
    code: 'ENOENT',
    syscall: 'open',
    path: '/Users/hf-mac/Downloads/tgpro-admin/.output/public/_nuxt/DAr-OQmd.js'
  },
  statusCode: 500,
  fatal: false,
  unhandled: true,
  statusMessage: undefined,
  data: undefined
}
2025-11-05T02:30:50: [request error] [unhandled] [GET] http://localhost:3000/_nuxt/BTgB1rvp.js
 H3Error: ENOENT: no such file or directory, open '/Users/hf-mac/Downloads/tgpro-admin/.output/public/_nuxt/BTgB1rvp.js'
    at open (node:internal/fs/promises:641:25)
    ... 2 lines matching cause stack trace ...
    at Server.toNodeHandle (file:///Users/hf-mac/Downloads/tgpro-admin/.output/server/chunks/nitro/nitro.mjs:2230:7) {
  cause: Error: ENOENT: no such file or directory, open '/Users/hf-mac/Downloads/tgpro-admin/.output/public/_nuxt/BTgB1rvp.js'
      at open (node:internal/fs/promises:641:25)
      at Object.readFile (node:internal/fs/promises:1245:14)
      at Object.handler (file:///Users/hf-mac/Downloads/tgpro-admin/.output/server/chunks/nitro/nitro.mjs:1959:19)
      at Server.toNodeHandle (file:///Users/hf-mac/Downloads/tgpro-admin/.output/server/chunks/nitro/nitro.mjs:2230:7) {
    errno: -2,
    code: 'ENOENT',
    syscall: 'open',
    path: '/Users/hf-mac/Downloads/tgpro-admin/.output/public/_nuxt/BTgB1rvp.js'
  },
  statusCode: 500,
  fatal: false,
  unhandled: true,
  statusMessage: undefined,
  data: undefined
}
2025-11-05T02:30:50: [request error] [unhandled] [GET] http://localhost:3000/_nuxt/CXT04lNs.js
 H3Error: ENOENT: no such file or directory, open '/Users/hf-mac/Downloads/tgpro-admin/.output/public/_nuxt/CXT04lNs.js'
    at open (node:internal/fs/promises:641:25)
    ... 2 lines matching cause stack trace ...
    at Server.toNodeHandle (file:///Users/hf-mac/Downloads/tgpro-admin/.output/server/chunks/nitro/nitro.mjs:2230:7) {
  cause: Error: ENOENT: no such file or directory, open '/Users/hf-mac/Downloads/tgpro-admin/.output/public/_nuxt/CXT04lNs.js'
      at open (node:internal/fs/promises:641:25)
      at Object.readFile (node:internal/fs/promises:1245:14)
      at Object.handler (file:///Users/hf-mac/Downloads/tgpro-admin/.output/server/chunks/nitro/nitro.mjs:1959:19)
      at Server.toNodeHandle (file:///Users/hf-mac/Downloads/tgpro-admin/.output/server/chunks/nitro/nitro.mjs:2230:7) {
    errno: -2,
    code: 'ENOENT',
    syscall: 'open',
    path: '/Users/hf-mac/Downloads/tgpro-admin/.output/public/_nuxt/CXT04lNs.js'
  },
  statusCode: 500,
  fatal: false,
  unhandled: true,
  statusMessage: undefined,
  data: undefined
}
2025-11-05T02:30:50: [request error] [unhandled] [GET] http://localhost:3000/_nuxt/DcHNM1Xn.js
 H3Error: ENOENT: no such file or directory, open '/Users/hf-mac/Downloads/tgpro-admin/.output/public/_nuxt/DcHNM1Xn.js'
    at open (node:internal/fs/promises:641:25)
    ... 2 lines matching cause stack trace ...
    at Server.toNodeHandle (file:///Users/hf-mac/Downloads/tgpro-admin/.output/server/chunks/nitro/nitro.mjs:2230:7) {
  cause: Error: ENOENT: no such file or directory, open '/Users/hf-mac/Downloads/tgpro-admin/.output/public/_nuxt/DcHNM1Xn.js'
      at open (node:internal/fs/promises:641:25)
      at Object.readFile (node:internal/fs/promises:1245:14)
      at Object.handler (file:///Users/hf-mac/Downloads/tgpro-admin/.output/server/chunks/nitro/nitro.mjs:1959:19)
      at Server.toNodeHandle (file:///Users/hf-mac/Downloads/tgpro-admin/.output/server/chunks/nitro/nitro.mjs:2230:7) {
    errno: -2,
    code: 'ENOENT',
    syscall: 'open',
    path: '/Users/hf-mac/Downloads/tgpro-admin/.output/public/_nuxt/DcHNM1Xn.js'
  },
  statusCode: 500,
  fatal: false,
  unhandled: true,
  statusMessage: undefined,
  data: undefined
}
2025-11-05T02:30:50: [request error] [unhandled] [GET] http://localhost:3000/_nuxt/C4xQaJXR.js
 H3Error: ENOENT: no such file or directory, open '/Users/hf-mac/Downloads/tgpro-admin/.output/public/_nuxt/C4xQaJXR.js'
    at open (node:internal/fs/promises:641:25)
    ... 2 lines matching cause stack trace ...
    at Server.toNodeHandle (file:///Users/hf-mac/Downloads/tgpro-admin/.output/server/chunks/nitro/nitro.mjs:2230:7) {
  cause: Error: ENOENT: no such file or directory, open '/Users/hf-mac/Downloads/tgpro-admin/.output/public/_nuxt/C4xQaJXR.js'
      at open (node:internal/fs/promises:641:25)
      at Object.readFile (node:internal/fs/promises:1245:14)
      at Object.handler (file:///Users/hf-mac/Downloads/tgpro-admin/.output/server/chunks/nitro/nitro.mjs:1959:19)
      at Server.toNodeHandle (file:///Users/hf-mac/Downloads/tgpro-admin/.output/server/chunks/nitro/nitro.mjs:2230:7) {
    errno: -2,
    code: 'ENOENT',
    syscall: 'open',
    path: '/Users/hf-mac/Downloads/tgpro-admin/.output/public/_nuxt/C4xQaJXR.js'
  },
  statusCode: 500,
  fatal: false,
  unhandled: true,
  statusMessage: undefined,
  data: undefined
}
2025-11-05T02:30:50: [request error] [unhandled] [GET] http://localhost:3000/_nuxt/D_B5nL8y.js
 H3Error: ENOENT: no such file or directory, open '/Users/hf-mac/Downloads/tgpro-admin/.output/public/_nuxt/D_B5nL8y.js'
    at open (node:internal/fs/promises:641:25)
    ... 2 lines matching cause stack trace ...
    at Server.toNodeHandle (file:///Users/hf-mac/Downloads/tgpro-admin/.output/server/chunks/nitro/nitro.mjs:2230:7) {
  cause: Error: ENOENT: no such file or directory, open '/Users/hf-mac/Downloads/tgpro-admin/.output/public/_nuxt/D_B5nL8y.js'
      at open (node:internal/fs/promises:641:25)
      at Object.readFile (node:internal/fs/promises:1245:14)
      at Object.handler (file:///Users/hf-mac/Downloads/tgpro-admin/.output/server/chunks/nitro/nitro.mjs:1959:19)
      at Server.toNodeHandle (file:///Users/hf-mac/Downloads/tgpro-admin/.output/server/chunks/nitro/nitro.mjs:2230:7) {
    errno: -2,
    code: 'ENOENT',
    syscall: 'open',
    path: '/Users/hf-mac/Downloads/tgpro-admin/.output/public/_nuxt/D_B5nL8y.js'
  },
  statusCode: 500,
  fatal: false,
  unhandled: true,
  statusMessage: undefined,
  data: undefined
}
2025-11-05T02:30:50: [request error] [unhandled] [GET] http://localhost:3000/_nuxt/Bl84yrz9.js
 H3Error: ENOENT: no such file or directory, open '/Users/hf-mac/Downloads/tgpro-admin/.output/public/_nuxt/Bl84yrz9.js'
    at open (node:internal/fs/promises:641:25)
    ... 2 lines matching cause stack trace ...
    at Server.toNodeHandle (file:///Users/hf-mac/Downloads/tgpro-admin/.output/server/chunks/nitro/nitro.mjs:2230:7) {
  cause: Error: ENOENT: no such file or directory, open '/Users/hf-mac/Downloads/tgpro-admin/.output/public/_nuxt/Bl84yrz9.js'
      at open (node:internal/fs/promises:641:25)
      at Object.readFile (node:internal/fs/promises:1245:14)
      at Object.handler (file:///Users/hf-mac/Downloads/tgpro-admin/.output/server/chunks/nitro/nitro.mjs:1959:19)
      at Server.toNodeHandle (file:///Users/hf-mac/Downloads/tgpro-admin/.output/server/chunks/nitro/nitro.mjs:2230:7) {
    errno: -2,
    code: 'ENOENT',
    syscall: 'open',
    path: '/Users/hf-mac/Downloads/tgpro-admin/.output/public/_nuxt/Bl84yrz9.js'
  },
  statusCode: 500,
  fatal: false,
  unhandled: true,
  statusMessage: undefined,
  data: undefined
}
2025-11-05T02:30:50: [request error] [unhandled] [GET] http://localhost:3000/_nuxt/DbAgXtul.js
 H3Error: ENOENT: no such file or directory, open '/Users/hf-mac/Downloads/tgpro-admin/.output/public/_nuxt/DbAgXtul.js'
    at open (node:internal/fs/promises:641:25)
    ... 2 lines matching cause stack trace ...
    at Server.toNodeHandle (file:///Users/hf-mac/Downloads/tgpro-admin/.output/server/chunks/nitro/nitro.mjs:2230:7) {
  cause: Error: ENOENT: no such file or directory, open '/Users/hf-mac/Downloads/tgpro-admin/.output/public/_nuxt/DbAgXtul.js'
      at open (node:internal/fs/promises:641:25)
      at Object.readFile (node:internal/fs/promises:1245:14)
      at Object.handler (file:///Users/hf-mac/Downloads/tgpro-admin/.output/server/chunks/nitro/nitro.mjs:1959:19)
      at Server.toNodeHandle (file:///Users/hf-mac/Downloads/tgpro-admin/.output/server/chunks/nitro/nitro.mjs:2230:7) {
    errno: -2,
    code: 'ENOENT',
    syscall: 'open',
    path: '/Users/hf-mac/Downloads/tgpro-admin/.output/public/_nuxt/DbAgXtul.js'
  },
  statusCode: 500,
  fatal: false,
  unhandled: true,
  statusMessage: undefined,
  data: undefined
}
2025-11-05T02:30:50: [request error] [unhandled] [GET] http://localhost:3000/_nuxt/DpNIWReE.js
 H3Error: ENOENT: no such file or directory, open '/Users/hf-mac/Downloads/tgpro-admin/.output/public/_nuxt/DpNIWReE.js'
    at open (node:internal/fs/promises:641:25)
    ... 2 lines matching cause stack trace ...
    at Server.toNodeHandle (file:///Users/hf-mac/Downloads/tgpro-admin/.output/server/chunks/nitro/nitro.mjs:2230:7) {
  cause: Error: ENOENT: no such file or directory, open '/Users/hf-mac/Downloads/tgpro-admin/.output/public/_nuxt/DpNIWReE.js'
      at open (node:internal/fs/promises:641:25)
      at Object.readFile (node:internal/fs/promises:1245:14)
      at Object.handler (file:///Users/hf-mac/Downloads/tgpro-admin/.output/server/chunks/nitro/nitro.mjs:1959:19)
      at Server.toNodeHandle (file:///Users/hf-mac/Downloads/tgpro-admin/.output/server/chunks/nitro/nitro.mjs:2230:7) {
    errno: -2,
    code: 'ENOENT',
    syscall: 'open',
    path: '/Users/hf-mac/Downloads/tgpro-admin/.output/public/_nuxt/DpNIWReE.js'
  },
  statusCode: 500,
  fatal: false,
  unhandled: true,
  statusMessage: undefined,
  data: undefined
}
2025-11-05T02:30:50: [request error] [unhandled] [GET] http://localhost:3000/_nuxt/D974gv07.js
 H3Error: ENOENT: no such file or directory, open '/Users/hf-mac/Downloads/tgpro-admin/.output/public/_nuxt/D974gv07.js'
    at open (node:internal/fs/promises:641:25)
    ... 2 lines matching cause stack trace ...
    at Server.toNodeHandle (file:///Users/hf-mac/Downloads/tgpro-admin/.output/server/chunks/nitro/nitro.mjs:2230:7) {
  cause: Error: ENOENT: no such file or directory, open '/Users/hf-mac/Downloads/tgpro-admin/.output/public/_nuxt/D974gv07.js'
      at open (node:internal/fs/promises:641:25)
      at Object.readFile (node:internal/fs/promises:1245:14)
      at Object.handler (file:///Users/hf-mac/Downloads/tgpro-admin/.output/server/chunks/nitro/nitro.mjs:1959:19)
      at Server.toNodeHandle (file:///Users/hf-mac/Downloads/tgpro-admin/.output/server/chunks/nitro/nitro.mjs:2230:7) {
    errno: -2,
    code: 'ENOENT',
    syscall: 'open',
    path: '/Users/hf-mac/Downloads/tgpro-admin/.output/public/_nuxt/D974gv07.js'
  },
  statusCode: 500,
  fatal: false,
  unhandled: true,
  statusMessage: undefined,
  data: undefined
}
2025-11-05T02:30:50: [request error] [unhandled] [GET] http://localhost:3000/_nuxt/D32lUId-.js
 H3Error: ENOENT: no such file or directory, open '/Users/hf-mac/Downloads/tgpro-admin/.output/public/_nuxt/D32lUId-.js'
    at open (node:internal/fs/promises:641:25)
    ... 2 lines matching cause stack trace ...
    at Server.toNodeHandle (file:///Users/hf-mac/Downloads/tgpro-admin/.output/server/chunks/nitro/nitro.mjs:2230:7) {
  cause: Error: ENOENT: no such file or directory, open '/Users/hf-mac/Downloads/tgpro-admin/.output/public/_nuxt/D32lUId-.js'
      at open (node:internal/fs/promises:641:25)
      at Object.readFile (node:internal/fs/promises:1245:14)
      at Object.handler (file:///Users/hf-mac/Downloads/tgpro-admin/.output/server/chunks/nitro/nitro.mjs:1959:19)
      at Server.toNodeHandle (file:///Users/hf-mac/Downloads/tgpro-admin/.output/server/chunks/nitro/nitro.mjs:2230:7) {
    errno: -2,
    code: 'ENOENT',
    syscall: 'open',
    path: '/Users/hf-mac/Downloads/tgpro-admin/.output/public/_nuxt/D32lUId-.js'
  },
  statusCode: 500,
  fatal: false,
  unhandled: true,
  statusMessage: undefined,
  data: undefined
}
2025-11-05T02:30:50: [request error] [unhandled] [GET] http://localhost:3000/_nuxt/Bdz-sLfb.js
 H3Error: ENOENT: no such file or directory, open '/Users/hf-mac/Downloads/tgpro-admin/.output/public/_nuxt/Bdz-sLfb.js'
    at open (node:internal/fs/promises:641:25)
    ... 2 lines matching cause stack trace ...
    at Server.toNodeHandle (file:///Users/hf-mac/Downloads/tgpro-admin/.output/server/chunks/nitro/nitro.mjs:2230:7) {
  cause: Error: ENOENT: no such file or directory, open '/Users/hf-mac/Downloads/tgpro-admin/.output/public/_nuxt/Bdz-sLfb.js'
      at open (node:internal/fs/promises:641:25)
      at Object.readFile (node:internal/fs/promises:1245:14)
      at Object.handler (file:///Users/hf-mac/Downloads/tgpro-admin/.output/server/chunks/nitro/nitro.mjs:1959:19)
      at Server.toNodeHandle (file:///Users/hf-mac/Downloads/tgpro-admin/.output/server/chunks/nitro/nitro.mjs:2230:7) {
    errno: -2,
    code: 'ENOENT',
    syscall: 'open',
    path: '/Users/hf-mac/Downloads/tgpro-admin/.output/public/_nuxt/Bdz-sLfb.js'
  },
  statusCode: 500,
  fatal: false,
  unhandled: true,
  statusMessage: undefined,
  data: undefined
}
2025-11-05T02:30:50: [request error] [unhandled] [GET] http://localhost:3000/_nuxt/CetYVyQG.js
 H3Error: ENOENT: no such file or directory, open '/Users/hf-mac/Downloads/tgpro-admin/.output/public/_nuxt/CetYVyQG.js'
    at open (node:internal/fs/promises:641:25)
    ... 2 lines matching cause stack trace ...
    at Server.toNodeHandle (file:///Users/hf-mac/Downloads/tgpro-admin/.output/server/chunks/nitro/nitro.mjs:2230:7) {
  cause: Error: ENOENT: no such file or directory, open '/Users/hf-mac/Downloads/tgpro-admin/.output/public/_nuxt/CetYVyQG.js'
      at open (node:internal/fs/promises:641:25)
      at Object.readFile (node:internal/fs/promises:1245:14)
      at Object.handler (file:///Users/hf-mac/Downloads/tgpro-admin/.output/server/chunks/nitro/nitro.mjs:1959:19)
      at Server.toNodeHandle (file:///Users/hf-mac/Downloads/tgpro-admin/.output/server/chunks/nitro/nitro.mjs:2230:7) {
    errno: -2,
    code: 'ENOENT',
    syscall: 'open',
    path: '/Users/hf-mac/Downloads/tgpro-admin/.output/public/_nuxt/CetYVyQG.js'
  },
  statusCode: 500,
  fatal: false,
  unhandled: true,
  statusMessage: undefined,
  data: undefined
}
2025-11-05T02:30:50: [request error] [unhandled] [GET] http://localhost:3000/_nuxt/Db7eFA1E.js
 H3Error: ENOENT: no such file or directory, open '/Users/hf-mac/Downloads/tgpro-admin/.output/public/_nuxt/Db7eFA1E.js'
    at open (node:internal/fs/promises:641:25)
    ... 2 lines matching cause stack trace ...
    at Server.toNodeHandle (file:///Users/hf-mac/Downloads/tgpro-admin/.output/server/chunks/nitro/nitro.mjs:2230:7) {
  cause: Error: ENOENT: no such file or directory, open '/Users/hf-mac/Downloads/tgpro-admin/.output/public/_nuxt/Db7eFA1E.js'
      at open (node:internal/fs/promises:641:25)
      at Object.readFile (node:internal/fs/promises:1245:14)
      at Object.handler (file:///Users/hf-mac/Downloads/tgpro-admin/.output/server/chunks/nitro/nitro.mjs:1959:19)
      at Server.toNodeHandle (file:///Users/hf-mac/Downloads/tgpro-admin/.output/server/chunks/nitro/nitro.mjs:2230:7) {
    errno: -2,
    code: 'ENOENT',
    syscall: 'open',
    path: '/Users/hf-mac/Downloads/tgpro-admin/.output/public/_nuxt/Db7eFA1E.js'
  },
  statusCode: 500,
  fatal: false,
  unhandled: true,
  statusMessage: undefined,
  data: undefined
}
2025-11-05T02:30:50: [request error] [unhandled] [GET] http://localhost:3000/_nuxt/DAr-OQmd.js
 H3Error: ENOENT: no such file or directory, open '/Users/hf-mac/Downloads/tgpro-admin/.output/public/_nuxt/DAr-OQmd.js'
    at open (node:internal/fs/promises:641:25)
    ... 2 lines matching cause stack trace ...
    at Server.toNodeHandle (file:///Users/hf-mac/Downloads/tgpro-admin/.output/server/chunks/nitro/nitro.mjs:2230:7) {
  cause: Error: ENOENT: no such file or directory, open '/Users/hf-mac/Downloads/tgpro-admin/.output/public/_nuxt/DAr-OQmd.js'
      at open (node:internal/fs/promises:641:25)
      at Object.readFile (node:internal/fs/promises:1245:14)
      at Object.handler (file:///Users/hf-mac/Downloads/tgpro-admin/.output/server/chunks/nitro/nitro.mjs:1959:19)
      at Server.toNodeHandle (file:///Users/hf-mac/Downloads/tgpro-admin/.output/server/chunks/nitro/nitro.mjs:2230:7) {
    errno: -2,
    code: 'ENOENT',
    syscall: 'open',
    path: '/Users/hf-mac/Downloads/tgpro-admin/.output/public/_nuxt/DAr-OQmd.js'
  },
  statusCode: 500,
  fatal: false,
  unhandled: true,
  statusMessage: undefined,
  data: undefined
}
2025-11-05T02:30:50: [request error] [unhandled] [GET] http://localhost:3000/_nuxt/BTgB1rvp.js
 H3Error: ENOENT: no such file or directory, open '/Users/hf-mac/Downloads/tgpro-admin/.output/public/_nuxt/BTgB1rvp.js'
    at open (node:internal/fs/promises:641:25)
    ... 2 lines matching cause stack trace ...
    at Server.toNodeHandle (file:///Users/hf-mac/Downloads/tgpro-admin/.output/server/chunks/nitro/nitro.mjs:2230:7) {
  cause: Error: ENOENT: no such file or directory, open '/Users/hf-mac/Downloads/tgpro-admin/.output/public/_nuxt/BTgB1rvp.js'
      at open (node:internal/fs/promises:641:25)
      at Object.readFile (node:internal/fs/promises:1245:14)
      at Object.handler (file:///Users/hf-mac/Downloads/tgpro-admin/.output/server/chunks/nitro/nitro.mjs:1959:19)
      at Server.toNodeHandle (file:///Users/hf-mac/Downloads/tgpro-admin/.output/server/chunks/nitro/nitro.mjs:2230:7) {
    errno: -2,
    code: 'ENOENT',
    syscall: 'open',
    path: '/Users/hf-mac/Downloads/tgpro-admin/.output/public/_nuxt/BTgB1rvp.js'
  },
  statusCode: 500,
  fatal: false,
  unhandled: true,
  statusMessage: undefined,
  data: undefined
}
2025-11-05T02:30:50: [request error] [unhandled] [GET] http://localhost:3000/_nuxt/DcHNM1Xn.js
 H3Error: ENOENT: no such file or directory, open '/Users/hf-mac/Downloads/tgpro-admin/.output/public/_nuxt/DcHNM1Xn.js'
    at open (node:internal/fs/promises:641:25)
    ... 2 lines matching cause stack trace ...
    at Server.toNodeHandle (file:///Users/hf-mac/Downloads/tgpro-admin/.output/server/chunks/nitro/nitro.mjs:2230:7) {
  cause: Error: ENOENT: no such file or directory, open '/Users/hf-mac/Downloads/tgpro-admin/.output/public/_nuxt/DcHNM1Xn.js'
      at open (node:internal/fs/promises:641:25)
      at Object.readFile (node:internal/fs/promises:1245:14)
      at Object.handler (file:///Users/hf-mac/Downloads/tgpro-admin/.output/server/chunks/nitro/nitro.mjs:1959:19)
      at Server.toNodeHandle (file:///Users/hf-mac/Downloads/tgpro-admin/.output/server/chunks/nitro/nitro.mjs:2230:7) {
    errno: -2,
    code: 'ENOENT',
    syscall: 'open',
    path: '/Users/hf-mac/Downloads/tgpro-admin/.output/public/_nuxt/DcHNM1Xn.js'
  },
  statusCode: 500,
  fatal: false,
  unhandled: true,
  statusMessage: undefined,
  data: undefined
}
2025-11-05T02:30:50: [request error] [unhandled] [GET] http://localhost:3000/_nuxt/C4xQaJXR.js
 H3Error: ENOENT: no such file or directory, open '/Users/hf-mac/Downloads/tgpro-admin/.output/public/_nuxt/C4xQaJXR.js'
    at open (node:internal/fs/promises:641:25)
    ... 2 lines matching cause stack trace ...
    at Server.toNodeHandle (file:///Users/hf-mac/Downloads/tgpro-admin/.output/server/chunks/nitro/nitro.mjs:2230:7) {
  cause: Error: ENOENT: no such file or directory, open '/Users/hf-mac/Downloads/tgpro-admin/.output/public/_nuxt/C4xQaJXR.js'
      at open (node:internal/fs/promises:641:25)
      at Object.readFile (node:internal/fs/promises:1245:14)
      at Object.handler (file:///Users/hf-mac/Downloads/tgpro-admin/.output/server/chunks/nitro/nitro.mjs:1959:19)
      at Server.toNodeHandle (file:///Users/hf-mac/Downloads/tgpro-admin/.output/server/chunks/nitro/nitro.mjs:2230:7) {
    errno: -2,
    code: 'ENOENT',
    syscall: 'open',
    path: '/Users/hf-mac/Downloads/tgpro-admin/.output/public/_nuxt/C4xQaJXR.js'
  },
  statusCode: 500,
  fatal: false,
  unhandled: true,
  statusMessage: undefined,
  data: undefined
}
2025-11-05T02:30:50: [request error] [unhandled] [GET] http://localhost:3000/_nuxt/builds/meta/db489c3b-20ab-405c-96a2-98b632ec7da6.json
 H3Error: ENOENT: no such file or directory, open '/Users/hf-mac/Downloads/tgpro-admin/.output/public/_nuxt/builds/meta/db489c3b-20ab-405c-96a2-98b632ec7da6.json'
    at open (node:internal/fs/promises:641:25)
    ... 2 lines matching cause stack trace ...
    at Server.toNodeHandle (file:///Users/hf-mac/Downloads/tgpro-admin/.output/server/chunks/nitro/nitro.mjs:2230:7) {
  cause: Error: ENOENT: no such file or directory, open '/Users/hf-mac/Downloads/tgpro-admin/.output/public/_nuxt/builds/meta/db489c3b-20ab-405c-96a2-98b632ec7da6.json'
      at open (node:internal/fs/promises:641:25)
      at Object.readFile (node:internal/fs/promises:1245:14)
      at Object.handler (file:///Users/hf-mac/Downloads/tgpro-admin/.output/server/chunks/nitro/nitro.mjs:1959:19)
      at Server.toNodeHandle (file:///Users/hf-mac/Downloads/tgpro-admin/.output/server/chunks/nitro/nitro.mjs:2230:7) {
    errno: -2,
    code: 'ENOENT',
    syscall: 'open',
    path: '/Users/hf-mac/Downloads/tgpro-admin/.output/public/_nuxt/builds/meta/db489c3b-20ab-405c-96a2-98b632ec7da6.json'
  },
  statusCode: 500,
  fatal: false,
  unhandled: true,
  statusMessage: undefined,
  data: undefined
}
2025-11-05T02:30:50: [request error] [unhandled] [GET] http://localhost:3000/_nuxt/DbAgXtul.js
 H3Error: ENOENT: no such file or directory, open '/Users/hf-mac/Downloads/tgpro-admin/.output/public/_nuxt/DbAgXtul.js'
    at open (node:internal/fs/promises:641:25)
    ... 2 lines matching cause stack trace ...
    at Server.toNodeHandle (file:///Users/hf-mac/Downloads/tgpro-admin/.output/server/chunks/nitro/nitro.mjs:2230:7) {
  cause: Error: ENOENT: no such file or directory, open '/Users/hf-mac/Downloads/tgpro-admin/.output/public/_nuxt/DbAgXtul.js'
      at open (node:internal/fs/promises:641:25)
      at Object.readFile (node:internal/fs/promises:1245:14)
      at Object.handler (file:///Users/hf-mac/Downloads/tgpro-admin/.output/server/chunks/nitro/nitro.mjs:1959:19)
      at Server.toNodeHandle (file:///Users/hf-mac/Downloads/tgpro-admin/.output/server/chunks/nitro/nitro.mjs:2230:7) {
    errno: -2,
    code: 'ENOENT',
    syscall: 'open',
    path: '/Users/hf-mac/Downloads/tgpro-admin/.output/public/_nuxt/DbAgXtul.js'
  },
  statusCode: 500,
  fatal: false,
  unhandled: true,
  statusMessage: undefined,
  data: undefined
}
2025-11-05T02:30:50: [request error] [unhandled] [GET] http://localhost:3000/_nuxt/Bl84yrz9.js
 H3Error: ENOENT: no such file or directory, open '/Users/hf-mac/Downloads/tgpro-admin/.output/public/_nuxt/Bl84yrz9.js'
    at open (node:internal/fs/promises:641:25)
    ... 2 lines matching cause stack trace ...
    at Server.toNodeHandle (file:///Users/hf-mac/Downloads/tgpro-admin/.output/server/chunks/nitro/nitro.mjs:2230:7) {
  cause: Error: ENOENT: no such file or directory, open '/Users/hf-mac/Downloads/tgpro-admin/.output/public/_nuxt/Bl84yrz9.js'
      at open (node:internal/fs/promises:641:25)
      at Object.readFile (node:internal/fs/promises:1245:14)
      at Object.handler (file:///Users/hf-mac/Downloads/tgpro-admin/.output/server/chunks/nitro/nitro.mjs:1959:19)
      at Server.toNodeHandle (file:///Users/hf-mac/Downloads/tgpro-admin/.output/server/chunks/nitro/nitro.mjs:2230:7) {
    errno: -2,
    code: 'ENOENT',
    syscall: 'open',
    path: '/Users/hf-mac/Downloads/tgpro-admin/.output/public/_nuxt/Bl84yrz9.js'
  },
  statusCode: 500,
  fatal: false,
  unhandled: true,
  statusMessage: undefined,
  data: undefined
}
2025-11-05T02:30:50: [request error] [unhandled] [GET] http://localhost:3000/_nuxt/D_B5nL8y.js
 H3Error: ENOENT: no such file or directory, open '/Users/hf-mac/Downloads/tgpro-admin/.output/public/_nuxt/D_B5nL8y.js'
    at open (node:internal/fs/promises:641:25)
    ... 2 lines matching cause stack trace ...
    at Server.toNodeHandle (file:///Users/hf-mac/Downloads/tgpro-admin/.output/server/chunks/nitro/nitro.mjs:2230:7) {
  cause: Error: ENOENT: no such file or directory, open '/Users/hf-mac/Downloads/tgpro-admin/.output/public/_nuxt/D_B5nL8y.js'
      at open (node:internal/fs/promises:641:25)
      at Object.readFile (node:internal/fs/promises:1245:14)
      at Object.handler (file:///Users/hf-mac/Downloads/tgpro-admin/.output/server/chunks/nitro/nitro.mjs:1959:19)
      at Server.toNodeHandle (file:///Users/hf-mac/Downloads/tgpro-admin/.output/server/chunks/nitro/nitro.mjs:2230:7) {
    errno: -2,
    code: 'ENOENT',
    syscall: 'open',
    path: '/Users/hf-mac/Downloads/tgpro-admin/.output/public/_nuxt/D_B5nL8y.js'
  },
  statusCode: 500,
  fatal: false,
  unhandled: true,
  statusMessage: undefined,
  data: undefined
}
2025-11-05T02:30:50: [request error] [unhandled] [GET] http://localhost:3000/_nuxt/DpNIWReE.js
 H3Error: ENOENT: no such file or directory, open '/Users/hf-mac/Downloads/tgpro-admin/.output/public/_nuxt/DpNIWReE.js'
    at open (node:internal/fs/promises:641:25)
    ... 2 lines matching cause stack trace ...
    at Server.toNodeHandle (file:///Users/hf-mac/Downloads/tgpro-admin/.output/server/chunks/nitro/nitro.mjs:2230:7) {
  cause: Error: ENOENT: no such file or directory, open '/Users/hf-mac/Downloads/tgpro-admin/.output/public/_nuxt/DpNIWReE.js'
      at open (node:internal/fs/promises:641:25)
      at Object.readFile (node:internal/fs/promises:1245:14)
      at Object.handler (file:///Users/hf-mac/Downloads/tgpro-admin/.output/server/chunks/nitro/nitro.mjs:1959:19)
      at Server.toNodeHandle (file:///Users/hf-mac/Downloads/tgpro-admin/.output/server/chunks/nitro/nitro.mjs:2230:7) {
    errno: -2,
    code: 'ENOENT',
    syscall: 'open',
    path: '/Users/hf-mac/Downloads/tgpro-admin/.output/public/_nuxt/DpNIWReE.js'
  },
  statusCode: 500,
  fatal: false,
  unhandled: true,
  statusMessage: undefined,
  data: undefined
}
2025-11-05T02:30:50: [request error] [unhandled] [GET] http://localhost:3000/_nuxt/D974gv07.js
 H3Error: ENOENT: no such file or directory, open '/Users/hf-mac/Downloads/tgpro-admin/.output/public/_nuxt/D974gv07.js'
    at open (node:internal/fs/promises:641:25)
    ... 2 lines matching cause stack trace ...
    at Server.toNodeHandle (file:///Users/hf-mac/Downloads/tgpro-admin/.output/server/chunks/nitro/nitro.mjs:2230:7) {
  cause: Error: ENOENT: no such file or directory, open '/Users/hf-mac/Downloads/tgpro-admin/.output/public/_nuxt/D974gv07.js'
      at open (node:internal/fs/promises:641:25)
      at Object.readFile (node:internal/fs/promises:1245:14)
      at Object.handler (file:///Users/hf-mac/Downloads/tgpro-admin/.output/server/chunks/nitro/nitro.mjs:1959:19)
      at Server.toNodeHandle (file:///Users/hf-mac/Downloads/tgpro-admin/.output/server/chunks/nitro/nitro.mjs:2230:7) {
    errno: -2,
    code: 'ENOENT',
    syscall: 'open',
    path: '/Users/hf-mac/Downloads/tgpro-admin/.output/public/_nuxt/D974gv07.js'
  },
  statusCode: 500,
  fatal: false,
  unhandled: true,
  statusMessage: undefined,
  data: undefined
}
2025-11-05T02:30:50: [request error] [unhandled] [GET] http://localhost:3000/_nuxt/D32lUId-.js
 H3Error: ENOENT: no such file or directory, open '/Users/hf-mac/Downloads/tgpro-admin/.output/public/_nuxt/D32lUId-.js'
    at open (node:internal/fs/promises:641:25)
    ... 2 lines matching cause stack trace ...
    at Server.toNodeHandle (file:///Users/hf-mac/Downloads/tgpro-admin/.output/server/chunks/nitro/nitro.mjs:2230:7) {
  cause: Error: ENOENT: no such file or directory, open '/Users/hf-mac/Downloads/tgpro-admin/.output/public/_nuxt/D32lUId-.js'
      at open (node:internal/fs/promises:641:25)
      at Object.readFile (node:internal/fs/promises:1245:14)
      at Object.handler (file:///Users/hf-mac/Downloads/tgpro-admin/.output/server/chunks/nitro/nitro.mjs:1959:19)
      at Server.toNodeHandle (file:///Users/hf-mac/Downloads/tgpro-admin/.output/server/chunks/nitro/nitro.mjs:2230:7) {
    errno: -2,
    code: 'ENOENT',
    syscall: 'open',
    path: '/Users/hf-mac/Downloads/tgpro-admin/.output/public/_nuxt/D32lUId-.js'
  },
  statusCode: 500,
  fatal: false,
  unhandled: true,
  statusMessage: undefined,
  data: undefined
}
2025-11-05T02:30:50: [request error] [unhandled] [GET] http://localhost:3000/_nuxt/CetYVyQG.js
 H3Error: ENOENT: no such file or directory, open '/Users/hf-mac/Downloads/tgpro-admin/.output/public/_nuxt/CetYVyQG.js'
    at open (node:internal/fs/promises:641:25)
    ... 2 lines matching cause stack trace ...
    at Server.toNodeHandle (file:///Users/hf-mac/Downloads/tgpro-admin/.output/server/chunks/nitro/nitro.mjs:2230:7) {
  cause: Error: ENOENT: no such file or directory, open '/Users/hf-mac/Downloads/tgpro-admin/.output/public/_nuxt/CetYVyQG.js'
      at open (node:internal/fs/promises:641:25)
      at Object.readFile (node:internal/fs/promises:1245:14)
      at Object.handler (file:///Users/hf-mac/Downloads/tgpro-admin/.output/server/chunks/nitro/nitro.mjs:1959:19)
      at Server.toNodeHandle (file:///Users/hf-mac/Downloads/tgpro-admin/.output/server/chunks/nitro/nitro.mjs:2230:7) {
    errno: -2,
    code: 'ENOENT',
    syscall: 'open',
    path: '/Users/hf-mac/Downloads/tgpro-admin/.output/public/_nuxt/CetYVyQG.js'
  },
  statusCode: 500,
  fatal: false,
  unhandled: true,
  statusMessage: undefined,
  data: undefined
}
2025-11-05T02:30:50: [request error] [unhandled] [GET] http://localhost:3000/_nuxt/Db7eFA1E.js
 H3Error: ENOENT: no such file or directory, open '/Users/hf-mac/Downloads/tgpro-admin/.output/public/_nuxt/Db7eFA1E.js'
    at open (node:internal/fs/promises:641:25)
    ... 2 lines matching cause stack trace ...
    at Server.toNodeHandle (file:///Users/hf-mac/Downloads/tgpro-admin/.output/server/chunks/nitro/nitro.mjs:2230:7) {
  cause: Error: ENOENT: no such file or directory, open '/Users/hf-mac/Downloads/tgpro-admin/.output/public/_nuxt/Db7eFA1E.js'
      at open (node:internal/fs/promises:641:25)
      at Object.readFile (node:internal/fs/promises:1245:14)
      at Object.handler (file:///Users/hf-mac/Downloads/tgpro-admin/.output/server/chunks/nitro/nitro.mjs:1959:19)
      at Server.toNodeHandle (file:///Users/hf-mac/Downloads/tgpro-admin/.output/server/chunks/nitro/nitro.mjs:2230:7) {
    errno: -2,
    code: 'ENOENT',
    syscall: 'open',
    path: '/Users/hf-mac/Downloads/tgpro-admin/.output/public/_nuxt/Db7eFA1E.js'
  },
  statusCode: 500,
  fatal: false,
  unhandled: true,
  statusMessage: undefined,
  data: undefined
}
2025-11-05T02:30:50: [request error] [unhandled] [GET] http://localhost:3000/_nuxt/DAr-OQmd.js
 H3Error: ENOENT: no such file or directory, open '/Users/hf-mac/Downloads/tgpro-admin/.output/public/_nuxt/DAr-OQmd.js'
    at open (node:internal/fs/promises:641:25)
    ... 2 lines matching cause stack trace ...
    at Server.toNodeHandle (file:///Users/hf-mac/Downloads/tgpro-admin/.output/server/chunks/nitro/nitro.mjs:2230:7) {
  cause: Error: ENOENT: no such file or directory, open '/Users/hf-mac/Downloads/tgpro-admin/.output/public/_nuxt/DAr-OQmd.js'
      at open (node:internal/fs/promises:641:25)
      at Object.readFile (node:internal/fs/promises:1245:14)
      at Object.handler (file:///Users/hf-mac/Downloads/tgpro-admin/.output/server/chunks/nitro/nitro.mjs:1959:19)
      at Server.toNodeHandle (file:///Users/hf-mac/Downloads/tgpro-admin/.output/server/chunks/nitro/nitro.mjs:2230:7) {
    errno: -2,
    code: 'ENOENT',
    syscall: 'open',
    path: '/Users/hf-mac/Downloads/tgpro-admin/.output/public/_nuxt/DAr-OQmd.js'
  },
  statusCode: 500,
  fatal: false,
  unhandled: true,
  statusMessage: undefined,
  data: undefined
}
2025-11-05T02:30:50: [request error] [unhandled] [GET] http://localhost:3000/_nuxt/Bdz-sLfb.js
 H3Error: ENOENT: no such file or directory, open '/Users/hf-mac/Downloads/tgpro-admin/.output/public/_nuxt/Bdz-sLfb.js'
    at open (node:internal/fs/promises:641:25)
    ... 2 lines matching cause stack trace ...
    at Server.toNodeHandle (file:///Users/hf-mac/Downloads/tgpro-admin/.output/server/chunks/nitro/nitro.mjs:2230:7) {
  cause: Error: ENOENT: no such file or directory, open '/Users/hf-mac/Downloads/tgpro-admin/.output/public/_nuxt/Bdz-sLfb.js'
      at open (node:internal/fs/promises:641:25)
      at Object.readFile (node:internal/fs/promises:1245:14)
      at Object.handler (file:///Users/hf-mac/Downloads/tgpro-admin/.output/server/chunks/nitro/nitro.mjs:1959:19)
      at Server.toNodeHandle (file:///Users/hf-mac/Downloads/tgpro-admin/.output/server/chunks/nitro/nitro.mjs:2230:7) {
    errno: -2,
    code: 'ENOENT',
    syscall: 'open',
    path: '/Users/hf-mac/Downloads/tgpro-admin/.output/public/_nuxt/Bdz-sLfb.js'
  },
  statusCode: 500,
  fatal: false,
  unhandled: true,
  statusMessage: undefined,
  data: undefined
}
2025-11-05T02:30:50: [request error] [unhandled] [GET] http://localhost:3000/_nuxt/BTgB1rvp.js
 H3Error: ENOENT: no such file or directory, open '/Users/hf-mac/Downloads/tgpro-admin/.output/public/_nuxt/BTgB1rvp.js'
    at open (node:internal/fs/promises:641:25)
    ... 2 lines matching cause stack trace ...
    at Server.toNodeHandle (file:///Users/hf-mac/Downloads/tgpro-admin/.output/server/chunks/nitro/nitro.mjs:2230:7) {
  cause: Error: ENOENT: no such file or directory, open '/Users/hf-mac/Downloads/tgpro-admin/.output/public/_nuxt/BTgB1rvp.js'
      at open (node:internal/fs/promises:641:25)
      at Object.readFile (node:internal/fs/promises:1245:14)
      at Object.handler (file:///Users/hf-mac/Downloads/tgpro-admin/.output/server/chunks/nitro/nitro.mjs:1959:19)
      at Server.toNodeHandle (file:///Users/hf-mac/Downloads/tgpro-admin/.output/server/chunks/nitro/nitro.mjs:2230:7) {
    errno: -2,
    code: 'ENOENT',
    syscall: 'open',
    path: '/Users/hf-mac/Downloads/tgpro-admin/.output/public/_nuxt/BTgB1rvp.js'
  },
  statusCode: 500,
  fatal: false,
  unhandled: true,
  statusMessage: undefined,
  data: undefined
}
2025-11-05T02:30:50: [request error] [unhandled] [GET] http://localhost:3000/_nuxt/CXT04lNs.js
 H3Error: ENOENT: no such file or directory, open '/Users/hf-mac/Downloads/tgpro-admin/.output/public/_nuxt/CXT04lNs.js'
    at open (node:internal/fs/promises:641:25)
    ... 2 lines matching cause stack trace ...
    at Server.toNodeHandle (file:///Users/hf-mac/Downloads/tgpro-admin/.output/server/chunks/nitro/nitro.mjs:2230:7) {
  cause: Error: ENOENT: no such file or directory, open '/Users/hf-mac/Downloads/tgpro-admin/.output/public/_nuxt/CXT04lNs.js'
      at open (node:internal/fs/promises:641:25)
      at Object.readFile (node:internal/fs/promises:1245:14)
      at Object.handler (file:///Users/hf-mac/Downloads/tgpro-admin/.output/server/chunks/nitro/nitro.mjs:1959:19)
      at Server.toNodeHandle (file:///Users/hf-mac/Downloads/tgpro-admin/.output/server/chunks/nitro/nitro.mjs:2230:7) {
    errno: -2,
    code: 'ENOENT',
    syscall: 'open',
    path: '/Users/hf-mac/Downloads/tgpro-admin/.output/public/_nuxt/CXT04lNs.js'
  },
  statusCode: 500,
  fatal: false,
  unhandled: true,
  statusMessage: undefined,
  data: undefined
}
2025-11-05T02:30:50: [request error] [unhandled] [GET] http://localhost:3000/_nuxt/C4xQaJXR.js
 H3Error: ENOENT: no such file or directory, open '/Users/hf-mac/Downloads/tgpro-admin/.output/public/_nuxt/C4xQaJXR.js'
    at open (node:internal/fs/promises:641:25)
    ... 2 lines matching cause stack trace ...
    at Server.toNodeHandle (file:///Users/hf-mac/Downloads/tgpro-admin/.output/server/chunks/nitro/nitro.mjs:2230:7) {
  cause: Error: ENOENT: no such file or directory, open '/Users/hf-mac/Downloads/tgpro-admin/.output/public/_nuxt/C4xQaJXR.js'
      at open (node:internal/fs/promises:641:25)
      at Object.readFile (node:internal/fs/promises:1245:14)
      at Object.handler (file:///Users/hf-mac/Downloads/tgpro-admin/.output/server/chunks/nitro/nitro.mjs:1959:19)
      at Server.toNodeHandle (file:///Users/hf-mac/Downloads/tgpro-admin/.output/server/chunks/nitro/nitro.mjs:2230:7) {
    errno: -2,
    code: 'ENOENT',
    syscall: 'open',
    path: '/Users/hf-mac/Downloads/tgpro-admin/.output/public/_nuxt/C4xQaJXR.js'
  },
  statusCode: 500,
  fatal: false,
  unhandled: true,
  statusMessage: undefined,
  data: undefined
}
2025-11-05T02:30:50: [request error] [unhandled] [GET] http://localhost:3000/_nuxt/DcHNM1Xn.js
 H3Error: ENOENT: no such file or directory, open '/Users/hf-mac/Downloads/tgpro-admin/.output/public/_nuxt/DcHNM1Xn.js'
    at open (node:internal/fs/promises:641:25)
    ... 2 lines matching cause stack trace ...
    at Server.toNodeHandle (file:///Users/hf-mac/Downloads/tgpro-admin/.output/server/chunks/nitro/nitro.mjs:2230:7) {
  cause: Error: ENOENT: no such file or directory, open '/Users/hf-mac/Downloads/tgpro-admin/.output/public/_nuxt/DcHNM1Xn.js'
      at open (node:internal/fs/promises:641:25)
      at Object.readFile (node:internal/fs/promises:1245:14)
      at Object.handler (file:///Users/hf-mac/Downloads/tgpro-admin/.output/server/chunks/nitro/nitro.mjs:1959:19)
      at Server.toNodeHandle (file:///Users/hf-mac/Downloads/tgpro-admin/.output/server/chunks/nitro/nitro.mjs:2230:7) {
    errno: -2,
    code: 'ENOENT',
    syscall: 'open',
    path: '/Users/hf-mac/Downloads/tgpro-admin/.output/public/_nuxt/DcHNM1Xn.js'
  },
  statusCode: 500,
  fatal: false,
  unhandled: true,
  statusMessage: undefined,
  data: undefined
}
2025-11-05T02:30:50: [request error] [unhandled] [GET] http://localhost:3000/_nuxt/builds/meta/db489c3b-20ab-405c-96a2-98b632ec7da6.json
 H3Error: ENOENT: no such file or directory, open '/Users/hf-mac/Downloads/tgpro-admin/.output/public/_nuxt/builds/meta/db489c3b-20ab-405c-96a2-98b632ec7da6.json'
    at open (node:internal/fs/promises:641:25)
    ... 2 lines matching cause stack trace ...
    at Server.toNodeHandle (file:///Users/hf-mac/Downloads/tgpro-admin/.output/server/chunks/nitro/nitro.mjs:2230:7) {
  cause: Error: ENOENT: no such file or directory, open '/Users/hf-mac/Downloads/tgpro-admin/.output/public/_nuxt/builds/meta/db489c3b-20ab-405c-96a2-98b632ec7da6.json'
      at open (node:internal/fs/promises:641:25)
      at Object.readFile (node:internal/fs/promises:1245:14)
      at Object.handler (file:///Users/hf-mac/Downloads/tgpro-admin/.output/server/chunks/nitro/nitro.mjs:1959:19)
      at Server.toNodeHandle (file:///Users/hf-mac/Downloads/tgpro-admin/.output/server/chunks/nitro/nitro.mjs:2230:7) {
    errno: -2,
    code: 'ENOENT',
    syscall: 'open',
    path: '/Users/hf-mac/Downloads/tgpro-admin/.output/public/_nuxt/builds/meta/db489c3b-20ab-405c-96a2-98b632ec7da6.json'
  },
  statusCode: 500,
  fatal: false,
  unhandled: true,
  statusMessage: undefined,
  data: undefined
}
2025-11-05T02:30:50: [request error] [unhandled] [GET] http://localhost:3000/_nuxt/DbAgXtul.js
 H3Error: ENOENT: no such file or directory, open '/Users/hf-mac/Downloads/tgpro-admin/.output/public/_nuxt/DbAgXtul.js'
    at open (node:internal/fs/promises:641:25)
    ... 2 lines matching cause stack trace ...
    at Server.toNodeHandle (file:///Users/hf-mac/Downloads/tgpro-admin/.output/server/chunks/nitro/nitro.mjs:2230:7) {
  cause: Error: ENOENT: no such file or directory, open '/Users/hf-mac/Downloads/tgpro-admin/.output/public/_nuxt/DbAgXtul.js'
      at open (node:internal/fs/promises:641:25)
      at Object.readFile (node:internal/fs/promises:1245:14)
      at Object.handler (file:///Users/hf-mac/Downloads/tgpro-admin/.output/server/chunks/nitro/nitro.mjs:1959:19)
      at Server.toNodeHandle (file:///Users/hf-mac/Downloads/tgpro-admin/.output/server/chunks/nitro/nitro.mjs:2230:7) {
    errno: -2,
    code: 'ENOENT',
    syscall: 'open',
    path: '/Users/hf-mac/Downloads/tgpro-admin/.output/public/_nuxt/DbAgXtul.js'
  },
  statusCode: 500,
  fatal: false,
  unhandled: true,
  statusMessage: undefined,
  data: undefined
}
2025-11-05T02:30:50: [request error] [unhandled] [GET] http://localhost:3000/_nuxt/Bl84yrz9.js
 H3Error: ENOENT: no such file or directory, open '/Users/hf-mac/Downloads/tgpro-admin/.output/public/_nuxt/Bl84yrz9.js'
    at open (node:internal/fs/promises:641:25)
    ... 2 lines matching cause stack trace ...
    at Server.toNodeHandle (file:///Users/hf-mac/Downloads/tgpro-admin/.output/server/chunks/nitro/nitro.mjs:2230:7) {
  cause: Error: ENOENT: no such file or directory, open '/Users/hf-mac/Downloads/tgpro-admin/.output/public/_nuxt/Bl84yrz9.js'
      at open (node:internal/fs/promises:641:25)
      at Object.readFile (node:internal/fs/promises:1245:14)
      at Object.handler (file:///Users/hf-mac/Downloads/tgpro-admin/.output/server/chunks/nitro/nitro.mjs:1959:19)
      at Server.toNodeHandle (file:///Users/hf-mac/Downloads/tgpro-admin/.output/server/chunks/nitro/nitro.mjs:2230:7) {
    errno: -2,
    code: 'ENOENT',
    syscall: 'open',
    path: '/Users/hf-mac/Downloads/tgpro-admin/.output/public/_nuxt/Bl84yrz9.js'
  },
  statusCode: 500,
  fatal: false,
  unhandled: true,
  statusMessage: undefined,
  data: undefined
}
2025-11-05T02:30:50: [request error] [unhandled] [GET] http://localhost:3000/_nuxt/D_B5nL8y.js
 H3Error: ENOENT: no such file or directory, open '/Users/hf-mac/Downloads/tgpro-admin/.output/public/_nuxt/D_B5nL8y.js'
    at open (node:internal/fs/promises:641:25)
    ... 2 lines matching cause stack trace ...
    at Server.toNodeHandle (file:///Users/hf-mac/Downloads/tgpro-admin/.output/server/chunks/nitro/nitro.mjs:2230:7) {
  cause: Error: ENOENT: no such file or directory, open '/Users/hf-mac/Downloads/tgpro-admin/.output/public/_nuxt/D_B5nL8y.js'
      at open (node:internal/fs/promises:641:25)
      at Object.readFile (node:internal/fs/promises:1245:14)
      at Object.handler (file:///Users/hf-mac/Downloads/tgpro-admin/.output/server/chunks/nitro/nitro.mjs:1959:19)
      at Server.toNodeHandle (file:///Users/hf-mac/Downloads/tgpro-admin/.output/server/chunks/nitro/nitro.mjs:2230:7) {
    errno: -2,
    code: 'ENOENT',
    syscall: 'open',
    path: '/Users/hf-mac/Downloads/tgpro-admin/.output/public/_nuxt/D_B5nL8y.js'
  },
  statusCode: 500,
  fatal: false,
  unhandled: true,
  statusMessage: undefined,
  data: undefined
}
2025-11-05T02:30:50: [request error] [unhandled] [GET] http://localhost:3000/_nuxt/DpNIWReE.js
 H3Error: ENOENT: no such file or directory, open '/Users/hf-mac/Downloads/tgpro-admin/.output/public/_nuxt/DpNIWReE.js'
    at open (node:internal/fs/promises:641:25)
    ... 2 lines matching cause stack trace ...
    at Server.toNodeHandle (file:///Users/hf-mac/Downloads/tgpro-admin/.output/server/chunks/nitro/nitro.mjs:2230:7) {
  cause: Error: ENOENT: no such file or directory, open '/Users/hf-mac/Downloads/tgpro-admin/.output/public/_nuxt/DpNIWReE.js'
      at open (node:internal/fs/promises:641:25)
      at Object.readFile (node:internal/fs/promises:1245:14)
      at Object.handler (file:///Users/hf-mac/Downloads/tgpro-admin/.output/server/chunks/nitro/nitro.mjs:1959:19)
      at Server.toNodeHandle (file:///Users/hf-mac/Downloads/tgpro-admin/.output/server/chunks/nitro/nitro.mjs:2230:7) {
    errno: -2,
    code: 'ENOENT',
    syscall: 'open',
    path: '/Users/hf-mac/Downloads/tgpro-admin/.output/public/_nuxt/DpNIWReE.js'
  },
  statusCode: 500,
  fatal: false,
  unhandled: true,
  statusMessage: undefined,
  data: undefined
}
2025-11-05T02:30:50: [request error] [unhandled] [GET] http://localhost:3000/_nuxt/D974gv07.js
 H3Error: ENOENT: no such file or directory, open '/Users/hf-mac/Downloads/tgpro-admin/.output/public/_nuxt/D974gv07.js'
    at open (node:internal/fs/promises:641:25)
    ... 2 lines matching cause stack trace ...
    at Server.toNodeHandle (file:///Users/hf-mac/Downloads/tgpro-admin/.output/server/chunks/nitro/nitro.mjs:2230:7) {
  cause: Error: ENOENT: no such file or directory, open '/Users/hf-mac/Downloads/tgpro-admin/.output/public/_nuxt/D974gv07.js'
      at open (node:internal/fs/promises:641:25)
      at Object.readFile (node:internal/fs/promises:1245:14)
      at Object.handler (file:///Users/hf-mac/Downloads/tgpro-admin/.output/server/chunks/nitro/nitro.mjs:1959:19)
      at Server.toNodeHandle (file:///Users/hf-mac/Downloads/tgpro-admin/.output/server/chunks/nitro/nitro.mjs:2230:7) {
    errno: -2,
    code: 'ENOENT',
    syscall: 'open',
    path: '/Users/hf-mac/Downloads/tgpro-admin/.output/public/_nuxt/D974gv07.js'
  },
  statusCode: 500,
  fatal: false,
  unhandled: true,
  statusMessage: undefined,
  data: undefined
}
2025-11-05T02:30:50: [request error] [unhandled] [GET] http://localhost:3000/_nuxt/D32lUId-.js
 H3Error: ENOENT: no such file or directory, open '/Users/hf-mac/Downloads/tgpro-admin/.output/public/_nuxt/D32lUId-.js'
    at open (node:internal/fs/promises:641:25)
    ... 2 lines matching cause stack trace ...
    at Server.toNodeHandle (file:///Users/hf-mac/Downloads/tgpro-admin/.output/server/chunks/nitro/nitro.mjs:2230:7) {
  cause: Error: ENOENT: no such file or directory, open '/Users/hf-mac/Downloads/tgpro-admin/.output/public/_nuxt/D32lUId-.js'
      at open (node:internal/fs/promises:641:25)
      at Object.readFile (node:internal/fs/promises:1245:14)
      at Object.handler (file:///Users/hf-mac/Downloads/tgpro-admin/.output/server/chunks/nitro/nitro.mjs:1959:19)
      at Server.toNodeHandle (file:///Users/hf-mac/Downloads/tgpro-admin/.output/server/chunks/nitro/nitro.mjs:2230:7) {
    errno: -2,
    code: 'ENOENT',
    syscall: 'open',
    path: '/Users/hf-mac/Downloads/tgpro-admin/.output/public/_nuxt/D32lUId-.js'
  },
  statusCode: 500,
  fatal: false,
  unhandled: true,
  statusMessage: undefined,
  data: undefined
}
2025-11-05T02:30:50: [request error] [unhandled] [GET] http://localhost:3000/_nuxt/CetYVyQG.js
 H3Error: ENOENT: no such file or directory, open '/Users/hf-mac/Downloads/tgpro-admin/.output/public/_nuxt/CetYVyQG.js'
    at open (node:internal/fs/promises:641:25)
    ... 2 lines matching cause stack trace ...
    at Server.toNodeHandle (file:///Users/hf-mac/Downloads/tgpro-admin/.output/server/chunks/nitro/nitro.mjs:2230:7) {
  cause: Error: ENOENT: no such file or directory, open '/Users/hf-mac/Downloads/tgpro-admin/.output/public/_nuxt/CetYVyQG.js'
      at open (node:internal/fs/promises:641:25)
      at Object.readFile (node:internal/fs/promises:1245:14)
      at Object.handler (file:///Users/hf-mac/Downloads/tgpro-admin/.output/server/chunks/nitro/nitro.mjs:1959:19)
      at Server.toNodeHandle (file:///Users/hf-mac/Downloads/tgpro-admin/.output/server/chunks/nitro/nitro.mjs:2230:7) {
    errno: -2,
    code: 'ENOENT',
    syscall: 'open',
    path: '/Users/hf-mac/Downloads/tgpro-admin/.output/public/_nuxt/CetYVyQG.js'
  },
  statusCode: 500,
  fatal: false,
  unhandled: true,
  statusMessage: undefined,
  data: undefined
}
2025-11-05T02:30:50: [request error] [unhandled] [GET] http://localhost:3000/_nuxt/Db7eFA1E.js
 H3Error: ENOENT: no such file or directory, open '/Users/hf-mac/Downloads/tgpro-admin/.output/public/_nuxt/Db7eFA1E.js'
    at open (node:internal/fs/promises:641:25)
    ... 2 lines matching cause stack trace ...
    at Server.toNodeHandle (file:///Users/hf-mac/Downloads/tgpro-admin/.output/server/chunks/nitro/nitro.mjs:2230:7) {
  cause: Error: ENOENT: no such file or directory, open '/Users/hf-mac/Downloads/tgpro-admin/.output/public/_nuxt/Db7eFA1E.js'
      at open (node:internal/fs/promises:641:25)
      at Object.readFile (node:internal/fs/promises:1245:14)
      at Object.handler (file:///Users/hf-mac/Downloads/tgpro-admin/.output/server/chunks/nitro/nitro.mjs:1959:19)
      at Server.toNodeHandle (file:///Users/hf-mac/Downloads/tgpro-admin/.output/server/chunks/nitro/nitro.mjs:2230:7) {
    errno: -2,
    code: 'ENOENT',
    syscall: 'open',
    path: '/Users/hf-mac/Downloads/tgpro-admin/.output/public/_nuxt/Db7eFA1E.js'
  },
  statusCode: 500,
  fatal: false,
  unhandled: true,
  statusMessage: undefined,
  data: undefined
}
2025-11-05T02:30:50: [request error] [unhandled] [GET] http://localhost:3000/_nuxt/Bdz-sLfb.js
 H3Error: ENOENT: no such file or directory, open '/Users/hf-mac/Downloads/tgpro-admin/.output/public/_nuxt/Bdz-sLfb.js'
    at open (node:internal/fs/promises:641:25)
    ... 2 lines matching cause stack trace ...
    at Server.toNodeHandle (file:///Users/hf-mac/Downloads/tgpro-admin/.output/server/chunks/nitro/nitro.mjs:2230:7) {
  cause: Error: ENOENT: no such file or directory, open '/Users/hf-mac/Downloads/tgpro-admin/.output/public/_nuxt/Bdz-sLfb.js'
      at open (node:internal/fs/promises:641:25)
      at Object.readFile (node:internal/fs/promises:1245:14)
      at Object.handler (file:///Users/hf-mac/Downloads/tgpro-admin/.output/server/chunks/nitro/nitro.mjs:1959:19)
      at Server.toNodeHandle (file:///Users/hf-mac/Downloads/tgpro-admin/.output/server/chunks/nitro/nitro.mjs:2230:7) {
    errno: -2,
    code: 'ENOENT',
    syscall: 'open',
    path: '/Users/hf-mac/Downloads/tgpro-admin/.output/public/_nuxt/Bdz-sLfb.js'
  },
  statusCode: 500,
  fatal: false,
  unhandled: true,
  statusMessage: undefined,
  data: undefined
}
2025-11-05T02:30:50: [request error] [unhandled] [GET] http://localhost:3000/_nuxt/DAr-OQmd.js
 H3Error: ENOENT: no such file or directory, open '/Users/hf-mac/Downloads/tgpro-admin/.output/public/_nuxt/DAr-OQmd.js'
    at open (node:internal/fs/promises:641:25)
    ... 2 lines matching cause stack trace ...
    at Server.toNodeHandle (file:///Users/hf-mac/Downloads/tgpro-admin/.output/server/chunks/nitro/nitro.mjs:2230:7) {
  cause: Error: ENOENT: no such file or directory, open '/Users/hf-mac/Downloads/tgpro-admin/.output/public/_nuxt/DAr-OQmd.js'
      at open (node:internal/fs/promises:641:25)
      at Object.readFile (node:internal/fs/promises:1245:14)
      at Object.handler (file:///Users/hf-mac/Downloads/tgpro-admin/.output/server/chunks/nitro/nitro.mjs:1959:19)
      at Server.toNodeHandle (file:///Users/hf-mac/Downloads/tgpro-admin/.output/server/chunks/nitro/nitro.mjs:2230:7) {
    errno: -2,
    code: 'ENOENT',
    syscall: 'open',
    path: '/Users/hf-mac/Downloads/tgpro-admin/.output/public/_nuxt/DAr-OQmd.js'
  },
  statusCode: 500,
  fatal: false,
  unhandled: true,
  statusMessage: undefined,
  data: undefined
}
2025-11-05T02:30:50: [request error] [unhandled] [GET] http://localhost:3000/_nuxt/DcHNM1Xn.js
 H3Error: ENOENT: no such file or directory, open '/Users/hf-mac/Downloads/tgpro-admin/.output/public/_nuxt/DcHNM1Xn.js'
    at open (node:internal/fs/promises:641:25)
    ... 2 lines matching cause stack trace ...
    at Server.toNodeHandle (file:///Users/hf-mac/Downloads/tgpro-admin/.output/server/chunks/nitro/nitro.mjs:2230:7) {
  cause: Error: ENOENT: no such file or directory, open '/Users/hf-mac/Downloads/tgpro-admin/.output/public/_nuxt/DcHNM1Xn.js'
      at open (node:internal/fs/promises:641:25)
      at Object.readFile (node:internal/fs/promises:1245:14)
      at Object.handler (file:///Users/hf-mac/Downloads/tgpro-admin/.output/server/chunks/nitro/nitro.mjs:1959:19)
      at Server.toNodeHandle (file:///Users/hf-mac/Downloads/tgpro-admin/.output/server/chunks/nitro/nitro.mjs:2230:7) {
    errno: -2,
    code: 'ENOENT',
    syscall: 'open',
    path: '/Users/hf-mac/Downloads/tgpro-admin/.output/public/_nuxt/DcHNM1Xn.js'
  },
  statusCode: 500,
  fatal: false,
  unhandled: true,
  statusMessage: undefined,
  data: undefined
}
2025-11-05T02:30:50: [request error] [unhandled] [GET] http://localhost:3000/_nuxt/builds/meta/db489c3b-20ab-405c-96a2-98b632ec7da6.json
 H3Error: ENOENT: no such file or directory, open '/Users/hf-mac/Downloads/tgpro-admin/.output/public/_nuxt/builds/meta/db489c3b-20ab-405c-96a2-98b632ec7da6.json'
    at open (node:internal/fs/promises:641:25)
    ... 2 lines matching cause stack trace ...
    at Server.toNodeHandle (file:///Users/hf-mac/Downloads/tgpro-admin/.output/server/chunks/nitro/nitro.mjs:2230:7) {
  cause: Error: ENOENT: no such file or directory, open '/Users/hf-mac/Downloads/tgpro-admin/.output/public/_nuxt/builds/meta/db489c3b-20ab-405c-96a2-98b632ec7da6.json'
      at open (node:internal/fs/promises:641:25)
      at Object.readFile (node:internal/fs/promises:1245:14)
      at Object.handler (file:///Users/hf-mac/Downloads/tgpro-admin/.output/server/chunks/nitro/nitro.mjs:1959:19)
      at Server.toNodeHandle (file:///Users/hf-mac/Downloads/tgpro-admin/.output/server/chunks/nitro/nitro.mjs:2230:7) {
    errno: -2,
    code: 'ENOENT',
    syscall: 'open',
    path: '/Users/hf-mac/Downloads/tgpro-admin/.output/public/_nuxt/builds/meta/db489c3b-20ab-405c-96a2-98b632ec7da6.json'
  },
  statusCode: 500,
  fatal: false,
  unhandled: true,
  statusMessage: undefined,
  data: undefined
}
2025-11-05T02:30:50: [request error] [unhandled] [GET] http://localhost:3000/_nuxt/DbAgXtul.js
 H3Error: ENOENT: no such file or directory, open '/Users/hf-mac/Downloads/tgpro-admin/.output/public/_nuxt/DbAgXtul.js'
    at open (node:internal/fs/promises:641:25)
    ... 2 lines matching cause stack trace ...
    at Server.toNodeHandle (file:///Users/hf-mac/Downloads/tgpro-admin/.output/server/chunks/nitro/nitro.mjs:2230:7) {
  cause: Error: ENOENT: no such file or directory, open '/Users/hf-mac/Downloads/tgpro-admin/.output/public/_nuxt/DbAgXtul.js'
      at open (node:internal/fs/promises:641:25)
      at Object.readFile (node:internal/fs/promises:1245:14)
      at Object.handler (file:///Users/hf-mac/Downloads/tgpro-admin/.output/server/chunks/nitro/nitro.mjs:1959:19)
      at Server.toNodeHandle (file:///Users/hf-mac/Downloads/tgpro-admin/.output/server/chunks/nitro/nitro.mjs:2230:7) {
    errno: -2,
    code: 'ENOENT',
    syscall: 'open',
    path: '/Users/hf-mac/Downloads/tgpro-admin/.output/public/_nuxt/DbAgXtul.js'
  },
  statusCode: 500,
  fatal: false,
  unhandled: true,
  statusMessage: undefined,
  data: undefined
}
2025-11-05T02:30:50: [request error] [unhandled] [GET] http://localhost:3000/_nuxt/D_B5nL8y.js
 H3Error: ENOENT: no such file or directory, open '/Users/hf-mac/Downloads/tgpro-admin/.output/public/_nuxt/D_B5nL8y.js'
    at open (node:internal/fs/promises:641:25)
    ... 2 lines matching cause stack trace ...
    at Server.toNodeHandle (file:///Users/hf-mac/Downloads/tgpro-admin/.output/server/chunks/nitro/nitro.mjs:2230:7) {
  cause: Error: ENOENT: no such file or directory, open '/Users/hf-mac/Downloads/tgpro-admin/.output/public/_nuxt/D_B5nL8y.js'
      at open (node:internal/fs/promises:641:25)
      at Object.readFile (node:internal/fs/promises:1245:14)
      at Object.handler (file:///Users/hf-mac/Downloads/tgpro-admin/.output/server/chunks/nitro/nitro.mjs:1959:19)
      at Server.toNodeHandle (file:///Users/hf-mac/Downloads/tgpro-admin/.output/server/chunks/nitro/nitro.mjs:2230:7) {
    errno: -2,
    code: 'ENOENT',
    syscall: 'open',
    path: '/Users/hf-mac/Downloads/tgpro-admin/.output/public/_nuxt/D_B5nL8y.js'
  },
  statusCode: 500,
  fatal: false,
  unhandled: true,
  statusMessage: undefined,
  data: undefined
}
2025-11-05T02:30:50: [request error] [unhandled] [GET] http://localhost:3000/_nuxt/Bl84yrz9.js
 H3Error: ENOENT: no such file or directory, open '/Users/hf-mac/Downloads/tgpro-admin/.output/public/_nuxt/Bl84yrz9.js'
    at open (node:internal/fs/promises:641:25)
    ... 2 lines matching cause stack trace ...
    at Server.toNodeHandle (file:///Users/hf-mac/Downloads/tgpro-admin/.output/server/chunks/nitro/nitro.mjs:2230:7) {
  cause: Error: ENOENT: no such file or directory, open '/Users/hf-mac/Downloads/tgpro-admin/.output/public/_nuxt/Bl84yrz9.js'
      at open (node:internal/fs/promises:641:25)
      at Object.readFile (node:internal/fs/promises:1245:14)
      at Object.handler (file:///Users/hf-mac/Downloads/tgpro-admin/.output/server/chunks/nitro/nitro.mjs:1959:19)
      at Server.toNodeHandle (file:///Users/hf-mac/Downloads/tgpro-admin/.output/server/chunks/nitro/nitro.mjs:2230:7) {
    errno: -2,
    code: 'ENOENT',
    syscall: 'open',
    path: '/Users/hf-mac/Downloads/tgpro-admin/.output/public/_nuxt/Bl84yrz9.js'
  },
  statusCode: 500,
  fatal: false,
  unhandled: true,
  statusMessage: undefined,
  data: undefined
}
2025-11-05T02:30:50: [request error] [unhandled] [GET] http://localhost:3000/_nuxt/DpNIWReE.js
 H3Error: ENOENT: no such file or directory, open '/Users/hf-mac/Downloads/tgpro-admin/.output/public/_nuxt/DpNIWReE.js'
    at open (node:internal/fs/promises:641:25)
    ... 2 lines matching cause stack trace ...
    at Server.toNodeHandle (file:///Users/hf-mac/Downloads/tgpro-admin/.output/server/chunks/nitro/nitro.mjs:2230:7) {
  cause: Error: ENOENT: no such file or directory, open '/Users/hf-mac/Downloads/tgpro-admin/.output/public/_nuxt/DpNIWReE.js'
      at open (node:internal/fs/promises:641:25)
      at Object.readFile (node:internal/fs/promises:1245:14)
      at Object.handler (file:///Users/hf-mac/Downloads/tgpro-admin/.output/server/chunks/nitro/nitro.mjs:1959:19)
      at Server.toNodeHandle (file:///Users/hf-mac/Downloads/tgpro-admin/.output/server/chunks/nitro/nitro.mjs:2230:7) {
    errno: -2,
    code: 'ENOENT',
    syscall: 'open',
    path: '/Users/hf-mac/Downloads/tgpro-admin/.output/public/_nuxt/DpNIWReE.js'
  },
  statusCode: 500,
  fatal: false,
  unhandled: true,
  statusMessage: undefined,
  data: undefined
}
2025-11-05T02:30:50: [request error] [unhandled] [GET] http://localhost:3000/_nuxt/D974gv07.js
 H3Error: ENOENT: no such file or directory, open '/Users/hf-mac/Downloads/tgpro-admin/.output/public/_nuxt/D974gv07.js'
    at open (node:internal/fs/promises:641:25)
    ... 2 lines matching cause stack trace ...
    at Server.toNodeHandle (file:///Users/hf-mac/Downloads/tgpro-admin/.output/server/chunks/nitro/nitro.mjs:2230:7) {
  cause: Error: ENOENT: no such file or directory, open '/Users/hf-mac/Downloads/tgpro-admin/.output/public/_nuxt/D974gv07.js'
      at open (node:internal/fs/promises:641:25)
      at Object.readFile (node:internal/fs/promises:1245:14)
      at Object.handler (file:///Users/hf-mac/Downloads/tgpro-admin/.output/server/chunks/nitro/nitro.mjs:1959:19)
      at Server.toNodeHandle (file:///Users/hf-mac/Downloads/tgpro-admin/.output/server/chunks/nitro/nitro.mjs:2230:7) {
    errno: -2,
    code: 'ENOENT',
    syscall: 'open',
    path: '/Users/hf-mac/Downloads/tgpro-admin/.output/public/_nuxt/D974gv07.js'
  },
  statusCode: 500,
  fatal: false,
  unhandled: true,
  statusMessage: undefined,
  data: undefined
}
2025-11-05T02:30:50: [request error] [unhandled] [GET] http://localhost:3000/_nuxt/D32lUId-.js
 H3Error: ENOENT: no such file or directory, open '/Users/hf-mac/Downloads/tgpro-admin/.output/public/_nuxt/D32lUId-.js'
    at open (node:internal/fs/promises:641:25)
    ... 2 lines matching cause stack trace ...
    at Server.toNodeHandle (file:///Users/hf-mac/Downloads/tgpro-admin/.output/server/chunks/nitro/nitro.mjs:2230:7) {
  cause: Error: ENOENT: no such file or directory, open '/Users/hf-mac/Downloads/tgpro-admin/.output/public/_nuxt/D32lUId-.js'
      at open (node:internal/fs/promises:641:25)
      at Object.readFile (node:internal/fs/promises:1245:14)
      at Object.handler (file:///Users/hf-mac/Downloads/tgpro-admin/.output/server/chunks/nitro/nitro.mjs:1959:19)
      at Server.toNodeHandle (file:///Users/hf-mac/Downloads/tgpro-admin/.output/server/chunks/nitro/nitro.mjs:2230:7) {
    errno: -2,
    code: 'ENOENT',
    syscall: 'open',
    path: '/Users/hf-mac/Downloads/tgpro-admin/.output/public/_nuxt/D32lUId-.js'
  },
  statusCode: 500,
  fatal: false,
  unhandled: true,
  statusMessage: undefined,
  data: undefined
}
2025-11-05T02:30:50: [request error] [unhandled] [GET] http://localhost:3000/_nuxt/CetYVyQG.js
 H3Error: ENOENT: no such file or directory, open '/Users/hf-mac/Downloads/tgpro-admin/.output/public/_nuxt/CetYVyQG.js'
    at open (node:internal/fs/promises:641:25)
    ... 2 lines matching cause stack trace ...
    at Server.toNodeHandle (file:///Users/hf-mac/Downloads/tgpro-admin/.output/server/chunks/nitro/nitro.mjs:2230:7) {
  cause: Error: ENOENT: no such file or directory, open '/Users/hf-mac/Downloads/tgpro-admin/.output/public/_nuxt/CetYVyQG.js'
      at open (node:internal/fs/promises:641:25)
      at Object.readFile (node:internal/fs/promises:1245:14)
      at Object.handler (file:///Users/hf-mac/Downloads/tgpro-admin/.output/server/chunks/nitro/nitro.mjs:1959:19)
      at Server.toNodeHandle (file:///Users/hf-mac/Downloads/tgpro-admin/.output/server/chunks/nitro/nitro.mjs:2230:7) {
    errno: -2,
    code: 'ENOENT',
    syscall: 'open',
    path: '/Users/hf-mac/Downloads/tgpro-admin/.output/public/_nuxt/CetYVyQG.js'
  },
  statusCode: 500,
  fatal: false,
  unhandled: true,
  statusMessage: undefined,
  data: undefined
}
2025-11-05T02:30:50: [request error] [unhandled] [GET] http://localhost:3000/_nuxt/Db7eFA1E.js
 H3Error: ENOENT: no such file or directory, open '/Users/hf-mac/Downloads/tgpro-admin/.output/public/_nuxt/Db7eFA1E.js'
    at open (node:internal/fs/promises:641:25)
    ... 2 lines matching cause stack trace ...
    at Server.toNodeHandle (file:///Users/hf-mac/Downloads/tgpro-admin/.output/server/chunks/nitro/nitro.mjs:2230:7) {
  cause: Error: ENOENT: no such file or directory, open '/Users/hf-mac/Downloads/tgpro-admin/.output/public/_nuxt/Db7eFA1E.js'
      at open (node:internal/fs/promises:641:25)
      at Object.readFile (node:internal/fs/promises:1245:14)
      at Object.handler (file:///Users/hf-mac/Downloads/tgpro-admin/.output/server/chunks/nitro/nitro.mjs:1959:19)
      at Server.toNodeHandle (file:///Users/hf-mac/Downloads/tgpro-admin/.output/server/chunks/nitro/nitro.mjs:2230:7) {
    errno: -2,
    code: 'ENOENT',
    syscall: 'open',
    path: '/Users/hf-mac/Downloads/tgpro-admin/.output/public/_nuxt/Db7eFA1E.js'
  },
  statusCode: 500,
  fatal: false,
  unhandled: true,
  statusMessage: undefined,
  data: undefined
}
2025-11-05T02:30:50: [request error] [unhandled] [GET] http://localhost:3000/_nuxt/Bdz-sLfb.js
 H3Error: ENOENT: no such file or directory, open '/Users/hf-mac/Downloads/tgpro-admin/.output/public/_nuxt/Bdz-sLfb.js'
    at open (node:internal/fs/promises:641:25)
    ... 2 lines matching cause stack trace ...
    at Server.toNodeHandle (file:///Users/hf-mac/Downloads/tgpro-admin/.output/server/chunks/nitro/nitro.mjs:2230:7) {
  cause: Error: ENOENT: no such file or directory, open '/Users/hf-mac/Downloads/tgpro-admin/.output/public/_nuxt/Bdz-sLfb.js'
      at open (node:internal/fs/promises:641:25)
      at Object.readFile (node:internal/fs/promises:1245:14)
      at Object.handler (file:///Users/hf-mac/Downloads/tgpro-admin/.output/server/chunks/nitro/nitro.mjs:1959:19)
      at Server.toNodeHandle (file:///Users/hf-mac/Downloads/tgpro-admin/.output/server/chunks/nitro/nitro.mjs:2230:7) {
    errno: -2,
    code: 'ENOENT',
    syscall: 'open',
    path: '/Users/hf-mac/Downloads/tgpro-admin/.output/public/_nuxt/Bdz-sLfb.js'
  },
  statusCode: 500,
  fatal: false,
  unhandled: true,
  statusMessage: undefined,
  data: undefined
}
2025-11-05T02:30:50: [request error] [unhandled] [GET] http://localhost:3000/_nuxt/DAr-OQmd.js
 H3Error: ENOENT: no such file or directory, open '/Users/hf-mac/Downloads/tgpro-admin/.output/public/_nuxt/DAr-OQmd.js'
    at open (node:internal/fs/promises:641:25)
    ... 2 lines matching cause stack trace ...
    at Server.toNodeHandle (file:///Users/hf-mac/Downloads/tgpro-admin/.output/server/chunks/nitro/nitro.mjs:2230:7) {
  cause: Error: ENOENT: no such file or directory, open '/Users/hf-mac/Downloads/tgpro-admin/.output/public/_nuxt/DAr-OQmd.js'
      at open (node:internal/fs/promises:641:25)
      at Object.readFile (node:internal/fs/promises:1245:14)
      at Object.handler (file:///Users/hf-mac/Downloads/tgpro-admin/.output/server/chunks/nitro/nitro.mjs:1959:19)
      at Server.toNodeHandle (file:///Users/hf-mac/Downloads/tgpro-admin/.output/server/chunks/nitro/nitro.mjs:2230:7) {
    errno: -2,
    code: 'ENOENT',
    syscall: 'open',
    path: '/Users/hf-mac/Downloads/tgpro-admin/.output/public/_nuxt/DAr-OQmd.js'
  },
  statusCode: 500,
  fatal: false,
  unhandled: true,
  statusMessage: undefined,
  data: undefined
}
2025-11-05T02:30:50: [request error] [unhandled] [GET] http://localhost:3000/_nuxt/BTgB1rvp.js
 H3Error: ENOENT: no such file or directory, open '/Users/hf-mac/Downloads/tgpro-admin/.output/public/_nuxt/BTgB1rvp.js'
    at open (node:internal/fs/promises:641:25)
    ... 2 lines matching cause stack trace ...
    at Server.toNodeHandle (file:///Users/hf-mac/Downloads/tgpro-admin/.output/server/chunks/nitro/nitro.mjs:2230:7) {
  cause: Error: ENOENT: no such file or directory, open '/Users/hf-mac/Downloads/tgpro-admin/.output/public/_nuxt/BTgB1rvp.js'
      at open (node:internal/fs/promises:641:25)
      at Object.readFile (node:internal/fs/promises:1245:14)
      at Object.handler (file:///Users/hf-mac/Downloads/tgpro-admin/.output/server/chunks/nitro/nitro.mjs:1959:19)
      at Server.toNodeHandle (file:///Users/hf-mac/Downloads/tgpro-admin/.output/server/chunks/nitro/nitro.mjs:2230:7) {
    errno: -2,
    code: 'ENOENT',
    syscall: 'open',
    path: '/Users/hf-mac/Downloads/tgpro-admin/.output/public/_nuxt/BTgB1rvp.js'
  },
  statusCode: 500,
  fatal: false,
  unhandled: true,
  statusMessage: undefined,
  data: undefined
}
2025-11-05T02:30:50: [request error] [unhandled] [GET] http://localhost:3000/_nuxt/CXT04lNs.js
 H3Error: ENOENT: no such file or directory, open '/Users/hf-mac/Downloads/tgpro-admin/.output/public/_nuxt/CXT04lNs.js'
    at open (node:internal/fs/promises:641:25)
    ... 2 lines matching cause stack trace ...
    at Server.toNodeHandle (file:///Users/hf-mac/Downloads/tgpro-admin/.output/server/chunks/nitro/nitro.mjs:2230:7) {
  cause: Error: ENOENT: no such file or directory, open '/Users/hf-mac/Downloads/tgpro-admin/.output/public/_nuxt/CXT04lNs.js'
      at open (node:internal/fs/promises:641:25)
      at Object.readFile (node:internal/fs/promises:1245:14)
      at Object.handler (file:///Users/hf-mac/Downloads/tgpro-admin/.output/server/chunks/nitro/nitro.mjs:1959:19)
      at Server.toNodeHandle (file:///Users/hf-mac/Downloads/tgpro-admin/.output/server/chunks/nitro/nitro.mjs:2230:7) {
    errno: -2,
    code: 'ENOENT',
    syscall: 'open',
    path: '/Users/hf-mac/Downloads/tgpro-admin/.output/public/_nuxt/CXT04lNs.js'
  },
  statusCode: 500,
  fatal: false,
  unhandled: true,
  statusMessage: undefined,
  data: undefined
}
2025-11-05T02:30:50: [request error] [unhandled] [GET] http://localhost:3000/_nuxt/DcHNM1Xn.js
 H3Error: ENOENT: no such file or directory, open '/Users/hf-mac/Downloads/tgpro-admin/.output/public/_nuxt/DcHNM1Xn.js'
    at open (node:internal/fs/promises:641:25)
    ... 2 lines matching cause stack trace ...
    at Server.toNodeHandle (file:///Users/hf-mac/Downloads/tgpro-admin/.output/server/chunks/nitro/nitro.mjs:2230:7) {
  cause: Error: ENOENT: no such file or directory, open '/Users/hf-mac/Downloads/tgpro-admin/.output/public/_nuxt/DcHNM1Xn.js'
      at open (node:internal/fs/promises:641:25)
      at Object.readFile (node:internal/fs/promises:1245:14)
      at Object.handler (file:///Users/hf-mac/Downloads/tgpro-admin/.output/server/chunks/nitro/nitro.mjs:1959:19)
      at Server.toNodeHandle (file:///Users/hf-mac/Downloads/tgpro-admin/.output/server/chunks/nitro/nitro.mjs:2230:7) {
    errno: -2,
    code: 'ENOENT',
    syscall: 'open',
    path: '/Users/hf-mac/Downloads/tgpro-admin/.output/public/_nuxt/DcHNM1Xn.js'
  },
  statusCode: 500,
  fatal: false,
  unhandled: true,
  statusMessage: undefined,
  data: undefined
}
2025-11-05T02:30:50: [request error] [unhandled] [GET] http://localhost:3000/_nuxt/C4xQaJXR.js
 H3Error: ENOENT: no such file or directory, open '/Users/hf-mac/Downloads/tgpro-admin/.output/public/_nuxt/C4xQaJXR.js'
    at open (node:internal/fs/promises:641:25)
    ... 2 lines matching cause stack trace ...
    at Server.toNodeHandle (file:///Users/hf-mac/Downloads/tgpro-admin/.output/server/chunks/nitro/nitro.mjs:2230:7) {
  cause: Error: ENOENT: no such file or directory, open '/Users/hf-mac/Downloads/tgpro-admin/.output/public/_nuxt/C4xQaJXR.js'
      at open (node:internal/fs/promises:641:25)
      at Object.readFile (node:internal/fs/promises:1245:14)
      at Object.handler (file:///Users/hf-mac/Downloads/tgpro-admin/.output/server/chunks/nitro/nitro.mjs:1959:19)
      at Server.toNodeHandle (file:///Users/hf-mac/Downloads/tgpro-admin/.output/server/chunks/nitro/nitro.mjs:2230:7) {
    errno: -2,
    code: 'ENOENT',
    syscall: 'open',
    path: '/Users/hf-mac/Downloads/tgpro-admin/.output/public/_nuxt/C4xQaJXR.js'
  },
  statusCode: 500,
  fatal: false,
  unhandled: true,
  statusMessage: undefined,
  data: undefined
}
2025-11-05T02:30:50: [request error] [unhandled] [GET] http://localhost:3000/_nuxt/DbAgXtul.js
 H3Error: ENOENT: no such file or directory, open '/Users/hf-mac/Downloads/tgpro-admin/.output/public/_nuxt/DbAgXtul.js'
    at open (node:internal/fs/promises:641:25)
    ... 2 lines matching cause stack trace ...
    at Server.toNodeHandle (file:///Users/hf-mac/Downloads/tgpro-admin/.output/server/chunks/nitro/nitro.mjs:2230:7) {
  cause: Error: ENOENT: no such file or directory, open '/Users/hf-mac/Downloads/tgpro-admin/.output/public/_nuxt/DbAgXtul.js'
      at open (node:internal/fs/promises:641:25)
      at Object.readFile (node:internal/fs/promises:1245:14)
      at Object.handler (file:///Users/hf-mac/Downloads/tgpro-admin/.output/server/chunks/nitro/nitro.mjs:1959:19)
      at Server.toNodeHandle (file:///Users/hf-mac/Downloads/tgpro-admin/.output/server/chunks/nitro/nitro.mjs:2230:7) {
    errno: -2,
    code: 'ENOENT',
    syscall: 'open',
    path: '/Users/hf-mac/Downloads/tgpro-admin/.output/public/_nuxt/DbAgXtul.js'
  },
  statusCode: 500,
  fatal: false,
  unhandled: true,
  statusMessage: undefined,
  data: undefined
}
2025-11-05T02:30:50: [request error] [unhandled] [GET] http://localhost:3000/_nuxt/Bl84yrz9.js
 H3Error: ENOENT: no such file or directory, open '/Users/hf-mac/Downloads/tgpro-admin/.output/public/_nuxt/Bl84yrz9.js'
    at open (node:internal/fs/promises:641:25)
    ... 2 lines matching cause stack trace ...
    at Server.toNodeHandle (file:///Users/hf-mac/Downloads/tgpro-admin/.output/server/chunks/nitro/nitro.mjs:2230:7) {
  cause: Error: ENOENT: no such file or directory, open '/Users/hf-mac/Downloads/tgpro-admin/.output/public/_nuxt/Bl84yrz9.js'
      at open (node:internal/fs/promises:641:25)
      at Object.readFile (node:internal/fs/promises:1245:14)
      at Object.handler (file:///Users/hf-mac/Downloads/tgpro-admin/.output/server/chunks/nitro/nitro.mjs:1959:19)
      at Server.toNodeHandle (file:///Users/hf-mac/Downloads/tgpro-admin/.output/server/chunks/nitro/nitro.mjs:2230:7) {
    errno: -2,
    code: 'ENOENT',
    syscall: 'open',
    path: '/Users/hf-mac/Downloads/tgpro-admin/.output/public/_nuxt/Bl84yrz9.js'
  },
  statusCode: 500,
  fatal: false,
  unhandled: true,
  statusMessage: undefined,
  data: undefined
}
2025-11-05T02:30:50: [request error] [unhandled] [GET] http://localhost:3000/_nuxt/D_B5nL8y.js
 H3Error: ENOENT: no such file or directory, open '/Users/hf-mac/Downloads/tgpro-admin/.output/public/_nuxt/D_B5nL8y.js'
    at open (node:internal/fs/promises:641:25)
    ... 2 lines matching cause stack trace ...
    at Server.toNodeHandle (file:///Users/hf-mac/Downloads/tgpro-admin/.output/server/chunks/nitro/nitro.mjs:2230:7) {
  cause: Error: ENOENT: no such file or directory, open '/Users/hf-mac/Downloads/tgpro-admin/.output/public/_nuxt/D_B5nL8y.js'
      at open (node:internal/fs/promises:641:25)
      at Object.readFile (node:internal/fs/promises:1245:14)
      at Object.handler (file:///Users/hf-mac/Downloads/tgpro-admin/.output/server/chunks/nitro/nitro.mjs:1959:19)
      at Server.toNodeHandle (file:///Users/hf-mac/Downloads/tgpro-admin/.output/server/chunks/nitro/nitro.mjs:2230:7) {
    errno: -2,
    code: 'ENOENT',
    syscall: 'open',
    path: '/Users/hf-mac/Downloads/tgpro-admin/.output/public/_nuxt/D_B5nL8y.js'
  },
  statusCode: 500,
  fatal: false,
  unhandled: true,
  statusMessage: undefined,
  data: undefined
}
2025-11-05T02:30:50: [request error] [unhandled] [GET] http://localhost:3000/_nuxt/DpNIWReE.js
 H3Error: ENOENT: no such file or directory, open '/Users/hf-mac/Downloads/tgpro-admin/.output/public/_nuxt/DpNIWReE.js'
    at open (node:internal/fs/promises:641:25)
    ... 2 lines matching cause stack trace ...
    at Server.toNodeHandle (file:///Users/hf-mac/Downloads/tgpro-admin/.output/server/chunks/nitro/nitro.mjs:2230:7) {
  cause: Error: ENOENT: no such file or directory, open '/Users/hf-mac/Downloads/tgpro-admin/.output/public/_nuxt/DpNIWReE.js'
      at open (node:internal/fs/promises:641:25)
      at Object.readFile (node:internal/fs/promises:1245:14)
      at Object.handler (file:///Users/hf-mac/Downloads/tgpro-admin/.output/server/chunks/nitro/nitro.mjs:1959:19)
      at Server.toNodeHandle (file:///Users/hf-mac/Downloads/tgpro-admin/.output/server/chunks/nitro/nitro.mjs:2230:7) {
    errno: -2,
    code: 'ENOENT',
    syscall: 'open',
    path: '/Users/hf-mac/Downloads/tgpro-admin/.output/public/_nuxt/DpNIWReE.js'
  },
  statusCode: 500,
  fatal: false,
  unhandled: true,
  statusMessage: undefined,
  data: undefined
}
2025-11-05T02:30:50: [request error] [unhandled] [GET] http://localhost:3000/_nuxt/D974gv07.js
 H3Error: ENOENT: no such file or directory, open '/Users/hf-mac/Downloads/tgpro-admin/.output/public/_nuxt/D974gv07.js'
    at open (node:internal/fs/promises:641:25)
    ... 2 lines matching cause stack trace ...
    at Server.toNodeHandle (file:///Users/hf-mac/Downloads/tgpro-admin/.output/server/chunks/nitro/nitro.mjs:2230:7) {
  cause: Error: ENOENT: no such file or directory, open '/Users/hf-mac/Downloads/tgpro-admin/.output/public/_nuxt/D974gv07.js'
      at open (node:internal/fs/promises:641:25)
      at Object.readFile (node:internal/fs/promises:1245:14)
      at Object.handler (file:///Users/hf-mac/Downloads/tgpro-admin/.output/server/chunks/nitro/nitro.mjs:1959:19)
      at Server.toNodeHandle (file:///Users/hf-mac/Downloads/tgpro-admin/.output/server/chunks/nitro/nitro.mjs:2230:7) {
    errno: -2,
    code: 'ENOENT',
    syscall: 'open',
    path: '/Users/hf-mac/Downloads/tgpro-admin/.output/public/_nuxt/D974gv07.js'
  },
  statusCode: 500,
  fatal: false,
  unhandled: true,
  statusMessage: undefined,
  data: undefined
}
2025-11-05T02:30:51: [request error] [unhandled] [GET] http://localhost:3000/_nuxt/D32lUId-.js
 H3Error: ENOENT: no such file or directory, open '/Users/hf-mac/Downloads/tgpro-admin/.output/public/_nuxt/D32lUId-.js'
    at open (node:internal/fs/promises:641:25)
    ... 2 lines matching cause stack trace ...
    at Server.toNodeHandle (file:///Users/hf-mac/Downloads/tgpro-admin/.output/server/chunks/nitro/nitro.mjs:2230:7) {
  cause: Error: ENOENT: no such file or directory, open '/Users/hf-mac/Downloads/tgpro-admin/.output/public/_nuxt/D32lUId-.js'
      at open (node:internal/fs/promises:641:25)
      at Object.readFile (node:internal/fs/promises:1245:14)
      at Object.handler (file:///Users/hf-mac/Downloads/tgpro-admin/.output/server/chunks/nitro/nitro.mjs:1959:19)
      at Server.toNodeHandle (file:///Users/hf-mac/Downloads/tgpro-admin/.output/server/chunks/nitro/nitro.mjs:2230:7) {
    errno: -2,
    code: 'ENOENT',
    syscall: 'open',
    path: '/Users/hf-mac/Downloads/tgpro-admin/.output/public/_nuxt/D32lUId-.js'
  },
  statusCode: 500,
  fatal: false,
  unhandled: true,
  statusMessage: undefined,
  data: undefined
}
2025-11-05T02:30:51: [request error] [unhandled] [GET] http://localhost:3000/_nuxt/CetYVyQG.js
 H3Error: ENOENT: no such file or directory, open '/Users/hf-mac/Downloads/tgpro-admin/.output/public/_nuxt/CetYVyQG.js'
    at open (node:internal/fs/promises:641:25)
    ... 2 lines matching cause stack trace ...
    at Server.toNodeHandle (file:///Users/hf-mac/Downloads/tgpro-admin/.output/server/chunks/nitro/nitro.mjs:2230:7) {
  cause: Error: ENOENT: no such file or directory, open '/Users/hf-mac/Downloads/tgpro-admin/.output/public/_nuxt/CetYVyQG.js'
      at open (node:internal/fs/promises:641:25)
      at Object.readFile (node:internal/fs/promises:1245:14)
      at Object.handler (file:///Users/hf-mac/Downloads/tgpro-admin/.output/server/chunks/nitro/nitro.mjs:1959:19)
      at Server.toNodeHandle (file:///Users/hf-mac/Downloads/tgpro-admin/.output/server/chunks/nitro/nitro.mjs:2230:7) {
    errno: -2,
    code: 'ENOENT',
    syscall: 'open',
    path: '/Users/hf-mac/Downloads/tgpro-admin/.output/public/_nuxt/CetYVyQG.js'
  },
  statusCode: 500,
  fatal: false,
  unhandled: true,
  statusMessage: undefined,
  data: undefined
}
2025-11-05T02:30:51: [request error] [unhandled] [GET] http://localhost:3000/_nuxt/Db7eFA1E.js
 H3Error: ENOENT: no such file or directory, open '/Users/hf-mac/Downloads/tgpro-admin/.output/public/_nuxt/Db7eFA1E.js'
    at open (node:internal/fs/promises:641:25)
    ... 2 lines matching cause stack trace ...
    at Server.toNodeHandle (file:///Users/hf-mac/Downloads/tgpro-admin/.output/server/chunks/nitro/nitro.mjs:2230:7) {
  cause: Error: ENOENT: no such file or directory, open '/Users/hf-mac/Downloads/tgpro-admin/.output/public/_nuxt/Db7eFA1E.js'
      at open (node:internal/fs/promises:641:25)
      at Object.readFile (node:internal/fs/promises:1245:14)
      at Object.handler (file:///Users/hf-mac/Downloads/tgpro-admin/.output/server/chunks/nitro/nitro.mjs:1959:19)
      at Server.toNodeHandle (file:///Users/hf-mac/Downloads/tgpro-admin/.output/server/chunks/nitro/nitro.mjs:2230:7) {
    errno: -2,
    code: 'ENOENT',
    syscall: 'open',
    path: '/Users/hf-mac/Downloads/tgpro-admin/.output/public/_nuxt/Db7eFA1E.js'
  },
  statusCode: 500,
  fatal: false,
  unhandled: true,
  statusMessage: undefined,
  data: undefined
}
2025-11-05T02:30:51: [request error] [unhandled] [GET] http://localhost:3000/_nuxt/DAr-OQmd.js
 H3Error: ENOENT: no such file or directory, open '/Users/hf-mac/Downloads/tgpro-admin/.output/public/_nuxt/DAr-OQmd.js'
    at open (node:internal/fs/promises:641:25)
    ... 2 lines matching cause stack trace ...
    at Server.toNodeHandle (file:///Users/hf-mac/Downloads/tgpro-admin/.output/server/chunks/nitro/nitro.mjs:2230:7) {
  cause: Error: ENOENT: no such file or directory, open '/Users/hf-mac/Downloads/tgpro-admin/.output/public/_nuxt/DAr-OQmd.js'
      at open (node:internal/fs/promises:641:25)
      at Object.readFile (node:internal/fs/promises:1245:14)
      at Object.handler (file:///Users/hf-mac/Downloads/tgpro-admin/.output/server/chunks/nitro/nitro.mjs:1959:19)
      at Server.toNodeHandle (file:///Users/hf-mac/Downloads/tgpro-admin/.output/server/chunks/nitro/nitro.mjs:2230:7) {
    errno: -2,
    code: 'ENOENT',
    syscall: 'open',
    path: '/Users/hf-mac/Downloads/tgpro-admin/.output/public/_nuxt/DAr-OQmd.js'
  },
  statusCode: 500,
  fatal: false,
  unhandled: true,
  statusMessage: undefined,
  data: undefined
}
2025-11-05T02:30:51: [request error] [unhandled] [GET] http://localhost:3000/_nuxt/Bdz-sLfb.js
 H3Error: ENOENT: no such file or directory, open '/Users/hf-mac/Downloads/tgpro-admin/.output/public/_nuxt/Bdz-sLfb.js'
    at open (node:internal/fs/promises:641:25)
    ... 2 lines matching cause stack trace ...
    at Server.toNodeHandle (file:///Users/hf-mac/Downloads/tgpro-admin/.output/server/chunks/nitro/nitro.mjs:2230:7) {
  cause: Error: ENOENT: no such file or directory, open '/Users/hf-mac/Downloads/tgpro-admin/.output/public/_nuxt/Bdz-sLfb.js'
      at open (node:internal/fs/promises:641:25)
      at Object.readFile (node:internal/fs/promises:1245:14)
      at Object.handler (file:///Users/hf-mac/Downloads/tgpro-admin/.output/server/chunks/nitro/nitro.mjs:1959:19)
      at Server.toNodeHandle (file:///Users/hf-mac/Downloads/tgpro-admin/.output/server/chunks/nitro/nitro.mjs:2230:7) {
    errno: -2,
    code: 'ENOENT',
    syscall: 'open',
    path: '/Users/hf-mac/Downloads/tgpro-admin/.output/public/_nuxt/Bdz-sLfb.js'
  },
  statusCode: 500,
  fatal: false,
  unhandled: true,
  statusMessage: undefined,
  data: undefined
}
2025-11-05T02:30:51: [request error] [unhandled] [GET] http://localhost:3000/_nuxt/BTgB1rvp.js
 H3Error: ENOENT: no such file or directory, open '/Users/hf-mac/Downloads/tgpro-admin/.output/public/_nuxt/BTgB1rvp.js'
    at open (node:internal/fs/promises:641:25)
    ... 2 lines matching cause stack trace ...
    at Server.toNodeHandle (file:///Users/hf-mac/Downloads/tgpro-admin/.output/server/chunks/nitro/nitro.mjs:2230:7) {
  cause: Error: ENOENT: no such file or directory, open '/Users/hf-mac/Downloads/tgpro-admin/.output/public/_nuxt/BTgB1rvp.js'
      at open (node:internal/fs/promises:641:25)
      at Object.readFile (node:internal/fs/promises:1245:14)
      at Object.handler (file:///Users/hf-mac/Downloads/tgpro-admin/.output/server/chunks/nitro/nitro.mjs:1959:19)
      at Server.toNodeHandle (file:///Users/hf-mac/Downloads/tgpro-admin/.output/server/chunks/nitro/nitro.mjs:2230:7) {
    errno: -2,
    code: 'ENOENT',
    syscall: 'open',
    path: '/Users/hf-mac/Downloads/tgpro-admin/.output/public/_nuxt/BTgB1rvp.js'
  },
  statusCode: 500,
  fatal: false,
  unhandled: true,
  statusMessage: undefined,
  data: undefined
}
2025-11-05T02:30:51: [request error] [unhandled] [GET] http://localhost:3000/_nuxt/CXT04lNs.js
 H3Error: ENOENT: no such file or directory, open '/Users/hf-mac/Downloads/tgpro-admin/.output/public/_nuxt/CXT04lNs.js'
    at open (node:internal/fs/promises:641:25)
    ... 2 lines matching cause stack trace ...
    at Server.toNodeHandle (file:///Users/hf-mac/Downloads/tgpro-admin/.output/server/chunks/nitro/nitro.mjs:2230:7) {
  cause: Error: ENOENT: no such file or directory, open '/Users/hf-mac/Downloads/tgpro-admin/.output/public/_nuxt/CXT04lNs.js'
      at open (node:internal/fs/promises:641:25)
      at Object.readFile (node:internal/fs/promises:1245:14)
      at Object.handler (file:///Users/hf-mac/Downloads/tgpro-admin/.output/server/chunks/nitro/nitro.mjs:1959:19)
      at Server.toNodeHandle (file:///Users/hf-mac/Downloads/tgpro-admin/.output/server/chunks/nitro/nitro.mjs:2230:7) {
    errno: -2,
    code: 'ENOENT',
    syscall: 'open',
    path: '/Users/hf-mac/Downloads/tgpro-admin/.output/public/_nuxt/CXT04lNs.js'
  },
  statusCode: 500,
  fatal: false,
  unhandled: true,
  statusMessage: undefined,
  data: undefined
}
2025-11-05T02:30:51: [request error] [unhandled] [GET] http://localhost:3000/_nuxt/DcHNM1Xn.js
 H3Error: ENOENT: no such file or directory, open '/Users/hf-mac/Downloads/tgpro-admin/.output/public/_nuxt/DcHNM1Xn.js'
    at open (node:internal/fs/promises:641:25)
    ... 2 lines matching cause stack trace ...
    at Server.toNodeHandle (file:///Users/hf-mac/Downloads/tgpro-admin/.output/server/chunks/nitro/nitro.mjs:2230:7) {
  cause: Error: ENOENT: no such file or directory, open '/Users/hf-mac/Downloads/tgpro-admin/.output/public/_nuxt/DcHNM1Xn.js'
      at open (node:internal/fs/promises:641:25)
      at Object.readFile (node:internal/fs/promises:1245:14)
      at Object.handler (file:///Users/hf-mac/Downloads/tgpro-admin/.output/server/chunks/nitro/nitro.mjs:1959:19)
      at Server.toNodeHandle (file:///Users/hf-mac/Downloads/tgpro-admin/.output/server/chunks/nitro/nitro.mjs:2230:7) {
    errno: -2,
    code: 'ENOENT',
    syscall: 'open',
    path: '/Users/hf-mac/Downloads/tgpro-admin/.output/public/_nuxt/DcHNM1Xn.js'
  },
  statusCode: 500,
  fatal: false,
  unhandled: true,
  statusMessage: undefined,
  data: undefined
}
2025-11-05T02:30:51: [request error] [unhandled] [GET] http://localhost:3000/_nuxt/C4xQaJXR.js
 H3Error: ENOENT: no such file or directory, open '/Users/hf-mac/Downloads/tgpro-admin/.output/public/_nuxt/C4xQaJXR.js'
    at open (node:internal/fs/promises:641:25)
    ... 2 lines matching cause stack trace ...
    at Server.toNodeHandle (file:///Users/hf-mac/Downloads/tgpro-admin/.output/server/chunks/nitro/nitro.mjs:2230:7) {
  cause: Error: ENOENT: no such file or directory, open '/Users/hf-mac/Downloads/tgpro-admin/.output/public/_nuxt/C4xQaJXR.js'
      at open (node:internal/fs/promises:641:25)
      at Object.readFile (node:internal/fs/promises:1245:14)
      at Object.handler (file:///Users/hf-mac/Downloads/tgpro-admin/.output/server/chunks/nitro/nitro.mjs:1959:19)
      at Server.toNodeHandle (file:///Users/hf-mac/Downloads/tgpro-admin/.output/server/chunks/nitro/nitro.mjs:2230:7) {
    errno: -2,
    code: 'ENOENT',
    syscall: 'open',
    path: '/Users/hf-mac/Downloads/tgpro-admin/.output/public/_nuxt/C4xQaJXR.js'
  },
  statusCode: 500,
  fatal: false,
  unhandled: true,
  statusMessage: undefined,
  data: undefined
}
2025-11-05T02:30:51: [request error] [unhandled] [GET] http://localhost:3000/_nuxt/builds/meta/db489c3b-20ab-405c-96a2-98b632ec7da6.json
 H3Error: ENOENT: no such file or directory, open '/Users/hf-mac/Downloads/tgpro-admin/.output/public/_nuxt/builds/meta/db489c3b-20ab-405c-96a2-98b632ec7da6.json'
    at open (node:internal/fs/promises:641:25)
    ... 2 lines matching cause stack trace ...
    at Server.toNodeHandle (file:///Users/hf-mac/Downloads/tgpro-admin/.output/server/chunks/nitro/nitro.mjs:2230:7) {
  cause: Error: ENOENT: no such file or directory, open '/Users/hf-mac/Downloads/tgpro-admin/.output/public/_nuxt/builds/meta/db489c3b-20ab-405c-96a2-98b632ec7da6.json'
      at open (node:internal/fs/promises:641:25)
      at Object.readFile (node:internal/fs/promises:1245:14)
      at Object.handler (file:///Users/hf-mac/Downloads/tgpro-admin/.output/server/chunks/nitro/nitro.mjs:1959:19)
      at Server.toNodeHandle (file:///Users/hf-mac/Downloads/tgpro-admin/.output/server/chunks/nitro/nitro.mjs:2230:7) {
    errno: -2,
    code: 'ENOENT',
    syscall: 'open',
    path: '/Users/hf-mac/Downloads/tgpro-admin/.output/public/_nuxt/builds/meta/db489c3b-20ab-405c-96a2-98b632ec7da6.json'
  },
  statusCode: 500,
  fatal: false,
  unhandled: true,
  statusMessage: undefined,
  data: undefined
}
2025-11-05T02:30:51: [request error] [unhandled] [GET] http://localhost:3000/_nuxt/DbAgXtul.js
 H3Error: ENOENT: no such file or directory, open '/Users/hf-mac/Downloads/tgpro-admin/.output/public/_nuxt/DbAgXtul.js'
    at open (node:internal/fs/promises:641:25)
    ... 2 lines matching cause stack trace ...
    at Server.toNodeHandle (file:///Users/hf-mac/Downloads/tgpro-admin/.output/server/chunks/nitro/nitro.mjs:2230:7) {
  cause: Error: ENOENT: no such file or directory, open '/Users/hf-mac/Downloads/tgpro-admin/.output/public/_nuxt/DbAgXtul.js'
      at open (node:internal/fs/promises:641:25)
      at Object.readFile (node:internal/fs/promises:1245:14)
      at Object.handler (file:///Users/hf-mac/Downloads/tgpro-admin/.output/server/chunks/nitro/nitro.mjs:1959:19)
      at Server.toNodeHandle (file:///Users/hf-mac/Downloads/tgpro-admin/.output/server/chunks/nitro/nitro.mjs:2230:7) {
    errno: -2,
    code: 'ENOENT',
    syscall: 'open',
    path: '/Users/hf-mac/Downloads/tgpro-admin/.output/public/_nuxt/DbAgXtul.js'
  },
  statusCode: 500,
  fatal: false,
  unhandled: true,
  statusMessage: undefined,
  data: undefined
}
2025-11-05T02:30:51: [request error] [unhandled] [GET] http://localhost:3000/_nuxt/Bl84yrz9.js
 H3Error: ENOENT: no such file or directory, open '/Users/hf-mac/Downloads/tgpro-admin/.output/public/_nuxt/Bl84yrz9.js'
    at open (node:internal/fs/promises:641:25)
    ... 2 lines matching cause stack trace ...
    at Server.toNodeHandle (file:///Users/hf-mac/Downloads/tgpro-admin/.output/server/chunks/nitro/nitro.mjs:2230:7) {
  cause: Error: ENOENT: no such file or directory, open '/Users/hf-mac/Downloads/tgpro-admin/.output/public/_nuxt/Bl84yrz9.js'
      at open (node:internal/fs/promises:641:25)
      at Object.readFile (node:internal/fs/promises:1245:14)
      at Object.handler (file:///Users/hf-mac/Downloads/tgpro-admin/.output/server/chunks/nitro/nitro.mjs:1959:19)
      at Server.toNodeHandle (file:///Users/hf-mac/Downloads/tgpro-admin/.output/server/chunks/nitro/nitro.mjs:2230:7) {
    errno: -2,
    code: 'ENOENT',
    syscall: 'open',
    path: '/Users/hf-mac/Downloads/tgpro-admin/.output/public/_nuxt/Bl84yrz9.js'
  },
  statusCode: 500,
  fatal: false,
  unhandled: true,
  statusMessage: undefined,
  data: undefined
}
2025-11-05T02:30:51: [request error] [unhandled] [GET] http://localhost:3000/_nuxt/D_B5nL8y.js
 H3Error: ENOENT: no such file or directory, open '/Users/hf-mac/Downloads/tgpro-admin/.output/public/_nuxt/D_B5nL8y.js'
    at open (node:internal/fs/promises:641:25)
    ... 2 lines matching cause stack trace ...
    at Server.toNodeHandle (file:///Users/hf-mac/Downloads/tgpro-admin/.output/server/chunks/nitro/nitro.mjs:2230:7) {
  cause: Error: ENOENT: no such file or directory, open '/Users/hf-mac/Downloads/tgpro-admin/.output/public/_nuxt/D_B5nL8y.js'
      at open (node:internal/fs/promises:641:25)
      at Object.readFile (node:internal/fs/promises:1245:14)
      at Object.handler (file:///Users/hf-mac/Downloads/tgpro-admin/.output/server/chunks/nitro/nitro.mjs:1959:19)
      at Server.toNodeHandle (file:///Users/hf-mac/Downloads/tgpro-admin/.output/server/chunks/nitro/nitro.mjs:2230:7) {
    errno: -2,
    code: 'ENOENT',
    syscall: 'open',
    path: '/Users/hf-mac/Downloads/tgpro-admin/.output/public/_nuxt/D_B5nL8y.js'
  },
  statusCode: 500,
  fatal: false,
  unhandled: true,
  statusMessage: undefined,
  data: undefined
}
2025-11-05T02:30:51: [request error] [unhandled] [GET] http://localhost:3000/_nuxt/DpNIWReE.js
 H3Error: ENOENT: no such file or directory, open '/Users/hf-mac/Downloads/tgpro-admin/.output/public/_nuxt/DpNIWReE.js'
    at open (node:internal/fs/promises:641:25)
    ... 2 lines matching cause stack trace ...
    at Server.toNodeHandle (file:///Users/hf-mac/Downloads/tgpro-admin/.output/server/chunks/nitro/nitro.mjs:2230:7) {
  cause: Error: ENOENT: no such file or directory, open '/Users/hf-mac/Downloads/tgpro-admin/.output/public/_nuxt/DpNIWReE.js'
      at open (node:internal/fs/promises:641:25)
      at Object.readFile (node:internal/fs/promises:1245:14)
      at Object.handler (file:///Users/hf-mac/Downloads/tgpro-admin/.output/server/chunks/nitro/nitro.mjs:1959:19)
      at Server.toNodeHandle (file:///Users/hf-mac/Downloads/tgpro-admin/.output/server/chunks/nitro/nitro.mjs:2230:7) {
    errno: -2,
    code: 'ENOENT',
    syscall: 'open',
    path: '/Users/hf-mac/Downloads/tgpro-admin/.output/public/_nuxt/DpNIWReE.js'
  },
  statusCode: 500,
  fatal: false,
  unhandled: true,
  statusMessage: undefined,
  data: undefined
}
2025-11-05T02:30:51: [request error] [unhandled] [GET] http://localhost:3000/_nuxt/D974gv07.js
 H3Error: ENOENT: no such file or directory, open '/Users/hf-mac/Downloads/tgpro-admin/.output/public/_nuxt/D974gv07.js'
    at open (node:internal/fs/promises:641:25)
    ... 2 lines matching cause stack trace ...
    at Server.toNodeHandle (file:///Users/hf-mac/Downloads/tgpro-admin/.output/server/chunks/nitro/nitro.mjs:2230:7) {
  cause: Error: ENOENT: no such file or directory, open '/Users/hf-mac/Downloads/tgpro-admin/.output/public/_nuxt/D974gv07.js'
      at open (node:internal/fs/promises:641:25)
      at Object.readFile (node:internal/fs/promises:1245:14)
      at Object.handler (file:///Users/hf-mac/Downloads/tgpro-admin/.output/server/chunks/nitro/nitro.mjs:1959:19)
      at Server.toNodeHandle (file:///Users/hf-mac/Downloads/tgpro-admin/.output/server/chunks/nitro/nitro.mjs:2230:7) {
    errno: -2,
    code: 'ENOENT',
    syscall: 'open',
    path: '/Users/hf-mac/Downloads/tgpro-admin/.output/public/_nuxt/D974gv07.js'
  },
  statusCode: 500,
  fatal: false,
  unhandled: true,
  statusMessage: undefined,
  data: undefined
}
2025-11-05T02:30:51: [request error] [unhandled] [GET] http://localhost:3000/_nuxt/D32lUId-.js
 H3Error: ENOENT: no such file or directory, open '/Users/hf-mac/Downloads/tgpro-admin/.output/public/_nuxt/D32lUId-.js'
    at open (node:internal/fs/promises:641:25)
    ... 2 lines matching cause stack trace ...
    at Server.toNodeHandle (file:///Users/hf-mac/Downloads/tgpro-admin/.output/server/chunks/nitro/nitro.mjs:2230:7) {
  cause: Error: ENOENT: no such file or directory, open '/Users/hf-mac/Downloads/tgpro-admin/.output/public/_nuxt/D32lUId-.js'
      at open (node:internal/fs/promises:641:25)
      at Object.readFile (node:internal/fs/promises:1245:14)
      at Object.handler (file:///Users/hf-mac/Downloads/tgpro-admin/.output/server/chunks/nitro/nitro.mjs:1959:19)
      at Server.toNodeHandle (file:///Users/hf-mac/Downloads/tgpro-admin/.output/server/chunks/nitro/nitro.mjs:2230:7) {
    errno: -2,
    code: 'ENOENT',
    syscall: 'open',
    path: '/Users/hf-mac/Downloads/tgpro-admin/.output/public/_nuxt/D32lUId-.js'
  },
  statusCode: 500,
  fatal: false,
  unhandled: true,
  statusMessage: undefined,
  data: undefined
}
2025-11-05T02:30:51: [request error] [unhandled] [GET] http://localhost:3000/_nuxt/CetYVyQG.js
 H3Error: ENOENT: no such file or directory, open '/Users/hf-mac/Downloads/tgpro-admin/.output/public/_nuxt/CetYVyQG.js'
    at open (node:internal/fs/promises:641:25)
    ... 2 lines matching cause stack trace ...
    at Server.toNodeHandle (file:///Users/hf-mac/Downloads/tgpro-admin/.output/server/chunks/nitro/nitro.mjs:2230:7) {
  cause: Error: ENOENT: no such file or directory, open '/Users/hf-mac/Downloads/tgpro-admin/.output/public/_nuxt/CetYVyQG.js'
      at open (node:internal/fs/promises:641:25)
      at Object.readFile (node:internal/fs/promises:1245:14)
      at Object.handler (file:///Users/hf-mac/Downloads/tgpro-admin/.output/server/chunks/nitro/nitro.mjs:1959:19)
      at Server.toNodeHandle (file:///Users/hf-mac/Downloads/tgpro-admin/.output/server/chunks/nitro/nitro.mjs:2230:7) {
    errno: -2,
    code: 'ENOENT',
    syscall: 'open',
    path: '/Users/hf-mac/Downloads/tgpro-admin/.output/public/_nuxt/CetYVyQG.js'
  },
  statusCode: 500,
  fatal: false,
  unhandled: true,
  statusMessage: undefined,
  data: undefined
}
2025-11-05T02:30:51: [request error] [unhandled] [GET] http://localhost:3000/_nuxt/Bdz-sLfb.js
 H3Error: ENOENT: no such file or directory, open '/Users/hf-mac/Downloads/tgpro-admin/.output/public/_nuxt/Bdz-sLfb.js'
    at open (node:internal/fs/promises:641:25)
    ... 2 lines matching cause stack trace ...
    at Server.toNodeHandle (file:///Users/hf-mac/Downloads/tgpro-admin/.output/server/chunks/nitro/nitro.mjs:2230:7) {
  cause: Error: ENOENT: no such file or directory, open '/Users/hf-mac/Downloads/tgpro-admin/.output/public/_nuxt/Bdz-sLfb.js'
      at open (node:internal/fs/promises:641:25)
      at Object.readFile (node:internal/fs/promises:1245:14)
      at Object.handler (file:///Users/hf-mac/Downloads/tgpro-admin/.output/server/chunks/nitro/nitro.mjs:1959:19)
      at Server.toNodeHandle (file:///Users/hf-mac/Downloads/tgpro-admin/.output/server/chunks/nitro/nitro.mjs:2230:7) {
    errno: -2,
    code: 'ENOENT',
    syscall: 'open',
    path: '/Users/hf-mac/Downloads/tgpro-admin/.output/public/_nuxt/Bdz-sLfb.js'
  },
  statusCode: 500,
  fatal: false,
  unhandled: true,
  statusMessage: undefined,
  data: undefined
}
2025-11-05T02:30:51: [request error] [unhandled] [GET] http://localhost:3000/_nuxt/Db7eFA1E.js
 H3Error: ENOENT: no such file or directory, open '/Users/hf-mac/Downloads/tgpro-admin/.output/public/_nuxt/Db7eFA1E.js'
    at open (node:internal/fs/promises:641:25)
    ... 2 lines matching cause stack trace ...
    at Server.toNodeHandle (file:///Users/hf-mac/Downloads/tgpro-admin/.output/server/chunks/nitro/nitro.mjs:2230:7) {
  cause: Error: ENOENT: no such file or directory, open '/Users/hf-mac/Downloads/tgpro-admin/.output/public/_nuxt/Db7eFA1E.js'
      at open (node:internal/fs/promises:641:25)
      at Object.readFile (node:internal/fs/promises:1245:14)
      at Object.handler (file:///Users/hf-mac/Downloads/tgpro-admin/.output/server/chunks/nitro/nitro.mjs:1959:19)
      at Server.toNodeHandle (file:///Users/hf-mac/Downloads/tgpro-admin/.output/server/chunks/nitro/nitro.mjs:2230:7) {
    errno: -2,
    code: 'ENOENT',
    syscall: 'open',
    path: '/Users/hf-mac/Downloads/tgpro-admin/.output/public/_nuxt/Db7eFA1E.js'
  },
  statusCode: 500,
  fatal: false,
  unhandled: true,
  statusMessage: undefined,
  data: undefined
}
2025-11-05T02:30:51: [request error] [unhandled] [GET] http://localhost:3000/_nuxt/DAr-OQmd.js
 H3Error: ENOENT: no such file or directory, open '/Users/hf-mac/Downloads/tgpro-admin/.output/public/_nuxt/DAr-OQmd.js'
    at open (node:internal/fs/promises:641:25)
    ... 2 lines matching cause stack trace ...
    at Server.toNodeHandle (file:///Users/hf-mac/Downloads/tgpro-admin/.output/server/chunks/nitro/nitro.mjs:2230:7) {
  cause: Error: ENOENT: no such file or directory, open '/Users/hf-mac/Downloads/tgpro-admin/.output/public/_nuxt/DAr-OQmd.js'
      at open (node:internal/fs/promises:641:25)
      at Object.readFile (node:internal/fs/promises:1245:14)
      at Object.handler (file:///Users/hf-mac/Downloads/tgpro-admin/.output/server/chunks/nitro/nitro.mjs:1959:19)
      at Server.toNodeHandle (file:///Users/hf-mac/Downloads/tgpro-admin/.output/server/chunks/nitro/nitro.mjs:2230:7) {
    errno: -2,
    code: 'ENOENT',
    syscall: 'open',
    path: '/Users/hf-mac/Downloads/tgpro-admin/.output/public/_nuxt/DAr-OQmd.js'
  },
  statusCode: 500,
  fatal: false,
  unhandled: true,
  statusMessage: undefined,
  data: undefined
}
2025-11-05T02:30:51: [request error] [unhandled] [GET] http://localhost:3000/_nuxt/BTgB1rvp.js
 H3Error: ENOENT: no such file or directory, open '/Users/hf-mac/Downloads/tgpro-admin/.output/public/_nuxt/BTgB1rvp.js'
    at open (node:internal/fs/promises:641:25)
    ... 2 lines matching cause stack trace ...
    at Server.toNodeHandle (file:///Users/hf-mac/Downloads/tgpro-admin/.output/server/chunks/nitro/nitro.mjs:2230:7) {
  cause: Error: ENOENT: no such file or directory, open '/Users/hf-mac/Downloads/tgpro-admin/.output/public/_nuxt/BTgB1rvp.js'
      at open (node:internal/fs/promises:641:25)
      at Object.readFile (node:internal/fs/promises:1245:14)
      at Object.handler (file:///Users/hf-mac/Downloads/tgpro-admin/.output/server/chunks/nitro/nitro.mjs:1959:19)
      at Server.toNodeHandle (file:///Users/hf-mac/Downloads/tgpro-admin/.output/server/chunks/nitro/nitro.mjs:2230:7) {
    errno: -2,
    code: 'ENOENT',
    syscall: 'open',
    path: '/Users/hf-mac/Downloads/tgpro-admin/.output/public/_nuxt/BTgB1rvp.js'
  },
  statusCode: 500,
  fatal: false,
  unhandled: true,
  statusMessage: undefined,
  data: undefined
}
2025-11-05T02:30:51: [request error] [unhandled] [GET] http://localhost:3000/_nuxt/CXT04lNs.js
 H3Error: ENOENT: no such file or directory, open '/Users/hf-mac/Downloads/tgpro-admin/.output/public/_nuxt/CXT04lNs.js'
    at open (node:internal/fs/promises:641:25)
    ... 2 lines matching cause stack trace ...
    at Server.toNodeHandle (file:///Users/hf-mac/Downloads/tgpro-admin/.output/server/chunks/nitro/nitro.mjs:2230:7) {
  cause: Error: ENOENT: no such file or directory, open '/Users/hf-mac/Downloads/tgpro-admin/.output/public/_nuxt/CXT04lNs.js'
      at open (node:internal/fs/promises:641:25)
      at Object.readFile (node:internal/fs/promises:1245:14)
      at Object.handler (file:///Users/hf-mac/Downloads/tgpro-admin/.output/server/chunks/nitro/nitro.mjs:1959:19)
      at Server.toNodeHandle (file:///Users/hf-mac/Downloads/tgpro-admin/.output/server/chunks/nitro/nitro.mjs:2230:7) {
    errno: -2,
    code: 'ENOENT',
    syscall: 'open',
    path: '/Users/hf-mac/Downloads/tgpro-admin/.output/public/_nuxt/CXT04lNs.js'
  },
  statusCode: 500,
  fatal: false,
  unhandled: true,
  statusMessage: undefined,
  data: undefined
}
2025-11-05T02:30:51: [request error] [unhandled] [GET] http://localhost:3000/_nuxt/DcHNM1Xn.js
 H3Error: ENOENT: no such file or directory, open '/Users/hf-mac/Downloads/tgpro-admin/.output/public/_nuxt/DcHNM1Xn.js'
    at open (node:internal/fs/promises:641:25)
    ... 2 lines matching cause stack trace ...
    at Server.toNodeHandle (file:///Users/hf-mac/Downloads/tgpro-admin/.output/server/chunks/nitro/nitro.mjs:2230:7) {
  cause: Error: ENOENT: no such file or directory, open '/Users/hf-mac/Downloads/tgpro-admin/.output/public/_nuxt/DcHNM1Xn.js'
      at open (node:internal/fs/promises:641:25)
      at Object.readFile (node:internal/fs/promises:1245:14)
      at Object.handler (file:///Users/hf-mac/Downloads/tgpro-admin/.output/server/chunks/nitro/nitro.mjs:1959:19)
      at Server.toNodeHandle (file:///Users/hf-mac/Downloads/tgpro-admin/.output/server/chunks/nitro/nitro.mjs:2230:7) {
    errno: -2,
    code: 'ENOENT',
    syscall: 'open',
    path: '/Users/hf-mac/Downloads/tgpro-admin/.output/public/_nuxt/DcHNM1Xn.js'
  },
  statusCode: 500,
  fatal: false,
  unhandled: true,
  statusMessage: undefined,
  data: undefined
}
2025-11-05T02:30:51: [request error] [unhandled] [GET] http://localhost:3000/_nuxt/Bl84yrz9.js
 H3Error: ENOENT: no such file or directory, open '/Users/hf-mac/Downloads/tgpro-admin/.output/public/_nuxt/Bl84yrz9.js'
    at open (node:internal/fs/promises:641:25)
    ... 2 lines matching cause stack trace ...
    at Server.toNodeHandle (file:///Users/hf-mac/Downloads/tgpro-admin/.output/server/chunks/nitro/nitro.mjs:2230:7) {
  cause: Error: ENOENT: no such file or directory, open '/Users/hf-mac/Downloads/tgpro-admin/.output/public/_nuxt/Bl84yrz9.js'
      at open (node:internal/fs/promises:641:25)
      at Object.readFile (node:internal/fs/promises:1245:14)
      at Object.handler (file:///Users/hf-mac/Downloads/tgpro-admin/.output/server/chunks/nitro/nitro.mjs:1959:19)
      at Server.toNodeHandle (file:///Users/hf-mac/Downloads/tgpro-admin/.output/server/chunks/nitro/nitro.mjs:2230:7) {
    errno: -2,
    code: 'ENOENT',
    syscall: 'open',
    path: '/Users/hf-mac/Downloads/tgpro-admin/.output/public/_nuxt/Bl84yrz9.js'
  },
  statusCode: 500,
  fatal: false,
  unhandled: true,
  statusMessage: undefined,
  data: undefined
}
2025-11-05T02:30:51: [request error] [unhandled] [GET] http://localhost:3000/_nuxt/DbAgXtul.js
 H3Error: ENOENT: no such file or directory, open '/Users/hf-mac/Downloads/tgpro-admin/.output/public/_nuxt/DbAgXtul.js'
    at open (node:internal/fs/promises:641:25)
    ... 2 lines matching cause stack trace ...
    at Server.toNodeHandle (file:///Users/hf-mac/Downloads/tgpro-admin/.output/server/chunks/nitro/nitro.mjs:2230:7) {
  cause: Error: ENOENT: no such file or directory, open '/Users/hf-mac/Downloads/tgpro-admin/.output/public/_nuxt/DbAgXtul.js'
      at open (node:internal/fs/promises:641:25)
      at Object.readFile (node:internal/fs/promises:1245:14)
      at Object.handler (file:///Users/hf-mac/Downloads/tgpro-admin/.output/server/chunks/nitro/nitro.mjs:1959:19)
      at Server.toNodeHandle (file:///Users/hf-mac/Downloads/tgpro-admin/.output/server/chunks/nitro/nitro.mjs:2230:7) {
    errno: -2,
    code: 'ENOENT',
    syscall: 'open',
    path: '/Users/hf-mac/Downloads/tgpro-admin/.output/public/_nuxt/DbAgXtul.js'
  },
  statusCode: 500,
  fatal: false,
  unhandled: true,
  statusMessage: undefined,
  data: undefined
}
2025-11-05T02:30:51: [request error] [unhandled] [GET] http://localhost:3000/_nuxt/D_B5nL8y.js
 H3Error: ENOENT: no such file or directory, open '/Users/hf-mac/Downloads/tgpro-admin/.output/public/_nuxt/D_B5nL8y.js'
    at open (node:internal/fs/promises:641:25)
    ... 2 lines matching cause stack trace ...
    at Server.toNodeHandle (file:///Users/hf-mac/Downloads/tgpro-admin/.output/server/chunks/nitro/nitro.mjs:2230:7) {
  cause: Error: ENOENT: no such file or directory, open '/Users/hf-mac/Downloads/tgpro-admin/.output/public/_nuxt/D_B5nL8y.js'
      at open (node:internal/fs/promises:641:25)
      at Object.readFile (node:internal/fs/promises:1245:14)
      at Object.handler (file:///Users/hf-mac/Downloads/tgpro-admin/.output/server/chunks/nitro/nitro.mjs:1959:19)
      at Server.toNodeHandle (file:///Users/hf-mac/Downloads/tgpro-admin/.output/server/chunks/nitro/nitro.mjs:2230:7) {
    errno: -2,
    code: 'ENOENT',
    syscall: 'open',
    path: '/Users/hf-mac/Downloads/tgpro-admin/.output/public/_nuxt/D_B5nL8y.js'
  },
  statusCode: 500,
  fatal: false,
  unhandled: true,
  statusMessage: undefined,
  data: undefined
}
2025-11-05T02:30:51: [request error] [unhandled] [GET] http://localhost:3000/_nuxt/DpNIWReE.js
 H3Error: ENOENT: no such file or directory, open '/Users/hf-mac/Downloads/tgpro-admin/.output/public/_nuxt/DpNIWReE.js'
    at open (node:internal/fs/promises:641:25)
    ... 2 lines matching cause stack trace ...
    at Server.toNodeHandle (file:///Users/hf-mac/Downloads/tgpro-admin/.output/server/chunks/nitro/nitro.mjs:2230:7) {
  cause: Error: ENOENT: no such file or directory, open '/Users/hf-mac/Downloads/tgpro-admin/.output/public/_nuxt/DpNIWReE.js'
      at open (node:internal/fs/promises:641:25)
      at Object.readFile (node:internal/fs/promises:1245:14)
      at Object.handler (file:///Users/hf-mac/Downloads/tgpro-admin/.output/server/chunks/nitro/nitro.mjs:1959:19)
      at Server.toNodeHandle (file:///Users/hf-mac/Downloads/tgpro-admin/.output/server/chunks/nitro/nitro.mjs:2230:7) {
    errno: -2,
    code: 'ENOENT',
    syscall: 'open',
    path: '/Users/hf-mac/Downloads/tgpro-admin/.output/public/_nuxt/DpNIWReE.js'
  },
  statusCode: 500,
  fatal: false,
  unhandled: true,
  statusMessage: undefined,
  data: undefined
}
2025-11-05T02:30:51: [request error] [unhandled] [GET] http://localhost:3000/_nuxt/D974gv07.js
 H3Error: ENOENT: no such file or directory, open '/Users/hf-mac/Downloads/tgpro-admin/.output/public/_nuxt/D974gv07.js'
    at open (node:internal/fs/promises:641:25)
    ... 2 lines matching cause stack trace ...
    at Server.toNodeHandle (file:///Users/hf-mac/Downloads/tgpro-admin/.output/server/chunks/nitro/nitro.mjs:2230:7) {
  cause: Error: ENOENT: no such file or directory, open '/Users/hf-mac/Downloads/tgpro-admin/.output/public/_nuxt/D974gv07.js'
      at open (node:internal/fs/promises:641:25)
      at Object.readFile (node:internal/fs/promises:1245:14)
      at Object.handler (file:///Users/hf-mac/Downloads/tgpro-admin/.output/server/chunks/nitro/nitro.mjs:1959:19)
      at Server.toNodeHandle (file:///Users/hf-mac/Downloads/tgpro-admin/.output/server/chunks/nitro/nitro.mjs:2230:7) {
    errno: -2,
    code: 'ENOENT',
    syscall: 'open',
    path: '/Users/hf-mac/Downloads/tgpro-admin/.output/public/_nuxt/D974gv07.js'
  },
  statusCode: 500,
  fatal: false,
  unhandled: true,
  statusMessage: undefined,
  data: undefined
}
2025-11-05T02:30:51: [request error] [unhandled] [GET] http://localhost:3000/_nuxt/D32lUId-.js
 H3Error: ENOENT: no such file or directory, open '/Users/hf-mac/Downloads/tgpro-admin/.output/public/_nuxt/D32lUId-.js'
    at open (node:internal/fs/promises:641:25)
    ... 2 lines matching cause stack trace ...
    at Server.toNodeHandle (file:///Users/hf-mac/Downloads/tgpro-admin/.output/server/chunks/nitro/nitro.mjs:2230:7) {
  cause: Error: ENOENT: no such file or directory, open '/Users/hf-mac/Downloads/tgpro-admin/.output/public/_nuxt/D32lUId-.js'
      at open (node:internal/fs/promises:641:25)
      at Object.readFile (node:internal/fs/promises:1245:14)
      at Object.handler (file:///Users/hf-mac/Downloads/tgpro-admin/.output/server/chunks/nitro/nitro.mjs:1959:19)
      at Server.toNodeHandle (file:///Users/hf-mac/Downloads/tgpro-admin/.output/server/chunks/nitro/nitro.mjs:2230:7) {
    errno: -2,
    code: 'ENOENT',
    syscall: 'open',
    path: '/Users/hf-mac/Downloads/tgpro-admin/.output/public/_nuxt/D32lUId-.js'
  },
  statusCode: 500,
  fatal: false,
  unhandled: true,
  statusMessage: undefined,
  data: undefined
}
2025-11-05T02:30:51: [request error] [unhandled] [GET] http://localhost:3000/_nuxt/CetYVyQG.js
 H3Error: ENOENT: no such file or directory, open '/Users/hf-mac/Downloads/tgpro-admin/.output/public/_nuxt/CetYVyQG.js'
    at open (node:internal/fs/promises:641:25)
    ... 2 lines matching cause stack trace ...
    at Server.toNodeHandle (file:///Users/hf-mac/Downloads/tgpro-admin/.output/server/chunks/nitro/nitro.mjs:2230:7) {
  cause: Error: ENOENT: no such file or directory, open '/Users/hf-mac/Downloads/tgpro-admin/.output/public/_nuxt/CetYVyQG.js'
      at open (node:internal/fs/promises:641:25)
      at Object.readFile (node:internal/fs/promises:1245:14)
      at Object.handler (file:///Users/hf-mac/Downloads/tgpro-admin/.output/server/chunks/nitro/nitro.mjs:1959:19)
      at Server.toNodeHandle (file:///Users/hf-mac/Downloads/tgpro-admin/.output/server/chunks/nitro/nitro.mjs:2230:7) {
    errno: -2,
    code: 'ENOENT',
    syscall: 'open',
    path: '/Users/hf-mac/Downloads/tgpro-admin/.output/public/_nuxt/CetYVyQG.js'
  },
  statusCode: 500,
  fatal: false,
  unhandled: true,
  statusMessage: undefined,
  data: undefined
}
2025-11-05T02:30:51: [request error] [unhandled] [GET] http://localhost:3000/_nuxt/Db7eFA1E.js
 H3Error: ENOENT: no such file or directory, open '/Users/hf-mac/Downloads/tgpro-admin/.output/public/_nuxt/Db7eFA1E.js'
    at open (node:internal/fs/promises:641:25)
    ... 2 lines matching cause stack trace ...
    at Server.toNodeHandle (file:///Users/hf-mac/Downloads/tgpro-admin/.output/server/chunks/nitro/nitro.mjs:2230:7) {
  cause: Error: ENOENT: no such file or directory, open '/Users/hf-mac/Downloads/tgpro-admin/.output/public/_nuxt/Db7eFA1E.js'
      at open (node:internal/fs/promises:641:25)
      at Object.readFile (node:internal/fs/promises:1245:14)
      at Object.handler (file:///Users/hf-mac/Downloads/tgpro-admin/.output/server/chunks/nitro/nitro.mjs:1959:19)
      at Server.toNodeHandle (file:///Users/hf-mac/Downloads/tgpro-admin/.output/server/chunks/nitro/nitro.mjs:2230:7) {
    errno: -2,
    code: 'ENOENT',
    syscall: 'open',
    path: '/Users/hf-mac/Downloads/tgpro-admin/.output/public/_nuxt/Db7eFA1E.js'
  },
  statusCode: 500,
  fatal: false,
  unhandled: true,
  statusMessage: undefined,
  data: undefined
}
2025-11-05T02:30:51: [request error] [unhandled] [GET] http://localhost:3000/_nuxt/DAr-OQmd.js
 H3Error: ENOENT: no such file or directory, open '/Users/hf-mac/Downloads/tgpro-admin/.output/public/_nuxt/DAr-OQmd.js'
    at open (node:internal/fs/promises:641:25)
    ... 2 lines matching cause stack trace ...
    at Server.toNodeHandle (file:///Users/hf-mac/Downloads/tgpro-admin/.output/server/chunks/nitro/nitro.mjs:2230:7) {
  cause: Error: ENOENT: no such file or directory, open '/Users/hf-mac/Downloads/tgpro-admin/.output/public/_nuxt/DAr-OQmd.js'
      at open (node:internal/fs/promises:641:25)
      at Object.readFile (node:internal/fs/promises:1245:14)
      at Object.handler (file:///Users/hf-mac/Downloads/tgpro-admin/.output/server/chunks/nitro/nitro.mjs:1959:19)
      at Server.toNodeHandle (file:///Users/hf-mac/Downloads/tgpro-admin/.output/server/chunks/nitro/nitro.mjs:2230:7) {
    errno: -2,
    code: 'ENOENT',
    syscall: 'open',
    path: '/Users/hf-mac/Downloads/tgpro-admin/.output/public/_nuxt/DAr-OQmd.js'
  },
  statusCode: 500,
  fatal: false,
  unhandled: true,
  statusMessage: undefined,
  data: undefined
}
2025-11-05T02:30:51: [request error] [unhandled] [GET] http://localhost:3000/_nuxt/Bdz-sLfb.js
 H3Error: ENOENT: no such file or directory, open '/Users/hf-mac/Downloads/tgpro-admin/.output/public/_nuxt/Bdz-sLfb.js'
    at open (node:internal/fs/promises:641:25)
    ... 2 lines matching cause stack trace ...
    at Server.toNodeHandle (file:///Users/hf-mac/Downloads/tgpro-admin/.output/server/chunks/nitro/nitro.mjs:2230:7) {
  cause: Error: ENOENT: no such file or directory, open '/Users/hf-mac/Downloads/tgpro-admin/.output/public/_nuxt/Bdz-sLfb.js'
      at open (node:internal/fs/promises:641:25)
      at Object.readFile (node:internal/fs/promises:1245:14)
      at Object.handler (file:///Users/hf-mac/Downloads/tgpro-admin/.output/server/chunks/nitro/nitro.mjs:1959:19)
      at Server.toNodeHandle (file:///Users/hf-mac/Downloads/tgpro-admin/.output/server/chunks/nitro/nitro.mjs:2230:7) {
    errno: -2,
    code: 'ENOENT',
    syscall: 'open',
    path: '/Users/hf-mac/Downloads/tgpro-admin/.output/public/_nuxt/Bdz-sLfb.js'
  },
  statusCode: 500,
  fatal: false,
  unhandled: true,
  statusMessage: undefined,
  data: undefined
}
2025-11-05T02:30:51: [request error] [unhandled] [GET] http://localhost:3000/_nuxt/BTgB1rvp.js
 H3Error: ENOENT: no such file or directory, open '/Users/hf-mac/Downloads/tgpro-admin/.output/public/_nuxt/BTgB1rvp.js'
    at open (node:internal/fs/promises:641:25)
    ... 2 lines matching cause stack trace ...
    at Server.toNodeHandle (file:///Users/hf-mac/Downloads/tgpro-admin/.output/server/chunks/nitro/nitro.mjs:2230:7) {
  cause: Error: ENOENT: no such file or directory, open '/Users/hf-mac/Downloads/tgpro-admin/.output/public/_nuxt/BTgB1rvp.js'
      at open (node:internal/fs/promises:641:25)
      at Object.readFile (node:internal/fs/promises:1245:14)
      at Object.handler (file:///Users/hf-mac/Downloads/tgpro-admin/.output/server/chunks/nitro/nitro.mjs:1959:19)
      at Server.toNodeHandle (file:///Users/hf-mac/Downloads/tgpro-admin/.output/server/chunks/nitro/nitro.mjs:2230:7) {
    errno: -2,
    code: 'ENOENT',
    syscall: 'open',
    path: '/Users/hf-mac/Downloads/tgpro-admin/.output/public/_nuxt/BTgB1rvp.js'
  },
  statusCode: 500,
  fatal: false,
  unhandled: true,
  statusMessage: undefined,
  data: undefined
}
2025-11-05T02:30:51: [request error] [unhandled] [GET] http://localhost:3000/_nuxt/CXT04lNs.js
 H3Error: ENOENT: no such file or directory, open '/Users/hf-mac/Downloads/tgpro-admin/.output/public/_nuxt/CXT04lNs.js'
    at open (node:internal/fs/promises:641:25)
    ... 2 lines matching cause stack trace ...
    at Server.toNodeHandle (file:///Users/hf-mac/Downloads/tgpro-admin/.output/server/chunks/nitro/nitro.mjs:2230:7) {
  cause: Error: ENOENT: no such file or directory, open '/Users/hf-mac/Downloads/tgpro-admin/.output/public/_nuxt/CXT04lNs.js'
      at open (node:internal/fs/promises:641:25)
      at Object.readFile (node:internal/fs/promises:1245:14)
      at Object.handler (file:///Users/hf-mac/Downloads/tgpro-admin/.output/server/chunks/nitro/nitro.mjs:1959:19)
      at Server.toNodeHandle (file:///Users/hf-mac/Downloads/tgpro-admin/.output/server/chunks/nitro/nitro.mjs:2230:7) {
    errno: -2,
    code: 'ENOENT',
    syscall: 'open',
    path: '/Users/hf-mac/Downloads/tgpro-admin/.output/public/_nuxt/CXT04lNs.js'
  },
  statusCode: 500,
  fatal: false,
  unhandled: true,
  statusMessage: undefined,
  data: undefined
}
2025-11-05T02:30:51: [request error] [unhandled] [GET] http://localhost:3000/_nuxt/DcHNM1Xn.js
 H3Error: ENOENT: no such file or directory, open '/Users/hf-mac/Downloads/tgpro-admin/.output/public/_nuxt/DcHNM1Xn.js'
    at open (node:internal/fs/promises:641:25)
    ... 2 lines matching cause stack trace ...
    at Server.toNodeHandle (file:///Users/hf-mac/Downloads/tgpro-admin/.output/server/chunks/nitro/nitro.mjs:2230:7) {
  cause: Error: ENOENT: no such file or directory, open '/Users/hf-mac/Downloads/tgpro-admin/.output/public/_nuxt/DcHNM1Xn.js'
      at open (node:internal/fs/promises:641:25)
      at Object.readFile (node:internal/fs/promises:1245:14)
      at Object.handler (file:///Users/hf-mac/Downloads/tgpro-admin/.output/server/chunks/nitro/nitro.mjs:1959:19)
      at Server.toNodeHandle (file:///Users/hf-mac/Downloads/tgpro-admin/.output/server/chunks/nitro/nitro.mjs:2230:7) {
    errno: -2,
    code: 'ENOENT',
    syscall: 'open',
    path: '/Users/hf-mac/Downloads/tgpro-admin/.output/public/_nuxt/DcHNM1Xn.js'
  },
  statusCode: 500,
  fatal: false,
  unhandled: true,
  statusMessage: undefined,
  data: undefined
}
2025-11-05T02:30:51: [request error] [unhandled] [GET] http://localhost:3000/_nuxt/C4xQaJXR.js
 H3Error: ENOENT: no such file or directory, open '/Users/hf-mac/Downloads/tgpro-admin/.output/public/_nuxt/C4xQaJXR.js'
    at open (node:internal/fs/promises:641:25)
    ... 2 lines matching cause stack trace ...
    at Server.toNodeHandle (file:///Users/hf-mac/Downloads/tgpro-admin/.output/server/chunks/nitro/nitro.mjs:2230:7) {
  cause: Error: ENOENT: no such file or directory, open '/Users/hf-mac/Downloads/tgpro-admin/.output/public/_nuxt/C4xQaJXR.js'
      at open (node:internal/fs/promises:641:25)
      at Object.readFile (node:internal/fs/promises:1245:14)
      at Object.handler (file:///Users/hf-mac/Downloads/tgpro-admin/.output/server/chunks/nitro/nitro.mjs:1959:19)
      at Server.toNodeHandle (file:///Users/hf-mac/Downloads/tgpro-admin/.output/server/chunks/nitro/nitro.mjs:2230:7) {
    errno: -2,
    code: 'ENOENT',
    syscall: 'open',
    path: '/Users/hf-mac/Downloads/tgpro-admin/.output/public/_nuxt/C4xQaJXR.js'
  },
  statusCode: 500,
  fatal: false,
  unhandled: true,
  statusMessage: undefined,
  data: undefined
}
2025-11-05T02:30:51: [request error] [unhandled] [GET] http://localhost:3000/_nuxt/builds/meta/db489c3b-20ab-405c-96a2-98b632ec7da6.json
 H3Error: ENOENT: no such file or directory, open '/Users/hf-mac/Downloads/tgpro-admin/.output/public/_nuxt/builds/meta/db489c3b-20ab-405c-96a2-98b632ec7da6.json'
    at open (node:internal/fs/promises:641:25)
    ... 2 lines matching cause stack trace ...
    at Server.toNodeHandle (file:///Users/hf-mac/Downloads/tgpro-admin/.output/server/chunks/nitro/nitro.mjs:2230:7) {
  cause: Error: ENOENT: no such file or directory, open '/Users/hf-mac/Downloads/tgpro-admin/.output/public/_nuxt/builds/meta/db489c3b-20ab-405c-96a2-98b632ec7da6.json'
      at open (node:internal/fs/promises:641:25)
      at Object.readFile (node:internal/fs/promises:1245:14)
      at Object.handler (file:///Users/hf-mac/Downloads/tgpro-admin/.output/server/chunks/nitro/nitro.mjs:1959:19)
      at Server.toNodeHandle (file:///Users/hf-mac/Downloads/tgpro-admin/.output/server/chunks/nitro/nitro.mjs:2230:7) {
    errno: -2,
    code: 'ENOENT',
    syscall: 'open',
    path: '/Users/hf-mac/Downloads/tgpro-admin/.output/public/_nuxt/builds/meta/db489c3b-20ab-405c-96a2-98b632ec7da6.json'
  },
  statusCode: 500,
  fatal: false,
  unhandled: true,
  statusMessage: undefined,
  data: undefined
}
2025-11-05T02:30:59: [request error] [unhandled] [GET] http://localhost:3000/_nuxt/DbAgXtul.js
 H3Error: ENOENT: no such file or directory, open '/Users/hf-mac/Downloads/tgpro-admin/.output/public/_nuxt/DbAgXtul.js'
    at open (node:internal/fs/promises:641:25)
    ... 2 lines matching cause stack trace ...
    at Server.toNodeHandle (file:///Users/hf-mac/Downloads/tgpro-admin/.output/server/chunks/nitro/nitro.mjs:2230:7) {
  cause: Error: ENOENT: no such file or directory, open '/Users/hf-mac/Downloads/tgpro-admin/.output/public/_nuxt/DbAgXtul.js'
      at open (node:internal/fs/promises:641:25)
      at Object.readFile (node:internal/fs/promises:1245:14)
      at Object.handler (file:///Users/hf-mac/Downloads/tgpro-admin/.output/server/chunks/nitro/nitro.mjs:1959:19)
      at Server.toNodeHandle (file:///Users/hf-mac/Downloads/tgpro-admin/.output/server/chunks/nitro/nitro.mjs:2230:7) {
    errno: -2,
    code: 'ENOENT',
    syscall: 'open',
    path: '/Users/hf-mac/Downloads/tgpro-admin/.output/public/_nuxt/DbAgXtul.js'
  },
  statusCode: 500,
  fatal: false,
  unhandled: true,
  statusMessage: undefined,
  data: undefined
}
2025-11-05T02:30:59: [request error] [unhandled] [GET] http://localhost:3000/_nuxt/D_B5nL8y.js
 H3Error: ENOENT: no such file or directory, open '/Users/hf-mac/Downloads/tgpro-admin/.output/public/_nuxt/D_B5nL8y.js'
    at open (node:internal/fs/promises:641:25)
    ... 2 lines matching cause stack trace ...
    at Server.toNodeHandle (file:///Users/hf-mac/Downloads/tgpro-admin/.output/server/chunks/nitro/nitro.mjs:2230:7) {
  cause: Error: ENOENT: no such file or directory, open '/Users/hf-mac/Downloads/tgpro-admin/.output/public/_nuxt/D_B5nL8y.js'
      at open (node:internal/fs/promises:641:25)
      at Object.readFile (node:internal/fs/promises:1245:14)
      at Object.handler (file:///Users/hf-mac/Downloads/tgpro-admin/.output/server/chunks/nitro/nitro.mjs:1959:19)
      at Server.toNodeHandle (file:///Users/hf-mac/Downloads/tgpro-admin/.output/server/chunks/nitro/nitro.mjs:2230:7) {
    errno: -2,
    code: 'ENOENT',
    syscall: 'open',
    path: '/Users/hf-mac/Downloads/tgpro-admin/.output/public/_nuxt/D_B5nL8y.js'
  },
  statusCode: 500,
  fatal: false,
  unhandled: true,
  statusMessage: undefined,
  data: undefined
}
2025-11-05T02:30:59: [request error] [unhandled] [GET] http://localhost:3000/_nuxt/Bl84yrz9.js
 H3Error: ENOENT: no such file or directory, open '/Users/hf-mac/Downloads/tgpro-admin/.output/public/_nuxt/Bl84yrz9.js'
    at open (node:internal/fs/promises:641:25)
    ... 2 lines matching cause stack trace ...
    at Server.toNodeHandle (file:///Users/hf-mac/Downloads/tgpro-admin/.output/server/chunks/nitro/nitro.mjs:2230:7) {
  cause: Error: ENOENT: no such file or directory, open '/Users/hf-mac/Downloads/tgpro-admin/.output/public/_nuxt/Bl84yrz9.js'
      at open (node:internal/fs/promises:641:25)
      at Object.readFile (node:internal/fs/promises:1245:14)
      at Object.handler (file:///Users/hf-mac/Downloads/tgpro-admin/.output/server/chunks/nitro/nitro.mjs:1959:19)
      at Server.toNodeHandle (file:///Users/hf-mac/Downloads/tgpro-admin/.output/server/chunks/nitro/nitro.mjs:2230:7) {
    errno: -2,
    code: 'ENOENT',
    syscall: 'open',
    path: '/Users/hf-mac/Downloads/tgpro-admin/.output/public/_nuxt/Bl84yrz9.js'
  },
  statusCode: 500,
  fatal: false,
  unhandled: true,
  statusMessage: undefined,
  data: undefined
}
2025-11-05T02:30:59: [request error] [unhandled] [GET] http://localhost:3000/_nuxt/DpNIWReE.js
 H3Error: ENOENT: no such file or directory, open '/Users/hf-mac/Downloads/tgpro-admin/.output/public/_nuxt/DpNIWReE.js'
    at open (node:internal/fs/promises:641:25)
    ... 2 lines matching cause stack trace ...
    at Server.toNodeHandle (file:///Users/hf-mac/Downloads/tgpro-admin/.output/server/chunks/nitro/nitro.mjs:2230:7) {
  cause: Error: ENOENT: no such file or directory, open '/Users/hf-mac/Downloads/tgpro-admin/.output/public/_nuxt/DpNIWReE.js'
      at open (node:internal/fs/promises:641:25)
      at Object.readFile (node:internal/fs/promises:1245:14)
      at Object.handler (file:///Users/hf-mac/Downloads/tgpro-admin/.output/server/chunks/nitro/nitro.mjs:1959:19)
      at Server.toNodeHandle (file:///Users/hf-mac/Downloads/tgpro-admin/.output/server/chunks/nitro/nitro.mjs:2230:7) {
    errno: -2,
    code: 'ENOENT',
    syscall: 'open',
    path: '/Users/hf-mac/Downloads/tgpro-admin/.output/public/_nuxt/DpNIWReE.js'
  },
  statusCode: 500,
  fatal: false,
  unhandled: true,
  statusMessage: undefined,
  data: undefined
}
2025-11-05T02:30:59: [request error] [unhandled] [GET] http://localhost:3000/_nuxt/D974gv07.js
 H3Error: ENOENT: no such file or directory, open '/Users/hf-mac/Downloads/tgpro-admin/.output/public/_nuxt/D974gv07.js'
    at open (node:internal/fs/promises:641:25)
    ... 2 lines matching cause stack trace ...
    at Server.toNodeHandle (file:///Users/hf-mac/Downloads/tgpro-admin/.output/server/chunks/nitro/nitro.mjs:2230:7) {
  cause: Error: ENOENT: no such file or directory, open '/Users/hf-mac/Downloads/tgpro-admin/.output/public/_nuxt/D974gv07.js'
      at open (node:internal/fs/promises:641:25)
      at Object.readFile (node:internal/fs/promises:1245:14)
      at Object.handler (file:///Users/hf-mac/Downloads/tgpro-admin/.output/server/chunks/nitro/nitro.mjs:1959:19)
      at Server.toNodeHandle (file:///Users/hf-mac/Downloads/tgpro-admin/.output/server/chunks/nitro/nitro.mjs:2230:7) {
    errno: -2,
    code: 'ENOENT',
    syscall: 'open',
    path: '/Users/hf-mac/Downloads/tgpro-admin/.output/public/_nuxt/D974gv07.js'
  },
  statusCode: 500,
  fatal: false,
  unhandled: true,
  statusMessage: undefined,
  data: undefined
}
2025-11-05T02:30:59: [request error] [unhandled] [GET] http://localhost:3000/_nuxt/D32lUId-.js
 H3Error: ENOENT: no such file or directory, open '/Users/hf-mac/Downloads/tgpro-admin/.output/public/_nuxt/D32lUId-.js'
    at open (node:internal/fs/promises:641:25)
    ... 2 lines matching cause stack trace ...
    at Server.toNodeHandle (file:///Users/hf-mac/Downloads/tgpro-admin/.output/server/chunks/nitro/nitro.mjs:2230:7) {
  cause: Error: ENOENT: no such file or directory, open '/Users/hf-mac/Downloads/tgpro-admin/.output/public/_nuxt/D32lUId-.js'
      at open (node:internal/fs/promises:641:25)
      at Object.readFile (node:internal/fs/promises:1245:14)
      at Object.handler (file:///Users/hf-mac/Downloads/tgpro-admin/.output/server/chunks/nitro/nitro.mjs:1959:19)
      at Server.toNodeHandle (file:///Users/hf-mac/Downloads/tgpro-admin/.output/server/chunks/nitro/nitro.mjs:2230:7) {
    errno: -2,
    code: 'ENOENT',
    syscall: 'open',
    path: '/Users/hf-mac/Downloads/tgpro-admin/.output/public/_nuxt/D32lUId-.js'
  },
  statusCode: 500,
  fatal: false,
  unhandled: true,
  statusMessage: undefined,
  data: undefined
}
2025-11-05T02:31:00: [request error] [unhandled] [GET] http://localhost:3000/_nuxt/CetYVyQG.js
 H3Error: ENOENT: no such file or directory, open '/Users/hf-mac/Downloads/tgpro-admin/.output/public/_nuxt/CetYVyQG.js'
    at open (node:internal/fs/promises:641:25)
    ... 2 lines matching cause stack trace ...
    at Server.toNodeHandle (file:///Users/hf-mac/Downloads/tgpro-admin/.output/server/chunks/nitro/nitro.mjs:2230:7) {
  cause: Error: ENOENT: no such file or directory, open '/Users/hf-mac/Downloads/tgpro-admin/.output/public/_nuxt/CetYVyQG.js'
      at open (node:internal/fs/promises:641:25)
      at Object.readFile (node:internal/fs/promises:1245:14)
      at Object.handler (file:///Users/hf-mac/Downloads/tgpro-admin/.output/server/chunks/nitro/nitro.mjs:1959:19)
      at Server.toNodeHandle (file:///Users/hf-mac/Downloads/tgpro-admin/.output/server/chunks/nitro/nitro.mjs:2230:7) {
    errno: -2,
    code: 'ENOENT',
    syscall: 'open',
    path: '/Users/hf-mac/Downloads/tgpro-admin/.output/public/_nuxt/CetYVyQG.js'
  },
  statusCode: 500,
  fatal: false,
  unhandled: true,
  statusMessage: undefined,
  data: undefined
}
2025-11-05T02:31:00: [request error] [unhandled] [GET] http://localhost:3000/_nuxt/Db7eFA1E.js
 H3Error: ENOENT: no such file or directory, open '/Users/hf-mac/Downloads/tgpro-admin/.output/public/_nuxt/Db7eFA1E.js'
    at open (node:internal/fs/promises:641:25)
    ... 2 lines matching cause stack trace ...
    at Server.toNodeHandle (file:///Users/hf-mac/Downloads/tgpro-admin/.output/server/chunks/nitro/nitro.mjs:2230:7) {
  cause: Error: ENOENT: no such file or directory, open '/Users/hf-mac/Downloads/tgpro-admin/.output/public/_nuxt/Db7eFA1E.js'
      at open (node:internal/fs/promises:641:25)
      at Object.readFile (node:internal/fs/promises:1245:14)
      at Object.handler (file:///Users/hf-mac/Downloads/tgpro-admin/.output/server/chunks/nitro/nitro.mjs:1959:19)
      at Server.toNodeHandle (file:///Users/hf-mac/Downloads/tgpro-admin/.output/server/chunks/nitro/nitro.mjs:2230:7) {
    errno: -2,
    code: 'ENOENT',
    syscall: 'open',
    path: '/Users/hf-mac/Downloads/tgpro-admin/.output/public/_nuxt/Db7eFA1E.js'
  },
  statusCode: 500,
  fatal: false,
  unhandled: true,
  statusMessage: undefined,
  data: undefined
}
2025-11-05T02:31:00: [request error] [unhandled] [GET] http://localhost:3000/_nuxt/DAr-OQmd.js
 H3Error: ENOENT: no such file or directory, open '/Users/hf-mac/Downloads/tgpro-admin/.output/public/_nuxt/DAr-OQmd.js'
    at open (node:internal/fs/promises:641:25)
    ... 2 lines matching cause stack trace ...
    at Server.toNodeHandle (file:///Users/hf-mac/Downloads/tgpro-admin/.output/server/chunks/nitro/nitro.mjs:2230:7) {
  cause: Error: ENOENT: no such file or directory, open '/Users/hf-mac/Downloads/tgpro-admin/.output/public/_nuxt/DAr-OQmd.js'
      at open (node:internal/fs/promises:641:25)
      at Object.readFile (node:internal/fs/promises:1245:14)
      at Object.handler (file:///Users/hf-mac/Downloads/tgpro-admin/.output/server/chunks/nitro/nitro.mjs:1959:19)
      at Server.toNodeHandle (file:///Users/hf-mac/Downloads/tgpro-admin/.output/server/chunks/nitro/nitro.mjs:2230:7) {
    errno: -2,
    code: 'ENOENT',
    syscall: 'open',
    path: '/Users/hf-mac/Downloads/tgpro-admin/.output/public/_nuxt/DAr-OQmd.js'
  },
  statusCode: 500,
  fatal: false,
  unhandled: true,
  statusMessage: undefined,
  data: undefined
}
2025-11-05T02:31:00: [request error] [unhandled] [GET] http://localhost:3000/_nuxt/Bdz-sLfb.js
 H3Error: ENOENT: no such file or directory, open '/Users/hf-mac/Downloads/tgpro-admin/.output/public/_nuxt/Bdz-sLfb.js'
    at open (node:internal/fs/promises:641:25)
    ... 2 lines matching cause stack trace ...
    at Server.toNodeHandle (file:///Users/hf-mac/Downloads/tgpro-admin/.output/server/chunks/nitro/nitro.mjs:2230:7) {
  cause: Error: ENOENT: no such file or directory, open '/Users/hf-mac/Downloads/tgpro-admin/.output/public/_nuxt/Bdz-sLfb.js'
      at open (node:internal/fs/promises:641:25)
      at Object.readFile (node:internal/fs/promises:1245:14)
      at Object.handler (file:///Users/hf-mac/Downloads/tgpro-admin/.output/server/chunks/nitro/nitro.mjs:1959:19)
      at Server.toNodeHandle (file:///Users/hf-mac/Downloads/tgpro-admin/.output/server/chunks/nitro/nitro.mjs:2230:7) {
    errno: -2,
    code: 'ENOENT',
    syscall: 'open',
    path: '/Users/hf-mac/Downloads/tgpro-admin/.output/public/_nuxt/Bdz-sLfb.js'
  },
  statusCode: 500,
  fatal: false,
  unhandled: true,
  statusMessage: undefined,
  data: undefined
}
2025-11-05T02:31:00: [request error] [unhandled] [GET] http://localhost:3000/_nuxt/BTgB1rvp.js
 H3Error: ENOENT: no such file or directory, open '/Users/hf-mac/Downloads/tgpro-admin/.output/public/_nuxt/BTgB1rvp.js'
    at open (node:internal/fs/promises:641:25)
    ... 2 lines matching cause stack trace ...
    at Server.toNodeHandle (file:///Users/hf-mac/Downloads/tgpro-admin/.output/server/chunks/nitro/nitro.mjs:2230:7) {
  cause: Error: ENOENT: no such file or directory, open '/Users/hf-mac/Downloads/tgpro-admin/.output/public/_nuxt/BTgB1rvp.js'
      at open (node:internal/fs/promises:641:25)
      at Object.readFile (node:internal/fs/promises:1245:14)
      at Object.handler (file:///Users/hf-mac/Downloads/tgpro-admin/.output/server/chunks/nitro/nitro.mjs:1959:19)
      at Server.toNodeHandle (file:///Users/hf-mac/Downloads/tgpro-admin/.output/server/chunks/nitro/nitro.mjs:2230:7) {
    errno: -2,
    code: 'ENOENT',
    syscall: 'open',
    path: '/Users/hf-mac/Downloads/tgpro-admin/.output/public/_nuxt/BTgB1rvp.js'
  },
  statusCode: 500,
  fatal: false,
  unhandled: true,
  statusMessage: undefined,
  data: undefined
}
2025-11-05T02:31:00: [request error] [unhandled] [GET] http://localhost:3000/_nuxt/CXT04lNs.js
 H3Error: ENOENT: no such file or directory, open '/Users/hf-mac/Downloads/tgpro-admin/.output/public/_nuxt/CXT04lNs.js'
    at open (node:internal/fs/promises:641:25)
    ... 2 lines matching cause stack trace ...
    at Server.toNodeHandle (file:///Users/hf-mac/Downloads/tgpro-admin/.output/server/chunks/nitro/nitro.mjs:2230:7) {
  cause: Error: ENOENT: no such file or directory, open '/Users/hf-mac/Downloads/tgpro-admin/.output/public/_nuxt/CXT04lNs.js'
      at open (node:internal/fs/promises:641:25)
      at Object.readFile (node:internal/fs/promises:1245:14)
      at Object.handler (file:///Users/hf-mac/Downloads/tgpro-admin/.output/server/chunks/nitro/nitro.mjs:1959:19)
      at Server.toNodeHandle (file:///Users/hf-mac/Downloads/tgpro-admin/.output/server/chunks/nitro/nitro.mjs:2230:7) {
    errno: -2,
    code: 'ENOENT',
    syscall: 'open',
    path: '/Users/hf-mac/Downloads/tgpro-admin/.output/public/_nuxt/CXT04lNs.js'
  },
  statusCode: 500,
  fatal: false,
  unhandled: true,
  statusMessage: undefined,
  data: undefined
}
2025-11-05T02:31:00: [request error] [unhandled] [GET] http://localhost:3000/_nuxt/DcHNM1Xn.js
 H3Error: ENOENT: no such file or directory, open '/Users/hf-mac/Downloads/tgpro-admin/.output/public/_nuxt/DcHNM1Xn.js'
    at open (node:internal/fs/promises:641:25)
    ... 2 lines matching cause stack trace ...
    at Server.toNodeHandle (file:///Users/hf-mac/Downloads/tgpro-admin/.output/server/chunks/nitro/nitro.mjs:2230:7) {
  cause: Error: ENOENT: no such file or directory, open '/Users/hf-mac/Downloads/tgpro-admin/.output/public/_nuxt/DcHNM1Xn.js'
      at open (node:internal/fs/promises:641:25)
      at Object.readFile (node:internal/fs/promises:1245:14)
      at Object.handler (file:///Users/hf-mac/Downloads/tgpro-admin/.output/server/chunks/nitro/nitro.mjs:1959:19)
      at Server.toNodeHandle (file:///Users/hf-mac/Downloads/tgpro-admin/.output/server/chunks/nitro/nitro.mjs:2230:7) {
    errno: -2,
    code: 'ENOENT',
    syscall: 'open',
    path: '/Users/hf-mac/Downloads/tgpro-admin/.output/public/_nuxt/DcHNM1Xn.js'
  },
  statusCode: 500,
  fatal: false,
  unhandled: true,
  statusMessage: undefined,
  data: undefined
}
2025-11-05T02:31:16: [request error] [unhandled] [GET] http://localhost:3000/_nuxt/DbAgXtul.js
 H3Error: ENOENT: no such file or directory, open '/Users/hf-mac/Downloads/tgpro-admin/.output/public/_nuxt/DbAgXtul.js'
    at open (node:internal/fs/promises:641:25)
    ... 2 lines matching cause stack trace ...
    at Server.toNodeHandle (file:///Users/hf-mac/Downloads/tgpro-admin/.output/server/chunks/nitro/nitro.mjs:2230:7) {
  cause: Error: ENOENT: no such file or directory, open '/Users/hf-mac/Downloads/tgpro-admin/.output/public/_nuxt/DbAgXtul.js'
      at open (node:internal/fs/promises:641:25)
      at Object.readFile (node:internal/fs/promises:1245:14)
      at Object.handler (file:///Users/hf-mac/Downloads/tgpro-admin/.output/server/chunks/nitro/nitro.mjs:1959:19)
      at Server.toNodeHandle (file:///Users/hf-mac/Downloads/tgpro-admin/.output/server/chunks/nitro/nitro.mjs:2230:7) {
    errno: -2,
    code: 'ENOENT',
    syscall: 'open',
    path: '/Users/hf-mac/Downloads/tgpro-admin/.output/public/_nuxt/DbAgXtul.js'
  },
  statusCode: 500,
  fatal: false,
  unhandled: true,
  statusMessage: undefined,
  data: undefined
}
2025-11-05T02:31:16: [request error] [unhandled] [GET] http://localhost:3000/_nuxt/D_B5nL8y.js
 H3Error: ENOENT: no such file or directory, open '/Users/hf-mac/Downloads/tgpro-admin/.output/public/_nuxt/D_B5nL8y.js'
    at open (node:internal/fs/promises:641:25)
    ... 2 lines matching cause stack trace ...
    at Server.toNodeHandle (file:///Users/hf-mac/Downloads/tgpro-admin/.output/server/chunks/nitro/nitro.mjs:2230:7) {
  cause: Error: ENOENT: no such file or directory, open '/Users/hf-mac/Downloads/tgpro-admin/.output/public/_nuxt/D_B5nL8y.js'
      at open (node:internal/fs/promises:641:25)
      at Object.readFile (node:internal/fs/promises:1245:14)
      at Object.handler (file:///Users/hf-mac/Downloads/tgpro-admin/.output/server/chunks/nitro/nitro.mjs:1959:19)
      at Server.toNodeHandle (file:///Users/hf-mac/Downloads/tgpro-admin/.output/server/chunks/nitro/nitro.mjs:2230:7) {
    errno: -2,
    code: 'ENOENT',
    syscall: 'open',
    path: '/Users/hf-mac/Downloads/tgpro-admin/.output/public/_nuxt/D_B5nL8y.js'
  },
  statusCode: 500,
  fatal: false,
  unhandled: true,
  statusMessage: undefined,
  data: undefined
}
2025-11-05T02:31:16: [request error] [unhandled] [GET] http://localhost:3000/_nuxt/Bl84yrz9.js
 H3Error: ENOENT: no such file or directory, open '/Users/hf-mac/Downloads/tgpro-admin/.output/public/_nuxt/Bl84yrz9.js'
    at open (node:internal/fs/promises:641:25)
    ... 2 lines matching cause stack trace ...
    at Server.toNodeHandle (file:///Users/hf-mac/Downloads/tgpro-admin/.output/server/chunks/nitro/nitro.mjs:2230:7) {
  cause: Error: ENOENT: no such file or directory, open '/Users/hf-mac/Downloads/tgpro-admin/.output/public/_nuxt/Bl84yrz9.js'
      at open (node:internal/fs/promises:641:25)
      at Object.readFile (node:internal/fs/promises:1245:14)
      at Object.handler (file:///Users/hf-mac/Downloads/tgpro-admin/.output/server/chunks/nitro/nitro.mjs:1959:19)
      at Server.toNodeHandle (file:///Users/hf-mac/Downloads/tgpro-admin/.output/server/chunks/nitro/nitro.mjs:2230:7) {
    errno: -2,
    code: 'ENOENT',
    syscall: 'open',
    path: '/Users/hf-mac/Downloads/tgpro-admin/.output/public/_nuxt/Bl84yrz9.js'
  },
  statusCode: 500,
  fatal: false,
  unhandled: true,
  statusMessage: undefined,
  data: undefined
}
2025-11-05T02:31:16: [request error] [unhandled] [GET] http://localhost:3000/_nuxt/DpNIWReE.js
 H3Error: ENOENT: no such file or directory, open '/Users/hf-mac/Downloads/tgpro-admin/.output/public/_nuxt/DpNIWReE.js'
    at open (node:internal/fs/promises:641:25)
    ... 2 lines matching cause stack trace ...
    at Server.toNodeHandle (file:///Users/hf-mac/Downloads/tgpro-admin/.output/server/chunks/nitro/nitro.mjs:2230:7) {
  cause: Error: ENOENT: no such file or directory, open '/Users/hf-mac/Downloads/tgpro-admin/.output/public/_nuxt/DpNIWReE.js'
      at open (node:internal/fs/promises:641:25)
      at Object.readFile (node:internal/fs/promises:1245:14)
      at Object.handler (file:///Users/hf-mac/Downloads/tgpro-admin/.output/server/chunks/nitro/nitro.mjs:1959:19)
      at Server.toNodeHandle (file:///Users/hf-mac/Downloads/tgpro-admin/.output/server/chunks/nitro/nitro.mjs:2230:7) {
    errno: -2,
    code: 'ENOENT',
    syscall: 'open',
    path: '/Users/hf-mac/Downloads/tgpro-admin/.output/public/_nuxt/DpNIWReE.js'
  },
  statusCode: 500,
  fatal: false,
  unhandled: true,
  statusMessage: undefined,
  data: undefined
}
2025-11-05T02:31:16: [request error] [unhandled] [GET] http://localhost:3000/_nuxt/D974gv07.js
 H3Error: ENOENT: no such file or directory, open '/Users/hf-mac/Downloads/tgpro-admin/.output/public/_nuxt/D974gv07.js'
    at open (node:internal/fs/promises:641:25)
    ... 2 lines matching cause stack trace ...
    at Server.toNodeHandle (file:///Users/hf-mac/Downloads/tgpro-admin/.output/server/chunks/nitro/nitro.mjs:2230:7) {
  cause: Error: ENOENT: no such file or directory, open '/Users/hf-mac/Downloads/tgpro-admin/.output/public/_nuxt/D974gv07.js'
      at open (node:internal/fs/promises:641:25)
      at Object.readFile (node:internal/fs/promises:1245:14)
      at Object.handler (file:///Users/hf-mac/Downloads/tgpro-admin/.output/server/chunks/nitro/nitro.mjs:1959:19)
      at Server.toNodeHandle (file:///Users/hf-mac/Downloads/tgpro-admin/.output/server/chunks/nitro/nitro.mjs:2230:7) {
    errno: -2,
    code: 'ENOENT',
    syscall: 'open',
    path: '/Users/hf-mac/Downloads/tgpro-admin/.output/public/_nuxt/D974gv07.js'
  },
  statusCode: 500,
  fatal: false,
  unhandled: true,
  statusMessage: undefined,
  data: undefined
}
2025-11-05T02:31:16: [request error] [unhandled] [GET] http://localhost:3000/_nuxt/D32lUId-.js
 H3Error: ENOENT: no such file or directory, open '/Users/hf-mac/Downloads/tgpro-admin/.output/public/_nuxt/D32lUId-.js'
    at open (node:internal/fs/promises:641:25)
    ... 2 lines matching cause stack trace ...
    at Server.toNodeHandle (file:///Users/hf-mac/Downloads/tgpro-admin/.output/server/chunks/nitro/nitro.mjs:2230:7) {
  cause: Error: ENOENT: no such file or directory, open '/Users/hf-mac/Downloads/tgpro-admin/.output/public/_nuxt/D32lUId-.js'
      at open (node:internal/fs/promises:641:25)
      at Object.readFile (node:internal/fs/promises:1245:14)
      at Object.handler (file:///Users/hf-mac/Downloads/tgpro-admin/.output/server/chunks/nitro/nitro.mjs:1959:19)
      at Server.toNodeHandle (file:///Users/hf-mac/Downloads/tgpro-admin/.output/server/chunks/nitro/nitro.mjs:2230:7) {
    errno: -2,
    code: 'ENOENT',
    syscall: 'open',
    path: '/Users/hf-mac/Downloads/tgpro-admin/.output/public/_nuxt/D32lUId-.js'
  },
  statusCode: 500,
  fatal: false,
  unhandled: true,
  statusMessage: undefined,
  data: undefined
}
2025-11-05T02:31:16: [request error] [unhandled] [GET] http://localhost:3000/_nuxt/CetYVyQG.js
 H3Error: ENOENT: no such file or directory, open '/Users/hf-mac/Downloads/tgpro-admin/.output/public/_nuxt/CetYVyQG.js'
    at open (node:internal/fs/promises:641:25)
    ... 2 lines matching cause stack trace ...
    at Server.toNodeHandle (file:///Users/hf-mac/Downloads/tgpro-admin/.output/server/chunks/nitro/nitro.mjs:2230:7) {
  cause: Error: ENOENT: no such file or directory, open '/Users/hf-mac/Downloads/tgpro-admin/.output/public/_nuxt/CetYVyQG.js'
      at open (node:internal/fs/promises:641:25)
      at Object.readFile (node:internal/fs/promises:1245:14)
      at Object.handler (file:///Users/hf-mac/Downloads/tgpro-admin/.output/server/chunks/nitro/nitro.mjs:1959:19)
      at Server.toNodeHandle (file:///Users/hf-mac/Downloads/tgpro-admin/.output/server/chunks/nitro/nitro.mjs:2230:7) {
    errno: -2,
    code: 'ENOENT',
    syscall: 'open',
    path: '/Users/hf-mac/Downloads/tgpro-admin/.output/public/_nuxt/CetYVyQG.js'
  },
  statusCode: 500,
  fatal: false,
  unhandled: true,
  statusMessage: undefined,
  data: undefined
}
2025-11-05T02:31:16: [request error] [unhandled] [GET] http://localhost:3000/_nuxt/Db7eFA1E.js
 H3Error: ENOENT: no such file or directory, open '/Users/hf-mac/Downloads/tgpro-admin/.output/public/_nuxt/Db7eFA1E.js'
    at open (node:internal/fs/promises:641:25)
    ... 2 lines matching cause stack trace ...
    at Server.toNodeHandle (file:///Users/hf-mac/Downloads/tgpro-admin/.output/server/chunks/nitro/nitro.mjs:2230:7) {
  cause: Error: ENOENT: no such file or directory, open '/Users/hf-mac/Downloads/tgpro-admin/.output/public/_nuxt/Db7eFA1E.js'
      at open (node:internal/fs/promises:641:25)
      at Object.readFile (node:internal/fs/promises:1245:14)
      at Object.handler (file:///Users/hf-mac/Downloads/tgpro-admin/.output/server/chunks/nitro/nitro.mjs:1959:19)
      at Server.toNodeHandle (file:///Users/hf-mac/Downloads/tgpro-admin/.output/server/chunks/nitro/nitro.mjs:2230:7) {
    errno: -2,
    code: 'ENOENT',
    syscall: 'open',
    path: '/Users/hf-mac/Downloads/tgpro-admin/.output/public/_nuxt/Db7eFA1E.js'
  },
  statusCode: 500,
  fatal: false,
  unhandled: true,
  statusMessage: undefined,
  data: undefined
}
2025-11-05T02:31:16: [request error] [unhandled] [GET] http://localhost:3000/_nuxt/DAr-OQmd.js
 H3Error: ENOENT: no such file or directory, open '/Users/hf-mac/Downloads/tgpro-admin/.output/public/_nuxt/DAr-OQmd.js'
    at open (node:internal/fs/promises:641:25)
    ... 2 lines matching cause stack trace ...
    at Server.toNodeHandle (file:///Users/hf-mac/Downloads/tgpro-admin/.output/server/chunks/nitro/nitro.mjs:2230:7) {
  cause: Error: ENOENT: no such file or directory, open '/Users/hf-mac/Downloads/tgpro-admin/.output/public/_nuxt/DAr-OQmd.js'
      at open (node:internal/fs/promises:641:25)
      at Object.readFile (node:internal/fs/promises:1245:14)
      at Object.handler (file:///Users/hf-mac/Downloads/tgpro-admin/.output/server/chunks/nitro/nitro.mjs:1959:19)
      at Server.toNodeHandle (file:///Users/hf-mac/Downloads/tgpro-admin/.output/server/chunks/nitro/nitro.mjs:2230:7) {
    errno: -2,
    code: 'ENOENT',
    syscall: 'open',
    path: '/Users/hf-mac/Downloads/tgpro-admin/.output/public/_nuxt/DAr-OQmd.js'
  },
  statusCode: 500,
  fatal: false,
  unhandled: true,
  statusMessage: undefined,
  data: undefined
}
2025-11-05T02:31:16: [request error] [unhandled] [GET] http://localhost:3000/_nuxt/Bdz-sLfb.js
 H3Error: ENOENT: no such file or directory, open '/Users/hf-mac/Downloads/tgpro-admin/.output/public/_nuxt/Bdz-sLfb.js'
    at open (node:internal/fs/promises:641:25)
    ... 2 lines matching cause stack trace ...
    at Server.toNodeHandle (file:///Users/hf-mac/Downloads/tgpro-admin/.output/server/chunks/nitro/nitro.mjs:2230:7) {
  cause: Error: ENOENT: no such file or directory, open '/Users/hf-mac/Downloads/tgpro-admin/.output/public/_nuxt/Bdz-sLfb.js'
      at open (node:internal/fs/promises:641:25)
      at Object.readFile (node:internal/fs/promises:1245:14)
      at Object.handler (file:///Users/hf-mac/Downloads/tgpro-admin/.output/server/chunks/nitro/nitro.mjs:1959:19)
      at Server.toNodeHandle (file:///Users/hf-mac/Downloads/tgpro-admin/.output/server/chunks/nitro/nitro.mjs:2230:7) {
    errno: -2,
    code: 'ENOENT',
    syscall: 'open',
    path: '/Users/hf-mac/Downloads/tgpro-admin/.output/public/_nuxt/Bdz-sLfb.js'
  },
  statusCode: 500,
  fatal: false,
  unhandled: true,
  statusMessage: undefined,
  data: undefined
}
2025-11-05T02:31:16: [request error] [unhandled] [GET] http://localhost:3000/_nuxt/BTgB1rvp.js
 H3Error: ENOENT: no such file or directory, open '/Users/hf-mac/Downloads/tgpro-admin/.output/public/_nuxt/BTgB1rvp.js'
    at open (node:internal/fs/promises:641:25)
    ... 2 lines matching cause stack trace ...
    at Server.toNodeHandle (file:///Users/hf-mac/Downloads/tgpro-admin/.output/server/chunks/nitro/nitro.mjs:2230:7) {
  cause: Error: ENOENT: no such file or directory, open '/Users/hf-mac/Downloads/tgpro-admin/.output/public/_nuxt/BTgB1rvp.js'
      at open (node:internal/fs/promises:641:25)
      at Object.readFile (node:internal/fs/promises:1245:14)
      at Object.handler (file:///Users/hf-mac/Downloads/tgpro-admin/.output/server/chunks/nitro/nitro.mjs:1959:19)
      at Server.toNodeHandle (file:///Users/hf-mac/Downloads/tgpro-admin/.output/server/chunks/nitro/nitro.mjs:2230:7) {
    errno: -2,
    code: 'ENOENT',
    syscall: 'open',
    path: '/Users/hf-mac/Downloads/tgpro-admin/.output/public/_nuxt/BTgB1rvp.js'
  },
  statusCode: 500,
  fatal: false,
  unhandled: true,
  statusMessage: undefined,
  data: undefined
}
2025-11-05T02:31:16: [request error] [unhandled] [GET] http://localhost:3000/_nuxt/CXT04lNs.js
 H3Error: ENOENT: no such file or directory, open '/Users/hf-mac/Downloads/tgpro-admin/.output/public/_nuxt/CXT04lNs.js'
    at open (node:internal/fs/promises:641:25)
    ... 2 lines matching cause stack trace ...
    at Server.toNodeHandle (file:///Users/hf-mac/Downloads/tgpro-admin/.output/server/chunks/nitro/nitro.mjs:2230:7) {
  cause: Error: ENOENT: no such file or directory, open '/Users/hf-mac/Downloads/tgpro-admin/.output/public/_nuxt/CXT04lNs.js'
      at open (node:internal/fs/promises:641:25)
      at Object.readFile (node:internal/fs/promises:1245:14)
      at Object.handler (file:///Users/hf-mac/Downloads/tgpro-admin/.output/server/chunks/nitro/nitro.mjs:1959:19)
      at Server.toNodeHandle (file:///Users/hf-mac/Downloads/tgpro-admin/.output/server/chunks/nitro/nitro.mjs:2230:7) {
    errno: -2,
    code: 'ENOENT',
    syscall: 'open',
    path: '/Users/hf-mac/Downloads/tgpro-admin/.output/public/_nuxt/CXT04lNs.js'
  },
  statusCode: 500,
  fatal: false,
  unhandled: true,
  statusMessage: undefined,
  data: undefined
}
2025-11-05T02:31:16: [request error] [unhandled] [GET] http://localhost:3000/_nuxt/DcHNM1Xn.js
 H3Error: ENOENT: no such file or directory, open '/Users/hf-mac/Downloads/tgpro-admin/.output/public/_nuxt/DcHNM1Xn.js'
    at open (node:internal/fs/promises:641:25)
    ... 2 lines matching cause stack trace ...
    at Server.toNodeHandle (file:///Users/hf-mac/Downloads/tgpro-admin/.output/server/chunks/nitro/nitro.mjs:2230:7) {
  cause: Error: ENOENT: no such file or directory, open '/Users/hf-mac/Downloads/tgpro-admin/.output/public/_nuxt/DcHNM1Xn.js'
      at open (node:internal/fs/promises:641:25)
      at Object.readFile (node:internal/fs/promises:1245:14)
      at Object.handler (file:///Users/hf-mac/Downloads/tgpro-admin/.output/server/chunks/nitro/nitro.mjs:1959:19)
      at Server.toNodeHandle (file:///Users/hf-mac/Downloads/tgpro-admin/.output/server/chunks/nitro/nitro.mjs:2230:7) {
    errno: -2,
    code: 'ENOENT',
    syscall: 'open',
    path: '/Users/hf-mac/Downloads/tgpro-admin/.output/public/_nuxt/DcHNM1Xn.js'
  },
  statusCode: 500,
  fatal: false,
  unhandled: true,
  statusMessage: undefined,
  data: undefined
}
2025-11-05T02:31:16: [request error] [unhandled] [GET] http://localhost:3000/_nuxt/C4xQaJXR.js
 H3Error: ENOENT: no such file or directory, open '/Users/hf-mac/Downloads/tgpro-admin/.output/public/_nuxt/C4xQaJXR.js'
    at open (node:internal/fs/promises:641:25)
    ... 2 lines matching cause stack trace ...
    at Server.toNodeHandle (file:///Users/hf-mac/Downloads/tgpro-admin/.output/server/chunks/nitro/nitro.mjs:2230:7) {
  cause: Error: ENOENT: no such file or directory, open '/Users/hf-mac/Downloads/tgpro-admin/.output/public/_nuxt/C4xQaJXR.js'
      at open (node:internal/fs/promises:641:25)
      at Object.readFile (node:internal/fs/promises:1245:14)
      at Object.handler (file:///Users/hf-mac/Downloads/tgpro-admin/.output/server/chunks/nitro/nitro.mjs:1959:19)
      at Server.toNodeHandle (file:///Users/hf-mac/Downloads/tgpro-admin/.output/server/chunks/nitro/nitro.mjs:2230:7) {
    errno: -2,
    code: 'ENOENT',
    syscall: 'open',
    path: '/Users/hf-mac/Downloads/tgpro-admin/.output/public/_nuxt/C4xQaJXR.js'
  },
  statusCode: 500,
  fatal: false,
  unhandled: true,
  statusMessage: undefined,
  data: undefined
}
2025-11-05T02:31:16: [request error] [unhandled] [GET] http://localhost:3000/_nuxt/builds/meta/db489c3b-20ab-405c-96a2-98b632ec7da6.json
 H3Error: ENOENT: no such file or directory, open '/Users/hf-mac/Downloads/tgpro-admin/.output/public/_nuxt/builds/meta/db489c3b-20ab-405c-96a2-98b632ec7da6.json'
    at open (node:internal/fs/promises:641:25)
    ... 2 lines matching cause stack trace ...
    at Server.toNodeHandle (file:///Users/hf-mac/Downloads/tgpro-admin/.output/server/chunks/nitro/nitro.mjs:2230:7) {
  cause: Error: ENOENT: no such file or directory, open '/Users/hf-mac/Downloads/tgpro-admin/.output/public/_nuxt/builds/meta/db489c3b-20ab-405c-96a2-98b632ec7da6.json'
      at open (node:internal/fs/promises:641:25)
      at Object.readFile (node:internal/fs/promises:1245:14)
      at Object.handler (file:///Users/hf-mac/Downloads/tgpro-admin/.output/server/chunks/nitro/nitro.mjs:1959:19)
      at Server.toNodeHandle (file:///Users/hf-mac/Downloads/tgpro-admin/.output/server/chunks/nitro/nitro.mjs:2230:7) {
    errno: -2,
    code: 'ENOENT',
    syscall: 'open',
    path: '/Users/hf-mac/Downloads/tgpro-admin/.output/public/_nuxt/builds/meta/db489c3b-20ab-405c-96a2-98b632ec7da6.json'
  },
  statusCode: 500,
  fatal: false,
  unhandled: true,
  statusMessage: undefined,
  data: undefined
}
2025-11-05T02:31:23: [request error] [unhandled] [GET] http://localhost:3000/_nuxt/DbAgXtul.js
 H3Error: ENOENT: no such file or directory, open '/Users/hf-mac/Downloads/tgpro-admin/.output/public/_nuxt/DbAgXtul.js'
    at open (node:internal/fs/promises:641:25)
    ... 2 lines matching cause stack trace ...
    at Server.toNodeHandle (file:///Users/hf-mac/Downloads/tgpro-admin/.output/server/chunks/nitro/nitro.mjs:2230:7) {
  cause: Error: ENOENT: no such file or directory, open '/Users/hf-mac/Downloads/tgpro-admin/.output/public/_nuxt/DbAgXtul.js'
      at open (node:internal/fs/promises:641:25)
      at Object.readFile (node:internal/fs/promises:1245:14)
      at Object.handler (file:///Users/hf-mac/Downloads/tgpro-admin/.output/server/chunks/nitro/nitro.mjs:1959:19)
      at Server.toNodeHandle (file:///Users/hf-mac/Downloads/tgpro-admin/.output/server/chunks/nitro/nitro.mjs:2230:7) {
    errno: -2,
    code: 'ENOENT',
    syscall: 'open',
    path: '/Users/hf-mac/Downloads/tgpro-admin/.output/public/_nuxt/DbAgXtul.js'
  },
  statusCode: 500,
  fatal: false,
  unhandled: true,
  statusMessage: undefined,
  data: undefined
}
2025-11-05T02:31:23: [request error] [unhandled] [GET] http://localhost:3000/_nuxt/D_B5nL8y.js
 H3Error: ENOENT: no such file or directory, open '/Users/hf-mac/Downloads/tgpro-admin/.output/public/_nuxt/D_B5nL8y.js'
    at open (node:internal/fs/promises:641:25)
    ... 2 lines matching cause stack trace ...
    at Server.toNodeHandle (file:///Users/hf-mac/Downloads/tgpro-admin/.output/server/chunks/nitro/nitro.mjs:2230:7) {
  cause: Error: ENOENT: no such file or directory, open '/Users/hf-mac/Downloads/tgpro-admin/.output/public/_nuxt/D_B5nL8y.js'
      at open (node:internal/fs/promises:641:25)
      at Object.readFile (node:internal/fs/promises:1245:14)
      at Object.handler (file:///Users/hf-mac/Downloads/tgpro-admin/.output/server/chunks/nitro/nitro.mjs:1959:19)
      at Server.toNodeHandle (file:///Users/hf-mac/Downloads/tgpro-admin/.output/server/chunks/nitro/nitro.mjs:2230:7) {
    errno: -2,
    code: 'ENOENT',
    syscall: 'open',
    path: '/Users/hf-mac/Downloads/tgpro-admin/.output/public/_nuxt/D_B5nL8y.js'
  },
  statusCode: 500,
  fatal: false,
  unhandled: true,
  statusMessage: undefined,
  data: undefined
}
2025-11-05T02:31:23: [request error] [unhandled] [GET] http://localhost:3000/_nuxt/Bl84yrz9.js
 H3Error: ENOENT: no such file or directory, open '/Users/hf-mac/Downloads/tgpro-admin/.output/public/_nuxt/Bl84yrz9.js'
    at open (node:internal/fs/promises:641:25)
    ... 2 lines matching cause stack trace ...
    at Server.toNodeHandle (file:///Users/hf-mac/Downloads/tgpro-admin/.output/server/chunks/nitro/nitro.mjs:2230:7) {
  cause: Error: ENOENT: no such file or directory, open '/Users/hf-mac/Downloads/tgpro-admin/.output/public/_nuxt/Bl84yrz9.js'
      at open (node:internal/fs/promises:641:25)
      at Object.readFile (node:internal/fs/promises:1245:14)
      at Object.handler (file:///Users/hf-mac/Downloads/tgpro-admin/.output/server/chunks/nitro/nitro.mjs:1959:19)
      at Server.toNodeHandle (file:///Users/hf-mac/Downloads/tgpro-admin/.output/server/chunks/nitro/nitro.mjs:2230:7) {
    errno: -2,
    code: 'ENOENT',
    syscall: 'open',
    path: '/Users/hf-mac/Downloads/tgpro-admin/.output/public/_nuxt/Bl84yrz9.js'
  },
  statusCode: 500,
  fatal: false,
  unhandled: true,
  statusMessage: undefined,
  data: undefined
}
2025-11-05T02:31:23: [request error] [unhandled] [GET] http://localhost:3000/_nuxt/DpNIWReE.js
 H3Error: ENOENT: no such file or directory, open '/Users/hf-mac/Downloads/tgpro-admin/.output/public/_nuxt/DpNIWReE.js'
    at open (node:internal/fs/promises:641:25)
    ... 2 lines matching cause stack trace ...
    at Server.toNodeHandle (file:///Users/hf-mac/Downloads/tgpro-admin/.output/server/chunks/nitro/nitro.mjs:2230:7) {
  cause: Error: ENOENT: no such file or directory, open '/Users/hf-mac/Downloads/tgpro-admin/.output/public/_nuxt/DpNIWReE.js'
      at open (node:internal/fs/promises:641:25)
      at Object.readFile (node:internal/fs/promises:1245:14)
      at Object.handler (file:///Users/hf-mac/Downloads/tgpro-admin/.output/server/chunks/nitro/nitro.mjs:1959:19)
      at Server.toNodeHandle (file:///Users/hf-mac/Downloads/tgpro-admin/.output/server/chunks/nitro/nitro.mjs:2230:7) {
    errno: -2,
    code: 'ENOENT',
    syscall: 'open',
    path: '/Users/hf-mac/Downloads/tgpro-admin/.output/public/_nuxt/DpNIWReE.js'
  },
  statusCode: 500,
  fatal: false,
  unhandled: true,
  statusMessage: undefined,
  data: undefined
}
2025-11-05T02:31:23: [request error] [unhandled] [GET] http://localhost:3000/_nuxt/D974gv07.js
 H3Error: ENOENT: no such file or directory, open '/Users/hf-mac/Downloads/tgpro-admin/.output/public/_nuxt/D974gv07.js'
    at open (node:internal/fs/promises:641:25)
    ... 2 lines matching cause stack trace ...
    at Server.toNodeHandle (file:///Users/hf-mac/Downloads/tgpro-admin/.output/server/chunks/nitro/nitro.mjs:2230:7) {
  cause: Error: ENOENT: no such file or directory, open '/Users/hf-mac/Downloads/tgpro-admin/.output/public/_nuxt/D974gv07.js'
      at open (node:internal/fs/promises:641:25)
      at Object.readFile (node:internal/fs/promises:1245:14)
      at Object.handler (file:///Users/hf-mac/Downloads/tgpro-admin/.output/server/chunks/nitro/nitro.mjs:1959:19)
      at Server.toNodeHandle (file:///Users/hf-mac/Downloads/tgpro-admin/.output/server/chunks/nitro/nitro.mjs:2230:7) {
    errno: -2,
    code: 'ENOENT',
    syscall: 'open',
    path: '/Users/hf-mac/Downloads/tgpro-admin/.output/public/_nuxt/D974gv07.js'
  },
  statusCode: 500,
  fatal: false,
  unhandled: true,
  statusMessage: undefined,
  data: undefined
}
2025-11-05T02:31:23: [request error] [unhandled] [GET] http://localhost:3000/_nuxt/D32lUId-.js
 H3Error: ENOENT: no such file or directory, open '/Users/hf-mac/Downloads/tgpro-admin/.output/public/_nuxt/D32lUId-.js'
    at open (node:internal/fs/promises:641:25)
    ... 2 lines matching cause stack trace ...
    at Server.toNodeHandle (file:///Users/hf-mac/Downloads/tgpro-admin/.output/server/chunks/nitro/nitro.mjs:2230:7) {
  cause: Error: ENOENT: no such file or directory, open '/Users/hf-mac/Downloads/tgpro-admin/.output/public/_nuxt/D32lUId-.js'
      at open (node:internal/fs/promises:641:25)
      at Object.readFile (node:internal/fs/promises:1245:14)
      at Object.handler (file:///Users/hf-mac/Downloads/tgpro-admin/.output/server/chunks/nitro/nitro.mjs:1959:19)
      at Server.toNodeHandle (file:///Users/hf-mac/Downloads/tgpro-admin/.output/server/chunks/nitro/nitro.mjs:2230:7) {
    errno: -2,
    code: 'ENOENT',
    syscall: 'open',
    path: '/Users/hf-mac/Downloads/tgpro-admin/.output/public/_nuxt/D32lUId-.js'
  },
  statusCode: 500,
  fatal: false,
  unhandled: true,
  statusMessage: undefined,
  data: undefined
}
2025-11-05T02:31:23: [request error] [unhandled] [GET] http://localhost:3000/_nuxt/CetYVyQG.js
 H3Error: ENOENT: no such file or directory, open '/Users/hf-mac/Downloads/tgpro-admin/.output/public/_nuxt/CetYVyQG.js'
    at open (node:internal/fs/promises:641:25)
    ... 2 lines matching cause stack trace ...
    at Server.toNodeHandle (file:///Users/hf-mac/Downloads/tgpro-admin/.output/server/chunks/nitro/nitro.mjs:2230:7) {
  cause: Error: ENOENT: no such file or directory, open '/Users/hf-mac/Downloads/tgpro-admin/.output/public/_nuxt/CetYVyQG.js'
      at open (node:internal/fs/promises:641:25)
      at Object.readFile (node:internal/fs/promises:1245:14)
      at Object.handler (file:///Users/hf-mac/Downloads/tgpro-admin/.output/server/chunks/nitro/nitro.mjs:1959:19)
      at Server.toNodeHandle (file:///Users/hf-mac/Downloads/tgpro-admin/.output/server/chunks/nitro/nitro.mjs:2230:7) {
    errno: -2,
    code: 'ENOENT',
    syscall: 'open',
    path: '/Users/hf-mac/Downloads/tgpro-admin/.output/public/_nuxt/CetYVyQG.js'
  },
  statusCode: 500,
  fatal: false,
  unhandled: true,
  statusMessage: undefined,
  data: undefined
}
2025-11-05T02:31:23: [request error] [unhandled] [GET] http://localhost:3000/_nuxt/Db7eFA1E.js
 H3Error: ENOENT: no such file or directory, open '/Users/hf-mac/Downloads/tgpro-admin/.output/public/_nuxt/Db7eFA1E.js'
    at open (node:internal/fs/promises:641:25)
    ... 2 lines matching cause stack trace ...
    at Server.toNodeHandle (file:///Users/hf-mac/Downloads/tgpro-admin/.output/server/chunks/nitro/nitro.mjs:2230:7) {
  cause: Error: ENOENT: no such file or directory, open '/Users/hf-mac/Downloads/tgpro-admin/.output/public/_nuxt/Db7eFA1E.js'
      at open (node:internal/fs/promises:641:25)
      at Object.readFile (node:internal/fs/promises:1245:14)
      at Object.handler (file:///Users/hf-mac/Downloads/tgpro-admin/.output/server/chunks/nitro/nitro.mjs:1959:19)
      at Server.toNodeHandle (file:///Users/hf-mac/Downloads/tgpro-admin/.output/server/chunks/nitro/nitro.mjs:2230:7) {
    errno: -2,
    code: 'ENOENT',
    syscall: 'open',
    path: '/Users/hf-mac/Downloads/tgpro-admin/.output/public/_nuxt/Db7eFA1E.js'
  },
  statusCode: 500,
  fatal: false,
  unhandled: true,
  statusMessage: undefined,
  data: undefined
}
2025-11-05T02:31:23: [request error] [unhandled] [GET] http://localhost:3000/_nuxt/DAr-OQmd.js
 H3Error: ENOENT: no such file or directory, open '/Users/hf-mac/Downloads/tgpro-admin/.output/public/_nuxt/DAr-OQmd.js'
    at open (node:internal/fs/promises:641:25)
    ... 2 lines matching cause stack trace ...
    at Server.toNodeHandle (file:///Users/hf-mac/Downloads/tgpro-admin/.output/server/chunks/nitro/nitro.mjs:2230:7) {
  cause: Error: ENOENT: no such file or directory, open '/Users/hf-mac/Downloads/tgpro-admin/.output/public/_nuxt/DAr-OQmd.js'
      at open (node:internal/fs/promises:641:25)
      at Object.readFile (node:internal/fs/promises:1245:14)
      at Object.handler (file:///Users/hf-mac/Downloads/tgpro-admin/.output/server/chunks/nitro/nitro.mjs:1959:19)
      at Server.toNodeHandle (file:///Users/hf-mac/Downloads/tgpro-admin/.output/server/chunks/nitro/nitro.mjs:2230:7) {
    errno: -2,
    code: 'ENOENT',
    syscall: 'open',
    path: '/Users/hf-mac/Downloads/tgpro-admin/.output/public/_nuxt/DAr-OQmd.js'
  },
  statusCode: 500,
  fatal: false,
  unhandled: true,
  statusMessage: undefined,
  data: undefined
}
2025-11-05T02:31:23: [request error] [unhandled] [GET] http://localhost:3000/_nuxt/Bdz-sLfb.js
 H3Error: ENOENT: no such file or directory, open '/Users/hf-mac/Downloads/tgpro-admin/.output/public/_nuxt/Bdz-sLfb.js'
    at open (node:internal/fs/promises:641:25)
    ... 2 lines matching cause stack trace ...
    at Server.toNodeHandle (file:///Users/hf-mac/Downloads/tgpro-admin/.output/server/chunks/nitro/nitro.mjs:2230:7) {
  cause: Error: ENOENT: no such file or directory, open '/Users/hf-mac/Downloads/tgpro-admin/.output/public/_nuxt/Bdz-sLfb.js'
      at open (node:internal/fs/promises:641:25)
      at Object.readFile (node:internal/fs/promises:1245:14)
      at Object.handler (file:///Users/hf-mac/Downloads/tgpro-admin/.output/server/chunks/nitro/nitro.mjs:1959:19)
      at Server.toNodeHandle (file:///Users/hf-mac/Downloads/tgpro-admin/.output/server/chunks/nitro/nitro.mjs:2230:7) {
    errno: -2,
    code: 'ENOENT',
    syscall: 'open',
    path: '/Users/hf-mac/Downloads/tgpro-admin/.output/public/_nuxt/Bdz-sLfb.js'
  },
  statusCode: 500,
  fatal: false,
  unhandled: true,
  statusMessage: undefined,
  data: undefined
}
2025-11-05T02:31:23: [request error] [unhandled] [GET] http://localhost:3000/_nuxt/BTgB1rvp.js
 H3Error: ENOENT: no such file or directory, open '/Users/hf-mac/Downloads/tgpro-admin/.output/public/_nuxt/BTgB1rvp.js'
    at open (node:internal/fs/promises:641:25)
    ... 2 lines matching cause stack trace ...
    at Server.toNodeHandle (file:///Users/hf-mac/Downloads/tgpro-admin/.output/server/chunks/nitro/nitro.mjs:2230:7) {
  cause: Error: ENOENT: no such file or directory, open '/Users/hf-mac/Downloads/tgpro-admin/.output/public/_nuxt/BTgB1rvp.js'
      at open (node:internal/fs/promises:641:25)
      at Object.readFile (node:internal/fs/promises:1245:14)
      at Object.handler (file:///Users/hf-mac/Downloads/tgpro-admin/.output/server/chunks/nitro/nitro.mjs:1959:19)
      at Server.toNodeHandle (file:///Users/hf-mac/Downloads/tgpro-admin/.output/server/chunks/nitro/nitro.mjs:2230:7) {
    errno: -2,
    code: 'ENOENT',
    syscall: 'open',
    path: '/Users/hf-mac/Downloads/tgpro-admin/.output/public/_nuxt/BTgB1rvp.js'
  },
  statusCode: 500,
  fatal: false,
  unhandled: true,
  statusMessage: undefined,
  data: undefined
}
2025-11-05T02:31:23: [request error] [unhandled] [GET] http://localhost:3000/_nuxt/CXT04lNs.js
 H3Error: ENOENT: no such file or directory, open '/Users/hf-mac/Downloads/tgpro-admin/.output/public/_nuxt/CXT04lNs.js'
    at open (node:internal/fs/promises:641:25)
    ... 2 lines matching cause stack trace ...
    at Server.toNodeHandle (file:///Users/hf-mac/Downloads/tgpro-admin/.output/server/chunks/nitro/nitro.mjs:2230:7) {
  cause: Error: ENOENT: no such file or directory, open '/Users/hf-mac/Downloads/tgpro-admin/.output/public/_nuxt/CXT04lNs.js'
      at open (node:internal/fs/promises:641:25)
      at Object.readFile (node:internal/fs/promises:1245:14)
      at Object.handler (file:///Users/hf-mac/Downloads/tgpro-admin/.output/server/chunks/nitro/nitro.mjs:1959:19)
      at Server.toNodeHandle (file:///Users/hf-mac/Downloads/tgpro-admin/.output/server/chunks/nitro/nitro.mjs:2230:7) {
    errno: -2,
    code: 'ENOENT',
    syscall: 'open',
    path: '/Users/hf-mac/Downloads/tgpro-admin/.output/public/_nuxt/CXT04lNs.js'
  },
  statusCode: 500,
  fatal: false,
  unhandled: true,
  statusMessage: undefined,
  data: undefined
}
2025-11-05T02:31:23: [request error] [unhandled] [GET] http://localhost:3000/_nuxt/DcHNM1Xn.js
 H3Error: ENOENT: no such file or directory, open '/Users/hf-mac/Downloads/tgpro-admin/.output/public/_nuxt/DcHNM1Xn.js'
    at open (node:internal/fs/promises:641:25)
    ... 2 lines matching cause stack trace ...
    at Server.toNodeHandle (file:///Users/hf-mac/Downloads/tgpro-admin/.output/server/chunks/nitro/nitro.mjs:2230:7) {
  cause: Error: ENOENT: no such file or directory, open '/Users/hf-mac/Downloads/tgpro-admin/.output/public/_nuxt/DcHNM1Xn.js'
      at open (node:internal/fs/promises:641:25)
      at Object.readFile (node:internal/fs/promises:1245:14)
      at Object.handler (file:///Users/hf-mac/Downloads/tgpro-admin/.output/server/chunks/nitro/nitro.mjs:1959:19)
      at Server.toNodeHandle (file:///Users/hf-mac/Downloads/tgpro-admin/.output/server/chunks/nitro/nitro.mjs:2230:7) {
    errno: -2,
    code: 'ENOENT',
    syscall: 'open',
    path: '/Users/hf-mac/Downloads/tgpro-admin/.output/public/_nuxt/DcHNM1Xn.js'
  },
  statusCode: 500,
  fatal: false,
  unhandled: true,
  statusMessage: undefined,
  data: undefined
}
2025-11-05T02:32:36: [request error] [unhandled] [GET] http://localhost:3000/_nuxt/DbAgXtul.js
 H3Error: ENOENT: no such file or directory, open '/Users/hf-mac/Downloads/tgpro-admin/.output/public/_nuxt/DbAgXtul.js'
    at open (node:internal/fs/promises:641:25)
    ... 2 lines matching cause stack trace ...
    at Server.toNodeHandle (file:///Users/hf-mac/Downloads/tgpro-admin/.output/server/chunks/nitro/nitro.mjs:2230:7) {
  cause: Error: ENOENT: no such file or directory, open '/Users/hf-mac/Downloads/tgpro-admin/.output/public/_nuxt/DbAgXtul.js'
      at open (node:internal/fs/promises:641:25)
      at Object.readFile (node:internal/fs/promises:1245:14)
      at Object.handler (file:///Users/hf-mac/Downloads/tgpro-admin/.output/server/chunks/nitro/nitro.mjs:1959:19)
      at Server.toNodeHandle (file:///Users/hf-mac/Downloads/tgpro-admin/.output/server/chunks/nitro/nitro.mjs:2230:7) {
    errno: -2,
    code: 'ENOENT',
    syscall: 'open',
    path: '/Users/hf-mac/Downloads/tgpro-admin/.output/public/_nuxt/DbAgXtul.js'
  },
  statusCode: 500,
  fatal: false,
  unhandled: true,
  statusMessage: undefined,
  data: undefined
}
2025-11-05T02:32:36: [request error] [unhandled] [GET] http://localhost:3000/_nuxt/D_B5nL8y.js
 H3Error: ENOENT: no such file or directory, open '/Users/hf-mac/Downloads/tgpro-admin/.output/public/_nuxt/D_B5nL8y.js'
    at open (node:internal/fs/promises:641:25)
    ... 2 lines matching cause stack trace ...
    at Server.toNodeHandle (file:///Users/hf-mac/Downloads/tgpro-admin/.output/server/chunks/nitro/nitro.mjs:2230:7) {
  cause: Error: ENOENT: no such file or directory, open '/Users/hf-mac/Downloads/tgpro-admin/.output/public/_nuxt/D_B5nL8y.js'
      at open (node:internal/fs/promises:641:25)
      at Object.readFile (node:internal/fs/promises:1245:14)
      at Object.handler (file:///Users/hf-mac/Downloads/tgpro-admin/.output/server/chunks/nitro/nitro.mjs:1959:19)
      at Server.toNodeHandle (file:///Users/hf-mac/Downloads/tgpro-admin/.output/server/chunks/nitro/nitro.mjs:2230:7) {
    errno: -2,
    code: 'ENOENT',
    syscall: 'open',
    path: '/Users/hf-mac/Downloads/tgpro-admin/.output/public/_nuxt/D_B5nL8y.js'
  },
  statusCode: 500,
  fatal: false,
  unhandled: true,
  statusMessage: undefined,
  data: undefined
}
2025-11-05T02:32:36: [request error] [unhandled] [GET] http://localhost:3000/_nuxt/Bl84yrz9.js
 H3Error: ENOENT: no such file or directory, open '/Users/hf-mac/Downloads/tgpro-admin/.output/public/_nuxt/Bl84yrz9.js'
    at open (node:internal/fs/promises:641:25)
    ... 2 lines matching cause stack trace ...
    at Server.toNodeHandle (file:///Users/hf-mac/Downloads/tgpro-admin/.output/server/chunks/nitro/nitro.mjs:2230:7) {
  cause: Error: ENOENT: no such file or directory, open '/Users/hf-mac/Downloads/tgpro-admin/.output/public/_nuxt/Bl84yrz9.js'
      at open (node:internal/fs/promises:641:25)
      at Object.readFile (node:internal/fs/promises:1245:14)
      at Object.handler (file:///Users/hf-mac/Downloads/tgpro-admin/.output/server/chunks/nitro/nitro.mjs:1959:19)
      at Server.toNodeHandle (file:///Users/hf-mac/Downloads/tgpro-admin/.output/server/chunks/nitro/nitro.mjs:2230:7) {
    errno: -2,
    code: 'ENOENT',
    syscall: 'open',
    path: '/Users/hf-mac/Downloads/tgpro-admin/.output/public/_nuxt/Bl84yrz9.js'
  },
  statusCode: 500,
  fatal: false,
  unhandled: true,
  statusMessage: undefined,
  data: undefined
}
2025-11-05T02:32:36: [request error] [unhandled] [GET] http://localhost:3000/_nuxt/DpNIWReE.js
 H3Error: ENOENT: no such file or directory, open '/Users/hf-mac/Downloads/tgpro-admin/.output/public/_nuxt/DpNIWReE.js'
    at open (node:internal/fs/promises:641:25)
    ... 2 lines matching cause stack trace ...
    at Server.toNodeHandle (file:///Users/hf-mac/Downloads/tgpro-admin/.output/server/chunks/nitro/nitro.mjs:2230:7) {
  cause: Error: ENOENT: no such file or directory, open '/Users/hf-mac/Downloads/tgpro-admin/.output/public/_nuxt/DpNIWReE.js'
      at open (node:internal/fs/promises:641:25)
      at Object.readFile (node:internal/fs/promises:1245:14)
      at Object.handler (file:///Users/hf-mac/Downloads/tgpro-admin/.output/server/chunks/nitro/nitro.mjs:1959:19)
      at Server.toNodeHandle (file:///Users/hf-mac/Downloads/tgpro-admin/.output/server/chunks/nitro/nitro.mjs:2230:7) {
    errno: -2,
    code: 'ENOENT',
    syscall: 'open',
    path: '/Users/hf-mac/Downloads/tgpro-admin/.output/public/_nuxt/DpNIWReE.js'
  },
  statusCode: 500,
  fatal: false,
  unhandled: true,
  statusMessage: undefined,
  data: undefined
}
2025-11-05T02:32:36: [request error] [unhandled] [GET] http://localhost:3000/_nuxt/D974gv07.js
 H3Error: ENOENT: no such file or directory, open '/Users/hf-mac/Downloads/tgpro-admin/.output/public/_nuxt/D974gv07.js'
    at open (node:internal/fs/promises:641:25)
    ... 2 lines matching cause stack trace ...
    at Server.toNodeHandle (file:///Users/hf-mac/Downloads/tgpro-admin/.output/server/chunks/nitro/nitro.mjs:2230:7) {
  cause: Error: ENOENT: no such file or directory, open '/Users/hf-mac/Downloads/tgpro-admin/.output/public/_nuxt/D974gv07.js'
      at open (node:internal/fs/promises:641:25)
      at Object.readFile (node:internal/fs/promises:1245:14)
      at Object.handler (file:///Users/hf-mac/Downloads/tgpro-admin/.output/server/chunks/nitro/nitro.mjs:1959:19)
      at Server.toNodeHandle (file:///Users/hf-mac/Downloads/tgpro-admin/.output/server/chunks/nitro/nitro.mjs:2230:7) {
    errno: -2,
    code: 'ENOENT',
    syscall: 'open',
    path: '/Users/hf-mac/Downloads/tgpro-admin/.output/public/_nuxt/D974gv07.js'
  },
  statusCode: 500,
  fatal: false,
  unhandled: true,
  statusMessage: undefined,
  data: undefined
}
2025-11-05T02:32:36: [request error] [unhandled] [GET] http://localhost:3000/_nuxt/D32lUId-.js
 H3Error: ENOENT: no such file or directory, open '/Users/hf-mac/Downloads/tgpro-admin/.output/public/_nuxt/D32lUId-.js'
    at open (node:internal/fs/promises:641:25)
    ... 2 lines matching cause stack trace ...
    at Server.toNodeHandle (file:///Users/hf-mac/Downloads/tgpro-admin/.output/server/chunks/nitro/nitro.mjs:2230:7) {
  cause: Error: ENOENT: no such file or directory, open '/Users/hf-mac/Downloads/tgpro-admin/.output/public/_nuxt/D32lUId-.js'
      at open (node:internal/fs/promises:641:25)
      at Object.readFile (node:internal/fs/promises:1245:14)
      at Object.handler (file:///Users/hf-mac/Downloads/tgpro-admin/.output/server/chunks/nitro/nitro.mjs:1959:19)
      at Server.toNodeHandle (file:///Users/hf-mac/Downloads/tgpro-admin/.output/server/chunks/nitro/nitro.mjs:2230:7) {
    errno: -2,
    code: 'ENOENT',
    syscall: 'open',
    path: '/Users/hf-mac/Downloads/tgpro-admin/.output/public/_nuxt/D32lUId-.js'
  },
  statusCode: 500,
  fatal: false,
  unhandled: true,
  statusMessage: undefined,
  data: undefined
}
2025-11-05T02:32:36: [request error] [unhandled] [GET] http://localhost:3000/_nuxt/CetYVyQG.js
 H3Error: ENOENT: no such file or directory, open '/Users/hf-mac/Downloads/tgpro-admin/.output/public/_nuxt/CetYVyQG.js'
    at open (node:internal/fs/promises:641:25)
    ... 2 lines matching cause stack trace ...
    at Server.toNodeHandle (file:///Users/hf-mac/Downloads/tgpro-admin/.output/server/chunks/nitro/nitro.mjs:2230:7) {
  cause: Error: ENOENT: no such file or directory, open '/Users/hf-mac/Downloads/tgpro-admin/.output/public/_nuxt/CetYVyQG.js'
      at open (node:internal/fs/promises:641:25)
      at Object.readFile (node:internal/fs/promises:1245:14)
      at Object.handler (file:///Users/hf-mac/Downloads/tgpro-admin/.output/server/chunks/nitro/nitro.mjs:1959:19)
      at Server.toNodeHandle (file:///Users/hf-mac/Downloads/tgpro-admin/.output/server/chunks/nitro/nitro.mjs:2230:7) {
    errno: -2,
    code: 'ENOENT',
    syscall: 'open',
    path: '/Users/hf-mac/Downloads/tgpro-admin/.output/public/_nuxt/CetYVyQG.js'
  },
  statusCode: 500,
  fatal: false,
  unhandled: true,
  statusMessage: undefined,
  data: undefined
}
2025-11-05T02:32:36: [request error] [unhandled] [GET] http://localhost:3000/_nuxt/Db7eFA1E.js
 H3Error: ENOENT: no such file or directory, open '/Users/hf-mac/Downloads/tgpro-admin/.output/public/_nuxt/Db7eFA1E.js'
    at open (node:internal/fs/promises:641:25)
    ... 2 lines matching cause stack trace ...
    at Server.toNodeHandle (file:///Users/hf-mac/Downloads/tgpro-admin/.output/server/chunks/nitro/nitro.mjs:2230:7) {
  cause: Error: ENOENT: no such file or directory, open '/Users/hf-mac/Downloads/tgpro-admin/.output/public/_nuxt/Db7eFA1E.js'
      at open (node:internal/fs/promises:641:25)
      at Object.readFile (node:internal/fs/promises:1245:14)
      at Object.handler (file:///Users/hf-mac/Downloads/tgpro-admin/.output/server/chunks/nitro/nitro.mjs:1959:19)
      at Server.toNodeHandle (file:///Users/hf-mac/Downloads/tgpro-admin/.output/server/chunks/nitro/nitro.mjs:2230:7) {
    errno: -2,
    code: 'ENOENT',
    syscall: 'open',
    path: '/Users/hf-mac/Downloads/tgpro-admin/.output/public/_nuxt/Db7eFA1E.js'
  },
  statusCode: 500,
  fatal: false,
  unhandled: true,
  statusMessage: undefined,
  data: undefined
}
2025-11-05T02:32:36: [request error] [unhandled] [GET] http://localhost:3000/_nuxt/DAr-OQmd.js
 H3Error: ENOENT: no such file or directory, open '/Users/hf-mac/Downloads/tgpro-admin/.output/public/_nuxt/DAr-OQmd.js'
    at open (node:internal/fs/promises:641:25)
    ... 2 lines matching cause stack trace ...
    at Server.toNodeHandle (file:///Users/hf-mac/Downloads/tgpro-admin/.output/server/chunks/nitro/nitro.mjs:2230:7) {
  cause: Error: ENOENT: no such file or directory, open '/Users/hf-mac/Downloads/tgpro-admin/.output/public/_nuxt/DAr-OQmd.js'
      at open (node:internal/fs/promises:641:25)
      at Object.readFile (node:internal/fs/promises:1245:14)
      at Object.handler (file:///Users/hf-mac/Downloads/tgpro-admin/.output/server/chunks/nitro/nitro.mjs:1959:19)
      at Server.toNodeHandle (file:///Users/hf-mac/Downloads/tgpro-admin/.output/server/chunks/nitro/nitro.mjs:2230:7) {
    errno: -2,
    code: 'ENOENT',
    syscall: 'open',
    path: '/Users/hf-mac/Downloads/tgpro-admin/.output/public/_nuxt/DAr-OQmd.js'
  },
  statusCode: 500,
  fatal: false,
  unhandled: true,
  statusMessage: undefined,
  data: undefined
}
2025-11-05T02:32:36: [request error] [unhandled] [GET] http://localhost:3000/_nuxt/Bdz-sLfb.js
 H3Error: ENOENT: no such file or directory, open '/Users/hf-mac/Downloads/tgpro-admin/.output/public/_nuxt/Bdz-sLfb.js'
    at open (node:internal/fs/promises:641:25)
    ... 2 lines matching cause stack trace ...
    at Server.toNodeHandle (file:///Users/hf-mac/Downloads/tgpro-admin/.output/server/chunks/nitro/nitro.mjs:2230:7) {
  cause: Error: ENOENT: no such file or directory, open '/Users/hf-mac/Downloads/tgpro-admin/.output/public/_nuxt/Bdz-sLfb.js'
      at open (node:internal/fs/promises:641:25)
      at Object.readFile (node:internal/fs/promises:1245:14)
      at Object.handler (file:///Users/hf-mac/Downloads/tgpro-admin/.output/server/chunks/nitro/nitro.mjs:1959:19)
      at Server.toNodeHandle (file:///Users/hf-mac/Downloads/tgpro-admin/.output/server/chunks/nitro/nitro.mjs:2230:7) {
    errno: -2,
    code: 'ENOENT',
    syscall: 'open',
    path: '/Users/hf-mac/Downloads/tgpro-admin/.output/public/_nuxt/Bdz-sLfb.js'
  },
  statusCode: 500,
  fatal: false,
  unhandled: true,
  statusMessage: undefined,
  data: undefined
}
2025-11-05T02:32:36: [request error] [unhandled] [GET] http://localhost:3000/_nuxt/BTgB1rvp.js
 H3Error: ENOENT: no such file or directory, open '/Users/hf-mac/Downloads/tgpro-admin/.output/public/_nuxt/BTgB1rvp.js'
    at open (node:internal/fs/promises:641:25)
    ... 2 lines matching cause stack trace ...
    at Server.toNodeHandle (file:///Users/hf-mac/Downloads/tgpro-admin/.output/server/chunks/nitro/nitro.mjs:2230:7) {
  cause: Error: ENOENT: no such file or directory, open '/Users/hf-mac/Downloads/tgpro-admin/.output/public/_nuxt/BTgB1rvp.js'
      at open (node:internal/fs/promises:641:25)
      at Object.readFile (node:internal/fs/promises:1245:14)
      at Object.handler (file:///Users/hf-mac/Downloads/tgpro-admin/.output/server/chunks/nitro/nitro.mjs:1959:19)
      at Server.toNodeHandle (file:///Users/hf-mac/Downloads/tgpro-admin/.output/server/chunks/nitro/nitro.mjs:2230:7) {
    errno: -2,
    code: 'ENOENT',
    syscall: 'open',
    path: '/Users/hf-mac/Downloads/tgpro-admin/.output/public/_nuxt/BTgB1rvp.js'
  },
  statusCode: 500,
  fatal: false,
  unhandled: true,
  statusMessage: undefined,
  data: undefined
}
2025-11-05T02:32:36: [request error] [unhandled] [GET] http://localhost:3000/_nuxt/CXT04lNs.js
 H3Error: ENOENT: no such file or directory, open '/Users/hf-mac/Downloads/tgpro-admin/.output/public/_nuxt/CXT04lNs.js'
    at open (node:internal/fs/promises:641:25)
    ... 2 lines matching cause stack trace ...
    at Server.toNodeHandle (file:///Users/hf-mac/Downloads/tgpro-admin/.output/server/chunks/nitro/nitro.mjs:2230:7) {
  cause: Error: ENOENT: no such file or directory, open '/Users/hf-mac/Downloads/tgpro-admin/.output/public/_nuxt/CXT04lNs.js'
      at open (node:internal/fs/promises:641:25)
      at Object.readFile (node:internal/fs/promises:1245:14)
      at Object.handler (file:///Users/hf-mac/Downloads/tgpro-admin/.output/server/chunks/nitro/nitro.mjs:1959:19)
      at Server.toNodeHandle (file:///Users/hf-mac/Downloads/tgpro-admin/.output/server/chunks/nitro/nitro.mjs:2230:7) {
    errno: -2,
    code: 'ENOENT',
    syscall: 'open',
    path: '/Users/hf-mac/Downloads/tgpro-admin/.output/public/_nuxt/CXT04lNs.js'
  },
  statusCode: 500,
  fatal: false,
  unhandled: true,
  statusMessage: undefined,
  data: undefined
}
2025-11-05T02:32:36: [request error] [unhandled] [GET] http://localhost:3000/_nuxt/DcHNM1Xn.js
 H3Error: ENOENT: no such file or directory, open '/Users/hf-mac/Downloads/tgpro-admin/.output/public/_nuxt/DcHNM1Xn.js'
    at open (node:internal/fs/promises:641:25)
    ... 2 lines matching cause stack trace ...
    at Server.toNodeHandle (file:///Users/hf-mac/Downloads/tgpro-admin/.output/server/chunks/nitro/nitro.mjs:2230:7) {
  cause: Error: ENOENT: no such file or directory, open '/Users/hf-mac/Downloads/tgpro-admin/.output/public/_nuxt/DcHNM1Xn.js'
      at open (node:internal/fs/promises:641:25)
      at Object.readFile (node:internal/fs/promises:1245:14)
      at Object.handler (file:///Users/hf-mac/Downloads/tgpro-admin/.output/server/chunks/nitro/nitro.mjs:1959:19)
      at Server.toNodeHandle (file:///Users/hf-mac/Downloads/tgpro-admin/.output/server/chunks/nitro/nitro.mjs:2230:7) {
    errno: -2,
    code: 'ENOENT',
    syscall: 'open',
    path: '/Users/hf-mac/Downloads/tgpro-admin/.output/public/_nuxt/DcHNM1Xn.js'
  },
  statusCode: 500,
  fatal: false,
  unhandled: true,
  statusMessage: undefined,
  data: undefined
}
2025-11-05T02:32:37: [request error] [unhandled] [GET] http://localhost:3000/_nuxt/DbAgXtul.js
 H3Error: ENOENT: no such file or directory, open '/Users/hf-mac/Downloads/tgpro-admin/.output/public/_nuxt/DbAgXtul.js'
    at open (node:internal/fs/promises:641:25)
    ... 2 lines matching cause stack trace ...
    at Server.toNodeHandle (file:///Users/hf-mac/Downloads/tgpro-admin/.output/server/chunks/nitro/nitro.mjs:2230:7) {
  cause: Error: ENOENT: no such file or directory, open '/Users/hf-mac/Downloads/tgpro-admin/.output/public/_nuxt/DbAgXtul.js'
      at open (node:internal/fs/promises:641:25)
      at Object.readFile (node:internal/fs/promises:1245:14)
      at Object.handler (file:///Users/hf-mac/Downloads/tgpro-admin/.output/server/chunks/nitro/nitro.mjs:1959:19)
      at Server.toNodeHandle (file:///Users/hf-mac/Downloads/tgpro-admin/.output/server/chunks/nitro/nitro.mjs:2230:7) {
    errno: -2,
    code: 'ENOENT',
    syscall: 'open',
    path: '/Users/hf-mac/Downloads/tgpro-admin/.output/public/_nuxt/DbAgXtul.js'
  },
  statusCode: 500,
  fatal: false,
  unhandled: true,
  statusMessage: undefined,
  data: undefined
}
2025-11-05T02:32:37: [request error] [unhandled] [GET] http://localhost:3000/_nuxt/D_B5nL8y.js
 H3Error: ENOENT: no such file or directory, open '/Users/hf-mac/Downloads/tgpro-admin/.output/public/_nuxt/D_B5nL8y.js'
    at open (node:internal/fs/promises:641:25)
    ... 2 lines matching cause stack trace ...
    at Server.toNodeHandle (file:///Users/hf-mac/Downloads/tgpro-admin/.output/server/chunks/nitro/nitro.mjs:2230:7) {
  cause: Error: ENOENT: no such file or directory, open '/Users/hf-mac/Downloads/tgpro-admin/.output/public/_nuxt/D_B5nL8y.js'
      at open (node:internal/fs/promises:641:25)
      at Object.readFile (node:internal/fs/promises:1245:14)
      at Object.handler (file:///Users/hf-mac/Downloads/tgpro-admin/.output/server/chunks/nitro/nitro.mjs:1959:19)
      at Server.toNodeHandle (file:///Users/hf-mac/Downloads/tgpro-admin/.output/server/chunks/nitro/nitro.mjs:2230:7) {
    errno: -2,
    code: 'ENOENT',
    syscall: 'open',
    path: '/Users/hf-mac/Downloads/tgpro-admin/.output/public/_nuxt/D_B5nL8y.js'
  },
  statusCode: 500,
  fatal: false,
  unhandled: true,
  statusMessage: undefined,
  data: undefined
}
2025-11-05T02:32:37: [request error] [unhandled] [GET] http://localhost:3000/_nuxt/Bl84yrz9.js
 H3Error: ENOENT: no such file or directory, open '/Users/hf-mac/Downloads/tgpro-admin/.output/public/_nuxt/Bl84yrz9.js'
    at open (node:internal/fs/promises:641:25)
    ... 2 lines matching cause stack trace ...
    at Server.toNodeHandle (file:///Users/hf-mac/Downloads/tgpro-admin/.output/server/chunks/nitro/nitro.mjs:2230:7) {
  cause: Error: ENOENT: no such file or directory, open '/Users/hf-mac/Downloads/tgpro-admin/.output/public/_nuxt/Bl84yrz9.js'
      at open (node:internal/fs/promises:641:25)
      at Object.readFile (node:internal/fs/promises:1245:14)
      at Object.handler (file:///Users/hf-mac/Downloads/tgpro-admin/.output/server/chunks/nitro/nitro.mjs:1959:19)
      at Server.toNodeHandle (file:///Users/hf-mac/Downloads/tgpro-admin/.output/server/chunks/nitro/nitro.mjs:2230:7) {
    errno: -2,
    code: 'ENOENT',
    syscall: 'open',
    path: '/Users/hf-mac/Downloads/tgpro-admin/.output/public/_nuxt/Bl84yrz9.js'
  },
  statusCode: 500,
  fatal: false,
  unhandled: true,
  statusMessage: undefined,
  data: undefined
}
2025-11-05T02:32:37: [request error] [unhandled] [GET] http://localhost:3000/_nuxt/DpNIWReE.js
 H3Error: ENOENT: no such file or directory, open '/Users/hf-mac/Downloads/tgpro-admin/.output/public/_nuxt/DpNIWReE.js'
    at open (node:internal/fs/promises:641:25)
    ... 2 lines matching cause stack trace ...
    at Server.toNodeHandle (file:///Users/hf-mac/Downloads/tgpro-admin/.output/server/chunks/nitro/nitro.mjs:2230:7) {
  cause: Error: ENOENT: no such file or directory, open '/Users/hf-mac/Downloads/tgpro-admin/.output/public/_nuxt/DpNIWReE.js'
      at open (node:internal/fs/promises:641:25)
      at Object.readFile (node:internal/fs/promises:1245:14)
      at Object.handler (file:///Users/hf-mac/Downloads/tgpro-admin/.output/server/chunks/nitro/nitro.mjs:1959:19)
      at Server.toNodeHandle (file:///Users/hf-mac/Downloads/tgpro-admin/.output/server/chunks/nitro/nitro.mjs:2230:7) {
    errno: -2,
    code: 'ENOENT',
    syscall: 'open',
    path: '/Users/hf-mac/Downloads/tgpro-admin/.output/public/_nuxt/DpNIWReE.js'
  },
  statusCode: 500,
  fatal: false,
  unhandled: true,
  statusMessage: undefined,
  data: undefined
}
2025-11-05T02:32:37: [request error] [unhandled] [GET] http://localhost:3000/_nuxt/D974gv07.js
 H3Error: ENOENT: no such file or directory, open '/Users/hf-mac/Downloads/tgpro-admin/.output/public/_nuxt/D974gv07.js'
    at open (node:internal/fs/promises:641:25)
    ... 2 lines matching cause stack trace ...
    at Server.toNodeHandle (file:///Users/hf-mac/Downloads/tgpro-admin/.output/server/chunks/nitro/nitro.mjs:2230:7) {
  cause: Error: ENOENT: no such file or directory, open '/Users/hf-mac/Downloads/tgpro-admin/.output/public/_nuxt/D974gv07.js'
      at open (node:internal/fs/promises:641:25)
      at Object.readFile (node:internal/fs/promises:1245:14)
      at Object.handler (file:///Users/hf-mac/Downloads/tgpro-admin/.output/server/chunks/nitro/nitro.mjs:1959:19)
      at Server.toNodeHandle (file:///Users/hf-mac/Downloads/tgpro-admin/.output/server/chunks/nitro/nitro.mjs:2230:7) {
    errno: -2,
    code: 'ENOENT',
    syscall: 'open',
    path: '/Users/hf-mac/Downloads/tgpro-admin/.output/public/_nuxt/D974gv07.js'
  },
  statusCode: 500,
  fatal: false,
  unhandled: true,
  statusMessage: undefined,
  data: undefined
}
2025-11-05T02:32:37: [request error] [unhandled] [GET] http://localhost:3000/_nuxt/D32lUId-.js
 H3Error: ENOENT: no such file or directory, open '/Users/hf-mac/Downloads/tgpro-admin/.output/public/_nuxt/D32lUId-.js'
    at open (node:internal/fs/promises:641:25)
    ... 2 lines matching cause stack trace ...
    at Server.toNodeHandle (file:///Users/hf-mac/Downloads/tgpro-admin/.output/server/chunks/nitro/nitro.mjs:2230:7) {
  cause: Error: ENOENT: no such file or directory, open '/Users/hf-mac/Downloads/tgpro-admin/.output/public/_nuxt/D32lUId-.js'
      at open (node:internal/fs/promises:641:25)
      at Object.readFile (node:internal/fs/promises:1245:14)
      at Object.handler (file:///Users/hf-mac/Downloads/tgpro-admin/.output/server/chunks/nitro/nitro.mjs:1959:19)
      at Server.toNodeHandle (file:///Users/hf-mac/Downloads/tgpro-admin/.output/server/chunks/nitro/nitro.mjs:2230:7) {
    errno: -2,
    code: 'ENOENT',
    syscall: 'open',
    path: '/Users/hf-mac/Downloads/tgpro-admin/.output/public/_nuxt/D32lUId-.js'
  },
  statusCode: 500,
  fatal: false,
  unhandled: true,
  statusMessage: undefined,
  data: undefined
}
2025-11-05T02:32:37: [request error] [unhandled] [GET] http://localhost:3000/_nuxt/CetYVyQG.js
 H3Error: ENOENT: no such file or directory, open '/Users/hf-mac/Downloads/tgpro-admin/.output/public/_nuxt/CetYVyQG.js'
    at open (node:internal/fs/promises:641:25)
    ... 2 lines matching cause stack trace ...
    at Server.toNodeHandle (file:///Users/hf-mac/Downloads/tgpro-admin/.output/server/chunks/nitro/nitro.mjs:2230:7) {
  cause: Error: ENOENT: no such file or directory, open '/Users/hf-mac/Downloads/tgpro-admin/.output/public/_nuxt/CetYVyQG.js'
      at open (node:internal/fs/promises:641:25)
      at Object.readFile (node:internal/fs/promises:1245:14)
      at Object.handler (file:///Users/hf-mac/Downloads/tgpro-admin/.output/server/chunks/nitro/nitro.mjs:1959:19)
      at Server.toNodeHandle (file:///Users/hf-mac/Downloads/tgpro-admin/.output/server/chunks/nitro/nitro.mjs:2230:7) {
    errno: -2,
    code: 'ENOENT',
    syscall: 'open',
    path: '/Users/hf-mac/Downloads/tgpro-admin/.output/public/_nuxt/CetYVyQG.js'
  },
  statusCode: 500,
  fatal: false,
  unhandled: true,
  statusMessage: undefined,
  data: undefined
}
2025-11-05T02:32:37: [request error] [unhandled] [GET] http://localhost:3000/_nuxt/Db7eFA1E.js
 H3Error: ENOENT: no such file or directory, open '/Users/hf-mac/Downloads/tgpro-admin/.output/public/_nuxt/Db7eFA1E.js'
    at open (node:internal/fs/promises:641:25)
    ... 2 lines matching cause stack trace ...
    at Server.toNodeHandle (file:///Users/hf-mac/Downloads/tgpro-admin/.output/server/chunks/nitro/nitro.mjs:2230:7) {
  cause: Error: ENOENT: no such file or directory, open '/Users/hf-mac/Downloads/tgpro-admin/.output/public/_nuxt/Db7eFA1E.js'
      at open (node:internal/fs/promises:641:25)
      at Object.readFile (node:internal/fs/promises:1245:14)
      at Object.handler (file:///Users/hf-mac/Downloads/tgpro-admin/.output/server/chunks/nitro/nitro.mjs:1959:19)
      at Server.toNodeHandle (file:///Users/hf-mac/Downloads/tgpro-admin/.output/server/chunks/nitro/nitro.mjs:2230:7) {
    errno: -2,
    code: 'ENOENT',
    syscall: 'open',
    path: '/Users/hf-mac/Downloads/tgpro-admin/.output/public/_nuxt/Db7eFA1E.js'
  },
  statusCode: 500,
  fatal: false,
  unhandled: true,
  statusMessage: undefined,
  data: undefined
}
2025-11-05T02:32:37: [request error] [unhandled] [GET] http://localhost:3000/_nuxt/DAr-OQmd.js
 H3Error: ENOENT: no such file or directory, open '/Users/hf-mac/Downloads/tgpro-admin/.output/public/_nuxt/DAr-OQmd.js'
    at open (node:internal/fs/promises:641:25)
    ... 2 lines matching cause stack trace ...
    at Server.toNodeHandle (file:///Users/hf-mac/Downloads/tgpro-admin/.output/server/chunks/nitro/nitro.mjs:2230:7) {
  cause: Error: ENOENT: no such file or directory, open '/Users/hf-mac/Downloads/tgpro-admin/.output/public/_nuxt/DAr-OQmd.js'
      at open (node:internal/fs/promises:641:25)
      at Object.readFile (node:internal/fs/promises:1245:14)
      at Object.handler (file:///Users/hf-mac/Downloads/tgpro-admin/.output/server/chunks/nitro/nitro.mjs:1959:19)
      at Server.toNodeHandle (file:///Users/hf-mac/Downloads/tgpro-admin/.output/server/chunks/nitro/nitro.mjs:2230:7) {
    errno: -2,
    code: 'ENOENT',
    syscall: 'open',
    path: '/Users/hf-mac/Downloads/tgpro-admin/.output/public/_nuxt/DAr-OQmd.js'
  },
  statusCode: 500,
  fatal: false,
  unhandled: true,
  statusMessage: undefined,
  data: undefined
}
2025-11-05T02:32:37: [request error] [unhandled] [GET] http://localhost:3000/_nuxt/Bdz-sLfb.js
 H3Error: ENOENT: no such file or directory, open '/Users/hf-mac/Downloads/tgpro-admin/.output/public/_nuxt/Bdz-sLfb.js'
    at open (node:internal/fs/promises:641:25)
    ... 2 lines matching cause stack trace ...
    at Server.toNodeHandle (file:///Users/hf-mac/Downloads/tgpro-admin/.output/server/chunks/nitro/nitro.mjs:2230:7) {
  cause: Error: ENOENT: no such file or directory, open '/Users/hf-mac/Downloads/tgpro-admin/.output/public/_nuxt/Bdz-sLfb.js'
      at open (node:internal/fs/promises:641:25)
      at Object.readFile (node:internal/fs/promises:1245:14)
      at Object.handler (file:///Users/hf-mac/Downloads/tgpro-admin/.output/server/chunks/nitro/nitro.mjs:1959:19)
      at Server.toNodeHandle (file:///Users/hf-mac/Downloads/tgpro-admin/.output/server/chunks/nitro/nitro.mjs:2230:7) {
    errno: -2,
    code: 'ENOENT',
    syscall: 'open',
    path: '/Users/hf-mac/Downloads/tgpro-admin/.output/public/_nuxt/Bdz-sLfb.js'
  },
  statusCode: 500,
  fatal: false,
  unhandled: true,
  statusMessage: undefined,
  data: undefined
}
2025-11-05T02:32:37: [request error] [unhandled] [GET] http://localhost:3000/_nuxt/BTgB1rvp.js
 H3Error: ENOENT: no such file or directory, open '/Users/hf-mac/Downloads/tgpro-admin/.output/public/_nuxt/BTgB1rvp.js'
    at open (node:internal/fs/promises:641:25)
    ... 2 lines matching cause stack trace ...
    at Server.toNodeHandle (file:///Users/hf-mac/Downloads/tgpro-admin/.output/server/chunks/nitro/nitro.mjs:2230:7) {
  cause: Error: ENOENT: no such file or directory, open '/Users/hf-mac/Downloads/tgpro-admin/.output/public/_nuxt/BTgB1rvp.js'
      at open (node:internal/fs/promises:641:25)
      at Object.readFile (node:internal/fs/promises:1245:14)
      at Object.handler (file:///Users/hf-mac/Downloads/tgpro-admin/.output/server/chunks/nitro/nitro.mjs:1959:19)
      at Server.toNodeHandle (file:///Users/hf-mac/Downloads/tgpro-admin/.output/server/chunks/nitro/nitro.mjs:2230:7) {
    errno: -2,
    code: 'ENOENT',
    syscall: 'open',
    path: '/Users/hf-mac/Downloads/tgpro-admin/.output/public/_nuxt/BTgB1rvp.js'
  },
  statusCode: 500,
  fatal: false,
  unhandled: true,
  statusMessage: undefined,
  data: undefined
}
2025-11-05T02:32:37: [request error] [unhandled] [GET] http://localhost:3000/_nuxt/CXT04lNs.js
 H3Error: ENOENT: no such file or directory, open '/Users/hf-mac/Downloads/tgpro-admin/.output/public/_nuxt/CXT04lNs.js'
    at open (node:internal/fs/promises:641:25)
    ... 2 lines matching cause stack trace ...
    at Server.toNodeHandle (file:///Users/hf-mac/Downloads/tgpro-admin/.output/server/chunks/nitro/nitro.mjs:2230:7) {
  cause: Error: ENOENT: no such file or directory, open '/Users/hf-mac/Downloads/tgpro-admin/.output/public/_nuxt/CXT04lNs.js'
      at open (node:internal/fs/promises:641:25)
      at Object.readFile (node:internal/fs/promises:1245:14)
      at Object.handler (file:///Users/hf-mac/Downloads/tgpro-admin/.output/server/chunks/nitro/nitro.mjs:1959:19)
      at Server.toNodeHandle (file:///Users/hf-mac/Downloads/tgpro-admin/.output/server/chunks/nitro/nitro.mjs:2230:7) {
    errno: -2,
    code: 'ENOENT',
    syscall: 'open',
    path: '/Users/hf-mac/Downloads/tgpro-admin/.output/public/_nuxt/CXT04lNs.js'
  },
  statusCode: 500,
  fatal: false,
  unhandled: true,
  statusMessage: undefined,
  data: undefined
}
2025-11-05T02:32:37: [request error] [unhandled] [GET] http://localhost:3000/_nuxt/DcHNM1Xn.js
 H3Error: ENOENT: no such file or directory, open '/Users/hf-mac/Downloads/tgpro-admin/.output/public/_nuxt/DcHNM1Xn.js'
    at open (node:internal/fs/promises:641:25)
    ... 2 lines matching cause stack trace ...
    at Server.toNodeHandle (file:///Users/hf-mac/Downloads/tgpro-admin/.output/server/chunks/nitro/nitro.mjs:2230:7) {
  cause: Error: ENOENT: no such file or directory, open '/Users/hf-mac/Downloads/tgpro-admin/.output/public/_nuxt/DcHNM1Xn.js'
      at open (node:internal/fs/promises:641:25)
      at Object.readFile (node:internal/fs/promises:1245:14)
      at Object.handler (file:///Users/hf-mac/Downloads/tgpro-admin/.output/server/chunks/nitro/nitro.mjs:1959:19)
      at Server.toNodeHandle (file:///Users/hf-mac/Downloads/tgpro-admin/.output/server/chunks/nitro/nitro.mjs:2230:7) {
    errno: -2,
    code: 'ENOENT',
    syscall: 'open',
    path: '/Users/hf-mac/Downloads/tgpro-admin/.output/public/_nuxt/DcHNM1Xn.js'
  },
  statusCode: 500,
  fatal: false,
  unhandled: true,
  statusMessage: undefined,
  data: undefined
}
