2025-11-04T15:26:23: 获取进程信息失败: Error: Command failed: ps aux | grep "hy.py" | grep -v grep

    at genericNodeError (node:internal/errors:983:15)
    at wrappedFn (node:internal/errors:537:14)
    at ChildProcess.exithandler (node:child_process:417:12)
    at ChildProcess.emit (node:events:519:28)
    at maybeClose (node:internal/child_process:1101:16)
    at Socket.<anonymous> (node:internal/child_process:456:11)
    at Socket.emit (node:events:519:28)
    at Pipe.<anonymous> (node:net:346:12) {
  code: 1,
  killed: false,
  signal: null,
  cmd: 'ps aux | grep "hy.py" | grep -v grep',
  stdout: '',
  stderr: ''
}
2025-11-04T15:32:08: Ignoring invalid configuration option passed to Connection: acquireTimeout. This is currently a warning, but in future versions of MySQL2, an error will be thrown if you pass an invalid configuration option to a Connection
2025-11-04T15:32:08: Ignoring invalid configuration option passed to Connection: timeout. This is currently a warning, but in future versions of MySQL2, an error will be thrown if you pass an invalid configuration option to a Connection
2025-11-04T15:32:08: Ignoring invalid configuration option passed to Connection: reconnect. This is currently a warning, but in future versions of MySQL2, an error will be thrown if you pass an invalid configuration option to a Connection
2025-11-04T16:34:32: 获取进程信息失败: Error: Command failed: ps aux | grep "hy.py" | grep -v grep

    at genericNodeError (node:internal/errors:983:15)
    at wrappedFn (node:internal/errors:537:14)
    at ChildProcess.exithandler (node:child_process:417:12)
    at ChildProcess.emit (node:events:519:28)
    at maybeClose (node:internal/child_process:1101:16)
    at Socket.<anonymous> (node:internal/child_process:456:11)
    at Socket.emit (node:events:519:28)
    at Pipe.<anonymous> (node:net:346:12) {
  code: 1,
  killed: false,
  signal: null,
  cmd: 'ps aux | grep "hy.py" | grep -v grep',
  stdout: '',
  stderr: ''
}
2025-11-04T16:34:42: Ignoring invalid configuration option passed to Connection: acquireTimeout. This is currently a warning, but in future versions of MySQL2, an error will be thrown if you pass an invalid configuration option to a Connection
2025-11-04T16:34:42: Ignoring invalid configuration option passed to Connection: timeout. This is currently a warning, but in future versions of MySQL2, an error will be thrown if you pass an invalid configuration option to a Connection
2025-11-04T16:34:42: Ignoring invalid configuration option passed to Connection: reconnect. This is currently a warning, but in future versions of MySQL2, an error will be thrown if you pass an invalid configuration option to a Connection
2025-11-04T16:39:31: 获取进程信息失败: Error: Command failed: ps aux | grep "hy.py" | grep -v grep

    at genericNodeError (node:internal/errors:983:15)
    at wrappedFn (node:internal/errors:537:14)
    at ChildProcess.exithandler (node:child_process:417:12)
    at ChildProcess.emit (node:events:519:28)
    at maybeClose (node:internal/child_process:1101:16)
    at Socket.<anonymous> (node:internal/child_process:456:11)
    at Socket.emit (node:events:519:28)
    at Pipe.<anonymous> (node:net:346:12) {
  code: 1,
  killed: false,
  signal: null,
  cmd: 'ps aux | grep "hy.py" | grep -v grep',
  stdout: '',
  stderr: ''
}
2025-11-04T16:40:01: 获取进程信息失败: Error: Command failed: ps aux | grep "hy.py" | grep -v grep

    at genericNodeError (node:internal/errors:983:15)
    at wrappedFn (node:internal/errors:537:14)
    at ChildProcess.exithandler (node:child_process:417:12)
    at ChildProcess.emit (node:events:519:28)
    at maybeClose (node:internal/child_process:1101:16)
    at Process.ChildProcess._handle.onexit (node:internal/child_process:304:5) {
  code: 1,
  killed: false,
  signal: null,
  cmd: 'ps aux | grep "hy.py" | grep -v grep',
  stdout: '',
  stderr: ''
}
2025-11-04T16:40:31: 获取进程信息失败: Error: Command failed: ps aux | grep "hy.py" | grep -v grep

    at genericNodeError (node:internal/errors:983:15)
    at wrappedFn (node:internal/errors:537:14)
    at ChildProcess.exithandler (node:child_process:417:12)
    at ChildProcess.emit (node:events:519:28)
    at maybeClose (node:internal/child_process:1101:16)
    at Socket.<anonymous> (node:internal/child_process:456:11)
    at Socket.emit (node:events:519:28)
    at Pipe.<anonymous> (node:net:346:12) {
  code: 1,
  killed: false,
  signal: null,
  cmd: 'ps aux | grep "hy.py" | grep -v grep',
  stdout: '',
  stderr: ''
}
2025-11-04T16:40:31: Ignoring invalid configuration option passed to Connection: acquireTimeout. This is currently a warning, but in future versions of MySQL2, an error will be thrown if you pass an invalid configuration option to a Connection
2025-11-04T16:40:31: Ignoring invalid configuration option passed to Connection: timeout. This is currently a warning, but in future versions of MySQL2, an error will be thrown if you pass an invalid configuration option to a Connection
2025-11-04T16:40:31: Ignoring invalid configuration option passed to Connection: reconnect. This is currently a warning, but in future versions of MySQL2, an error will be thrown if you pass an invalid configuration option to a Connection
2025-11-04T16:41:01: 获取进程信息失败: Error: Command failed: ps aux | grep "hy.py" | grep -v grep

    at genericNodeError (node:internal/errors:983:15)
    at wrappedFn (node:internal/errors:537:14)
    at ChildProcess.exithandler (node:child_process:417:12)
    at ChildProcess.emit (node:events:519:28)
    at maybeClose (node:internal/child_process:1101:16)
    at Process.ChildProcess._handle.onexit (node:internal/child_process:304:5) {
  code: 1,
  killed: false,
  signal: null,
  cmd: 'ps aux | grep "hy.py" | grep -v grep',
  stdout: '',
  stderr: ''
}
2025-11-04T16:41:31: 获取进程信息失败: Error: Command failed: ps aux | grep "hy.py" | grep -v grep

    at genericNodeError (node:internal/errors:983:15)
    at wrappedFn (node:internal/errors:537:14)
    at ChildProcess.exithandler (node:child_process:417:12)
    at ChildProcess.emit (node:events:519:28)
    at maybeClose (node:internal/child_process:1101:16)
    at Process.ChildProcess._handle.onexit (node:internal/child_process:304:5) {
  code: 1,
  killed: false,
  signal: null,
  cmd: 'ps aux | grep "hy.py" | grep -v grep',
  stdout: '',
  stderr: ''
}
2025-11-04T16:42:01: 获取进程信息失败: Error: Command failed: ps aux | grep "hy.py" | grep -v grep

    at genericNodeError (node:internal/errors:983:15)
    at wrappedFn (node:internal/errors:537:14)
    at ChildProcess.exithandler (node:child_process:417:12)
    at ChildProcess.emit (node:events:519:28)
    at maybeClose (node:internal/child_process:1101:16)
    at Process.ChildProcess._handle.onexit (node:internal/child_process:304:5) {
  code: 1,
  killed: false,
  signal: null,
  cmd: 'ps aux | grep "hy.py" | grep -v grep',
  stdout: '',
  stderr: ''
}
2025-11-04T16:42:31: 获取进程信息失败: Error: Command failed: ps aux | grep "hy.py" | grep -v grep

    at genericNodeError (node:internal/errors:983:15)
    at wrappedFn (node:internal/errors:537:14)
    at ChildProcess.exithandler (node:child_process:417:12)
    at ChildProcess.emit (node:events:519:28)
    at maybeClose (node:internal/child_process:1101:16)
    at Process.ChildProcess._handle.onexit (node:internal/child_process:304:5) {
  code: 1,
  killed: false,
  signal: null,
  cmd: 'ps aux | grep "hy.py" | grep -v grep',
  stdout: '',
  stderr: ''
}
2025-11-04T16:42:53: 获取进程信息失败: Error: Command failed: ps aux | grep "hy.py" | grep -v grep

    at genericNodeError (node:internal/errors:983:15)
    at wrappedFn (node:internal/errors:537:14)
    at ChildProcess.exithandler (node:child_process:417:12)
    at ChildProcess.emit (node:events:519:28)
    at maybeClose (node:internal/child_process:1101:16)
    at Socket.<anonymous> (node:internal/child_process:456:11)
    at Socket.emit (node:events:519:28)
    at Pipe.<anonymous> (node:net:346:12) {
  code: 1,
  killed: false,
  signal: null,
  cmd: 'ps aux | grep "hy.py" | grep -v grep',
  stdout: '',
  stderr: ''
}
2025-11-04T16:42:55: Ignoring invalid configuration option passed to Connection: acquireTimeout. This is currently a warning, but in future versions of MySQL2, an error will be thrown if you pass an invalid configuration option to a Connection
2025-11-04T16:42:55: Ignoring invalid configuration option passed to Connection: timeout. This is currently a warning, but in future versions of MySQL2, an error will be thrown if you pass an invalid configuration option to a Connection
2025-11-04T16:42:55: Ignoring invalid configuration option passed to Connection: reconnect. This is currently a warning, but in future versions of MySQL2, an error will be thrown if you pass an invalid configuration option to a Connection
2025-11-04T17:02:28: Ignoring invalid configuration option passed to Connection: acquireTimeout. This is currently a warning, but in future versions of MySQL2, an error will be thrown if you pass an invalid configuration option to a Connection
2025-11-04T17:02:28: Ignoring invalid configuration option passed to Connection: timeout. This is currently a warning, but in future versions of MySQL2, an error will be thrown if you pass an invalid configuration option to a Connection
2025-11-04T17:02:28: Ignoring invalid configuration option passed to Connection: reconnect. This is currently a warning, but in future versions of MySQL2, an error will be thrown if you pass an invalid configuration option to a Connection
2025-11-04T17:12:40: Ignoring invalid configuration option passed to Connection: acquireTimeout. This is currently a warning, but in future versions of MySQL2, an error will be thrown if you pass an invalid configuration option to a Connection
2025-11-04T17:12:40: Ignoring invalid configuration option passed to Connection: timeout. This is currently a warning, but in future versions of MySQL2, an error will be thrown if you pass an invalid configuration option to a Connection
2025-11-04T17:12:40: Ignoring invalid configuration option passed to Connection: reconnect. This is currently a warning, but in future versions of MySQL2, an error will be thrown if you pass an invalid configuration option to a Connection
2025-11-04T17:15:10: 获取进程信息失败: Error: Command failed: ps aux | grep "hy.py" | grep -v grep

    at genericNodeError (node:internal/errors:983:15)
    at wrappedFn (node:internal/errors:537:14)
    at ChildProcess.exithandler (node:child_process:417:12)
    at ChildProcess.emit (node:events:519:28)
    at maybeClose (node:internal/child_process:1101:16)
    at Socket.<anonymous> (node:internal/child_process:456:11)
    at Socket.emit (node:events:519:28)
    at Pipe.<anonymous> (node:net:346:12) {
  code: 1,
  killed: false,
  signal: null,
  cmd: 'ps aux | grep "hy.py" | grep -v grep',
  stdout: '',
  stderr: ''
}
2025-11-04T17:15:37: [request error] [unhandled] [GET] http://localhost:3000/license
 TypeError: Cannot read properties of null (reading 'message')
    at file:///Users/hf-mac/Downloads/tgpro-admin/pages/license/index.vue:47:36
    ... 8 lines matching cause stack trace ...
    at renderComponentVNode (/Users/hf-mac/Downloads/tgpro-admin/.output/server/node_modules/@vue/server-renderer/dist/server-renderer.cjs.prod.js:416:12) {
  cause: TypeError: Cannot read properties of null (reading 'message')
      at file:///Users/hf-mac/Downloads/tgpro-admin/pages/license/index.vue:47:36
      at renderComponentSubTree (/Users/hf-mac/Downloads/tgpro-admin/.output/server/node_modules/@vue/server-renderer/dist/server-renderer.cjs.prod.js:466:9)
      at renderComponentVNode (/Users/hf-mac/Downloads/tgpro-admin/.output/server/node_modules/@vue/server-renderer/dist/server-renderer.cjs.prod.js:416:12)
      at renderVNode (/Users/hf-mac/Downloads/tgpro-admin/.output/server/node_modules/@vue/server-renderer/dist/server-renderer.cjs.prod.js:529:14)
      at renderComponentSubTree (/Users/hf-mac/Downloads/tgpro-admin/.output/server/node_modules/@vue/server-renderer/dist/server-renderer.cjs.prod.js:481:7)
      at renderComponentVNode (/Users/hf-mac/Downloads/tgpro-admin/.output/server/node_modules/@vue/server-renderer/dist/server-renderer.cjs.prod.js:416:12)
      at renderVNode (/Users/hf-mac/Downloads/tgpro-admin/.output/server/node_modules/@vue/server-renderer/dist/server-renderer.cjs.prod.js:529:14)
      at renderVNode (/Users/hf-mac/Downloads/tgpro-admin/.output/server/node_modules/@vue/server-renderer/dist/server-renderer.cjs.prod.js:533:9)
      at renderComponentSubTree (/Users/hf-mac/Downloads/tgpro-admin/.output/server/node_modules/@vue/server-renderer/dist/server-renderer.cjs.prod.js:481:7)
      at renderComponentVNode (/Users/hf-mac/Downloads/tgpro-admin/.output/server/node_modules/@vue/server-renderer/dist/server-renderer.cjs.prod.js:416:12),
  statusCode: 500,
  fatal: false,
  unhandled: true,
  statusMessage: undefined,
  data: undefined
}
You have triggered an unhandledRejection, you may have forgotten to catch a Promise rejection:
TypeError: Cannot read properties of null (reading 'message')
    at file:///Users/hf-mac/Downloads/tgpro-admin/pages/license/index.vue:47:36
    at renderComponentSubTree (/Users/hf-mac/Downloads/tgpro-admin/.output/server/node_modules/@vue/server-renderer/dist/server-renderer.cjs.prod.js:466:9)
    at renderComponentVNode (/Users/hf-mac/Downloads/tgpro-admin/.output/server/node_modules/@vue/server-renderer/dist/server-renderer.cjs.prod.js:416:12)
    at renderVNode (/Users/hf-mac/Downloads/tgpro-admin/.output/server/node_modules/@vue/server-renderer/dist/server-renderer.cjs.prod.js:529:14)
    at renderComponentSubTree (/Users/hf-mac/Downloads/tgpro-admin/.output/server/node_modules/@vue/server-renderer/dist/server-renderer.cjs.prod.js:481:7)
    at renderComponentVNode (/Users/hf-mac/Downloads/tgpro-admin/.output/server/node_modules/@vue/server-renderer/dist/server-renderer.cjs.prod.js:416:12)
    at renderVNode (/Users/hf-mac/Downloads/tgpro-admin/.output/server/node_modules/@vue/server-renderer/dist/server-renderer.cjs.prod.js:529:14)
    at renderVNode (/Users/hf-mac/Downloads/tgpro-admin/.output/server/node_modules/@vue/server-renderer/dist/server-renderer.cjs.prod.js:533:9)
    at renderComponentSubTree (/Users/hf-mac/Downloads/tgpro-admin/.output/server/node_modules/@vue/server-renderer/dist/server-renderer.cjs.prod.js:481:7)
    at renderComponentVNode (/Users/hf-mac/Downloads/tgpro-admin/.output/server/node_modules/@vue/server-renderer/dist/server-renderer.cjs.prod.js:416:12)
2025-11-04T17:15:39: [unhandledRejection] TypeError: Cannot read properties of null (reading 'message')
    at file:///Users/hf-mac/Downloads/tgpro-admin/pages/license/index.vue:47:36
    at renderComponentSubTree (/Users/hf-mac/Downloads/tgpro-admin/.output/server/node_modules/@vue/server-renderer/dist/server-renderer.cjs.prod.js:466:9)
    at renderComponentVNode (/Users/hf-mac/Downloads/tgpro-admin/.output/server/node_modules/@vue/server-renderer/dist/server-renderer.cjs.prod.js:416:12)
    at renderVNode (/Users/hf-mac/Downloads/tgpro-admin/.output/server/node_modules/@vue/server-renderer/dist/server-renderer.cjs.prod.js:529:14)
    at renderComponentSubTree (/Users/hf-mac/Downloads/tgpro-admin/.output/server/node_modules/@vue/server-renderer/dist/server-renderer.cjs.prod.js:481:7)
    at renderComponentVNode (/Users/hf-mac/Downloads/tgpro-admin/.output/server/node_modules/@vue/server-renderer/dist/server-renderer.cjs.prod.js:416:12)
    at renderVNode (/Users/hf-mac/Downloads/tgpro-admin/.output/server/node_modules/@vue/server-renderer/dist/server-renderer.cjs.prod.js:529:14)
    at renderVNode (/Users/hf-mac/Downloads/tgpro-admin/.output/server/node_modules/@vue/server-renderer/dist/server-renderer.cjs.prod.js:533:9)
    at renderComponentSubTree (/Users/hf-mac/Downloads/tgpro-admin/.output/server/node_modules/@vue/server-renderer/dist/server-renderer.cjs.prod.js:481:7)
    at renderComponentVNode (/Users/hf-mac/Downloads/tgpro-admin/.output/server/node_modules/@vue/server-renderer/dist/server-renderer.cjs.prod.js:416:12)
You have triggered an unhandledRejection, you may have forgotten to catch a Promise rejection:
TypeError: Cannot read properties of null (reading 'message')
    at file:///Users/hf-mac/Downloads/tgpro-admin/pages/license/index.vue:47:36
    at renderComponentSubTree (/Users/hf-mac/Downloads/tgpro-admin/.output/server/node_modules/@vue/server-renderer/dist/server-renderer.cjs.prod.js:466:9)
    at renderComponentVNode (/Users/hf-mac/Downloads/tgpro-admin/.output/server/node_modules/@vue/server-renderer/dist/server-renderer.cjs.prod.js:416:12)
    at renderVNode (/Users/hf-mac/Downloads/tgpro-admin/.output/server/node_modules/@vue/server-renderer/dist/server-renderer.cjs.prod.js:529:14)
    at renderComponentSubTree (/Users/hf-mac/Downloads/tgpro-admin/.output/server/node_modules/@vue/server-renderer/dist/server-renderer.cjs.prod.js:481:7)
    at renderComponentVNode (/Users/hf-mac/Downloads/tgpro-admin/.output/server/node_modules/@vue/server-renderer/dist/server-renderer.cjs.prod.js:416:12)
    at renderVNode (/Users/hf-mac/Downloads/tgpro-admin/.output/server/node_modules/@vue/server-renderer/dist/server-renderer.cjs.prod.js:529:14)
    at renderVNode (/Users/hf-mac/Downloads/tgpro-admin/.output/server/node_modules/@vue/server-renderer/dist/server-renderer.cjs.prod.js:533:9)
    at renderComponentSubTree (/Users/hf-mac/Downloads/tgpro-admin/.output/server/node_modules/@vue/server-renderer/dist/server-renderer.cjs.prod.js:481:7)
    at renderComponentVNode (/Users/hf-mac/Downloads/tgpro-admin/.output/server/node_modules/@vue/server-renderer/dist/server-renderer.cjs.prod.js:416:12)
2025-11-04T17:15:46: [unhandledRejection] TypeError: Cannot read properties of null (reading 'message')
    at file:///Users/hf-mac/Downloads/tgpro-admin/pages/license/index.vue:47:36
    at renderComponentSubTree (/Users/hf-mac/Downloads/tgpro-admin/.output/server/node_modules/@vue/server-renderer/dist/server-renderer.cjs.prod.js:466:9)
    at renderComponentVNode (/Users/hf-mac/Downloads/tgpro-admin/.output/server/node_modules/@vue/server-renderer/dist/server-renderer.cjs.prod.js:416:12)
    at renderVNode (/Users/hf-mac/Downloads/tgpro-admin/.output/server/node_modules/@vue/server-renderer/dist/server-renderer.cjs.prod.js:529:14)
    at renderComponentSubTree (/Users/hf-mac/Downloads/tgpro-admin/.output/server/node_modules/@vue/server-renderer/dist/server-renderer.cjs.prod.js:481:7)
    at renderComponentVNode (/Users/hf-mac/Downloads/tgpro-admin/.output/server/node_modules/@vue/server-renderer/dist/server-renderer.cjs.prod.js:416:12)
    at renderVNode (/Users/hf-mac/Downloads/tgpro-admin/.output/server/node_modules/@vue/server-renderer/dist/server-renderer.cjs.prod.js:529:14)
    at renderVNode (/Users/hf-mac/Downloads/tgpro-admin/.output/server/node_modules/@vue/server-renderer/dist/server-renderer.cjs.prod.js:533:9)
    at renderComponentSubTree (/Users/hf-mac/Downloads/tgpro-admin/.output/server/node_modules/@vue/server-renderer/dist/server-renderer.cjs.prod.js:481:7)
    at renderComponentVNode (/Users/hf-mac/Downloads/tgpro-admin/.output/server/node_modules/@vue/server-renderer/dist/server-renderer.cjs.prod.js:416:12)
You have triggered an unhandledRejection, you may have forgotten to catch a Promise rejection:
TypeError: Cannot read properties of null (reading 'message')
    at file:///Users/hf-mac/Downloads/tgpro-admin/pages/license/index.vue:47:36
    at renderComponentSubTree (/Users/hf-mac/Downloads/tgpro-admin/.output/server/node_modules/@vue/server-renderer/dist/server-renderer.cjs.prod.js:466:9)
    at renderComponentVNode (/Users/hf-mac/Downloads/tgpro-admin/.output/server/node_modules/@vue/server-renderer/dist/server-renderer.cjs.prod.js:416:12)
    at renderVNode (/Users/hf-mac/Downloads/tgpro-admin/.output/server/node_modules/@vue/server-renderer/dist/server-renderer.cjs.prod.js:529:14)
    at renderComponentSubTree (/Users/hf-mac/Downloads/tgpro-admin/.output/server/node_modules/@vue/server-renderer/dist/server-renderer.cjs.prod.js:481:7)
    at renderComponentVNode (/Users/hf-mac/Downloads/tgpro-admin/.output/server/node_modules/@vue/server-renderer/dist/server-renderer.cjs.prod.js:416:12)
    at renderVNode (/Users/hf-mac/Downloads/tgpro-admin/.output/server/node_modules/@vue/server-renderer/dist/server-renderer.cjs.prod.js:529:14)
    at renderVNode (/Users/hf-mac/Downloads/tgpro-admin/.output/server/node_modules/@vue/server-renderer/dist/server-renderer.cjs.prod.js:533:9)
    at renderComponentSubTree (/Users/hf-mac/Downloads/tgpro-admin/.output/server/node_modules/@vue/server-renderer/dist/server-renderer.cjs.prod.js:481:7)
    at renderComponentVNode (/Users/hf-mac/Downloads/tgpro-admin/.output/server/node_modules/@vue/server-renderer/dist/server-renderer.cjs.prod.js:416:12)
2025-11-04T17:15:55: [unhandledRejection] TypeError: Cannot read properties of null (reading 'message')
    at file:///Users/hf-mac/Downloads/tgpro-admin/pages/license/index.vue:47:36
    at renderComponentSubTree (/Users/hf-mac/Downloads/tgpro-admin/.output/server/node_modules/@vue/server-renderer/dist/server-renderer.cjs.prod.js:466:9)
    at renderComponentVNode (/Users/hf-mac/Downloads/tgpro-admin/.output/server/node_modules/@vue/server-renderer/dist/server-renderer.cjs.prod.js:416:12)
    at renderVNode (/Users/hf-mac/Downloads/tgpro-admin/.output/server/node_modules/@vue/server-renderer/dist/server-renderer.cjs.prod.js:529:14)
    at renderComponentSubTree (/Users/hf-mac/Downloads/tgpro-admin/.output/server/node_modules/@vue/server-renderer/dist/server-renderer.cjs.prod.js:481:7)
    at renderComponentVNode (/Users/hf-mac/Downloads/tgpro-admin/.output/server/node_modules/@vue/server-renderer/dist/server-renderer.cjs.prod.js:416:12)
    at renderVNode (/Users/hf-mac/Downloads/tgpro-admin/.output/server/node_modules/@vue/server-renderer/dist/server-renderer.cjs.prod.js:529:14)
    at renderVNode (/Users/hf-mac/Downloads/tgpro-admin/.output/server/node_modules/@vue/server-renderer/dist/server-renderer.cjs.prod.js:533:9)
    at renderComponentSubTree (/Users/hf-mac/Downloads/tgpro-admin/.output/server/node_modules/@vue/server-renderer/dist/server-renderer.cjs.prod.js:481:7)
    at renderComponentVNode (/Users/hf-mac/Downloads/tgpro-admin/.output/server/node_modules/@vue/server-renderer/dist/server-renderer.cjs.prod.js:416:12)
You have triggered an unhandledRejection, you may have forgotten to catch a Promise rejection:
TypeError: Cannot read properties of null (reading 'message')
    at file:///Users/hf-mac/Downloads/tgpro-admin/pages/license/index.vue:47:36
    at renderComponentSubTree (/Users/hf-mac/Downloads/tgpro-admin/.output/server/node_modules/@vue/server-renderer/dist/server-renderer.cjs.prod.js:466:9)
    at renderComponentVNode (/Users/hf-mac/Downloads/tgpro-admin/.output/server/node_modules/@vue/server-renderer/dist/server-renderer.cjs.prod.js:416:12)
    at renderVNode (/Users/hf-mac/Downloads/tgpro-admin/.output/server/node_modules/@vue/server-renderer/dist/server-renderer.cjs.prod.js:529:14)
    at renderComponentSubTree (/Users/hf-mac/Downloads/tgpro-admin/.output/server/node_modules/@vue/server-renderer/dist/server-renderer.cjs.prod.js:481:7)
    at renderComponentVNode (/Users/hf-mac/Downloads/tgpro-admin/.output/server/node_modules/@vue/server-renderer/dist/server-renderer.cjs.prod.js:416:12)
    at renderVNode (/Users/hf-mac/Downloads/tgpro-admin/.output/server/node_modules/@vue/server-renderer/dist/server-renderer.cjs.prod.js:529:14)
    at renderVNode (/Users/hf-mac/Downloads/tgpro-admin/.output/server/node_modules/@vue/server-renderer/dist/server-renderer.cjs.prod.js:533:9)
    at renderComponentSubTree (/Users/hf-mac/Downloads/tgpro-admin/.output/server/node_modules/@vue/server-renderer/dist/server-renderer.cjs.prod.js:481:7)
    at renderComponentVNode (/Users/hf-mac/Downloads/tgpro-admin/.output/server/node_modules/@vue/server-renderer/dist/server-renderer.cjs.prod.js:416:12)
2025-11-04T17:15:56: [unhandledRejection] TypeError: Cannot read properties of null (reading 'message')
    at file:///Users/hf-mac/Downloads/tgpro-admin/pages/license/index.vue:47:36
    at renderComponentSubTree (/Users/hf-mac/Downloads/tgpro-admin/.output/server/node_modules/@vue/server-renderer/dist/server-renderer.cjs.prod.js:466:9)
    at renderComponentVNode (/Users/hf-mac/Downloads/tgpro-admin/.output/server/node_modules/@vue/server-renderer/dist/server-renderer.cjs.prod.js:416:12)
    at renderVNode (/Users/hf-mac/Downloads/tgpro-admin/.output/server/node_modules/@vue/server-renderer/dist/server-renderer.cjs.prod.js:529:14)
    at renderComponentSubTree (/Users/hf-mac/Downloads/tgpro-admin/.output/server/node_modules/@vue/server-renderer/dist/server-renderer.cjs.prod.js:481:7)
    at renderComponentVNode (/Users/hf-mac/Downloads/tgpro-admin/.output/server/node_modules/@vue/server-renderer/dist/server-renderer.cjs.prod.js:416:12)
    at renderVNode (/Users/hf-mac/Downloads/tgpro-admin/.output/server/node_modules/@vue/server-renderer/dist/server-renderer.cjs.prod.js:529:14)
    at renderVNode (/Users/hf-mac/Downloads/tgpro-admin/.output/server/node_modules/@vue/server-renderer/dist/server-renderer.cjs.prod.js:533:9)
    at renderComponentSubTree (/Users/hf-mac/Downloads/tgpro-admin/.output/server/node_modules/@vue/server-renderer/dist/server-renderer.cjs.prod.js:481:7)
    at renderComponentVNode (/Users/hf-mac/Downloads/tgpro-admin/.output/server/node_modules/@vue/server-renderer/dist/server-renderer.cjs.prod.js:416:12)
You have triggered an unhandledRejection, you may have forgotten to catch a Promise rejection:
TypeError: Cannot read properties of null (reading 'message')
    at file:///Users/hf-mac/Downloads/tgpro-admin/pages/license/index.vue:47:36
    at renderComponentSubTree (/Users/hf-mac/Downloads/tgpro-admin/.output/server/node_modules/@vue/server-renderer/dist/server-renderer.cjs.prod.js:466:9)
    at renderComponentVNode (/Users/hf-mac/Downloads/tgpro-admin/.output/server/node_modules/@vue/server-renderer/dist/server-renderer.cjs.prod.js:416:12)
    at renderVNode (/Users/hf-mac/Downloads/tgpro-admin/.output/server/node_modules/@vue/server-renderer/dist/server-renderer.cjs.prod.js:529:14)
    at renderComponentSubTree (/Users/hf-mac/Downloads/tgpro-admin/.output/server/node_modules/@vue/server-renderer/dist/server-renderer.cjs.prod.js:481:7)
    at renderComponentVNode (/Users/hf-mac/Downloads/tgpro-admin/.output/server/node_modules/@vue/server-renderer/dist/server-renderer.cjs.prod.js:416:12)
    at renderVNode (/Users/hf-mac/Downloads/tgpro-admin/.output/server/node_modules/@vue/server-renderer/dist/server-renderer.cjs.prod.js:529:14)
    at renderVNode (/Users/hf-mac/Downloads/tgpro-admin/.output/server/node_modules/@vue/server-renderer/dist/server-renderer.cjs.prod.js:533:9)
    at renderComponentSubTree (/Users/hf-mac/Downloads/tgpro-admin/.output/server/node_modules/@vue/server-renderer/dist/server-renderer.cjs.prod.js:481:7)
    at renderComponentVNode (/Users/hf-mac/Downloads/tgpro-admin/.output/server/node_modules/@vue/server-renderer/dist/server-renderer.cjs.prod.js:416:12)
2025-11-04T17:15:57: [unhandledRejection] TypeError: Cannot read properties of null (reading 'message')
    at file:///Users/hf-mac/Downloads/tgpro-admin/pages/license/index.vue:47:36
    at renderComponentSubTree (/Users/hf-mac/Downloads/tgpro-admin/.output/server/node_modules/@vue/server-renderer/dist/server-renderer.cjs.prod.js:466:9)
    at renderComponentVNode (/Users/hf-mac/Downloads/tgpro-admin/.output/server/node_modules/@vue/server-renderer/dist/server-renderer.cjs.prod.js:416:12)
    at renderVNode (/Users/hf-mac/Downloads/tgpro-admin/.output/server/node_modules/@vue/server-renderer/dist/server-renderer.cjs.prod.js:529:14)
    at renderComponentSubTree (/Users/hf-mac/Downloads/tgpro-admin/.output/server/node_modules/@vue/server-renderer/dist/server-renderer.cjs.prod.js:481:7)
    at renderComponentVNode (/Users/hf-mac/Downloads/tgpro-admin/.output/server/node_modules/@vue/server-renderer/dist/server-renderer.cjs.prod.js:416:12)
    at renderVNode (/Users/hf-mac/Downloads/tgpro-admin/.output/server/node_modules/@vue/server-renderer/dist/server-renderer.cjs.prod.js:529:14)
    at renderVNode (/Users/hf-mac/Downloads/tgpro-admin/.output/server/node_modules/@vue/server-renderer/dist/server-renderer.cjs.prod.js:533:9)
    at renderComponentSubTree (/Users/hf-mac/Downloads/tgpro-admin/.output/server/node_modules/@vue/server-renderer/dist/server-renderer.cjs.prod.js:481:7)
    at renderComponentVNode (/Users/hf-mac/Downloads/tgpro-admin/.output/server/node_modules/@vue/server-renderer/dist/server-renderer.cjs.prod.js:416:12)
2025-11-04T17:16:03: Ignoring invalid configuration option passed to Connection: acquireTimeout. This is currently a warning, but in future versions of MySQL2, an error will be thrown if you pass an invalid configuration option to a Connection
2025-11-04T17:16:03: Ignoring invalid configuration option passed to Connection: timeout. This is currently a warning, but in future versions of MySQL2, an error will be thrown if you pass an invalid configuration option to a Connection
2025-11-04T17:16:03: Ignoring invalid configuration option passed to Connection: reconnect. This is currently a warning, but in future versions of MySQL2, an error will be thrown if you pass an invalid configuration option to a Connection
You have triggered an unhandledRejection, you may have forgotten to catch a Promise rejection:
TypeError: Cannot read properties of null (reading 'message')
    at file:///Users/hf-mac/Downloads/tgpro-admin/pages/license/index.vue:47:36
    at renderComponentSubTree (/Users/hf-mac/Downloads/tgpro-admin/.output/server/node_modules/@vue/server-renderer/dist/server-renderer.cjs.prod.js:466:9)
    at renderComponentVNode (/Users/hf-mac/Downloads/tgpro-admin/.output/server/node_modules/@vue/server-renderer/dist/server-renderer.cjs.prod.js:416:12)
    at renderVNode (/Users/hf-mac/Downloads/tgpro-admin/.output/server/node_modules/@vue/server-renderer/dist/server-renderer.cjs.prod.js:529:14)
    at renderComponentSubTree (/Users/hf-mac/Downloads/tgpro-admin/.output/server/node_modules/@vue/server-renderer/dist/server-renderer.cjs.prod.js:481:7)
    at renderComponentVNode (/Users/hf-mac/Downloads/tgpro-admin/.output/server/node_modules/@vue/server-renderer/dist/server-renderer.cjs.prod.js:416:12)
    at renderVNode (/Users/hf-mac/Downloads/tgpro-admin/.output/server/node_modules/@vue/server-renderer/dist/server-renderer.cjs.prod.js:529:14)
    at renderVNode (/Users/hf-mac/Downloads/tgpro-admin/.output/server/node_modules/@vue/server-renderer/dist/server-renderer.cjs.prod.js:533:9)
    at renderComponentSubTree (/Users/hf-mac/Downloads/tgpro-admin/.output/server/node_modules/@vue/server-renderer/dist/server-renderer.cjs.prod.js:481:7)
    at renderComponentVNode (/Users/hf-mac/Downloads/tgpro-admin/.output/server/node_modules/@vue/server-renderer/dist/server-renderer.cjs.prod.js:416:12)
2025-11-04T17:16:05: [unhandledRejection] TypeError: Cannot read properties of null (reading 'message')
    at file:///Users/hf-mac/Downloads/tgpro-admin/pages/license/index.vue:47:36
    at renderComponentSubTree (/Users/hf-mac/Downloads/tgpro-admin/.output/server/node_modules/@vue/server-renderer/dist/server-renderer.cjs.prod.js:466:9)
    at renderComponentVNode (/Users/hf-mac/Downloads/tgpro-admin/.output/server/node_modules/@vue/server-renderer/dist/server-renderer.cjs.prod.js:416:12)
    at renderVNode (/Users/hf-mac/Downloads/tgpro-admin/.output/server/node_modules/@vue/server-renderer/dist/server-renderer.cjs.prod.js:529:14)
    at renderComponentSubTree (/Users/hf-mac/Downloads/tgpro-admin/.output/server/node_modules/@vue/server-renderer/dist/server-renderer.cjs.prod.js:481:7)
    at renderComponentVNode (/Users/hf-mac/Downloads/tgpro-admin/.output/server/node_modules/@vue/server-renderer/dist/server-renderer.cjs.prod.js:416:12)
    at renderVNode (/Users/hf-mac/Downloads/tgpro-admin/.output/server/node_modules/@vue/server-renderer/dist/server-renderer.cjs.prod.js:529:14)
    at renderVNode (/Users/hf-mac/Downloads/tgpro-admin/.output/server/node_modules/@vue/server-renderer/dist/server-renderer.cjs.prod.js:533:9)
    at renderComponentSubTree (/Users/hf-mac/Downloads/tgpro-admin/.output/server/node_modules/@vue/server-renderer/dist/server-renderer.cjs.prod.js:481:7)
    at renderComponentVNode (/Users/hf-mac/Downloads/tgpro-admin/.output/server/node_modules/@vue/server-renderer/dist/server-renderer.cjs.prod.js:416:12)
2025-11-04T17:19:04: Ignoring invalid configuration option passed to Connection: acquireTimeout. This is currently a warning, but in future versions of MySQL2, an error will be thrown if you pass an invalid configuration option to a Connection
2025-11-04T17:19:04: Ignoring invalid configuration option passed to Connection: timeout. This is currently a warning, but in future versions of MySQL2, an error will be thrown if you pass an invalid configuration option to a Connection
2025-11-04T17:19:04: Ignoring invalid configuration option passed to Connection: reconnect. This is currently a warning, but in future versions of MySQL2, an error will be thrown if you pass an invalid configuration option to a Connection
2025-11-04T17:27:35: Ignoring invalid configuration option passed to Connection: acquireTimeout. This is currently a warning, but in future versions of MySQL2, an error will be thrown if you pass an invalid configuration option to a Connection
2025-11-04T17:27:35: Ignoring invalid configuration option passed to Connection: timeout. This is currently a warning, but in future versions of MySQL2, an error will be thrown if you pass an invalid configuration option to a Connection
2025-11-04T17:27:35: Ignoring invalid configuration option passed to Connection: reconnect. This is currently a warning, but in future versions of MySQL2, an error will be thrown if you pass an invalid configuration option to a Connection
2025-11-04T17:32:37: Ignoring invalid configuration option passed to Connection: acquireTimeout. This is currently a warning, but in future versions of MySQL2, an error will be thrown if you pass an invalid configuration option to a Connection
2025-11-04T17:32:37: Ignoring invalid configuration option passed to Connection: timeout. This is currently a warning, but in future versions of MySQL2, an error will be thrown if you pass an invalid configuration option to a Connection
2025-11-04T17:32:37: Ignoring invalid configuration option passed to Connection: reconnect. This is currently a warning, but in future versions of MySQL2, an error will be thrown if you pass an invalid configuration option to a Connection
2025-11-04T17:32:48: [Zibll] WordPress API request failed: TypeError: fetch failed
    at node:internal/deps/undici/undici:13510:13
    at processTicksAndRejections (node:internal/process/task_queues:105:5)
    at ZibllAPI.request (file:///Users/hf-mac/Downloads/tgpro-admin/.output/server/chunks/nitro/nitro.mjs:6331:24)
    at ZibllAPI.getOrderByNumber (file:///Users/hf-mac/Downloads/tgpro-admin/.output/server/chunks/nitro/nitro.mjs:6353:21)
    at ZibllAPI.validateOrder (file:///Users/hf-mac/Downloads/tgpro-admin/.output/server/chunks/nitro/nitro.mjs:6413:21)
    at Object.handler (file:///Users/hf-mac/Downloads/tgpro-admin/server/api/license/validate-order.post.ts:45:1)
    at Object.handler (file:///Users/hf-mac/Downloads/tgpro-admin/.output/server/chunks/nitro/nitro.mjs:1959:19)
    at Server.toNodeHandle (file:///Users/hf-mac/Downloads/tgpro-admin/.output/server/chunks/nitro/nitro.mjs:2230:7) {
  [cause]: ConnectTimeoutError: Connect Timeout Error (attempted address: hfz.pw:443, timeout: 10000ms)
      at onConnectTimeout (node:internal/deps/undici/undici:2602:28)
      at Immediate._onImmediate (node:internal/deps/undici/undici:2583:11)
      at processImmediate (node:internal/timers:485:21) {
    code: 'UND_ERR_CONNECT_TIMEOUT'
  }
}
2025-11-04T17:32:48: [Zibll] Failed to get order: TypeError: fetch failed
    at node:internal/deps/undici/undici:13510:13
    at processTicksAndRejections (node:internal/process/task_queues:105:5)
    at ZibllAPI.request (file:///Users/hf-mac/Downloads/tgpro-admin/.output/server/chunks/nitro/nitro.mjs:6331:24)
    at ZibllAPI.getOrderByNumber (file:///Users/hf-mac/Downloads/tgpro-admin/.output/server/chunks/nitro/nitro.mjs:6353:21)
    at ZibllAPI.validateOrder (file:///Users/hf-mac/Downloads/tgpro-admin/.output/server/chunks/nitro/nitro.mjs:6413:21)
    at Object.handler (file:///Users/hf-mac/Downloads/tgpro-admin/server/api/license/validate-order.post.ts:45:1)
    at Object.handler (file:///Users/hf-mac/Downloads/tgpro-admin/.output/server/chunks/nitro/nitro.mjs:1959:19)
    at Server.toNodeHandle (file:///Users/hf-mac/Downloads/tgpro-admin/.output/server/chunks/nitro/nitro.mjs:2230:7) {
  [cause]: ConnectTimeoutError: Connect Timeout Error (attempted address: hfz.pw:443, timeout: 10000ms)
      at onConnectTimeout (node:internal/deps/undici/undici:2602:28)
      at Immediate._onImmediate (node:internal/deps/undici/undici:2583:11)
      at processImmediate (node:internal/timers:485:21) {
    code: 'UND_ERR_CONNECT_TIMEOUT'
  }
}
2025-11-04T17:43:18: Ignoring invalid configuration option passed to Connection: acquireTimeout. This is currently a warning, but in future versions of MySQL2, an error will be thrown if you pass an invalid configuration option to a Connection
2025-11-04T17:43:18: Ignoring invalid configuration option passed to Connection: timeout. This is currently a warning, but in future versions of MySQL2, an error will be thrown if you pass an invalid configuration option to a Connection
2025-11-04T17:43:18: Ignoring invalid configuration option passed to Connection: reconnect. This is currently a warning, but in future versions of MySQL2, an error will be thrown if you pass an invalid configuration option to a Connection
2025-11-04T17:45:44: Ignoring invalid configuration option passed to Connection: acquireTimeout. This is currently a warning, but in future versions of MySQL2, an error will be thrown if you pass an invalid configuration option to a Connection
2025-11-04T17:45:44: Ignoring invalid configuration option passed to Connection: timeout. This is currently a warning, but in future versions of MySQL2, an error will be thrown if you pass an invalid configuration option to a Connection
2025-11-04T17:45:44: Ignoring invalid configuration option passed to Connection: reconnect. This is currently a warning, but in future versions of MySQL2, an error will be thrown if you pass an invalid configuration option to a Connection
2025-11-04T18:32:41: Ignoring invalid configuration option passed to Connection: acquireTimeout. This is currently a warning, but in future versions of MySQL2, an error will be thrown if you pass an invalid configuration option to a Connection
2025-11-04T18:32:41: Ignoring invalid configuration option passed to Connection: timeout. This is currently a warning, but in future versions of MySQL2, an error will be thrown if you pass an invalid configuration option to a Connection
2025-11-04T18:32:41: Ignoring invalid configuration option passed to Connection: reconnect. This is currently a warning, but in future versions of MySQL2, an error will be thrown if you pass an invalid configuration option to a Connection
2025-11-04T18:38:39: Ignoring invalid configuration option passed to Connection: acquireTimeout. This is currently a warning, but in future versions of MySQL2, an error will be thrown if you pass an invalid configuration option to a Connection
2025-11-04T18:38:39: Ignoring invalid configuration option passed to Connection: timeout. This is currently a warning, but in future versions of MySQL2, an error will be thrown if you pass an invalid configuration option to a Connection
2025-11-04T18:38:39: Ignoring invalid configuration option passed to Connection: reconnect. This is currently a warning, but in future versions of MySQL2, an error will be thrown if you pass an invalid configuration option to a Connection
2025-11-04T18:39:45: [Zibll] WordPress API request failed: TypeError: terminated
    at Fetch.onAborted (node:internal/deps/undici/undici:11132:53)
    at Fetch.emit (node:events:519:28)
    at Fetch.terminate (node:internal/deps/undici/undici:10290:14)
    at Object.onError (node:internal/deps/undici/undici:11253:38)
    at Request.onError (node:internal/deps/undici/undici:2094:31)
    at Object.errorRequest (node:internal/deps/undici/undici:1591:17)
    at TLSSocket.<anonymous> (node:internal/deps/undici/undici:6319:16)
    at TLSSocket.emit (node:events:531:35)
    at node:net:346:12
    at TCP.done (node:_tls_wrap:650:7) {
  [cause]: SocketError: other side closed
      at TLSSocket.<anonymous> (node:internal/deps/undici/undici:6294:28)
      at TLSSocket.emit (node:events:531:35)
      at endReadableNT (node:internal/streams/readable:1698:12)
      at processTicksAndRejections (node:internal/process/task_queues:90:21) {
    code: 'UND_ERR_SOCKET',
    socket: {
      localAddress: '198.18.0.1',
      localPort: 57384,
      remoteAddress: '198.18.0.27',
      remotePort: 443,
      remoteFamily: 'IPv4',
      timeout: undefined,
      bytesWritten: 706,
      bytesRead: 181311
    }
  }
}
2025-11-04T18:39:45: [Zibll] Failed to get order: TypeError: terminated
    at Fetch.onAborted (node:internal/deps/undici/undici:11132:53)
    at Fetch.emit (node:events:519:28)
    at Fetch.terminate (node:internal/deps/undici/undici:10290:14)
    at Object.onError (node:internal/deps/undici/undici:11253:38)
    at Request.onError (node:internal/deps/undici/undici:2094:31)
    at Object.errorRequest (node:internal/deps/undici/undici:1591:17)
    at TLSSocket.<anonymous> (node:internal/deps/undici/undici:6319:16)
    at TLSSocket.emit (node:events:531:35)
    at node:net:346:12
    at TCP.done (node:_tls_wrap:650:7) {
  [cause]: SocketError: other side closed
      at TLSSocket.<anonymous> (node:internal/deps/undici/undici:6294:28)
      at TLSSocket.emit (node:events:531:35)
      at endReadableNT (node:internal/streams/readable:1698:12)
      at processTicksAndRejections (node:internal/process/task_queues:90:21) {
    code: 'UND_ERR_SOCKET',
    socket: {
      localAddress: '198.18.0.1',
      localPort: 57384,
      remoteAddress: '198.18.0.27',
      remotePort: 443,
      remoteFamily: 'IPv4',
      timeout: undefined,
      bytesWritten: 706,
      bytesRead: 181311
    }
  }
}
2025-11-04T18:39:45: [h3] Please prefer using `message` for longer error messages instead of `statusMessage`. In the future, `statusMessage` will be sanitized by default.
2025-11-04T18:39:45: WordPress订单激活失败: H3Error: 订单不存在
    at createError$1 (file:///Users/hf-mac/Downloads/tgpro-admin/.output/server/chunks/nitro/nitro.mjs:916:15)
    at Object.handler (file:///Users/hf-mac/Downloads/tgpro-admin/server/api/license/activate-order.post.ts:48:1)
    at processTicksAndRejections (node:internal/process/task_queues:105:5)
    at Object.handler (file:///Users/hf-mac/Downloads/tgpro-admin/.output/server/chunks/nitro/nitro.mjs:1959:19)
    at Server.toNodeHandle (file:///Users/hf-mac/Downloads/tgpro-admin/.output/server/chunks/nitro/nitro.mjs:2230:7) {
  cause: { statusCode: 400, statusMessage: '订单不存在' },
  statusCode: 400,
  fatal: false,
  unhandled: false,
  statusMessage: '订单不存在',
  data: undefined
}
2025-11-04T18:44:34: Ignoring invalid configuration option passed to Connection: acquireTimeout. This is currently a warning, but in future versions of MySQL2, an error will be thrown if you pass an invalid configuration option to a Connection
2025-11-04T18:44:34: Ignoring invalid configuration option passed to Connection: timeout. This is currently a warning, but in future versions of MySQL2, an error will be thrown if you pass an invalid configuration option to a Connection
2025-11-04T18:44:34: Ignoring invalid configuration option passed to Connection: reconnect. This is currently a warning, but in future versions of MySQL2, an error will be thrown if you pass an invalid configuration option to a Connection
2025-11-04T18:48:50: 获取进程信息失败: Error: Command failed: ps aux | grep "hy.py" | grep -v grep

    at genericNodeError (node:internal/errors:983:15)
    at wrappedFn (node:internal/errors:537:14)
    at ChildProcess.exithandler (node:child_process:417:12)
    at ChildProcess.emit (node:events:519:28)
    at maybeClose (node:internal/child_process:1101:16)
    at Process.ChildProcess._handle.onexit (node:internal/child_process:304:5) {
  code: 1,
  killed: false,
  signal: null,
  cmd: 'ps aux | grep "hy.py" | grep -v grep',
  stdout: '',
  stderr: ''
}
2025-11-04T18:50:35: Ignoring invalid configuration option passed to Connection: acquireTimeout. This is currently a warning, but in future versions of MySQL2, an error will be thrown if you pass an invalid configuration option to a Connection
2025-11-04T18:50:35: Ignoring invalid configuration option passed to Connection: timeout. This is currently a warning, but in future versions of MySQL2, an error will be thrown if you pass an invalid configuration option to a Connection
2025-11-04T18:50:35: Ignoring invalid configuration option passed to Connection: reconnect. This is currently a warning, but in future versions of MySQL2, an error will be thrown if you pass an invalid configuration option to a Connection
2025-11-04T18:51:18: [h3] Please prefer using `message` for longer error messages instead of `statusMessage`. In the future, `statusMessage` will be sanitized by default.
2025-11-04T18:51:18: WordPress订单激活失败: H3Error: 订单不存在
    at createError$1 (file:///Users/hf-mac/Downloads/tgpro-admin/.output/server/chunks/nitro/nitro.mjs:916:15)
    at Object.handler (file:///Users/hf-mac/Downloads/tgpro-admin/server/api/license/activate-order.post.ts:48:1)
    at processTicksAndRejections (node:internal/process/task_queues:105:5)
    at Object.handler (file:///Users/hf-mac/Downloads/tgpro-admin/.output/server/chunks/nitro/nitro.mjs:1959:19)
    at Server.toNodeHandle (file:///Users/hf-mac/Downloads/tgpro-admin/.output/server/chunks/nitro/nitro.mjs:2230:7) {
  cause: { statusCode: 400, statusMessage: '订单不存在' },
  statusCode: 400,
  fatal: false,
  unhandled: false,
  statusMessage: '订单不存在',
  data: undefined
}
2025-11-05T02:06:56: [h3] Please prefer using `message` for longer error messages instead of `statusMessage`. In the future, `statusMessage` will be sanitized by default.
2025-11-05T02:06:56: WordPress订单激活失败: H3Error: 订单不存在
    at createError$1 (file:///Users/hf-mac/Downloads/tgpro-admin/.output/server/chunks/nitro/nitro.mjs:916:15)
    at Object.handler (file:///Users/hf-mac/Downloads/tgpro-admin/server/api/license/activate-order.post.ts:48:1)
    at processTicksAndRejections (node:internal/process/task_queues:105:5)
    at Object.handler (file:///Users/hf-mac/Downloads/tgpro-admin/.output/server/chunks/nitro/nitro.mjs:1959:19)
    at Server.toNodeHandle (file:///Users/hf-mac/Downloads/tgpro-admin/.output/server/chunks/nitro/nitro.mjs:2230:7) {
  cause: { statusCode: 400, statusMessage: '订单不存在' },
  statusCode: 400,
  fatal: false,
  unhandled: false,
  statusMessage: '订单不存在',
  data: undefined
}
2025-11-05T02:17:26: [request error] [unhandled] [GET] http://localhost:3000/_nuxt/D_B5nL8y.js
 H3Error: ENOENT: no such file or directory, open '/Users/hf-mac/Downloads/tgpro-admin/.output/public/_nuxt/D_B5nL8y.js'
    at open (node:internal/fs/promises:641:25)
    ... 2 lines matching cause stack trace ...
    at Server.toNodeHandle (file:///Users/hf-mac/Downloads/tgpro-admin/.output/server/chunks/nitro/nitro.mjs:2230:7) {
  cause: Error: ENOENT: no such file or directory, open '/Users/hf-mac/Downloads/tgpro-admin/.output/public/_nuxt/D_B5nL8y.js'
      at open (node:internal/fs/promises:641:25)
      at Object.readFile (node:internal/fs/promises:1245:14)
      at Object.handler (file:///Users/hf-mac/Downloads/tgpro-admin/.output/server/chunks/nitro/nitro.mjs:1959:19)
      at Server.toNodeHandle (file:///Users/hf-mac/Downloads/tgpro-admin/.output/server/chunks/nitro/nitro.mjs:2230:7) {
    errno: -2,
    code: 'ENOENT',
    syscall: 'open',
    path: '/Users/hf-mac/Downloads/tgpro-admin/.output/public/_nuxt/D_B5nL8y.js'
  },
  statusCode: 500,
  fatal: false,
  unhandled: true,
  statusMessage: undefined,
  data: undefined
}
2025-11-05T02:17:27: [request error] [unhandled] [GET] http://localhost:3000/_nuxt/CP5kXZ_o.js
 H3Error: ENOENT: no such file or directory, open '/Users/hf-mac/Downloads/tgpro-admin/.output/public/_nuxt/CP5kXZ_o.js'
    at open (node:internal/fs/promises:641:25)
    ... 2 lines matching cause stack trace ...
    at Server.toNodeHandle (file:///Users/hf-mac/Downloads/tgpro-admin/.output/server/chunks/nitro/nitro.mjs:2230:7) {
  cause: Error: ENOENT: no such file or directory, open '/Users/hf-mac/Downloads/tgpro-admin/.output/public/_nuxt/CP5kXZ_o.js'
      at open (node:internal/fs/promises:641:25)
      at Object.readFile (node:internal/fs/promises:1245:14)
      at Object.handler (file:///Users/hf-mac/Downloads/tgpro-admin/.output/server/chunks/nitro/nitro.mjs:1959:19)
      at Server.toNodeHandle (file:///Users/hf-mac/Downloads/tgpro-admin/.output/server/chunks/nitro/nitro.mjs:2230:7) {
    errno: -2,
    code: 'ENOENT',
    syscall: 'open',
    path: '/Users/hf-mac/Downloads/tgpro-admin/.output/public/_nuxt/CP5kXZ_o.js'
  },
  statusCode: 500,
  fatal: false,
  unhandled: true,
  statusMessage: undefined,
  data: undefined
}
2025-11-05T02:17:27: [request error] [unhandled] [GET] http://localhost:3000/_nuxt/D_B5nL8y.js
 H3Error: ENOENT: no such file or directory, open '/Users/hf-mac/Downloads/tgpro-admin/.output/public/_nuxt/D_B5nL8y.js'
    at open (node:internal/fs/promises:641:25)
    ... 2 lines matching cause stack trace ...
    at Server.toNodeHandle (file:///Users/hf-mac/Downloads/tgpro-admin/.output/server/chunks/nitro/nitro.mjs:2230:7) {
  cause: Error: ENOENT: no such file or directory, open '/Users/hf-mac/Downloads/tgpro-admin/.output/public/_nuxt/D_B5nL8y.js'
      at open (node:internal/fs/promises:641:25)
      at Object.readFile (node:internal/fs/promises:1245:14)
      at Object.handler (file:///Users/hf-mac/Downloads/tgpro-admin/.output/server/chunks/nitro/nitro.mjs:1959:19)
      at Server.toNodeHandle (file:///Users/hf-mac/Downloads/tgpro-admin/.output/server/chunks/nitro/nitro.mjs:2230:7) {
    errno: -2,
    code: 'ENOENT',
    syscall: 'open',
    path: '/Users/hf-mac/Downloads/tgpro-admin/.output/public/_nuxt/D_B5nL8y.js'
  },
  statusCode: 500,
  fatal: false,
  unhandled: true,
  statusMessage: undefined,
  data: undefined
}
2025-11-05T02:17:27: [request error] [unhandled] [GET] http://localhost:3000/_nuxt/CP5kXZ_o.js
 H3Error: ENOENT: no such file or directory, open '/Users/hf-mac/Downloads/tgpro-admin/.output/public/_nuxt/CP5kXZ_o.js'
    at open (node:internal/fs/promises:641:25)
    ... 2 lines matching cause stack trace ...
    at Server.toNodeHandle (file:///Users/hf-mac/Downloads/tgpro-admin/.output/server/chunks/nitro/nitro.mjs:2230:7) {
  cause: Error: ENOENT: no such file or directory, open '/Users/hf-mac/Downloads/tgpro-admin/.output/public/_nuxt/CP5kXZ_o.js'
      at open (node:internal/fs/promises:641:25)
      at Object.readFile (node:internal/fs/promises:1245:14)
      at Object.handler (file:///Users/hf-mac/Downloads/tgpro-admin/.output/server/chunks/nitro/nitro.mjs:1959:19)
      at Server.toNodeHandle (file:///Users/hf-mac/Downloads/tgpro-admin/.output/server/chunks/nitro/nitro.mjs:2230:7) {
    errno: -2,
    code: 'ENOENT',
    syscall: 'open',
    path: '/Users/hf-mac/Downloads/tgpro-admin/.output/public/_nuxt/CP5kXZ_o.js'
  },
  statusCode: 500,
  fatal: false,
  unhandled: true,
  statusMessage: undefined,
  data: undefined
}
2025-11-05T02:17:37: [request error] [unhandled] [GET] http://localhost:3000/_nuxt/D_B5nL8y.js
 H3Error: ENOENT: no such file or directory, open '/Users/hf-mac/Downloads/tgpro-admin/.output/public/_nuxt/D_B5nL8y.js'
    at open (node:internal/fs/promises:641:25)
    ... 2 lines matching cause stack trace ...
    at Server.toNodeHandle (file:///Users/hf-mac/Downloads/tgpro-admin/.output/server/chunks/nitro/nitro.mjs:2230:7) {
  cause: Error: ENOENT: no such file or directory, open '/Users/hf-mac/Downloads/tgpro-admin/.output/public/_nuxt/D_B5nL8y.js'
      at open (node:internal/fs/promises:641:25)
      at Object.readFile (node:internal/fs/promises:1245:14)
      at Object.handler (file:///Users/hf-mac/Downloads/tgpro-admin/.output/server/chunks/nitro/nitro.mjs:1959:19)
      at Server.toNodeHandle (file:///Users/hf-mac/Downloads/tgpro-admin/.output/server/chunks/nitro/nitro.mjs:2230:7) {
    errno: -2,
    code: 'ENOENT',
    syscall: 'open',
    path: '/Users/hf-mac/Downloads/tgpro-admin/.output/public/_nuxt/D_B5nL8y.js'
  },
  statusCode: 500,
  fatal: false,
  unhandled: true,
  statusMessage: undefined,
  data: undefined
}
2025-11-05T02:17:37: [request error] [unhandled] [GET] http://localhost:3000/_nuxt/CP5kXZ_o.js
 H3Error: ENOENT: no such file or directory, open '/Users/hf-mac/Downloads/tgpro-admin/.output/public/_nuxt/CP5kXZ_o.js'
    at open (node:internal/fs/promises:641:25)
    ... 2 lines matching cause stack trace ...
    at Server.toNodeHandle (file:///Users/hf-mac/Downloads/tgpro-admin/.output/server/chunks/nitro/nitro.mjs:2230:7) {
  cause: Error: ENOENT: no such file or directory, open '/Users/hf-mac/Downloads/tgpro-admin/.output/public/_nuxt/CP5kXZ_o.js'
      at open (node:internal/fs/promises:641:25)
      at Object.readFile (node:internal/fs/promises:1245:14)
      at Object.handler (file:///Users/hf-mac/Downloads/tgpro-admin/.output/server/chunks/nitro/nitro.mjs:1959:19)
      at Server.toNodeHandle (file:///Users/hf-mac/Downloads/tgpro-admin/.output/server/chunks/nitro/nitro.mjs:2230:7) {
    errno: -2,
    code: 'ENOENT',
    syscall: 'open',
    path: '/Users/hf-mac/Downloads/tgpro-admin/.output/public/_nuxt/CP5kXZ_o.js'
  },
  statusCode: 500,
  fatal: false,
  unhandled: true,
  statusMessage: undefined,
  data: undefined
}
2025-11-05T02:17:45: [request error] [unhandled] [GET] http://localhost:3000/_nuxt/D_B5nL8y.js
 H3Error: ENOENT: no such file or directory, open '/Users/hf-mac/Downloads/tgpro-admin/.output/public/_nuxt/D_B5nL8y.js'
    at open (node:internal/fs/promises:641:25)
    ... 2 lines matching cause stack trace ...
    at Server.toNodeHandle (file:///Users/hf-mac/Downloads/tgpro-admin/.output/server/chunks/nitro/nitro.mjs:2230:7) {
  cause: Error: ENOENT: no such file or directory, open '/Users/hf-mac/Downloads/tgpro-admin/.output/public/_nuxt/D_B5nL8y.js'
      at open (node:internal/fs/promises:641:25)
      at Object.readFile (node:internal/fs/promises:1245:14)
      at Object.handler (file:///Users/hf-mac/Downloads/tgpro-admin/.output/server/chunks/nitro/nitro.mjs:1959:19)
      at Server.toNodeHandle (file:///Users/hf-mac/Downloads/tgpro-admin/.output/server/chunks/nitro/nitro.mjs:2230:7) {
    errno: -2,
    code: 'ENOENT',
    syscall: 'open',
    path: '/Users/hf-mac/Downloads/tgpro-admin/.output/public/_nuxt/D_B5nL8y.js'
  },
  statusCode: 500,
  fatal: false,
  unhandled: true,
  statusMessage: undefined,
  data: undefined
}
2025-11-05T02:17:45: [request error] [unhandled] [GET] http://localhost:3000/_nuxt/CP5kXZ_o.js
 H3Error: ENOENT: no such file or directory, open '/Users/hf-mac/Downloads/tgpro-admin/.output/public/_nuxt/CP5kXZ_o.js'
    at open (node:internal/fs/promises:641:25)
    ... 2 lines matching cause stack trace ...
    at Server.toNodeHandle (file:///Users/hf-mac/Downloads/tgpro-admin/.output/server/chunks/nitro/nitro.mjs:2230:7) {
  cause: Error: ENOENT: no such file or directory, open '/Users/hf-mac/Downloads/tgpro-admin/.output/public/_nuxt/CP5kXZ_o.js'
      at open (node:internal/fs/promises:641:25)
      at Object.readFile (node:internal/fs/promises:1245:14)
      at Object.handler (file:///Users/hf-mac/Downloads/tgpro-admin/.output/server/chunks/nitro/nitro.mjs:1959:19)
      at Server.toNodeHandle (file:///Users/hf-mac/Downloads/tgpro-admin/.output/server/chunks/nitro/nitro.mjs:2230:7) {
    errno: -2,
    code: 'ENOENT',
    syscall: 'open',
    path: '/Users/hf-mac/Downloads/tgpro-admin/.output/public/_nuxt/CP5kXZ_o.js'
  },
  statusCode: 500,
  fatal: false,
  unhandled: true,
  statusMessage: undefined,
  data: undefined
}
2025-11-05T02:17:45: [request error] [unhandled] [GET] http://localhost:3000/_nuxt/D_B5nL8y.js
 H3Error: ENOENT: no such file or directory, open '/Users/hf-mac/Downloads/tgpro-admin/.output/public/_nuxt/D_B5nL8y.js'
    at open (node:internal/fs/promises:641:25)
    ... 2 lines matching cause stack trace ...
    at Server.toNodeHandle (file:///Users/hf-mac/Downloads/tgpro-admin/.output/server/chunks/nitro/nitro.mjs:2230:7) {
  cause: Error: ENOENT: no such file or directory, open '/Users/hf-mac/Downloads/tgpro-admin/.output/public/_nuxt/D_B5nL8y.js'
      at open (node:internal/fs/promises:641:25)
      at Object.readFile (node:internal/fs/promises:1245:14)
      at Object.handler (file:///Users/hf-mac/Downloads/tgpro-admin/.output/server/chunks/nitro/nitro.mjs:1959:19)
      at Server.toNodeHandle (file:///Users/hf-mac/Downloads/tgpro-admin/.output/server/chunks/nitro/nitro.mjs:2230:7) {
    errno: -2,
    code: 'ENOENT',
    syscall: 'open',
    path: '/Users/hf-mac/Downloads/tgpro-admin/.output/public/_nuxt/D_B5nL8y.js'
  },
  statusCode: 500,
  fatal: false,
  unhandled: true,
  statusMessage: undefined,
  data: undefined
}
2025-11-05T02:17:45: [request error] [unhandled] [GET] http://localhost:3000/_nuxt/CP5kXZ_o.js
 H3Error: ENOENT: no such file or directory, open '/Users/hf-mac/Downloads/tgpro-admin/.output/public/_nuxt/CP5kXZ_o.js'
    at open (node:internal/fs/promises:641:25)
    ... 2 lines matching cause stack trace ...
    at Server.toNodeHandle (file:///Users/hf-mac/Downloads/tgpro-admin/.output/server/chunks/nitro/nitro.mjs:2230:7) {
  cause: Error: ENOENT: no such file or directory, open '/Users/hf-mac/Downloads/tgpro-admin/.output/public/_nuxt/CP5kXZ_o.js'
      at open (node:internal/fs/promises:641:25)
      at Object.readFile (node:internal/fs/promises:1245:14)
      at Object.handler (file:///Users/hf-mac/Downloads/tgpro-admin/.output/server/chunks/nitro/nitro.mjs:1959:19)
      at Server.toNodeHandle (file:///Users/hf-mac/Downloads/tgpro-admin/.output/server/chunks/nitro/nitro.mjs:2230:7) {
    errno: -2,
    code: 'ENOENT',
    syscall: 'open',
    path: '/Users/hf-mac/Downloads/tgpro-admin/.output/public/_nuxt/CP5kXZ_o.js'
  },
  statusCode: 500,
  fatal: false,
  unhandled: true,
  statusMessage: undefined,
  data: undefined
}
2025-11-05T02:18:57: [request error] [unhandled] [GET] http://localhost:3000/_nuxt/D_B5nL8y.js
 H3Error: ENOENT: no such file or directory, open '/Users/hf-mac/Downloads/tgpro-admin/.output/public/_nuxt/D_B5nL8y.js'
    at open (node:internal/fs/promises:641:25)
    ... 2 lines matching cause stack trace ...
    at Server.toNodeHandle (file:///Users/hf-mac/Downloads/tgpro-admin/.output/server/chunks/nitro/nitro.mjs:2230:7) {
  cause: Error: ENOENT: no such file or directory, open '/Users/hf-mac/Downloads/tgpro-admin/.output/public/_nuxt/D_B5nL8y.js'
      at open (node:internal/fs/promises:641:25)
      at Object.readFile (node:internal/fs/promises:1245:14)
      at Object.handler (file:///Users/hf-mac/Downloads/tgpro-admin/.output/server/chunks/nitro/nitro.mjs:1959:19)
      at Server.toNodeHandle (file:///Users/hf-mac/Downloads/tgpro-admin/.output/server/chunks/nitro/nitro.mjs:2230:7) {
    errno: -2,
    code: 'ENOENT',
    syscall: 'open',
    path: '/Users/hf-mac/Downloads/tgpro-admin/.output/public/_nuxt/D_B5nL8y.js'
  },
  statusCode: 500,
  fatal: false,
  unhandled: true,
  statusMessage: undefined,
  data: undefined
}
2025-11-05T02:18:57: [request error] [unhandled] [GET] http://localhost:3000/_nuxt/CP5kXZ_o.js
 H3Error: ENOENT: no such file or directory, open '/Users/hf-mac/Downloads/tgpro-admin/.output/public/_nuxt/CP5kXZ_o.js'
    at open (node:internal/fs/promises:641:25)
    ... 2 lines matching cause stack trace ...
    at Server.toNodeHandle (file:///Users/hf-mac/Downloads/tgpro-admin/.output/server/chunks/nitro/nitro.mjs:2230:7) {
  cause: Error: ENOENT: no such file or directory, open '/Users/hf-mac/Downloads/tgpro-admin/.output/public/_nuxt/CP5kXZ_o.js'
      at open (node:internal/fs/promises:641:25)
      at Object.readFile (node:internal/fs/promises:1245:14)
      at Object.handler (file:///Users/hf-mac/Downloads/tgpro-admin/.output/server/chunks/nitro/nitro.mjs:1959:19)
      at Server.toNodeHandle (file:///Users/hf-mac/Downloads/tgpro-admin/.output/server/chunks/nitro/nitro.mjs:2230:7) {
    errno: -2,
    code: 'ENOENT',
    syscall: 'open',
    path: '/Users/hf-mac/Downloads/tgpro-admin/.output/public/_nuxt/CP5kXZ_o.js'
  },
  statusCode: 500,
  fatal: false,
  unhandled: true,
  statusMessage: undefined,
  data: undefined
}
2025-11-05T02:18:57: [request error] [unhandled] [GET] http://localhost:3000/_nuxt/D_B5nL8y.js
 H3Error: ENOENT: no such file or directory, open '/Users/hf-mac/Downloads/tgpro-admin/.output/public/_nuxt/D_B5nL8y.js'
    at open (node:internal/fs/promises:641:25)
    ... 2 lines matching cause stack trace ...
    at Server.toNodeHandle (file:///Users/hf-mac/Downloads/tgpro-admin/.output/server/chunks/nitro/nitro.mjs:2230:7) {
  cause: Error: ENOENT: no such file or directory, open '/Users/hf-mac/Downloads/tgpro-admin/.output/public/_nuxt/D_B5nL8y.js'
      at open (node:internal/fs/promises:641:25)
      at Object.readFile (node:internal/fs/promises:1245:14)
      at Object.handler (file:///Users/hf-mac/Downloads/tgpro-admin/.output/server/chunks/nitro/nitro.mjs:1959:19)
      at Server.toNodeHandle (file:///Users/hf-mac/Downloads/tgpro-admin/.output/server/chunks/nitro/nitro.mjs:2230:7) {
    errno: -2,
    code: 'ENOENT',
    syscall: 'open',
    path: '/Users/hf-mac/Downloads/tgpro-admin/.output/public/_nuxt/D_B5nL8y.js'
  },
  statusCode: 500,
  fatal: false,
  unhandled: true,
  statusMessage: undefined,
  data: undefined
}
2025-11-05T02:18:57: [request error] [unhandled] [GET] http://localhost:3000/_nuxt/CP5kXZ_o.js
 H3Error: ENOENT: no such file or directory, open '/Users/hf-mac/Downloads/tgpro-admin/.output/public/_nuxt/CP5kXZ_o.js'
    at open (node:internal/fs/promises:641:25)
    ... 2 lines matching cause stack trace ...
    at Server.toNodeHandle (file:///Users/hf-mac/Downloads/tgpro-admin/.output/server/chunks/nitro/nitro.mjs:2230:7) {
  cause: Error: ENOENT: no such file or directory, open '/Users/hf-mac/Downloads/tgpro-admin/.output/public/_nuxt/CP5kXZ_o.js'
      at open (node:internal/fs/promises:641:25)
      at Object.readFile (node:internal/fs/promises:1245:14)
      at Object.handler (file:///Users/hf-mac/Downloads/tgpro-admin/.output/server/chunks/nitro/nitro.mjs:1959:19)
      at Server.toNodeHandle (file:///Users/hf-mac/Downloads/tgpro-admin/.output/server/chunks/nitro/nitro.mjs:2230:7) {
    errno: -2,
    code: 'ENOENT',
    syscall: 'open',
    path: '/Users/hf-mac/Downloads/tgpro-admin/.output/public/_nuxt/CP5kXZ_o.js'
  },
  statusCode: 500,
  fatal: false,
  unhandled: true,
  statusMessage: undefined,
  data: undefined
}
2025-11-05T02:19:06: [request error] [unhandled] [GET] http://localhost:3000/_nuxt/D_B5nL8y.js
 H3Error: ENOENT: no such file or directory, open '/Users/hf-mac/Downloads/tgpro-admin/.output/public/_nuxt/D_B5nL8y.js'
    at open (node:internal/fs/promises:641:25)
    ... 2 lines matching cause stack trace ...
    at Server.toNodeHandle (file:///Users/hf-mac/Downloads/tgpro-admin/.output/server/chunks/nitro/nitro.mjs:2230:7) {
  cause: Error: ENOENT: no such file or directory, open '/Users/hf-mac/Downloads/tgpro-admin/.output/public/_nuxt/D_B5nL8y.js'
      at open (node:internal/fs/promises:641:25)
      at Object.readFile (node:internal/fs/promises:1245:14)
      at Object.handler (file:///Users/hf-mac/Downloads/tgpro-admin/.output/server/chunks/nitro/nitro.mjs:1959:19)
      at Server.toNodeHandle (file:///Users/hf-mac/Downloads/tgpro-admin/.output/server/chunks/nitro/nitro.mjs:2230:7) {
    errno: -2,
    code: 'ENOENT',
    syscall: 'open',
    path: '/Users/hf-mac/Downloads/tgpro-admin/.output/public/_nuxt/D_B5nL8y.js'
  },
  statusCode: 500,
  fatal: false,
  unhandled: true,
  statusMessage: undefined,
  data: undefined
}
2025-11-05T02:19:06: [request error] [unhandled] [GET] http://localhost:3000/_nuxt/CP5kXZ_o.js
 H3Error: ENOENT: no such file or directory, open '/Users/hf-mac/Downloads/tgpro-admin/.output/public/_nuxt/CP5kXZ_o.js'
    at open (node:internal/fs/promises:641:25)
    ... 2 lines matching cause stack trace ...
    at Server.toNodeHandle (file:///Users/hf-mac/Downloads/tgpro-admin/.output/server/chunks/nitro/nitro.mjs:2230:7) {
  cause: Error: ENOENT: no such file or directory, open '/Users/hf-mac/Downloads/tgpro-admin/.output/public/_nuxt/CP5kXZ_o.js'
      at open (node:internal/fs/promises:641:25)
      at Object.readFile (node:internal/fs/promises:1245:14)
      at Object.handler (file:///Users/hf-mac/Downloads/tgpro-admin/.output/server/chunks/nitro/nitro.mjs:1959:19)
      at Server.toNodeHandle (file:///Users/hf-mac/Downloads/tgpro-admin/.output/server/chunks/nitro/nitro.mjs:2230:7) {
    errno: -2,
    code: 'ENOENT',
    syscall: 'open',
    path: '/Users/hf-mac/Downloads/tgpro-admin/.output/public/_nuxt/CP5kXZ_o.js'
  },
  statusCode: 500,
  fatal: false,
  unhandled: true,
  statusMessage: undefined,
  data: undefined
}
2025-11-05T02:19:53: [request error] [unhandled] [GET] http://localhost:3000/_nuxt/DbAgXtul.js
 H3Error: ENOENT: no such file or directory, open '/Users/hf-mac/Downloads/tgpro-admin/.output/public/_nuxt/DbAgXtul.js'
    at open (node:internal/fs/promises:641:25)
    ... 2 lines matching cause stack trace ...
    at Server.toNodeHandle (file:///Users/hf-mac/Downloads/tgpro-admin/.output/server/chunks/nitro/nitro.mjs:2230:7) {
  cause: Error: ENOENT: no such file or directory, open '/Users/hf-mac/Downloads/tgpro-admin/.output/public/_nuxt/DbAgXtul.js'
      at open (node:internal/fs/promises:641:25)
      at Object.readFile (node:internal/fs/promises:1245:14)
      at Object.handler (file:///Users/hf-mac/Downloads/tgpro-admin/.output/server/chunks/nitro/nitro.mjs:1959:19)
      at Server.toNodeHandle (file:///Users/hf-mac/Downloads/tgpro-admin/.output/server/chunks/nitro/nitro.mjs:2230:7) {
    errno: -2,
    code: 'ENOENT',
    syscall: 'open',
    path: '/Users/hf-mac/Downloads/tgpro-admin/.output/public/_nuxt/DbAgXtul.js'
  },
  statusCode: 500,
  fatal: false,
  unhandled: true,
  statusMessage: undefined,
  data: undefined
}
2025-11-05T02:19:53: [request error] [unhandled] [GET] http://localhost:3000/_nuxt/D_B5nL8y.js
 H3Error: ENOENT: no such file or directory, open '/Users/hf-mac/Downloads/tgpro-admin/.output/public/_nuxt/D_B5nL8y.js'
    at open (node:internal/fs/promises:641:25)
    ... 2 lines matching cause stack trace ...
    at Server.toNodeHandle (file:///Users/hf-mac/Downloads/tgpro-admin/.output/server/chunks/nitro/nitro.mjs:2230:7) {
  cause: Error: ENOENT: no such file or directory, open '/Users/hf-mac/Downloads/tgpro-admin/.output/public/_nuxt/D_B5nL8y.js'
      at open (node:internal/fs/promises:641:25)
      at Object.readFile (node:internal/fs/promises:1245:14)
      at Object.handler (file:///Users/hf-mac/Downloads/tgpro-admin/.output/server/chunks/nitro/nitro.mjs:1959:19)
      at Server.toNodeHandle (file:///Users/hf-mac/Downloads/tgpro-admin/.output/server/chunks/nitro/nitro.mjs:2230:7) {
    errno: -2,
    code: 'ENOENT',
    syscall: 'open',
    path: '/Users/hf-mac/Downloads/tgpro-admin/.output/public/_nuxt/D_B5nL8y.js'
  },
  statusCode: 500,
  fatal: false,
  unhandled: true,
  statusMessage: undefined,
  data: undefined
}
2025-11-05T02:19:53: [request error] [unhandled] [GET] http://localhost:3000/_nuxt/Bl84yrz9.js
 H3Error: ENOENT: no such file or directory, open '/Users/hf-mac/Downloads/tgpro-admin/.output/public/_nuxt/Bl84yrz9.js'
    at open (node:internal/fs/promises:641:25)
    ... 2 lines matching cause stack trace ...
    at Server.toNodeHandle (file:///Users/hf-mac/Downloads/tgpro-admin/.output/server/chunks/nitro/nitro.mjs:2230:7) {
  cause: Error: ENOENT: no such file or directory, open '/Users/hf-mac/Downloads/tgpro-admin/.output/public/_nuxt/Bl84yrz9.js'
      at open (node:internal/fs/promises:641:25)
      at Object.readFile (node:internal/fs/promises:1245:14)
      at Object.handler (file:///Users/hf-mac/Downloads/tgpro-admin/.output/server/chunks/nitro/nitro.mjs:1959:19)
      at Server.toNodeHandle (file:///Users/hf-mac/Downloads/tgpro-admin/.output/server/chunks/nitro/nitro.mjs:2230:7) {
    errno: -2,
    code: 'ENOENT',
    syscall: 'open',
    path: '/Users/hf-mac/Downloads/tgpro-admin/.output/public/_nuxt/Bl84yrz9.js'
  },
  statusCode: 500,
  fatal: false,
  unhandled: true,
  statusMessage: undefined,
  data: undefined
}
2025-11-05T02:19:53: [request error] [unhandled] [GET] http://localhost:3000/_nuxt/DpNIWReE.js
 H3Error: ENOENT: no such file or directory, open '/Users/hf-mac/Downloads/tgpro-admin/.output/public/_nuxt/DpNIWReE.js'
    at open (node:internal/fs/promises:641:25)
    ... 2 lines matching cause stack trace ...
    at Server.toNodeHandle (file:///Users/hf-mac/Downloads/tgpro-admin/.output/server/chunks/nitro/nitro.mjs:2230:7) {
  cause: Error: ENOENT: no such file or directory, open '/Users/hf-mac/Downloads/tgpro-admin/.output/public/_nuxt/DpNIWReE.js'
      at open (node:internal/fs/promises:641:25)
      at Object.readFile (node:internal/fs/promises:1245:14)
      at Object.handler (file:///Users/hf-mac/Downloads/tgpro-admin/.output/server/chunks/nitro/nitro.mjs:1959:19)
      at Server.toNodeHandle (file:///Users/hf-mac/Downloads/tgpro-admin/.output/server/chunks/nitro/nitro.mjs:2230:7) {
    errno: -2,
    code: 'ENOENT',
    syscall: 'open',
    path: '/Users/hf-mac/Downloads/tgpro-admin/.output/public/_nuxt/DpNIWReE.js'
  },
  statusCode: 500,
  fatal: false,
  unhandled: true,
  statusMessage: undefined,
  data: undefined
}
2025-11-05T02:19:53: [request error] [unhandled] [GET] http://localhost:3000/_nuxt/D974gv07.js
 H3Error: ENOENT: no such file or directory, open '/Users/hf-mac/Downloads/tgpro-admin/.output/public/_nuxt/D974gv07.js'
    at open (node:internal/fs/promises:641:25)
    ... 2 lines matching cause stack trace ...
    at Server.toNodeHandle (file:///Users/hf-mac/Downloads/tgpro-admin/.output/server/chunks/nitro/nitro.mjs:2230:7) {
  cause: Error: ENOENT: no such file or directory, open '/Users/hf-mac/Downloads/tgpro-admin/.output/public/_nuxt/D974gv07.js'
      at open (node:internal/fs/promises:641:25)
      at Object.readFile (node:internal/fs/promises:1245:14)
      at Object.handler (file:///Users/hf-mac/Downloads/tgpro-admin/.output/server/chunks/nitro/nitro.mjs:1959:19)
      at Server.toNodeHandle (file:///Users/hf-mac/Downloads/tgpro-admin/.output/server/chunks/nitro/nitro.mjs:2230:7) {
    errno: -2,
    code: 'ENOENT',
    syscall: 'open',
    path: '/Users/hf-mac/Downloads/tgpro-admin/.output/public/_nuxt/D974gv07.js'
  },
  statusCode: 500,
  fatal: false,
  unhandled: true,
  statusMessage: undefined,
  data: undefined
}
2025-11-05T02:19:53: [request error] [unhandled] [GET] http://localhost:3000/_nuxt/D32lUId-.js
 H3Error: ENOENT: no such file or directory, open '/Users/hf-mac/Downloads/tgpro-admin/.output/public/_nuxt/D32lUId-.js'
    at open (node:internal/fs/promises:641:25)
    ... 2 lines matching cause stack trace ...
    at Server.toNodeHandle (file:///Users/hf-mac/Downloads/tgpro-admin/.output/server/chunks/nitro/nitro.mjs:2230:7) {
  cause: Error: ENOENT: no such file or directory, open '/Users/hf-mac/Downloads/tgpro-admin/.output/public/_nuxt/D32lUId-.js'
      at open (node:internal/fs/promises:641:25)
      at Object.readFile (node:internal/fs/promises:1245:14)
      at Object.handler (file:///Users/hf-mac/Downloads/tgpro-admin/.output/server/chunks/nitro/nitro.mjs:1959:19)
      at Server.toNodeHandle (file:///Users/hf-mac/Downloads/tgpro-admin/.output/server/chunks/nitro/nitro.mjs:2230:7) {
    errno: -2,
    code: 'ENOENT',
    syscall: 'open',
    path: '/Users/hf-mac/Downloads/tgpro-admin/.output/public/_nuxt/D32lUId-.js'
  },
  statusCode: 500,
  fatal: false,
  unhandled: true,
  statusMessage: undefined,
  data: undefined
}
2025-11-05T02:19:53: [request error] [unhandled] [GET] http://localhost:3000/_nuxt/CetYVyQG.js
 H3Error: ENOENT: no such file or directory, open '/Users/hf-mac/Downloads/tgpro-admin/.output/public/_nuxt/CetYVyQG.js'
    at open (node:internal/fs/promises:641:25)
    ... 2 lines matching cause stack trace ...
    at Server.toNodeHandle (file:///Users/hf-mac/Downloads/tgpro-admin/.output/server/chunks/nitro/nitro.mjs:2230:7) {
  cause: Error: ENOENT: no such file or directory, open '/Users/hf-mac/Downloads/tgpro-admin/.output/public/_nuxt/CetYVyQG.js'
      at open (node:internal/fs/promises:641:25)
      at Object.readFile (node:internal/fs/promises:1245:14)
      at Object.handler (file:///Users/hf-mac/Downloads/tgpro-admin/.output/server/chunks/nitro/nitro.mjs:1959:19)
      at Server.toNodeHandle (file:///Users/hf-mac/Downloads/tgpro-admin/.output/server/chunks/nitro/nitro.mjs:2230:7) {
    errno: -2,
    code: 'ENOENT',
    syscall: 'open',
    path: '/Users/hf-mac/Downloads/tgpro-admin/.output/public/_nuxt/CetYVyQG.js'
  },
  statusCode: 500,
  fatal: false,
  unhandled: true,
  statusMessage: undefined,
  data: undefined
}
2025-11-05T02:19:53: [request error] [unhandled] [GET] http://localhost:3000/_nuxt/Db7eFA1E.js
 H3Error: ENOENT: no such file or directory, open '/Users/hf-mac/Downloads/tgpro-admin/.output/public/_nuxt/Db7eFA1E.js'
    at open (node:internal/fs/promises:641:25)
    ... 2 lines matching cause stack trace ...
    at Server.toNodeHandle (file:///Users/hf-mac/Downloads/tgpro-admin/.output/server/chunks/nitro/nitro.mjs:2230:7) {
  cause: Error: ENOENT: no such file or directory, open '/Users/hf-mac/Downloads/tgpro-admin/.output/public/_nuxt/Db7eFA1E.js'
      at open (node:internal/fs/promises:641:25)
      at Object.readFile (node:internal/fs/promises:1245:14)
      at Object.handler (file:///Users/hf-mac/Downloads/tgpro-admin/.output/server/chunks/nitro/nitro.mjs:1959:19)
      at Server.toNodeHandle (file:///Users/hf-mac/Downloads/tgpro-admin/.output/server/chunks/nitro/nitro.mjs:2230:7) {
    errno: -2,
    code: 'ENOENT',
    syscall: 'open',
    path: '/Users/hf-mac/Downloads/tgpro-admin/.output/public/_nuxt/Db7eFA1E.js'
  },
  statusCode: 500,
  fatal: false,
  unhandled: true,
  statusMessage: undefined,
  data: undefined
}
2025-11-05T02:19:53: [request error] [unhandled] [GET] http://localhost:3000/_nuxt/DAr-OQmd.js
 H3Error: ENOENT: no such file or directory, open '/Users/hf-mac/Downloads/tgpro-admin/.output/public/_nuxt/DAr-OQmd.js'
    at open (node:internal/fs/promises:641:25)
    ... 2 lines matching cause stack trace ...
    at Server.toNodeHandle (file:///Users/hf-mac/Downloads/tgpro-admin/.output/server/chunks/nitro/nitro.mjs:2230:7) {
  cause: Error: ENOENT: no such file or directory, open '/Users/hf-mac/Downloads/tgpro-admin/.output/public/_nuxt/DAr-OQmd.js'
      at open (node:internal/fs/promises:641:25)
      at Object.readFile (node:internal/fs/promises:1245:14)
      at Object.handler (file:///Users/hf-mac/Downloads/tgpro-admin/.output/server/chunks/nitro/nitro.mjs:1959:19)
      at Server.toNodeHandle (file:///Users/hf-mac/Downloads/tgpro-admin/.output/server/chunks/nitro/nitro.mjs:2230:7) {
    errno: -2,
    code: 'ENOENT',
    syscall: 'open',
    path: '/Users/hf-mac/Downloads/tgpro-admin/.output/public/_nuxt/DAr-OQmd.js'
  },
  statusCode: 500,
  fatal: false,
  unhandled: true,
  statusMessage: undefined,
  data: undefined
}
2025-11-05T02:19:53: [request error] [unhandled] [GET] http://localhost:3000/_nuxt/Bdz-sLfb.js
 H3Error: ENOENT: no such file or directory, open '/Users/hf-mac/Downloads/tgpro-admin/.output/public/_nuxt/Bdz-sLfb.js'
    at open (node:internal/fs/promises:641:25)
    ... 2 lines matching cause stack trace ...
    at Server.toNodeHandle (file:///Users/hf-mac/Downloads/tgpro-admin/.output/server/chunks/nitro/nitro.mjs:2230:7) {
  cause: Error: ENOENT: no such file or directory, open '/Users/hf-mac/Downloads/tgpro-admin/.output/public/_nuxt/Bdz-sLfb.js'
      at open (node:internal/fs/promises:641:25)
      at Object.readFile (node:internal/fs/promises:1245:14)
      at Object.handler (file:///Users/hf-mac/Downloads/tgpro-admin/.output/server/chunks/nitro/nitro.mjs:1959:19)
      at Server.toNodeHandle (file:///Users/hf-mac/Downloads/tgpro-admin/.output/server/chunks/nitro/nitro.mjs:2230:7) {
    errno: -2,
    code: 'ENOENT',
    syscall: 'open',
    path: '/Users/hf-mac/Downloads/tgpro-admin/.output/public/_nuxt/Bdz-sLfb.js'
  },
  statusCode: 500,
  fatal: false,
  unhandled: true,
  statusMessage: undefined,
  data: undefined
}
2025-11-05T02:19:53: [request error] [unhandled] [GET] http://localhost:3000/_nuxt/BTgB1rvp.js
 H3Error: ENOENT: no such file or directory, open '/Users/hf-mac/Downloads/tgpro-admin/.output/public/_nuxt/BTgB1rvp.js'
    at open (node:internal/fs/promises:641:25)
    ... 2 lines matching cause stack trace ...
    at Server.toNodeHandle (file:///Users/hf-mac/Downloads/tgpro-admin/.output/server/chunks/nitro/nitro.mjs:2230:7) {
  cause: Error: ENOENT: no such file or directory, open '/Users/hf-mac/Downloads/tgpro-admin/.output/public/_nuxt/BTgB1rvp.js'
      at open (node:internal/fs/promises:641:25)
      at Object.readFile (node:internal/fs/promises:1245:14)
      at Object.handler (file:///Users/hf-mac/Downloads/tgpro-admin/.output/server/chunks/nitro/nitro.mjs:1959:19)
      at Server.toNodeHandle (file:///Users/hf-mac/Downloads/tgpro-admin/.output/server/chunks/nitro/nitro.mjs:2230:7) {
    errno: -2,
    code: 'ENOENT',
    syscall: 'open',
    path: '/Users/hf-mac/Downloads/tgpro-admin/.output/public/_nuxt/BTgB1rvp.js'
  },
  statusCode: 500,
  fatal: false,
  unhandled: true,
  statusMessage: undefined,
  data: undefined
}
2025-11-05T02:19:53: [request error] [unhandled] [GET] http://localhost:3000/_nuxt/CXT04lNs.js
 H3Error: ENOENT: no such file or directory, open '/Users/hf-mac/Downloads/tgpro-admin/.output/public/_nuxt/CXT04lNs.js'
    at open (node:internal/fs/promises:641:25)
    ... 2 lines matching cause stack trace ...
    at Server.toNodeHandle (file:///Users/hf-mac/Downloads/tgpro-admin/.output/server/chunks/nitro/nitro.mjs:2230:7) {
  cause: Error: ENOENT: no such file or directory, open '/Users/hf-mac/Downloads/tgpro-admin/.output/public/_nuxt/CXT04lNs.js'
      at open (node:internal/fs/promises:641:25)
      at Object.readFile (node:internal/fs/promises:1245:14)
      at Object.handler (file:///Users/hf-mac/Downloads/tgpro-admin/.output/server/chunks/nitro/nitro.mjs:1959:19)
      at Server.toNodeHandle (file:///Users/hf-mac/Downloads/tgpro-admin/.output/server/chunks/nitro/nitro.mjs:2230:7) {
    errno: -2,
    code: 'ENOENT',
    syscall: 'open',
    path: '/Users/hf-mac/Downloads/tgpro-admin/.output/public/_nuxt/CXT04lNs.js'
  },
  statusCode: 500,
  fatal: false,
  unhandled: true,
  statusMessage: undefined,
  data: undefined
}
2025-11-05T02:19:53: [request error] [unhandled] [GET] http://localhost:3000/_nuxt/DcHNM1Xn.js
 H3Error: ENOENT: no such file or directory, open '/Users/hf-mac/Downloads/tgpro-admin/.output/public/_nuxt/DcHNM1Xn.js'
    at open (node:internal/fs/promises:641:25)
    ... 2 lines matching cause stack trace ...
    at Server.toNodeHandle (file:///Users/hf-mac/Downloads/tgpro-admin/.output/server/chunks/nitro/nitro.mjs:2230:7) {
  cause: Error: ENOENT: no such file or directory, open '/Users/hf-mac/Downloads/tgpro-admin/.output/public/_nuxt/DcHNM1Xn.js'
      at open (node:internal/fs/promises:641:25)
      at Object.readFile (node:internal/fs/promises:1245:14)
      at Object.handler (file:///Users/hf-mac/Downloads/tgpro-admin/.output/server/chunks/nitro/nitro.mjs:1959:19)
      at Server.toNodeHandle (file:///Users/hf-mac/Downloads/tgpro-admin/.output/server/chunks/nitro/nitro.mjs:2230:7) {
    errno: -2,
    code: 'ENOENT',
    syscall: 'open',
    path: '/Users/hf-mac/Downloads/tgpro-admin/.output/public/_nuxt/DcHNM1Xn.js'
  },
  statusCode: 500,
  fatal: false,
  unhandled: true,
  statusMessage: undefined,
  data: undefined
}
2025-11-05T02:19:53: [request error] [unhandled] [GET] http://localhost:3000/_nuxt/C4xQaJXR.js
 H3Error: ENOENT: no such file or directory, open '/Users/hf-mac/Downloads/tgpro-admin/.output/public/_nuxt/C4xQaJXR.js'
    at open (node:internal/fs/promises:641:25)
    ... 2 lines matching cause stack trace ...
    at Server.toNodeHandle (file:///Users/hf-mac/Downloads/tgpro-admin/.output/server/chunks/nitro/nitro.mjs:2230:7) {
  cause: Error: ENOENT: no such file or directory, open '/Users/hf-mac/Downloads/tgpro-admin/.output/public/_nuxt/C4xQaJXR.js'
      at open (node:internal/fs/promises:641:25)
      at Object.readFile (node:internal/fs/promises:1245:14)
      at Object.handler (file:///Users/hf-mac/Downloads/tgpro-admin/.output/server/chunks/nitro/nitro.mjs:1959:19)
      at Server.toNodeHandle (file:///Users/hf-mac/Downloads/tgpro-admin/.output/server/chunks/nitro/nitro.mjs:2230:7) {
    errno: -2,
    code: 'ENOENT',
    syscall: 'open',
    path: '/Users/hf-mac/Downloads/tgpro-admin/.output/public/_nuxt/C4xQaJXR.js'
  },
  statusCode: 500,
  fatal: false,
  unhandled: true,
  statusMessage: undefined,
  data: undefined
}
2025-11-05T02:19:53: [request error] [unhandled] [GET] http://localhost:3000/_nuxt/builds/meta/db489c3b-20ab-405c-96a2-98b632ec7da6.json
 H3Error: ENOENT: no such file or directory, open '/Users/hf-mac/Downloads/tgpro-admin/.output/public/_nuxt/builds/meta/db489c3b-20ab-405c-96a2-98b632ec7da6.json'
    at open (node:internal/fs/promises:641:25)
    ... 2 lines matching cause stack trace ...
    at Server.toNodeHandle (file:///Users/hf-mac/Downloads/tgpro-admin/.output/server/chunks/nitro/nitro.mjs:2230:7) {
  cause: Error: ENOENT: no such file or directory, open '/Users/hf-mac/Downloads/tgpro-admin/.output/public/_nuxt/builds/meta/db489c3b-20ab-405c-96a2-98b632ec7da6.json'
      at open (node:internal/fs/promises:641:25)
      at Object.readFile (node:internal/fs/promises:1245:14)
      at Object.handler (file:///Users/hf-mac/Downloads/tgpro-admin/.output/server/chunks/nitro/nitro.mjs:1959:19)
      at Server.toNodeHandle (file:///Users/hf-mac/Downloads/tgpro-admin/.output/server/chunks/nitro/nitro.mjs:2230:7) {
    errno: -2,
    code: 'ENOENT',
    syscall: 'open',
    path: '/Users/hf-mac/Downloads/tgpro-admin/.output/public/_nuxt/builds/meta/db489c3b-20ab-405c-96a2-98b632ec7da6.json'
  },
  statusCode: 500,
  fatal: false,
  unhandled: true,
  statusMessage: undefined,
  data: undefined
}
2025-11-05T02:20:11: [request error] [unhandled] [GET] http://localhost:3000/_nuxt/DbAgXtul.js
 H3Error: ENOENT: no such file or directory, open '/Users/hf-mac/Downloads/tgpro-admin/.output/public/_nuxt/DbAgXtul.js'
    at open (node:internal/fs/promises:641:25)
    ... 2 lines matching cause stack trace ...
    at Server.toNodeHandle (file:///Users/hf-mac/Downloads/tgpro-admin/.output/server/chunks/nitro/nitro.mjs:2230:7) {
  cause: Error: ENOENT: no such file or directory, open '/Users/hf-mac/Downloads/tgpro-admin/.output/public/_nuxt/DbAgXtul.js'
      at open (node:internal/fs/promises:641:25)
      at Object.readFile (node:internal/fs/promises:1245:14)
      at Object.handler (file:///Users/hf-mac/Downloads/tgpro-admin/.output/server/chunks/nitro/nitro.mjs:1959:19)
      at Server.toNodeHandle (file:///Users/hf-mac/Downloads/tgpro-admin/.output/server/chunks/nitro/nitro.mjs:2230:7) {
    errno: -2,
    code: 'ENOENT',
    syscall: 'open',
    path: '/Users/hf-mac/Downloads/tgpro-admin/.output/public/_nuxt/DbAgXtul.js'
  },
  statusCode: 500,
  fatal: false,
  unhandled: true,
  statusMessage: undefined,
  data: undefined
}
2025-11-05T02:20:11: [request error] [unhandled] [GET] http://localhost:3000/_nuxt/D_B5nL8y.js
 H3Error: ENOENT: no such file or directory, open '/Users/hf-mac/Downloads/tgpro-admin/.output/public/_nuxt/D_B5nL8y.js'
    at open (node:internal/fs/promises:641:25)
    ... 2 lines matching cause stack trace ...
    at Server.toNodeHandle (file:///Users/hf-mac/Downloads/tgpro-admin/.output/server/chunks/nitro/nitro.mjs:2230:7) {
  cause: Error: ENOENT: no such file or directory, open '/Users/hf-mac/Downloads/tgpro-admin/.output/public/_nuxt/D_B5nL8y.js'
      at open (node:internal/fs/promises:641:25)
      at Object.readFile (node:internal/fs/promises:1245:14)
      at Object.handler (file:///Users/hf-mac/Downloads/tgpro-admin/.output/server/chunks/nitro/nitro.mjs:1959:19)
      at Server.toNodeHandle (file:///Users/hf-mac/Downloads/tgpro-admin/.output/server/chunks/nitro/nitro.mjs:2230:7) {
    errno: -2,
    code: 'ENOENT',
    syscall: 'open',
    path: '/Users/hf-mac/Downloads/tgpro-admin/.output/public/_nuxt/D_B5nL8y.js'
  },
  statusCode: 500,
  fatal: false,
  unhandled: true,
  statusMessage: undefined,
  data: undefined
}
2025-11-05T02:20:11: [request error] [unhandled] [GET] http://localhost:3000/_nuxt/Bl84yrz9.js
 H3Error: ENOENT: no such file or directory, open '/Users/hf-mac/Downloads/tgpro-admin/.output/public/_nuxt/Bl84yrz9.js'
    at open (node:internal/fs/promises:641:25)
    ... 2 lines matching cause stack trace ...
    at Server.toNodeHandle (file:///Users/hf-mac/Downloads/tgpro-admin/.output/server/chunks/nitro/nitro.mjs:2230:7) {
  cause: Error: ENOENT: no such file or directory, open '/Users/hf-mac/Downloads/tgpro-admin/.output/public/_nuxt/Bl84yrz9.js'
      at open (node:internal/fs/promises:641:25)
      at Object.readFile (node:internal/fs/promises:1245:14)
      at Object.handler (file:///Users/hf-mac/Downloads/tgpro-admin/.output/server/chunks/nitro/nitro.mjs:1959:19)
      at Server.toNodeHandle (file:///Users/hf-mac/Downloads/tgpro-admin/.output/server/chunks/nitro/nitro.mjs:2230:7) {
    errno: -2,
    code: 'ENOENT',
    syscall: 'open',
    path: '/Users/hf-mac/Downloads/tgpro-admin/.output/public/_nuxt/Bl84yrz9.js'
  },
  statusCode: 500,
  fatal: false,
  unhandled: true,
  statusMessage: undefined,
  data: undefined
}
2025-11-05T02:20:11: [request error] [unhandled] [GET] http://localhost:3000/_nuxt/DpNIWReE.js
 H3Error: ENOENT: no such file or directory, open '/Users/hf-mac/Downloads/tgpro-admin/.output/public/_nuxt/DpNIWReE.js'
    at open (node:internal/fs/promises:641:25)
    ... 2 lines matching cause stack trace ...
    at Server.toNodeHandle (file:///Users/hf-mac/Downloads/tgpro-admin/.output/server/chunks/nitro/nitro.mjs:2230:7) {
  cause: Error: ENOENT: no such file or directory, open '/Users/hf-mac/Downloads/tgpro-admin/.output/public/_nuxt/DpNIWReE.js'
      at open (node:internal/fs/promises:641:25)
      at Object.readFile (node:internal/fs/promises:1245:14)
      at Object.handler (file:///Users/hf-mac/Downloads/tgpro-admin/.output/server/chunks/nitro/nitro.mjs:1959:19)
      at Server.toNodeHandle (file:///Users/hf-mac/Downloads/tgpro-admin/.output/server/chunks/nitro/nitro.mjs:2230:7) {
    errno: -2,
    code: 'ENOENT',
    syscall: 'open',
    path: '/Users/hf-mac/Downloads/tgpro-admin/.output/public/_nuxt/DpNIWReE.js'
  },
  statusCode: 500,
  fatal: false,
  unhandled: true,
  statusMessage: undefined,
  data: undefined
}
2025-11-05T02:20:11: [request error] [unhandled] [GET] http://localhost:3000/_nuxt/D974gv07.js
 H3Error: ENOENT: no such file or directory, open '/Users/hf-mac/Downloads/tgpro-admin/.output/public/_nuxt/D974gv07.js'
    at open (node:internal/fs/promises:641:25)
    ... 2 lines matching cause stack trace ...
    at Server.toNodeHandle (file:///Users/hf-mac/Downloads/tgpro-admin/.output/server/chunks/nitro/nitro.mjs:2230:7) {
  cause: Error: ENOENT: no such file or directory, open '/Users/hf-mac/Downloads/tgpro-admin/.output/public/_nuxt/D974gv07.js'
      at open (node:internal/fs/promises:641:25)
      at Object.readFile (node:internal/fs/promises:1245:14)
      at Object.handler (file:///Users/hf-mac/Downloads/tgpro-admin/.output/server/chunks/nitro/nitro.mjs:1959:19)
      at Server.toNodeHandle (file:///Users/hf-mac/Downloads/tgpro-admin/.output/server/chunks/nitro/nitro.mjs:2230:7) {
    errno: -2,
    code: 'ENOENT',
    syscall: 'open',
    path: '/Users/hf-mac/Downloads/tgpro-admin/.output/public/_nuxt/D974gv07.js'
  },
  statusCode: 500,
  fatal: false,
  unhandled: true,
  statusMessage: undefined,
  data: undefined
}
2025-11-05T02:20:11: [request error] [unhandled] [GET] http://localhost:3000/_nuxt/D32lUId-.js
 H3Error: ENOENT: no such file or directory, open '/Users/hf-mac/Downloads/tgpro-admin/.output/public/_nuxt/D32lUId-.js'
    at open (node:internal/fs/promises:641:25)
    ... 2 lines matching cause stack trace ...
    at Server.toNodeHandle (file:///Users/hf-mac/Downloads/tgpro-admin/.output/server/chunks/nitro/nitro.mjs:2230:7) {
  cause: Error: ENOENT: no such file or directory, open '/Users/hf-mac/Downloads/tgpro-admin/.output/public/_nuxt/D32lUId-.js'
      at open (node:internal/fs/promises:641:25)
      at Object.readFile (node:internal/fs/promises:1245:14)
      at Object.handler (file:///Users/hf-mac/Downloads/tgpro-admin/.output/server/chunks/nitro/nitro.mjs:1959:19)
      at Server.toNodeHandle (file:///Users/hf-mac/Downloads/tgpro-admin/.output/server/chunks/nitro/nitro.mjs:2230:7) {
    errno: -2,
    code: 'ENOENT',
    syscall: 'open',
    path: '/Users/hf-mac/Downloads/tgpro-admin/.output/public/_nuxt/D32lUId-.js'
  },
  statusCode: 500,
  fatal: false,
  unhandled: true,
  statusMessage: undefined,
  data: undefined
}
2025-11-05T02:20:11: [request error] [unhandled] [GET] http://localhost:3000/_nuxt/CetYVyQG.js
 H3Error: ENOENT: no such file or directory, open '/Users/hf-mac/Downloads/tgpro-admin/.output/public/_nuxt/CetYVyQG.js'
    at open (node:internal/fs/promises:641:25)
    ... 2 lines matching cause stack trace ...
    at Server.toNodeHandle (file:///Users/hf-mac/Downloads/tgpro-admin/.output/server/chunks/nitro/nitro.mjs:2230:7) {
  cause: Error: ENOENT: no such file or directory, open '/Users/hf-mac/Downloads/tgpro-admin/.output/public/_nuxt/CetYVyQG.js'
      at open (node:internal/fs/promises:641:25)
      at Object.readFile (node:internal/fs/promises:1245:14)
      at Object.handler (file:///Users/hf-mac/Downloads/tgpro-admin/.output/server/chunks/nitro/nitro.mjs:1959:19)
      at Server.toNodeHandle (file:///Users/hf-mac/Downloads/tgpro-admin/.output/server/chunks/nitro/nitro.mjs:2230:7) {
    errno: -2,
    code: 'ENOENT',
    syscall: 'open',
    path: '/Users/hf-mac/Downloads/tgpro-admin/.output/public/_nuxt/CetYVyQG.js'
  },
  statusCode: 500,
  fatal: false,
  unhandled: true,
  statusMessage: undefined,
  data: undefined
}
2025-11-05T02:20:11: [request error] [unhandled] [GET] http://localhost:3000/_nuxt/Db7eFA1E.js
 H3Error: ENOENT: no such file or directory, open '/Users/hf-mac/Downloads/tgpro-admin/.output/public/_nuxt/Db7eFA1E.js'
    at open (node:internal/fs/promises:641:25)
    ... 2 lines matching cause stack trace ...
    at Server.toNodeHandle (file:///Users/hf-mac/Downloads/tgpro-admin/.output/server/chunks/nitro/nitro.mjs:2230:7) {
  cause: Error: ENOENT: no such file or directory, open '/Users/hf-mac/Downloads/tgpro-admin/.output/public/_nuxt/Db7eFA1E.js'
      at open (node:internal/fs/promises:641:25)
      at Object.readFile (node:internal/fs/promises:1245:14)
      at Object.handler (file:///Users/hf-mac/Downloads/tgpro-admin/.output/server/chunks/nitro/nitro.mjs:1959:19)
      at Server.toNodeHandle (file:///Users/hf-mac/Downloads/tgpro-admin/.output/server/chunks/nitro/nitro.mjs:2230:7) {
    errno: -2,
    code: 'ENOENT',
    syscall: 'open',
    path: '/Users/hf-mac/Downloads/tgpro-admin/.output/public/_nuxt/Db7eFA1E.js'
  },
  statusCode: 500,
  fatal: false,
  unhandled: true,
  statusMessage: undefined,
  data: undefined
}
2025-11-05T02:20:11: [request error] [unhandled] [GET] http://localhost:3000/_nuxt/DAr-OQmd.js
 H3Error: ENOENT: no such file or directory, open '/Users/hf-mac/Downloads/tgpro-admin/.output/public/_nuxt/DAr-OQmd.js'
    at open (node:internal/fs/promises:641:25)
    ... 2 lines matching cause stack trace ...
    at Server.toNodeHandle (file:///Users/hf-mac/Downloads/tgpro-admin/.output/server/chunks/nitro/nitro.mjs:2230:7) {
  cause: Error: ENOENT: no such file or directory, open '/Users/hf-mac/Downloads/tgpro-admin/.output/public/_nuxt/DAr-OQmd.js'
      at open (node:internal/fs/promises:641:25)
      at Object.readFile (node:internal/fs/promises:1245:14)
      at Object.handler (file:///Users/hf-mac/Downloads/tgpro-admin/.output/server/chunks/nitro/nitro.mjs:1959:19)
      at Server.toNodeHandle (file:///Users/hf-mac/Downloads/tgpro-admin/.output/server/chunks/nitro/nitro.mjs:2230:7) {
    errno: -2,
    code: 'ENOENT',
    syscall: 'open',
    path: '/Users/hf-mac/Downloads/tgpro-admin/.output/public/_nuxt/DAr-OQmd.js'
  },
  statusCode: 500,
  fatal: false,
  unhandled: true,
  statusMessage: undefined,
  data: undefined
}
2025-11-05T02:20:11: [request error] [unhandled] [GET] http://localhost:3000/_nuxt/Bdz-sLfb.js
 H3Error: ENOENT: no such file or directory, open '/Users/hf-mac/Downloads/tgpro-admin/.output/public/_nuxt/Bdz-sLfb.js'
    at open (node:internal/fs/promises:641:25)
    ... 2 lines matching cause stack trace ...
    at Server.toNodeHandle (file:///Users/hf-mac/Downloads/tgpro-admin/.output/server/chunks/nitro/nitro.mjs:2230:7) {
  cause: Error: ENOENT: no such file or directory, open '/Users/hf-mac/Downloads/tgpro-admin/.output/public/_nuxt/Bdz-sLfb.js'
      at open (node:internal/fs/promises:641:25)
      at Object.readFile (node:internal/fs/promises:1245:14)
      at Object.handler (file:///Users/hf-mac/Downloads/tgpro-admin/.output/server/chunks/nitro/nitro.mjs:1959:19)
      at Server.toNodeHandle (file:///Users/hf-mac/Downloads/tgpro-admin/.output/server/chunks/nitro/nitro.mjs:2230:7) {
    errno: -2,
    code: 'ENOENT',
    syscall: 'open',
    path: '/Users/hf-mac/Downloads/tgpro-admin/.output/public/_nuxt/Bdz-sLfb.js'
  },
  statusCode: 500,
  fatal: false,
  unhandled: true,
  statusMessage: undefined,
  data: undefined
}
2025-11-05T02:20:11: [request error] [unhandled] [GET] http://localhost:3000/_nuxt/BTgB1rvp.js
 H3Error: ENOENT: no such file or directory, open '/Users/hf-mac/Downloads/tgpro-admin/.output/public/_nuxt/BTgB1rvp.js'
    at open (node:internal/fs/promises:641:25)
    ... 2 lines matching cause stack trace ...
    at Server.toNodeHandle (file:///Users/hf-mac/Downloads/tgpro-admin/.output/server/chunks/nitro/nitro.mjs:2230:7) {
  cause: Error: ENOENT: no such file or directory, open '/Users/hf-mac/Downloads/tgpro-admin/.output/public/_nuxt/BTgB1rvp.js'
      at open (node:internal/fs/promises:641:25)
      at Object.readFile (node:internal/fs/promises:1245:14)
      at Object.handler (file:///Users/hf-mac/Downloads/tgpro-admin/.output/server/chunks/nitro/nitro.mjs:1959:19)
      at Server.toNodeHandle (file:///Users/hf-mac/Downloads/tgpro-admin/.output/server/chunks/nitro/nitro.mjs:2230:7) {
    errno: -2,
    code: 'ENOENT',
    syscall: 'open',
    path: '/Users/hf-mac/Downloads/tgpro-admin/.output/public/_nuxt/BTgB1rvp.js'
  },
  statusCode: 500,
  fatal: false,
  unhandled: true,
  statusMessage: undefined,
  data: undefined
}
2025-11-05T02:20:11: [request error] [unhandled] [GET] http://localhost:3000/_nuxt/CXT04lNs.js
 H3Error: ENOENT: no such file or directory, open '/Users/hf-mac/Downloads/tgpro-admin/.output/public/_nuxt/CXT04lNs.js'
    at open (node:internal/fs/promises:641:25)
    ... 2 lines matching cause stack trace ...
    at Server.toNodeHandle (file:///Users/hf-mac/Downloads/tgpro-admin/.output/server/chunks/nitro/nitro.mjs:2230:7) {
  cause: Error: ENOENT: no such file or directory, open '/Users/hf-mac/Downloads/tgpro-admin/.output/public/_nuxt/CXT04lNs.js'
      at open (node:internal/fs/promises:641:25)
      at Object.readFile (node:internal/fs/promises:1245:14)
      at Object.handler (file:///Users/hf-mac/Downloads/tgpro-admin/.output/server/chunks/nitro/nitro.mjs:1959:19)
      at Server.toNodeHandle (file:///Users/hf-mac/Downloads/tgpro-admin/.output/server/chunks/nitro/nitro.mjs:2230:7) {
    errno: -2,
    code: 'ENOENT',
    syscall: 'open',
    path: '/Users/hf-mac/Downloads/tgpro-admin/.output/public/_nuxt/CXT04lNs.js'
  },
  statusCode: 500,
  fatal: false,
  unhandled: true,
  statusMessage: undefined,
  data: undefined
}
2025-11-05T02:20:11: [request error] [unhandled] [GET] http://localhost:3000/_nuxt/DcHNM1Xn.js
 H3Error: ENOENT: no such file or directory, open '/Users/hf-mac/Downloads/tgpro-admin/.output/public/_nuxt/DcHNM1Xn.js'
    at open (node:internal/fs/promises:641:25)
    ... 2 lines matching cause stack trace ...
    at Server.toNodeHandle (file:///Users/hf-mac/Downloads/tgpro-admin/.output/server/chunks/nitro/nitro.mjs:2230:7) {
  cause: Error: ENOENT: no such file or directory, open '/Users/hf-mac/Downloads/tgpro-admin/.output/public/_nuxt/DcHNM1Xn.js'
      at open (node:internal/fs/promises:641:25)
      at Object.readFile (node:internal/fs/promises:1245:14)
      at Object.handler (file:///Users/hf-mac/Downloads/tgpro-admin/.output/server/chunks/nitro/nitro.mjs:1959:19)
      at Server.toNodeHandle (file:///Users/hf-mac/Downloads/tgpro-admin/.output/server/chunks/nitro/nitro.mjs:2230:7) {
    errno: -2,
    code: 'ENOENT',
    syscall: 'open',
    path: '/Users/hf-mac/Downloads/tgpro-admin/.output/public/_nuxt/DcHNM1Xn.js'
  },
  statusCode: 500,
  fatal: false,
  unhandled: true,
  statusMessage: undefined,
  data: undefined
}
2025-11-05T02:20:11: [request error] [unhandled] [GET] http://localhost:3000/_nuxt/C4xQaJXR.js
 H3Error: ENOENT: no such file or directory, open '/Users/hf-mac/Downloads/tgpro-admin/.output/public/_nuxt/C4xQaJXR.js'
    at open (node:internal/fs/promises:641:25)
    ... 2 lines matching cause stack trace ...
    at Server.toNodeHandle (file:///Users/hf-mac/Downloads/tgpro-admin/.output/server/chunks/nitro/nitro.mjs:2230:7) {
  cause: Error: ENOENT: no such file or directory, open '/Users/hf-mac/Downloads/tgpro-admin/.output/public/_nuxt/C4xQaJXR.js'
      at open (node:internal/fs/promises:641:25)
      at Object.readFile (node:internal/fs/promises:1245:14)
      at Object.handler (file:///Users/hf-mac/Downloads/tgpro-admin/.output/server/chunks/nitro/nitro.mjs:1959:19)
      at Server.toNodeHandle (file:///Users/hf-mac/Downloads/tgpro-admin/.output/server/chunks/nitro/nitro.mjs:2230:7) {
    errno: -2,
    code: 'ENOENT',
    syscall: 'open',
    path: '/Users/hf-mac/Downloads/tgpro-admin/.output/public/_nuxt/C4xQaJXR.js'
  },
  statusCode: 500,
  fatal: false,
  unhandled: true,
  statusMessage: undefined,
  data: undefined
}
2025-11-05T02:20:44: [request error] [unhandled] [GET] http://localhost:3000/_nuxt/DbAgXtul.js
 H3Error: ENOENT: no such file or directory, open '/Users/hf-mac/Downloads/tgpro-admin/.output/public/_nuxt/DbAgXtul.js'
    at open (node:internal/fs/promises:641:25)
    ... 2 lines matching cause stack trace ...
    at Server.toNodeHandle (file:///Users/hf-mac/Downloads/tgpro-admin/.output/server/chunks/nitro/nitro.mjs:2230:7) {
  cause: Error: ENOENT: no such file or directory, open '/Users/hf-mac/Downloads/tgpro-admin/.output/public/_nuxt/DbAgXtul.js'
      at open (node:internal/fs/promises:641:25)
      at Object.readFile (node:internal/fs/promises:1245:14)
      at Object.handler (file:///Users/hf-mac/Downloads/tgpro-admin/.output/server/chunks/nitro/nitro.mjs:1959:19)
      at Server.toNodeHandle (file:///Users/hf-mac/Downloads/tgpro-admin/.output/server/chunks/nitro/nitro.mjs:2230:7) {
    errno: -2,
    code: 'ENOENT',
    syscall: 'open',
    path: '/Users/hf-mac/Downloads/tgpro-admin/.output/public/_nuxt/DbAgXtul.js'
  },
  statusCode: 500,
  fatal: false,
  unhandled: true,
  statusMessage: undefined,
  data: undefined
}
2025-11-05T02:20:44: [request error] [unhandled] [GET] http://localhost:3000/_nuxt/D_B5nL8y.js
 H3Error: ENOENT: no such file or directory, open '/Users/hf-mac/Downloads/tgpro-admin/.output/public/_nuxt/D_B5nL8y.js'
    at open (node:internal/fs/promises:641:25)
    ... 2 lines matching cause stack trace ...
    at Server.toNodeHandle (file:///Users/hf-mac/Downloads/tgpro-admin/.output/server/chunks/nitro/nitro.mjs:2230:7) {
  cause: Error: ENOENT: no such file or directory, open '/Users/hf-mac/Downloads/tgpro-admin/.output/public/_nuxt/D_B5nL8y.js'
      at open (node:internal/fs/promises:641:25)
      at Object.readFile (node:internal/fs/promises:1245:14)
      at Object.handler (file:///Users/hf-mac/Downloads/tgpro-admin/.output/server/chunks/nitro/nitro.mjs:1959:19)
      at Server.toNodeHandle (file:///Users/hf-mac/Downloads/tgpro-admin/.output/server/chunks/nitro/nitro.mjs:2230:7) {
    errno: -2,
    code: 'ENOENT',
    syscall: 'open',
    path: '/Users/hf-mac/Downloads/tgpro-admin/.output/public/_nuxt/D_B5nL8y.js'
  },
  statusCode: 500,
  fatal: false,
  unhandled: true,
  statusMessage: undefined,
  data: undefined
}
2025-11-05T02:20:44: [request error] [unhandled] [GET] http://localhost:3000/_nuxt/Bl84yrz9.js
 H3Error: ENOENT: no such file or directory, open '/Users/hf-mac/Downloads/tgpro-admin/.output/public/_nuxt/Bl84yrz9.js'
    at open (node:internal/fs/promises:641:25)
    ... 2 lines matching cause stack trace ...
    at Server.toNodeHandle (file:///Users/hf-mac/Downloads/tgpro-admin/.output/server/chunks/nitro/nitro.mjs:2230:7) {
  cause: Error: ENOENT: no such file or directory, open '/Users/hf-mac/Downloads/tgpro-admin/.output/public/_nuxt/Bl84yrz9.js'
      at open (node:internal/fs/promises:641:25)
      at Object.readFile (node:internal/fs/promises:1245:14)
      at Object.handler (file:///Users/hf-mac/Downloads/tgpro-admin/.output/server/chunks/nitro/nitro.mjs:1959:19)
      at Server.toNodeHandle (file:///Users/hf-mac/Downloads/tgpro-admin/.output/server/chunks/nitro/nitro.mjs:2230:7) {
    errno: -2,
    code: 'ENOENT',
    syscall: 'open',
    path: '/Users/hf-mac/Downloads/tgpro-admin/.output/public/_nuxt/Bl84yrz9.js'
  },
  statusCode: 500,
  fatal: false,
  unhandled: true,
  statusMessage: undefined,
  data: undefined
}
2025-11-05T02:20:44: [request error] [unhandled] [GET] http://localhost:3000/_nuxt/DpNIWReE.js
 H3Error: ENOENT: no such file or directory, open '/Users/hf-mac/Downloads/tgpro-admin/.output/public/_nuxt/DpNIWReE.js'
    at open (node:internal/fs/promises:641:25)
    ... 2 lines matching cause stack trace ...
    at Server.toNodeHandle (file:///Users/hf-mac/Downloads/tgpro-admin/.output/server/chunks/nitro/nitro.mjs:2230:7) {
  cause: Error: ENOENT: no such file or directory, open '/Users/hf-mac/Downloads/tgpro-admin/.output/public/_nuxt/DpNIWReE.js'
      at open (node:internal/fs/promises:641:25)
      at Object.readFile (node:internal/fs/promises:1245:14)
      at Object.handler (file:///Users/hf-mac/Downloads/tgpro-admin/.output/server/chunks/nitro/nitro.mjs:1959:19)
      at Server.toNodeHandle (file:///Users/hf-mac/Downloads/tgpro-admin/.output/server/chunks/nitro/nitro.mjs:2230:7) {
    errno: -2,
    code: 'ENOENT',
    syscall: 'open',
    path: '/Users/hf-mac/Downloads/tgpro-admin/.output/public/_nuxt/DpNIWReE.js'
  },
  statusCode: 500,
  fatal: false,
  unhandled: true,
  statusMessage: undefined,
  data: undefined
}
2025-11-05T02:20:44: [request error] [unhandled] [GET] http://localhost:3000/_nuxt/D974gv07.js
 H3Error: ENOENT: no such file or directory, open '/Users/hf-mac/Downloads/tgpro-admin/.output/public/_nuxt/D974gv07.js'
    at open (node:internal/fs/promises:641:25)
    ... 2 lines matching cause stack trace ...
    at Server.toNodeHandle (file:///Users/hf-mac/Downloads/tgpro-admin/.output/server/chunks/nitro/nitro.mjs:2230:7) {
  cause: Error: ENOENT: no such file or directory, open '/Users/hf-mac/Downloads/tgpro-admin/.output/public/_nuxt/D974gv07.js'
      at open (node:internal/fs/promises:641:25)
      at Object.readFile (node:internal/fs/promises:1245:14)
      at Object.handler (file:///Users/hf-mac/Downloads/tgpro-admin/.output/server/chunks/nitro/nitro.mjs:1959:19)
      at Server.toNodeHandle (file:///Users/hf-mac/Downloads/tgpro-admin/.output/server/chunks/nitro/nitro.mjs:2230:7) {
    errno: -2,
    code: 'ENOENT',
    syscall: 'open',
    path: '/Users/hf-mac/Downloads/tgpro-admin/.output/public/_nuxt/D974gv07.js'
  },
  statusCode: 500,
  fatal: false,
  unhandled: true,
  statusMessage: undefined,
  data: undefined
}
2025-11-05T02:20:44: [request error] [unhandled] [GET] http://localhost:3000/_nuxt/D32lUId-.js
 H3Error: ENOENT: no such file or directory, open '/Users/hf-mac/Downloads/tgpro-admin/.output/public/_nuxt/D32lUId-.js'
    at open (node:internal/fs/promises:641:25)
    ... 2 lines matching cause stack trace ...
    at Server.toNodeHandle (file:///Users/hf-mac/Downloads/tgpro-admin/.output/server/chunks/nitro/nitro.mjs:2230:7) {
  cause: Error: ENOENT: no such file or directory, open '/Users/hf-mac/Downloads/tgpro-admin/.output/public/_nuxt/D32lUId-.js'
      at open (node:internal/fs/promises:641:25)
      at Object.readFile (node:internal/fs/promises:1245:14)
      at Object.handler (file:///Users/hf-mac/Downloads/tgpro-admin/.output/server/chunks/nitro/nitro.mjs:1959:19)
      at Server.toNodeHandle (file:///Users/hf-mac/Downloads/tgpro-admin/.output/server/chunks/nitro/nitro.mjs:2230:7) {
    errno: -2,
    code: 'ENOENT',
    syscall: 'open',
    path: '/Users/hf-mac/Downloads/tgpro-admin/.output/public/_nuxt/D32lUId-.js'
  },
  statusCode: 500,
  fatal: false,
  unhandled: true,
  statusMessage: undefined,
  data: undefined
}
2025-11-05T02:20:44: [request error] [unhandled] [GET] http://localhost:3000/_nuxt/CetYVyQG.js
 H3Error: ENOENT: no such file or directory, open '/Users/hf-mac/Downloads/tgpro-admin/.output/public/_nuxt/CetYVyQG.js'
    at open (node:internal/fs/promises:641:25)
    ... 2 lines matching cause stack trace ...
    at Server.toNodeHandle (file:///Users/hf-mac/Downloads/tgpro-admin/.output/server/chunks/nitro/nitro.mjs:2230:7) {
  cause: Error: ENOENT: no such file or directory, open '/Users/hf-mac/Downloads/tgpro-admin/.output/public/_nuxt/CetYVyQG.js'
      at open (node:internal/fs/promises:641:25)
      at Object.readFile (node:internal/fs/promises:1245:14)
      at Object.handler (file:///Users/hf-mac/Downloads/tgpro-admin/.output/server/chunks/nitro/nitro.mjs:1959:19)
      at Server.toNodeHandle (file:///Users/hf-mac/Downloads/tgpro-admin/.output/server/chunks/nitro/nitro.mjs:2230:7) {
    errno: -2,
    code: 'ENOENT',
    syscall: 'open',
    path: '/Users/hf-mac/Downloads/tgpro-admin/.output/public/_nuxt/CetYVyQG.js'
  },
  statusCode: 500,
  fatal: false,
  unhandled: true,
  statusMessage: undefined,
  data: undefined
}
2025-11-05T02:20:44: [request error] [unhandled] [GET] http://localhost:3000/_nuxt/Db7eFA1E.js
 H3Error: ENOENT: no such file or directory, open '/Users/hf-mac/Downloads/tgpro-admin/.output/public/_nuxt/Db7eFA1E.js'
    at open (node:internal/fs/promises:641:25)
    ... 2 lines matching cause stack trace ...
    at Server.toNodeHandle (file:///Users/hf-mac/Downloads/tgpro-admin/.output/server/chunks/nitro/nitro.mjs:2230:7) {
  cause: Error: ENOENT: no such file or directory, open '/Users/hf-mac/Downloads/tgpro-admin/.output/public/_nuxt/Db7eFA1E.js'
      at open (node:internal/fs/promises:641:25)
      at Object.readFile (node:internal/fs/promises:1245:14)
      at Object.handler (file:///Users/hf-mac/Downloads/tgpro-admin/.output/server/chunks/nitro/nitro.mjs:1959:19)
      at Server.toNodeHandle (file:///Users/hf-mac/Downloads/tgpro-admin/.output/server/chunks/nitro/nitro.mjs:2230:7) {
    errno: -2,
    code: 'ENOENT',
    syscall: 'open',
    path: '/Users/hf-mac/Downloads/tgpro-admin/.output/public/_nuxt/Db7eFA1E.js'
  },
  statusCode: 500,
  fatal: false,
  unhandled: true,
  statusMessage: undefined,
  data: undefined
}
2025-11-05T02:20:44: [request error] [unhandled] [GET] http://localhost:3000/_nuxt/DAr-OQmd.js
 H3Error: ENOENT: no such file or directory, open '/Users/hf-mac/Downloads/tgpro-admin/.output/public/_nuxt/DAr-OQmd.js'
    at open (node:internal/fs/promises:641:25)
    ... 2 lines matching cause stack trace ...
    at Server.toNodeHandle (file:///Users/hf-mac/Downloads/tgpro-admin/.output/server/chunks/nitro/nitro.mjs:2230:7) {
  cause: Error: ENOENT: no such file or directory, open '/Users/hf-mac/Downloads/tgpro-admin/.output/public/_nuxt/DAr-OQmd.js'
      at open (node:internal/fs/promises:641:25)
      at Object.readFile (node:internal/fs/promises:1245:14)
      at Object.handler (file:///Users/hf-mac/Downloads/tgpro-admin/.output/server/chunks/nitro/nitro.mjs:1959:19)
      at Server.toNodeHandle (file:///Users/hf-mac/Downloads/tgpro-admin/.output/server/chunks/nitro/nitro.mjs:2230:7) {
    errno: -2,
    code: 'ENOENT',
    syscall: 'open',
    path: '/Users/hf-mac/Downloads/tgpro-admin/.output/public/_nuxt/DAr-OQmd.js'
  },
  statusCode: 500,
  fatal: false,
  unhandled: true,
  statusMessage: undefined,
  data: undefined
}
2025-11-05T02:20:44: [request error] [unhandled] [GET] http://localhost:3000/_nuxt/Bdz-sLfb.js
 H3Error: ENOENT: no such file or directory, open '/Users/hf-mac/Downloads/tgpro-admin/.output/public/_nuxt/Bdz-sLfb.js'
    at open (node:internal/fs/promises:641:25)
    ... 2 lines matching cause stack trace ...
    at Server.toNodeHandle (file:///Users/hf-mac/Downloads/tgpro-admin/.output/server/chunks/nitro/nitro.mjs:2230:7) {
  cause: Error: ENOENT: no such file or directory, open '/Users/hf-mac/Downloads/tgpro-admin/.output/public/_nuxt/Bdz-sLfb.js'
      at open (node:internal/fs/promises:641:25)
      at Object.readFile (node:internal/fs/promises:1245:14)
      at Object.handler (file:///Users/hf-mac/Downloads/tgpro-admin/.output/server/chunks/nitro/nitro.mjs:1959:19)
      at Server.toNodeHandle (file:///Users/hf-mac/Downloads/tgpro-admin/.output/server/chunks/nitro/nitro.mjs:2230:7) {
    errno: -2,
    code: 'ENOENT',
    syscall: 'open',
    path: '/Users/hf-mac/Downloads/tgpro-admin/.output/public/_nuxt/Bdz-sLfb.js'
  },
  statusCode: 500,
  fatal: false,
  unhandled: true,
  statusMessage: undefined,
  data: undefined
}
2025-11-05T02:20:44: [request error] [unhandled] [GET] http://localhost:3000/_nuxt/BTgB1rvp.js
 H3Error: ENOENT: no such file or directory, open '/Users/hf-mac/Downloads/tgpro-admin/.output/public/_nuxt/BTgB1rvp.js'
    at open (node:internal/fs/promises:641:25)
    ... 2 lines matching cause stack trace ...
    at Server.toNodeHandle (file:///Users/hf-mac/Downloads/tgpro-admin/.output/server/chunks/nitro/nitro.mjs:2230:7) {
  cause: Error: ENOENT: no such file or directory, open '/Users/hf-mac/Downloads/tgpro-admin/.output/public/_nuxt/BTgB1rvp.js'
      at open (node:internal/fs/promises:641:25)
      at Object.readFile (node:internal/fs/promises:1245:14)
      at Object.handler (file:///Users/hf-mac/Downloads/tgpro-admin/.output/server/chunks/nitro/nitro.mjs:1959:19)
      at Server.toNodeHandle (file:///Users/hf-mac/Downloads/tgpro-admin/.output/server/chunks/nitro/nitro.mjs:2230:7) {
    errno: -2,
    code: 'ENOENT',
    syscall: 'open',
    path: '/Users/hf-mac/Downloads/tgpro-admin/.output/public/_nuxt/BTgB1rvp.js'
  },
  statusCode: 500,
  fatal: false,
  unhandled: true,
  statusMessage: undefined,
  data: undefined
}
2025-11-05T02:20:44: [request error] [unhandled] [GET] http://localhost:3000/_nuxt/CXT04lNs.js
 H3Error: ENOENT: no such file or directory, open '/Users/hf-mac/Downloads/tgpro-admin/.output/public/_nuxt/CXT04lNs.js'
    at open (node:internal/fs/promises:641:25)
    ... 2 lines matching cause stack trace ...
    at Server.toNodeHandle (file:///Users/hf-mac/Downloads/tgpro-admin/.output/server/chunks/nitro/nitro.mjs:2230:7) {
  cause: Error: ENOENT: no such file or directory, open '/Users/hf-mac/Downloads/tgpro-admin/.output/public/_nuxt/CXT04lNs.js'
      at open (node:internal/fs/promises:641:25)
      at Object.readFile (node:internal/fs/promises:1245:14)
      at Object.handler (file:///Users/hf-mac/Downloads/tgpro-admin/.output/server/chunks/nitro/nitro.mjs:1959:19)
      at Server.toNodeHandle (file:///Users/hf-mac/Downloads/tgpro-admin/.output/server/chunks/nitro/nitro.mjs:2230:7) {
    errno: -2,
    code: 'ENOENT',
    syscall: 'open',
    path: '/Users/hf-mac/Downloads/tgpro-admin/.output/public/_nuxt/CXT04lNs.js'
  },
  statusCode: 500,
  fatal: false,
  unhandled: true,
  statusMessage: undefined,
  data: undefined
}
2025-11-05T02:20:44: [request error] [unhandled] [GET] http://localhost:3000/_nuxt/DcHNM1Xn.js
 H3Error: ENOENT: no such file or directory, open '/Users/hf-mac/Downloads/tgpro-admin/.output/public/_nuxt/DcHNM1Xn.js'
    at open (node:internal/fs/promises:641:25)
    ... 2 lines matching cause stack trace ...
    at Server.toNodeHandle (file:///Users/hf-mac/Downloads/tgpro-admin/.output/server/chunks/nitro/nitro.mjs:2230:7) {
  cause: Error: ENOENT: no such file or directory, open '/Users/hf-mac/Downloads/tgpro-admin/.output/public/_nuxt/DcHNM1Xn.js'
      at open (node:internal/fs/promises:641:25)
      at Object.readFile (node:internal/fs/promises:1245:14)
      at Object.handler (file:///Users/hf-mac/Downloads/tgpro-admin/.output/server/chunks/nitro/nitro.mjs:1959:19)
      at Server.toNodeHandle (file:///Users/hf-mac/Downloads/tgpro-admin/.output/server/chunks/nitro/nitro.mjs:2230:7) {
    errno: -2,
    code: 'ENOENT',
    syscall: 'open',
    path: '/Users/hf-mac/Downloads/tgpro-admin/.output/public/_nuxt/DcHNM1Xn.js'
  },
  statusCode: 500,
  fatal: false,
  unhandled: true,
  statusMessage: undefined,
  data: undefined
}
2025-11-05T02:22:06: [request error] [unhandled] [GET] http://localhost:3000/_nuxt/DbAgXtul.js
 H3Error: ENOENT: no such file or directory, open '/Users/hf-mac/Downloads/tgpro-admin/.output/public/_nuxt/DbAgXtul.js'
    at open (node:internal/fs/promises:641:25)
    ... 2 lines matching cause stack trace ...
    at Server.toNodeHandle (file:///Users/hf-mac/Downloads/tgpro-admin/.output/server/chunks/nitro/nitro.mjs:2230:7) {
  cause: Error: ENOENT: no such file or directory, open '/Users/hf-mac/Downloads/tgpro-admin/.output/public/_nuxt/DbAgXtul.js'
      at open (node:internal/fs/promises:641:25)
      at Object.readFile (node:internal/fs/promises:1245:14)
      at Object.handler (file:///Users/hf-mac/Downloads/tgpro-admin/.output/server/chunks/nitro/nitro.mjs:1959:19)
      at Server.toNodeHandle (file:///Users/hf-mac/Downloads/tgpro-admin/.output/server/chunks/nitro/nitro.mjs:2230:7) {
    errno: -2,
    code: 'ENOENT',
    syscall: 'open',
    path: '/Users/hf-mac/Downloads/tgpro-admin/.output/public/_nuxt/DbAgXtul.js'
  },
  statusCode: 500,
  fatal: false,
  unhandled: true,
  statusMessage: undefined,
  data: undefined
}
2025-11-05T02:22:06: [request error] [unhandled] [GET] http://localhost:3000/_nuxt/D_B5nL8y.js
 H3Error: ENOENT: no such file or directory, open '/Users/hf-mac/Downloads/tgpro-admin/.output/public/_nuxt/D_B5nL8y.js'
    at open (node:internal/fs/promises:641:25)
    ... 2 lines matching cause stack trace ...
    at Server.toNodeHandle (file:///Users/hf-mac/Downloads/tgpro-admin/.output/server/chunks/nitro/nitro.mjs:2230:7) {
  cause: Error: ENOENT: no such file or directory, open '/Users/hf-mac/Downloads/tgpro-admin/.output/public/_nuxt/D_B5nL8y.js'
      at open (node:internal/fs/promises:641:25)
      at Object.readFile (node:internal/fs/promises:1245:14)
      at Object.handler (file:///Users/hf-mac/Downloads/tgpro-admin/.output/server/chunks/nitro/nitro.mjs:1959:19)
      at Server.toNodeHandle (file:///Users/hf-mac/Downloads/tgpro-admin/.output/server/chunks/nitro/nitro.mjs:2230:7) {
    errno: -2,
    code: 'ENOENT',
    syscall: 'open',
    path: '/Users/hf-mac/Downloads/tgpro-admin/.output/public/_nuxt/D_B5nL8y.js'
  },
  statusCode: 500,
  fatal: false,
  unhandled: true,
  statusMessage: undefined,
  data: undefined
}
2025-11-05T02:22:06: [request error] [unhandled] [GET] http://localhost:3000/_nuxt/Bl84yrz9.js
 H3Error: ENOENT: no such file or directory, open '/Users/hf-mac/Downloads/tgpro-admin/.output/public/_nuxt/Bl84yrz9.js'
    at open (node:internal/fs/promises:641:25)
    ... 2 lines matching cause stack trace ...
    at Server.toNodeHandle (file:///Users/hf-mac/Downloads/tgpro-admin/.output/server/chunks/nitro/nitro.mjs:2230:7) {
  cause: Error: ENOENT: no such file or directory, open '/Users/hf-mac/Downloads/tgpro-admin/.output/public/_nuxt/Bl84yrz9.js'
      at open (node:internal/fs/promises:641:25)
      at Object.readFile (node:internal/fs/promises:1245:14)
      at Object.handler (file:///Users/hf-mac/Downloads/tgpro-admin/.output/server/chunks/nitro/nitro.mjs:1959:19)
      at Server.toNodeHandle (file:///Users/hf-mac/Downloads/tgpro-admin/.output/server/chunks/nitro/nitro.mjs:2230:7) {
    errno: -2,
    code: 'ENOENT',
    syscall: 'open',
    path: '/Users/hf-mac/Downloads/tgpro-admin/.output/public/_nuxt/Bl84yrz9.js'
  },
  statusCode: 500,
  fatal: false,
  unhandled: true,
  statusMessage: undefined,
  data: undefined
}
2025-11-05T02:22:06: [request error] [unhandled] [GET] http://localhost:3000/_nuxt/DpNIWReE.js
 H3Error: ENOENT: no such file or directory, open '/Users/hf-mac/Downloads/tgpro-admin/.output/public/_nuxt/DpNIWReE.js'
    at open (node:internal/fs/promises:641:25)
    ... 2 lines matching cause stack trace ...
    at Server.toNodeHandle (file:///Users/hf-mac/Downloads/tgpro-admin/.output/server/chunks/nitro/nitro.mjs:2230:7) {
  cause: Error: ENOENT: no such file or directory, open '/Users/hf-mac/Downloads/tgpro-admin/.output/public/_nuxt/DpNIWReE.js'
      at open (node:internal/fs/promises:641:25)
      at Object.readFile (node:internal/fs/promises:1245:14)
      at Object.handler (file:///Users/hf-mac/Downloads/tgpro-admin/.output/server/chunks/nitro/nitro.mjs:1959:19)
      at Server.toNodeHandle (file:///Users/hf-mac/Downloads/tgpro-admin/.output/server/chunks/nitro/nitro.mjs:2230:7) {
    errno: -2,
    code: 'ENOENT',
    syscall: 'open',
    path: '/Users/hf-mac/Downloads/tgpro-admin/.output/public/_nuxt/DpNIWReE.js'
  },
  statusCode: 500,
  fatal: false,
  unhandled: true,
  statusMessage: undefined,
  data: undefined
}
2025-11-05T02:22:06: [request error] [unhandled] [GET] http://localhost:3000/_nuxt/D974gv07.js
 H3Error: ENOENT: no such file or directory, open '/Users/hf-mac/Downloads/tgpro-admin/.output/public/_nuxt/D974gv07.js'
    at open (node:internal/fs/promises:641:25)
    ... 2 lines matching cause stack trace ...
    at Server.toNodeHandle (file:///Users/hf-mac/Downloads/tgpro-admin/.output/server/chunks/nitro/nitro.mjs:2230:7) {
  cause: Error: ENOENT: no such file or directory, open '/Users/hf-mac/Downloads/tgpro-admin/.output/public/_nuxt/D974gv07.js'
      at open (node:internal/fs/promises:641:25)
      at Object.readFile (node:internal/fs/promises:1245:14)
      at Object.handler (file:///Users/hf-mac/Downloads/tgpro-admin/.output/server/chunks/nitro/nitro.mjs:1959:19)
      at Server.toNodeHandle (file:///Users/hf-mac/Downloads/tgpro-admin/.output/server/chunks/nitro/nitro.mjs:2230:7) {
    errno: -2,
    code: 'ENOENT',
    syscall: 'open',
    path: '/Users/hf-mac/Downloads/tgpro-admin/.output/public/_nuxt/D974gv07.js'
  },
  statusCode: 500,
  fatal: false,
  unhandled: true,
  statusMessage: undefined,
  data: undefined
}
2025-11-05T02:22:06: [request error] [unhandled] [GET] http://localhost:3000/_nuxt/D32lUId-.js
 H3Error: ENOENT: no such file or directory, open '/Users/hf-mac/Downloads/tgpro-admin/.output/public/_nuxt/D32lUId-.js'
    at open (node:internal/fs/promises:641:25)
    ... 2 lines matching cause stack trace ...
    at Server.toNodeHandle (file:///Users/hf-mac/Downloads/tgpro-admin/.output/server/chunks/nitro/nitro.mjs:2230:7) {
  cause: Error: ENOENT: no such file or directory, open '/Users/hf-mac/Downloads/tgpro-admin/.output/public/_nuxt/D32lUId-.js'
      at open (node:internal/fs/promises:641:25)
      at Object.readFile (node:internal/fs/promises:1245:14)
      at Object.handler (file:///Users/hf-mac/Downloads/tgpro-admin/.output/server/chunks/nitro/nitro.mjs:1959:19)
      at Server.toNodeHandle (file:///Users/hf-mac/Downloads/tgpro-admin/.output/server/chunks/nitro/nitro.mjs:2230:7) {
    errno: -2,
    code: 'ENOENT',
    syscall: 'open',
    path: '/Users/hf-mac/Downloads/tgpro-admin/.output/public/_nuxt/D32lUId-.js'
  },
  statusCode: 500,
  fatal: false,
  unhandled: true,
  statusMessage: undefined,
  data: undefined
}
2025-11-05T02:22:06: [request error] [unhandled] [GET] http://localhost:3000/_nuxt/CetYVyQG.js
 H3Error: ENOENT: no such file or directory, open '/Users/hf-mac/Downloads/tgpro-admin/.output/public/_nuxt/CetYVyQG.js'
    at open (node:internal/fs/promises:641:25)
    ... 2 lines matching cause stack trace ...
    at Server.toNodeHandle (file:///Users/hf-mac/Downloads/tgpro-admin/.output/server/chunks/nitro/nitro.mjs:2230:7) {
  cause: Error: ENOENT: no such file or directory, open '/Users/hf-mac/Downloads/tgpro-admin/.output/public/_nuxt/CetYVyQG.js'
      at open (node:internal/fs/promises:641:25)
      at Object.readFile (node:internal/fs/promises:1245:14)
      at Object.handler (file:///Users/hf-mac/Downloads/tgpro-admin/.output/server/chunks/nitro/nitro.mjs:1959:19)
      at Server.toNodeHandle (file:///Users/hf-mac/Downloads/tgpro-admin/.output/server/chunks/nitro/nitro.mjs:2230:7) {
    errno: -2,
    code: 'ENOENT',
    syscall: 'open',
    path: '/Users/hf-mac/Downloads/tgpro-admin/.output/public/_nuxt/CetYVyQG.js'
  },
  statusCode: 500,
  fatal: false,
  unhandled: true,
  statusMessage: undefined,
  data: undefined
}
2025-11-05T02:22:06: [request error] [unhandled] [GET] http://localhost:3000/_nuxt/Db7eFA1E.js
 H3Error: ENOENT: no such file or directory, open '/Users/hf-mac/Downloads/tgpro-admin/.output/public/_nuxt/Db7eFA1E.js'
    at open (node:internal/fs/promises:641:25)
    ... 2 lines matching cause stack trace ...
    at Server.toNodeHandle (file:///Users/hf-mac/Downloads/tgpro-admin/.output/server/chunks/nitro/nitro.mjs:2230:7) {
  cause: Error: ENOENT: no such file or directory, open '/Users/hf-mac/Downloads/tgpro-admin/.output/public/_nuxt/Db7eFA1E.js'
      at open (node:internal/fs/promises:641:25)
      at Object.readFile (node:internal/fs/promises:1245:14)
      at Object.handler (file:///Users/hf-mac/Downloads/tgpro-admin/.output/server/chunks/nitro/nitro.mjs:1959:19)
      at Server.toNodeHandle (file:///Users/hf-mac/Downloads/tgpro-admin/.output/server/chunks/nitro/nitro.mjs:2230:7) {
    errno: -2,
    code: 'ENOENT',
    syscall: 'open',
    path: '/Users/hf-mac/Downloads/tgpro-admin/.output/public/_nuxt/Db7eFA1E.js'
  },
  statusCode: 500,
  fatal: false,
  unhandled: true,
  statusMessage: undefined,
  data: undefined
}
2025-11-05T02:22:06: [request error] [unhandled] [GET] http://localhost:3000/_nuxt/DAr-OQmd.js
 H3Error: ENOENT: no such file or directory, open '/Users/hf-mac/Downloads/tgpro-admin/.output/public/_nuxt/DAr-OQmd.js'
    at open (node:internal/fs/promises:641:25)
    ... 2 lines matching cause stack trace ...
    at Server.toNodeHandle (file:///Users/hf-mac/Downloads/tgpro-admin/.output/server/chunks/nitro/nitro.mjs:2230:7) {
  cause: Error: ENOENT: no such file or directory, open '/Users/hf-mac/Downloads/tgpro-admin/.output/public/_nuxt/DAr-OQmd.js'
      at open (node:internal/fs/promises:641:25)
      at Object.readFile (node:internal/fs/promises:1245:14)
      at Object.handler (file:///Users/hf-mac/Downloads/tgpro-admin/.output/server/chunks/nitro/nitro.mjs:1959:19)
      at Server.toNodeHandle (file:///Users/hf-mac/Downloads/tgpro-admin/.output/server/chunks/nitro/nitro.mjs:2230:7) {
    errno: -2,
    code: 'ENOENT',
    syscall: 'open',
    path: '/Users/hf-mac/Downloads/tgpro-admin/.output/public/_nuxt/DAr-OQmd.js'
  },
  statusCode: 500,
  fatal: false,
  unhandled: true,
  statusMessage: undefined,
  data: undefined
}
2025-11-05T02:22:06: [request error] [unhandled] [GET] http://localhost:3000/_nuxt/Bdz-sLfb.js
 H3Error: ENOENT: no such file or directory, open '/Users/hf-mac/Downloads/tgpro-admin/.output/public/_nuxt/Bdz-sLfb.js'
    at open (node:internal/fs/promises:641:25)
    ... 2 lines matching cause stack trace ...
    at Server.toNodeHandle (file:///Users/hf-mac/Downloads/tgpro-admin/.output/server/chunks/nitro/nitro.mjs:2230:7) {
  cause: Error: ENOENT: no such file or directory, open '/Users/hf-mac/Downloads/tgpro-admin/.output/public/_nuxt/Bdz-sLfb.js'
      at open (node:internal/fs/promises:641:25)
      at Object.readFile (node:internal/fs/promises:1245:14)
      at Object.handler (file:///Users/hf-mac/Downloads/tgpro-admin/.output/server/chunks/nitro/nitro.mjs:1959:19)
      at Server.toNodeHandle (file:///Users/hf-mac/Downloads/tgpro-admin/.output/server/chunks/nitro/nitro.mjs:2230:7) {
    errno: -2,
    code: 'ENOENT',
    syscall: 'open',
    path: '/Users/hf-mac/Downloads/tgpro-admin/.output/public/_nuxt/Bdz-sLfb.js'
  },
  statusCode: 500,
  fatal: false,
  unhandled: true,
  statusMessage: undefined,
  data: undefined
}
2025-11-05T02:22:06: [request error] [unhandled] [GET] http://localhost:3000/_nuxt/BTgB1rvp.js
 H3Error: ENOENT: no such file or directory, open '/Users/hf-mac/Downloads/tgpro-admin/.output/public/_nuxt/BTgB1rvp.js'
    at open (node:internal/fs/promises:641:25)
    ... 2 lines matching cause stack trace ...
    at Server.toNodeHandle (file:///Users/hf-mac/Downloads/tgpro-admin/.output/server/chunks/nitro/nitro.mjs:2230:7) {
  cause: Error: ENOENT: no such file or directory, open '/Users/hf-mac/Downloads/tgpro-admin/.output/public/_nuxt/BTgB1rvp.js'
      at open (node:internal/fs/promises:641:25)
      at Object.readFile (node:internal/fs/promises:1245:14)
      at Object.handler (file:///Users/hf-mac/Downloads/tgpro-admin/.output/server/chunks/nitro/nitro.mjs:1959:19)
      at Server.toNodeHandle (file:///Users/hf-mac/Downloads/tgpro-admin/.output/server/chunks/nitro/nitro.mjs:2230:7) {
    errno: -2,
    code: 'ENOENT',
    syscall: 'open',
    path: '/Users/hf-mac/Downloads/tgpro-admin/.output/public/_nuxt/BTgB1rvp.js'
  },
  statusCode: 500,
  fatal: false,
  unhandled: true,
  statusMessage: undefined,
  data: undefined
}
2025-11-05T02:22:06: [request error] [unhandled] [GET] http://localhost:3000/_nuxt/CXT04lNs.js
 H3Error: ENOENT: no such file or directory, open '/Users/hf-mac/Downloads/tgpro-admin/.output/public/_nuxt/CXT04lNs.js'
    at open (node:internal/fs/promises:641:25)
    ... 2 lines matching cause stack trace ...
    at Server.toNodeHandle (file:///Users/hf-mac/Downloads/tgpro-admin/.output/server/chunks/nitro/nitro.mjs:2230:7) {
  cause: Error: ENOENT: no such file or directory, open '/Users/hf-mac/Downloads/tgpro-admin/.output/public/_nuxt/CXT04lNs.js'
      at open (node:internal/fs/promises:641:25)
      at Object.readFile (node:internal/fs/promises:1245:14)
      at Object.handler (file:///Users/hf-mac/Downloads/tgpro-admin/.output/server/chunks/nitro/nitro.mjs:1959:19)
      at Server.toNodeHandle (file:///Users/hf-mac/Downloads/tgpro-admin/.output/server/chunks/nitro/nitro.mjs:2230:7) {
    errno: -2,
    code: 'ENOENT',
    syscall: 'open',
    path: '/Users/hf-mac/Downloads/tgpro-admin/.output/public/_nuxt/CXT04lNs.js'
  },
  statusCode: 500,
  fatal: false,
  unhandled: true,
  statusMessage: undefined,
  data: undefined
}
2025-11-05T02:22:06: [request error] [unhandled] [GET] http://localhost:3000/_nuxt/DcHNM1Xn.js
 H3Error: ENOENT: no such file or directory, open '/Users/hf-mac/Downloads/tgpro-admin/.output/public/_nuxt/DcHNM1Xn.js'
    at open (node:internal/fs/promises:641:25)
    ... 2 lines matching cause stack trace ...
    at Server.toNodeHandle (file:///Users/hf-mac/Downloads/tgpro-admin/.output/server/chunks/nitro/nitro.mjs:2230:7) {
  cause: Error: ENOENT: no such file or directory, open '/Users/hf-mac/Downloads/tgpro-admin/.output/public/_nuxt/DcHNM1Xn.js'
      at open (node:internal/fs/promises:641:25)
      at Object.readFile (node:internal/fs/promises:1245:14)
      at Object.handler (file:///Users/hf-mac/Downloads/tgpro-admin/.output/server/chunks/nitro/nitro.mjs:1959:19)
      at Server.toNodeHandle (file:///Users/hf-mac/Downloads/tgpro-admin/.output/server/chunks/nitro/nitro.mjs:2230:7) {
    errno: -2,
    code: 'ENOENT',
    syscall: 'open',
    path: '/Users/hf-mac/Downloads/tgpro-admin/.output/public/_nuxt/DcHNM1Xn.js'
  },
  statusCode: 500,
  fatal: false,
  unhandled: true,
  statusMessage: undefined,
  data: undefined
}
2025-11-05T02:24:03: [request error] [unhandled] [GET] http://localhost:3000/_nuxt/D_B5nL8y.js
 H3Error: ENOENT: no such file or directory, open '/Users/hf-mac/Downloads/tgpro-admin/.output/public/_nuxt/D_B5nL8y.js'
    at open (node:internal/fs/promises:641:25)
    ... 2 lines matching cause stack trace ...
    at Server.toNodeHandle (file:///Users/hf-mac/Downloads/tgpro-admin/.output/server/chunks/nitro/nitro.mjs:2230:7) {
  cause: Error: ENOENT: no such file or directory, open '/Users/hf-mac/Downloads/tgpro-admin/.output/public/_nuxt/D_B5nL8y.js'
      at open (node:internal/fs/promises:641:25)
      at Object.readFile (node:internal/fs/promises:1245:14)
      at Object.handler (file:///Users/hf-mac/Downloads/tgpro-admin/.output/server/chunks/nitro/nitro.mjs:1959:19)
      at Server.toNodeHandle (file:///Users/hf-mac/Downloads/tgpro-admin/.output/server/chunks/nitro/nitro.mjs:2230:7) {
    errno: -2,
    code: 'ENOENT',
    syscall: 'open',
    path: '/Users/hf-mac/Downloads/tgpro-admin/.output/public/_nuxt/D_B5nL8y.js'
  },
  statusCode: 500,
  fatal: false,
  unhandled: true,
  statusMessage: undefined,
  data: undefined
}
2025-11-05T02:24:04: [request error] [unhandled] [GET] http://localhost:3000/_nuxt/CP5kXZ_o.js
 H3Error: ENOENT: no such file or directory, open '/Users/hf-mac/Downloads/tgpro-admin/.output/public/_nuxt/CP5kXZ_o.js'
    at open (node:internal/fs/promises:641:25)
    ... 2 lines matching cause stack trace ...
    at Server.toNodeHandle (file:///Users/hf-mac/Downloads/tgpro-admin/.output/server/chunks/nitro/nitro.mjs:2230:7) {
  cause: Error: ENOENT: no such file or directory, open '/Users/hf-mac/Downloads/tgpro-admin/.output/public/_nuxt/CP5kXZ_o.js'
      at open (node:internal/fs/promises:641:25)
      at Object.readFile (node:internal/fs/promises:1245:14)
      at Object.handler (file:///Users/hf-mac/Downloads/tgpro-admin/.output/server/chunks/nitro/nitro.mjs:1959:19)
      at Server.toNodeHandle (file:///Users/hf-mac/Downloads/tgpro-admin/.output/server/chunks/nitro/nitro.mjs:2230:7) {
    errno: -2,
    code: 'ENOENT',
    syscall: 'open',
    path: '/Users/hf-mac/Downloads/tgpro-admin/.output/public/_nuxt/CP5kXZ_o.js'
  },
  statusCode: 500,
  fatal: false,
  unhandled: true,
  statusMessage: undefined,
  data: undefined
}
2025-11-05T02:24:04: [request error] [unhandled] [GET] http://localhost:3000/_nuxt/D_B5nL8y.js
 H3Error: ENOENT: no such file or directory, open '/Users/hf-mac/Downloads/tgpro-admin/.output/public/_nuxt/D_B5nL8y.js'
    at open (node:internal/fs/promises:641:25)
    ... 2 lines matching cause stack trace ...
    at Server.toNodeHandle (file:///Users/hf-mac/Downloads/tgpro-admin/.output/server/chunks/nitro/nitro.mjs:2230:7) {
  cause: Error: ENOENT: no such file or directory, open '/Users/hf-mac/Downloads/tgpro-admin/.output/public/_nuxt/D_B5nL8y.js'
      at open (node:internal/fs/promises:641:25)
      at Object.readFile (node:internal/fs/promises:1245:14)
      at Object.handler (file:///Users/hf-mac/Downloads/tgpro-admin/.output/server/chunks/nitro/nitro.mjs:1959:19)
      at Server.toNodeHandle (file:///Users/hf-mac/Downloads/tgpro-admin/.output/server/chunks/nitro/nitro.mjs:2230:7) {
    errno: -2,
    code: 'ENOENT',
    syscall: 'open',
    path: '/Users/hf-mac/Downloads/tgpro-admin/.output/public/_nuxt/D_B5nL8y.js'
  },
  statusCode: 500,
  fatal: false,
  unhandled: true,
  statusMessage: undefined,
  data: undefined
}
2025-11-05T02:24:04: [request error] [unhandled] [GET] http://localhost:3000/_nuxt/CP5kXZ_o.js
 H3Error: ENOENT: no such file or directory, open '/Users/hf-mac/Downloads/tgpro-admin/.output/public/_nuxt/CP5kXZ_o.js'
    at open (node:internal/fs/promises:641:25)
    ... 2 lines matching cause stack trace ...
    at Server.toNodeHandle (file:///Users/hf-mac/Downloads/tgpro-admin/.output/server/chunks/nitro/nitro.mjs:2230:7) {
  cause: Error: ENOENT: no such file or directory, open '/Users/hf-mac/Downloads/tgpro-admin/.output/public/_nuxt/CP5kXZ_o.js'
      at open (node:internal/fs/promises:641:25)
      at Object.readFile (node:internal/fs/promises:1245:14)
      at Object.handler (file:///Users/hf-mac/Downloads/tgpro-admin/.output/server/chunks/nitro/nitro.mjs:1959:19)
      at Server.toNodeHandle (file:///Users/hf-mac/Downloads/tgpro-admin/.output/server/chunks/nitro/nitro.mjs:2230:7) {
    errno: -2,
    code: 'ENOENT',
    syscall: 'open',
    path: '/Users/hf-mac/Downloads/tgpro-admin/.output/public/_nuxt/CP5kXZ_o.js'
  },
  statusCode: 500,
  fatal: false,
  unhandled: true,
  statusMessage: undefined,
  data: undefined
}
2025-11-05T02:24:30: [request error] [unhandled] [GET] http://localhost:3000/_nuxt/D_B5nL8y.js
 H3Error: ENOENT: no such file or directory, open '/Users/hf-mac/Downloads/tgpro-admin/.output/public/_nuxt/D_B5nL8y.js'
    at open (node:internal/fs/promises:641:25)
    ... 2 lines matching cause stack trace ...
    at Server.toNodeHandle (file:///Users/hf-mac/Downloads/tgpro-admin/.output/server/chunks/nitro/nitro.mjs:2230:7) {
  cause: Error: ENOENT: no such file or directory, open '/Users/hf-mac/Downloads/tgpro-admin/.output/public/_nuxt/D_B5nL8y.js'
      at open (node:internal/fs/promises:641:25)
      at Object.readFile (node:internal/fs/promises:1245:14)
      at Object.handler (file:///Users/hf-mac/Downloads/tgpro-admin/.output/server/chunks/nitro/nitro.mjs:1959:19)
      at Server.toNodeHandle (file:///Users/hf-mac/Downloads/tgpro-admin/.output/server/chunks/nitro/nitro.mjs:2230:7) {
    errno: -2,
    code: 'ENOENT',
    syscall: 'open',
    path: '/Users/hf-mac/Downloads/tgpro-admin/.output/public/_nuxt/D_B5nL8y.js'
  },
  statusCode: 500,
  fatal: false,
  unhandled: true,
  statusMessage: undefined,
  data: undefined
}
2025-11-05T02:24:31: [request error] [unhandled] [GET] http://localhost:3000/_nuxt/CP5kXZ_o.js
 H3Error: ENOENT: no such file or directory, open '/Users/hf-mac/Downloads/tgpro-admin/.output/public/_nuxt/CP5kXZ_o.js'
    at open (node:internal/fs/promises:641:25)
    ... 2 lines matching cause stack trace ...
    at Server.toNodeHandle (file:///Users/hf-mac/Downloads/tgpro-admin/.output/server/chunks/nitro/nitro.mjs:2230:7) {
  cause: Error: ENOENT: no such file or directory, open '/Users/hf-mac/Downloads/tgpro-admin/.output/public/_nuxt/CP5kXZ_o.js'
      at open (node:internal/fs/promises:641:25)
      at Object.readFile (node:internal/fs/promises:1245:14)
      at Object.handler (file:///Users/hf-mac/Downloads/tgpro-admin/.output/server/chunks/nitro/nitro.mjs:1959:19)
      at Server.toNodeHandle (file:///Users/hf-mac/Downloads/tgpro-admin/.output/server/chunks/nitro/nitro.mjs:2230:7) {
    errno: -2,
    code: 'ENOENT',
    syscall: 'open',
    path: '/Users/hf-mac/Downloads/tgpro-admin/.output/public/_nuxt/CP5kXZ_o.js'
  },
  statusCode: 500,
  fatal: false,
  unhandled: true,
  statusMessage: undefined,
  data: undefined
}
2025-11-05T02:24:31: [request error] [unhandled] [GET] http://localhost:3000/_nuxt/D_B5nL8y.js
 H3Error: ENOENT: no such file or directory, open '/Users/hf-mac/Downloads/tgpro-admin/.output/public/_nuxt/D_B5nL8y.js'
    at open (node:internal/fs/promises:641:25)
    ... 2 lines matching cause stack trace ...
    at Server.toNodeHandle (file:///Users/hf-mac/Downloads/tgpro-admin/.output/server/chunks/nitro/nitro.mjs:2230:7) {
  cause: Error: ENOENT: no such file or directory, open '/Users/hf-mac/Downloads/tgpro-admin/.output/public/_nuxt/D_B5nL8y.js'
      at open (node:internal/fs/promises:641:25)
      at Object.readFile (node:internal/fs/promises:1245:14)
      at Object.handler (file:///Users/hf-mac/Downloads/tgpro-admin/.output/server/chunks/nitro/nitro.mjs:1959:19)
      at Server.toNodeHandle (file:///Users/hf-mac/Downloads/tgpro-admin/.output/server/chunks/nitro/nitro.mjs:2230:7) {
    errno: -2,
    code: 'ENOENT',
    syscall: 'open',
    path: '/Users/hf-mac/Downloads/tgpro-admin/.output/public/_nuxt/D_B5nL8y.js'
  },
  statusCode: 500,
  fatal: false,
  unhandled: true,
  statusMessage: undefined,
  data: undefined
}
2025-11-05T02:24:31: [request error] [unhandled] [GET] http://localhost:3000/_nuxt/CP5kXZ_o.js
 H3Error: ENOENT: no such file or directory, open '/Users/hf-mac/Downloads/tgpro-admin/.output/public/_nuxt/CP5kXZ_o.js'
    at open (node:internal/fs/promises:641:25)
    ... 2 lines matching cause stack trace ...
    at Server.toNodeHandle (file:///Users/hf-mac/Downloads/tgpro-admin/.output/server/chunks/nitro/nitro.mjs:2230:7) {
  cause: Error: ENOENT: no such file or directory, open '/Users/hf-mac/Downloads/tgpro-admin/.output/public/_nuxt/CP5kXZ_o.js'
      at open (node:internal/fs/promises:641:25)
      at Object.readFile (node:internal/fs/promises:1245:14)
      at Object.handler (file:///Users/hf-mac/Downloads/tgpro-admin/.output/server/chunks/nitro/nitro.mjs:1959:19)
      at Server.toNodeHandle (file:///Users/hf-mac/Downloads/tgpro-admin/.output/server/chunks/nitro/nitro.mjs:2230:7) {
    errno: -2,
    code: 'ENOENT',
    syscall: 'open',
    path: '/Users/hf-mac/Downloads/tgpro-admin/.output/public/_nuxt/CP5kXZ_o.js'
  },
  statusCode: 500,
  fatal: false,
  unhandled: true,
  statusMessage: undefined,
  data: undefined
}
2025-11-05T02:28:26: [request error] [unhandled] [GET] http://localhost:3000/_nuxt/DbAgXtul.js
 H3Error: ENOENT: no such file or directory, open '/Users/hf-mac/Downloads/tgpro-admin/.output/public/_nuxt/DbAgXtul.js'
    at open (node:internal/fs/promises:641:25)
    ... 2 lines matching cause stack trace ...
    at Server.toNodeHandle (file:///Users/hf-mac/Downloads/tgpro-admin/.output/server/chunks/nitro/nitro.mjs:2230:7) {
  cause: Error: ENOENT: no such file or directory, open '/Users/hf-mac/Downloads/tgpro-admin/.output/public/_nuxt/DbAgXtul.js'
      at open (node:internal/fs/promises:641:25)
      at Object.readFile (node:internal/fs/promises:1245:14)
      at Object.handler (file:///Users/hf-mac/Downloads/tgpro-admin/.output/server/chunks/nitro/nitro.mjs:1959:19)
      at Server.toNodeHandle (file:///Users/hf-mac/Downloads/tgpro-admin/.output/server/chunks/nitro/nitro.mjs:2230:7) {
    errno: -2,
    code: 'ENOENT',
    syscall: 'open',
    path: '/Users/hf-mac/Downloads/tgpro-admin/.output/public/_nuxt/DbAgXtul.js'
  },
  statusCode: 500,
  fatal: false,
  unhandled: true,
  statusMessage: undefined,
  data: undefined
}
2025-11-05T02:28:26: [request error] [unhandled] [GET] http://localhost:3000/_nuxt/D_B5nL8y.js
 H3Error: ENOENT: no such file or directory, open '/Users/hf-mac/Downloads/tgpro-admin/.output/public/_nuxt/D_B5nL8y.js'
    at open (node:internal/fs/promises:641:25)
    ... 2 lines matching cause stack trace ...
    at Server.toNodeHandle (file:///Users/hf-mac/Downloads/tgpro-admin/.output/server/chunks/nitro/nitro.mjs:2230:7) {
  cause: Error: ENOENT: no such file or directory, open '/Users/hf-mac/Downloads/tgpro-admin/.output/public/_nuxt/D_B5nL8y.js'
      at open (node:internal/fs/promises:641:25)
      at Object.readFile (node:internal/fs/promises:1245:14)
      at Object.handler (file:///Users/hf-mac/Downloads/tgpro-admin/.output/server/chunks/nitro/nitro.mjs:1959:19)
      at Server.toNodeHandle (file:///Users/hf-mac/Downloads/tgpro-admin/.output/server/chunks/nitro/nitro.mjs:2230:7) {
    errno: -2,
    code: 'ENOENT',
    syscall: 'open',
    path: '/Users/hf-mac/Downloads/tgpro-admin/.output/public/_nuxt/D_B5nL8y.js'
  },
  statusCode: 500,
  fatal: false,
  unhandled: true,
  statusMessage: undefined,
  data: undefined
}
2025-11-05T02:28:26: [request error] [unhandled] [GET] http://localhost:3000/_nuxt/Bl84yrz9.js
 H3Error: ENOENT: no such file or directory, open '/Users/hf-mac/Downloads/tgpro-admin/.output/public/_nuxt/Bl84yrz9.js'
    at open (node:internal/fs/promises:641:25)
    ... 2 lines matching cause stack trace ...
    at Server.toNodeHandle (file:///Users/hf-mac/Downloads/tgpro-admin/.output/server/chunks/nitro/nitro.mjs:2230:7) {
  cause: Error: ENOENT: no such file or directory, open '/Users/hf-mac/Downloads/tgpro-admin/.output/public/_nuxt/Bl84yrz9.js'
      at open (node:internal/fs/promises:641:25)
      at Object.readFile (node:internal/fs/promises:1245:14)
      at Object.handler (file:///Users/hf-mac/Downloads/tgpro-admin/.output/server/chunks/nitro/nitro.mjs:1959:19)
      at Server.toNodeHandle (file:///Users/hf-mac/Downloads/tgpro-admin/.output/server/chunks/nitro/nitro.mjs:2230:7) {
    errno: -2,
    code: 'ENOENT',
    syscall: 'open',
    path: '/Users/hf-mac/Downloads/tgpro-admin/.output/public/_nuxt/Bl84yrz9.js'
  },
  statusCode: 500,
  fatal: false,
  unhandled: true,
  statusMessage: undefined,
  data: undefined
}
2025-11-05T02:28:26: [request error] [unhandled] [GET] http://localhost:3000/_nuxt/DpNIWReE.js
 H3Error: ENOENT: no such file or directory, open '/Users/hf-mac/Downloads/tgpro-admin/.output/public/_nuxt/DpNIWReE.js'
    at open (node:internal/fs/promises:641:25)
    ... 2 lines matching cause stack trace ...
    at Server.toNodeHandle (file:///Users/hf-mac/Downloads/tgpro-admin/.output/server/chunks/nitro/nitro.mjs:2230:7) {
  cause: Error: ENOENT: no such file or directory, open '/Users/hf-mac/Downloads/tgpro-admin/.output/public/_nuxt/DpNIWReE.js'
      at open (node:internal/fs/promises:641:25)
      at Object.readFile (node:internal/fs/promises:1245:14)
      at Object.handler (file:///Users/hf-mac/Downloads/tgpro-admin/.output/server/chunks/nitro/nitro.mjs:1959:19)
      at Server.toNodeHandle (file:///Users/hf-mac/Downloads/tgpro-admin/.output/server/chunks/nitro/nitro.mjs:2230:7) {
    errno: -2,
    code: 'ENOENT',
    syscall: 'open',
    path: '/Users/hf-mac/Downloads/tgpro-admin/.output/public/_nuxt/DpNIWReE.js'
  },
  statusCode: 500,
  fatal: false,
  unhandled: true,
  statusMessage: undefined,
  data: undefined
}
2025-11-05T02:28:26: [request error] [unhandled] [GET] http://localhost:3000/_nuxt/D974gv07.js
 H3Error: ENOENT: no such file or directory, open '/Users/hf-mac/Downloads/tgpro-admin/.output/public/_nuxt/D974gv07.js'
    at open (node:internal/fs/promises:641:25)
    ... 2 lines matching cause stack trace ...
    at Server.toNodeHandle (file:///Users/hf-mac/Downloads/tgpro-admin/.output/server/chunks/nitro/nitro.mjs:2230:7) {
  cause: Error: ENOENT: no such file or directory, open '/Users/hf-mac/Downloads/tgpro-admin/.output/public/_nuxt/D974gv07.js'
      at open (node:internal/fs/promises:641:25)
      at Object.readFile (node:internal/fs/promises:1245:14)
      at Object.handler (file:///Users/hf-mac/Downloads/tgpro-admin/.output/server/chunks/nitro/nitro.mjs:1959:19)
      at Server.toNodeHandle (file:///Users/hf-mac/Downloads/tgpro-admin/.output/server/chunks/nitro/nitro.mjs:2230:7) {
    errno: -2,
    code: 'ENOENT',
    syscall: 'open',
    path: '/Users/hf-mac/Downloads/tgpro-admin/.output/public/_nuxt/D974gv07.js'
  },
  statusCode: 500,
  fatal: false,
  unhandled: true,
  statusMessage: undefined,
  data: undefined
}
2025-11-05T02:28:26: [request error] [unhandled] [GET] http://localhost:3000/_nuxt/D32lUId-.js
 H3Error: ENOENT: no such file or directory, open '/Users/hf-mac/Downloads/tgpro-admin/.output/public/_nuxt/D32lUId-.js'
    at open (node:internal/fs/promises:641:25)
    ... 2 lines matching cause stack trace ...
    at Server.toNodeHandle (file:///Users/hf-mac/Downloads/tgpro-admin/.output/server/chunks/nitro/nitro.mjs:2230:7) {
  cause: Error: ENOENT: no such file or directory, open '/Users/hf-mac/Downloads/tgpro-admin/.output/public/_nuxt/D32lUId-.js'
      at open (node:internal/fs/promises:641:25)
      at Object.readFile (node:internal/fs/promises:1245:14)
      at Object.handler (file:///Users/hf-mac/Downloads/tgpro-admin/.output/server/chunks/nitro/nitro.mjs:1959:19)
      at Server.toNodeHandle (file:///Users/hf-mac/Downloads/tgpro-admin/.output/server/chunks/nitro/nitro.mjs:2230:7) {
    errno: -2,
    code: 'ENOENT',
    syscall: 'open',
    path: '/Users/hf-mac/Downloads/tgpro-admin/.output/public/_nuxt/D32lUId-.js'
  },
  statusCode: 500,
  fatal: false,
  unhandled: true,
  statusMessage: undefined,
  data: undefined
}
2025-11-05T02:28:26: [request error] [unhandled] [GET] http://localhost:3000/_nuxt/CetYVyQG.js
 H3Error: ENOENT: no such file or directory, open '/Users/hf-mac/Downloads/tgpro-admin/.output/public/_nuxt/CetYVyQG.js'
    at open (node:internal/fs/promises:641:25)
    ... 2 lines matching cause stack trace ...
    at Server.toNodeHandle (file:///Users/hf-mac/Downloads/tgpro-admin/.output/server/chunks/nitro/nitro.mjs:2230:7) {
  cause: Error: ENOENT: no such file or directory, open '/Users/hf-mac/Downloads/tgpro-admin/.output/public/_nuxt/CetYVyQG.js'
      at open (node:internal/fs/promises:641:25)
      at Object.readFile (node:internal/fs/promises:1245:14)
      at Object.handler (file:///Users/hf-mac/Downloads/tgpro-admin/.output/server/chunks/nitro/nitro.mjs:1959:19)
      at Server.toNodeHandle (file:///Users/hf-mac/Downloads/tgpro-admin/.output/server/chunks/nitro/nitro.mjs:2230:7) {
    errno: -2,
    code: 'ENOENT',
    syscall: 'open',
    path: '/Users/hf-mac/Downloads/tgpro-admin/.output/public/_nuxt/CetYVyQG.js'
  },
  statusCode: 500,
  fatal: false,
  unhandled: true,
  statusMessage: undefined,
  data: undefined
}
2025-11-05T02:28:26: [request error] [unhandled] [GET] http://localhost:3000/_nuxt/Db7eFA1E.js
 H3Error: ENOENT: no such file or directory, open '/Users/hf-mac/Downloads/tgpro-admin/.output/public/_nuxt/Db7eFA1E.js'
    at open (node:internal/fs/promises:641:25)
    ... 2 lines matching cause stack trace ...
    at Server.toNodeHandle (file:///Users/hf-mac/Downloads/tgpro-admin/.output/server/chunks/nitro/nitro.mjs:2230:7) {
  cause: Error: ENOENT: no such file or directory, open '/Users/hf-mac/Downloads/tgpro-admin/.output/public/_nuxt/Db7eFA1E.js'
      at open (node:internal/fs/promises:641:25)
      at Object.readFile (node:internal/fs/promises:1245:14)
      at Object.handler (file:///Users/hf-mac/Downloads/tgpro-admin/.output/server/chunks/nitro/nitro.mjs:1959:19)
      at Server.toNodeHandle (file:///Users/hf-mac/Downloads/tgpro-admin/.output/server/chunks/nitro/nitro.mjs:2230:7) {
    errno: -2,
    code: 'ENOENT',
    syscall: 'open',
    path: '/Users/hf-mac/Downloads/tgpro-admin/.output/public/_nuxt/Db7eFA1E.js'
  },
  statusCode: 500,
  fatal: false,
  unhandled: true,
  statusMessage: undefined,
  data: undefined
}
2025-11-05T02:28:26: [request error] [unhandled] [GET] http://localhost:3000/_nuxt/DAr-OQmd.js
 H3Error: ENOENT: no such file or directory, open '/Users/hf-mac/Downloads/tgpro-admin/.output/public/_nuxt/DAr-OQmd.js'
    at open (node:internal/fs/promises:641:25)
    ... 2 lines matching cause stack trace ...
    at Server.toNodeHandle (file:///Users/hf-mac/Downloads/tgpro-admin/.output/server/chunks/nitro/nitro.mjs:2230:7) {
  cause: Error: ENOENT: no such file or directory, open '/Users/hf-mac/Downloads/tgpro-admin/.output/public/_nuxt/DAr-OQmd.js'
      at open (node:internal/fs/promises:641:25)
      at Object.readFile (node:internal/fs/promises:1245:14)
      at Object.handler (file:///Users/hf-mac/Downloads/tgpro-admin/.output/server/chunks/nitro/nitro.mjs:1959:19)
      at Server.toNodeHandle (file:///Users/hf-mac/Downloads/tgpro-admin/.output/server/chunks/nitro/nitro.mjs:2230:7) {
    errno: -2,
    code: 'ENOENT',
    syscall: 'open',
    path: '/Users/hf-mac/Downloads/tgpro-admin/.output/public/_nuxt/DAr-OQmd.js'
  },
  statusCode: 500,
  fatal: false,
  unhandled: true,
  statusMessage: undefined,
  data: undefined
}
2025-11-05T02:28:26: [request error] [unhandled] [GET] http://localhost:3000/_nuxt/Bdz-sLfb.js
 H3Error: ENOENT: no such file or directory, open '/Users/hf-mac/Downloads/tgpro-admin/.output/public/_nuxt/Bdz-sLfb.js'
    at open (node:internal/fs/promises:641:25)
    ... 2 lines matching cause stack trace ...
    at Server.toNodeHandle (file:///Users/hf-mac/Downloads/tgpro-admin/.output/server/chunks/nitro/nitro.mjs:2230:7) {
  cause: Error: ENOENT: no such file or directory, open '/Users/hf-mac/Downloads/tgpro-admin/.output/public/_nuxt/Bdz-sLfb.js'
      at open (node:internal/fs/promises:641:25)
      at Object.readFile (node:internal/fs/promises:1245:14)
      at Object.handler (file:///Users/hf-mac/Downloads/tgpro-admin/.output/server/chunks/nitro/nitro.mjs:1959:19)
      at Server.toNodeHandle (file:///Users/hf-mac/Downloads/tgpro-admin/.output/server/chunks/nitro/nitro.mjs:2230:7) {
    errno: -2,
    code: 'ENOENT',
    syscall: 'open',
    path: '/Users/hf-mac/Downloads/tgpro-admin/.output/public/_nuxt/Bdz-sLfb.js'
  },
  statusCode: 500,
  fatal: false,
  unhandled: true,
  statusMessage: undefined,
  data: undefined
}
2025-11-05T02:28:26: [request error] [unhandled] [GET] http://localhost:3000/_nuxt/BTgB1rvp.js
 H3Error: ENOENT: no such file or directory, open '/Users/hf-mac/Downloads/tgpro-admin/.output/public/_nuxt/BTgB1rvp.js'
    at open (node:internal/fs/promises:641:25)
    ... 2 lines matching cause stack trace ...
    at Server.toNodeHandle (file:///Users/hf-mac/Downloads/tgpro-admin/.output/server/chunks/nitro/nitro.mjs:2230:7) {
  cause: Error: ENOENT: no such file or directory, open '/Users/hf-mac/Downloads/tgpro-admin/.output/public/_nuxt/BTgB1rvp.js'
      at open (node:internal/fs/promises:641:25)
      at Object.readFile (node:internal/fs/promises:1245:14)
      at Object.handler (file:///Users/hf-mac/Downloads/tgpro-admin/.output/server/chunks/nitro/nitro.mjs:1959:19)
      at Server.toNodeHandle (file:///Users/hf-mac/Downloads/tgpro-admin/.output/server/chunks/nitro/nitro.mjs:2230:7) {
    errno: -2,
    code: 'ENOENT',
    syscall: 'open',
    path: '/Users/hf-mac/Downloads/tgpro-admin/.output/public/_nuxt/BTgB1rvp.js'
  },
  statusCode: 500,
  fatal: false,
  unhandled: true,
  statusMessage: undefined,
  data: undefined
}
2025-11-05T02:28:26: [request error] [unhandled] [GET] http://localhost:3000/_nuxt/CXT04lNs.js
 H3Error: ENOENT: no such file or directory, open '/Users/hf-mac/Downloads/tgpro-admin/.output/public/_nuxt/CXT04lNs.js'
    at open (node:internal/fs/promises:641:25)
    ... 2 lines matching cause stack trace ...
    at Server.toNodeHandle (file:///Users/hf-mac/Downloads/tgpro-admin/.output/server/chunks/nitro/nitro.mjs:2230:7) {
  cause: Error: ENOENT: no such file or directory, open '/Users/hf-mac/Downloads/tgpro-admin/.output/public/_nuxt/CXT04lNs.js'
      at open (node:internal/fs/promises:641:25)
      at Object.readFile (node:internal/fs/promises:1245:14)
      at Object.handler (file:///Users/hf-mac/Downloads/tgpro-admin/.output/server/chunks/nitro/nitro.mjs:1959:19)
      at Server.toNodeHandle (file:///Users/hf-mac/Downloads/tgpro-admin/.output/server/chunks/nitro/nitro.mjs:2230:7) {
    errno: -2,
    code: 'ENOENT',
    syscall: 'open',
    path: '/Users/hf-mac/Downloads/tgpro-admin/.output/public/_nuxt/CXT04lNs.js'
  },
  statusCode: 500,
  fatal: false,
  unhandled: true,
  statusMessage: undefined,
  data: undefined
}
2025-11-05T02:28:26: [request error] [unhandled] [GET] http://localhost:3000/_nuxt/DcHNM1Xn.js
 H3Error: ENOENT: no such file or directory, open '/Users/hf-mac/Downloads/tgpro-admin/.output/public/_nuxt/DcHNM1Xn.js'
    at open (node:internal/fs/promises:641:25)
    ... 2 lines matching cause stack trace ...
    at Server.toNodeHandle (file:///Users/hf-mac/Downloads/tgpro-admin/.output/server/chunks/nitro/nitro.mjs:2230:7) {
  cause: Error: ENOENT: no such file or directory, open '/Users/hf-mac/Downloads/tgpro-admin/.output/public/_nuxt/DcHNM1Xn.js'
      at open (node:internal/fs/promises:641:25)
      at Object.readFile (node:internal/fs/promises:1245:14)
      at Object.handler (file:///Users/hf-mac/Downloads/tgpro-admin/.output/server/chunks/nitro/nitro.mjs:1959:19)
      at Server.toNodeHandle (file:///Users/hf-mac/Downloads/tgpro-admin/.output/server/chunks/nitro/nitro.mjs:2230:7) {
    errno: -2,
    code: 'ENOENT',
    syscall: 'open',
    path: '/Users/hf-mac/Downloads/tgpro-admin/.output/public/_nuxt/DcHNM1Xn.js'
  },
  statusCode: 500,
  fatal: false,
  unhandled: true,
  statusMessage: undefined,
  data: undefined
}
2025-11-05T02:28:36: [request error] [unhandled] [GET] http://localhost:3000/_nuxt/DbAgXtul.js
 H3Error: ENOENT: no such file or directory, open '/Users/hf-mac/Downloads/tgpro-admin/.output/public/_nuxt/DbAgXtul.js'
    at open (node:internal/fs/promises:641:25)
    ... 2 lines matching cause stack trace ...
    at Server.toNodeHandle (file:///Users/hf-mac/Downloads/tgpro-admin/.output/server/chunks/nitro/nitro.mjs:2230:7) {
  cause: Error: ENOENT: no such file or directory, open '/Users/hf-mac/Downloads/tgpro-admin/.output/public/_nuxt/DbAgXtul.js'
      at open (node:internal/fs/promises:641:25)
      at Object.readFile (node:internal/fs/promises:1245:14)
      at Object.handler (file:///Users/hf-mac/Downloads/tgpro-admin/.output/server/chunks/nitro/nitro.mjs:1959:19)
      at Server.toNodeHandle (file:///Users/hf-mac/Downloads/tgpro-admin/.output/server/chunks/nitro/nitro.mjs:2230:7) {
    errno: -2,
    code: 'ENOENT',
    syscall: 'open',
    path: '/Users/hf-mac/Downloads/tgpro-admin/.output/public/_nuxt/DbAgXtul.js'
  },
  statusCode: 500,
  fatal: false,
  unhandled: true,
  statusMessage: undefined,
  data: undefined
}
2025-11-05T02:28:36: [request error] [unhandled] [GET] http://localhost:3000/_nuxt/D_B5nL8y.js
 H3Error: ENOENT: no such file or directory, open '/Users/hf-mac/Downloads/tgpro-admin/.output/public/_nuxt/D_B5nL8y.js'
    at open (node:internal/fs/promises:641:25)
    ... 2 lines matching cause stack trace ...
    at Server.toNodeHandle (file:///Users/hf-mac/Downloads/tgpro-admin/.output/server/chunks/nitro/nitro.mjs:2230:7) {
  cause: Error: ENOENT: no such file or directory, open '/Users/hf-mac/Downloads/tgpro-admin/.output/public/_nuxt/D_B5nL8y.js'
      at open (node:internal/fs/promises:641:25)
      at Object.readFile (node:internal/fs/promises:1245:14)
      at Object.handler (file:///Users/hf-mac/Downloads/tgpro-admin/.output/server/chunks/nitro/nitro.mjs:1959:19)
      at Server.toNodeHandle (file:///Users/hf-mac/Downloads/tgpro-admin/.output/server/chunks/nitro/nitro.mjs:2230:7) {
    errno: -2,
    code: 'ENOENT',
    syscall: 'open',
    path: '/Users/hf-mac/Downloads/tgpro-admin/.output/public/_nuxt/D_B5nL8y.js'
  },
  statusCode: 500,
  fatal: false,
  unhandled: true,
  statusMessage: undefined,
  data: undefined
}
2025-11-05T02:28:36: [request error] [unhandled] [GET] http://localhost:3000/_nuxt/Bl84yrz9.js
 H3Error: ENOENT: no such file or directory, open '/Users/hf-mac/Downloads/tgpro-admin/.output/public/_nuxt/Bl84yrz9.js'
    at open (node:internal/fs/promises:641:25)
    ... 2 lines matching cause stack trace ...
    at Server.toNodeHandle (file:///Users/hf-mac/Downloads/tgpro-admin/.output/server/chunks/nitro/nitro.mjs:2230:7) {
  cause: Error: ENOENT: no such file or directory, open '/Users/hf-mac/Downloads/tgpro-admin/.output/public/_nuxt/Bl84yrz9.js'
      at open (node:internal/fs/promises:641:25)
      at Object.readFile (node:internal/fs/promises:1245:14)
      at Object.handler (file:///Users/hf-mac/Downloads/tgpro-admin/.output/server/chunks/nitro/nitro.mjs:1959:19)
      at Server.toNodeHandle (file:///Users/hf-mac/Downloads/tgpro-admin/.output/server/chunks/nitro/nitro.mjs:2230:7) {
    errno: -2,
    code: 'ENOENT',
    syscall: 'open',
    path: '/Users/hf-mac/Downloads/tgpro-admin/.output/public/_nuxt/Bl84yrz9.js'
  },
  statusCode: 500,
  fatal: false,
  unhandled: true,
  statusMessage: undefined,
  data: undefined
}
2025-11-05T02:28:36: [request error] [unhandled] [GET] http://localhost:3000/_nuxt/DpNIWReE.js
 H3Error: ENOENT: no such file or directory, open '/Users/hf-mac/Downloads/tgpro-admin/.output/public/_nuxt/DpNIWReE.js'
    at open (node:internal/fs/promises:641:25)
    ... 2 lines matching cause stack trace ...
    at Server.toNodeHandle (file:///Users/hf-mac/Downloads/tgpro-admin/.output/server/chunks/nitro/nitro.mjs:2230:7) {
  cause: Error: ENOENT: no such file or directory, open '/Users/hf-mac/Downloads/tgpro-admin/.output/public/_nuxt/DpNIWReE.js'
      at open (node:internal/fs/promises:641:25)
      at Object.readFile (node:internal/fs/promises:1245:14)
      at Object.handler (file:///Users/hf-mac/Downloads/tgpro-admin/.output/server/chunks/nitro/nitro.mjs:1959:19)
      at Server.toNodeHandle (file:///Users/hf-mac/Downloads/tgpro-admin/.output/server/chunks/nitro/nitro.mjs:2230:7) {
    errno: -2,
    code: 'ENOENT',
    syscall: 'open',
    path: '/Users/hf-mac/Downloads/tgpro-admin/.output/public/_nuxt/DpNIWReE.js'
  },
  statusCode: 500,
  fatal: false,
  unhandled: true,
  statusMessage: undefined,
  data: undefined
}
2025-11-05T02:28:36: [request error] [unhandled] [GET] http://localhost:3000/_nuxt/D974gv07.js
 H3Error: ENOENT: no such file or directory, open '/Users/hf-mac/Downloads/tgpro-admin/.output/public/_nuxt/D974gv07.js'
    at open (node:internal/fs/promises:641:25)
    ... 2 lines matching cause stack trace ...
    at Server.toNodeHandle (file:///Users/hf-mac/Downloads/tgpro-admin/.output/server/chunks/nitro/nitro.mjs:2230:7) {
  cause: Error: ENOENT: no such file or directory, open '/Users/hf-mac/Downloads/tgpro-admin/.output/public/_nuxt/D974gv07.js'
      at open (node:internal/fs/promises:641:25)
      at Object.readFile (node:internal/fs/promises:1245:14)
      at Object.handler (file:///Users/hf-mac/Downloads/tgpro-admin/.output/server/chunks/nitro/nitro.mjs:1959:19)
      at Server.toNodeHandle (file:///Users/hf-mac/Downloads/tgpro-admin/.output/server/chunks/nitro/nitro.mjs:2230:7) {
    errno: -2,
    code: 'ENOENT',
    syscall: 'open',
    path: '/Users/hf-mac/Downloads/tgpro-admin/.output/public/_nuxt/D974gv07.js'
  },
  statusCode: 500,
  fatal: false,
  unhandled: true,
  statusMessage: undefined,
  data: undefined
}
2025-11-05T02:28:36: [request error] [unhandled] [GET] http://localhost:3000/_nuxt/D32lUId-.js
 H3Error: ENOENT: no such file or directory, open '/Users/hf-mac/Downloads/tgpro-admin/.output/public/_nuxt/D32lUId-.js'
    at open (node:internal/fs/promises:641:25)
    ... 2 lines matching cause stack trace ...
    at Server.toNodeHandle (file:///Users/hf-mac/Downloads/tgpro-admin/.output/server/chunks/nitro/nitro.mjs:2230:7) {
  cause: Error: ENOENT: no such file or directory, open '/Users/hf-mac/Downloads/tgpro-admin/.output/public/_nuxt/D32lUId-.js'
      at open (node:internal/fs/promises:641:25)
      at Object.readFile (node:internal/fs/promises:1245:14)
      at Object.handler (file:///Users/hf-mac/Downloads/tgpro-admin/.output/server/chunks/nitro/nitro.mjs:1959:19)
      at Server.toNodeHandle (file:///Users/hf-mac/Downloads/tgpro-admin/.output/server/chunks/nitro/nitro.mjs:2230:7) {
    errno: -2,
    code: 'ENOENT',
    syscall: 'open',
    path: '/Users/hf-mac/Downloads/tgpro-admin/.output/public/_nuxt/D32lUId-.js'
  },
  statusCode: 500,
  fatal: false,
  unhandled: true,
  statusMessage: undefined,
  data: undefined
}
2025-11-05T02:28:36: [request error] [unhandled] [GET] http://localhost:3000/_nuxt/CetYVyQG.js
 H3Error: ENOENT: no such file or directory, open '/Users/hf-mac/Downloads/tgpro-admin/.output/public/_nuxt/CetYVyQG.js'
    at open (node:internal/fs/promises:641:25)
    ... 2 lines matching cause stack trace ...
    at Server.toNodeHandle (file:///Users/hf-mac/Downloads/tgpro-admin/.output/server/chunks/nitro/nitro.mjs:2230:7) {
  cause: Error: ENOENT: no such file or directory, open '/Users/hf-mac/Downloads/tgpro-admin/.output/public/_nuxt/CetYVyQG.js'
      at open (node:internal/fs/promises:641:25)
      at Object.readFile (node:internal/fs/promises:1245:14)
      at Object.handler (file:///Users/hf-mac/Downloads/tgpro-admin/.output/server/chunks/nitro/nitro.mjs:1959:19)
      at Server.toNodeHandle (file:///Users/hf-mac/Downloads/tgpro-admin/.output/server/chunks/nitro/nitro.mjs:2230:7) {
    errno: -2,
    code: 'ENOENT',
    syscall: 'open',
    path: '/Users/hf-mac/Downloads/tgpro-admin/.output/public/_nuxt/CetYVyQG.js'
  },
  statusCode: 500,
  fatal: false,
  unhandled: true,
  statusMessage: undefined,
  data: undefined
}
2025-11-05T02:28:36: [request error] [unhandled] [GET] http://localhost:3000/_nuxt/Db7eFA1E.js
 H3Error: ENOENT: no such file or directory, open '/Users/hf-mac/Downloads/tgpro-admin/.output/public/_nuxt/Db7eFA1E.js'
    at open (node:internal/fs/promises:641:25)
    ... 2 lines matching cause stack trace ...
    at Server.toNodeHandle (file:///Users/hf-mac/Downloads/tgpro-admin/.output/server/chunks/nitro/nitro.mjs:2230:7) {
  cause: Error: ENOENT: no such file or directory, open '/Users/hf-mac/Downloads/tgpro-admin/.output/public/_nuxt/Db7eFA1E.js'
      at open (node:internal/fs/promises:641:25)
      at Object.readFile (node:internal/fs/promises:1245:14)
      at Object.handler (file:///Users/hf-mac/Downloads/tgpro-admin/.output/server/chunks/nitro/nitro.mjs:1959:19)
      at Server.toNodeHandle (file:///Users/hf-mac/Downloads/tgpro-admin/.output/server/chunks/nitro/nitro.mjs:2230:7) {
    errno: -2,
    code: 'ENOENT',
    syscall: 'open',
    path: '/Users/hf-mac/Downloads/tgpro-admin/.output/public/_nuxt/Db7eFA1E.js'
  },
  statusCode: 500,
  fatal: false,
  unhandled: true,
  statusMessage: undefined,
  data: undefined
}
2025-11-05T02:28:36: [request error] [unhandled] [GET] http://localhost:3000/_nuxt/DAr-OQmd.js
 H3Error: ENOENT: no such file or directory, open '/Users/hf-mac/Downloads/tgpro-admin/.output/public/_nuxt/DAr-OQmd.js'
    at open (node:internal/fs/promises:641:25)
    ... 2 lines matching cause stack trace ...
    at Server.toNodeHandle (file:///Users/hf-mac/Downloads/tgpro-admin/.output/server/chunks/nitro/nitro.mjs:2230:7) {
  cause: Error: ENOENT: no such file or directory, open '/Users/hf-mac/Downloads/tgpro-admin/.output/public/_nuxt/DAr-OQmd.js'
      at open (node:internal/fs/promises:641:25)
      at Object.readFile (node:internal/fs/promises:1245:14)
      at Object.handler (file:///Users/hf-mac/Downloads/tgpro-admin/.output/server/chunks/nitro/nitro.mjs:1959:19)
      at Server.toNodeHandle (file:///Users/hf-mac/Downloads/tgpro-admin/.output/server/chunks/nitro/nitro.mjs:2230:7) {
    errno: -2,
    code: 'ENOENT',
    syscall: 'open',
    path: '/Users/hf-mac/Downloads/tgpro-admin/.output/public/_nuxt/DAr-OQmd.js'
  },
  statusCode: 500,
  fatal: false,
  unhandled: true,
  statusMessage: undefined,
  data: undefined
}
2025-11-05T02:28:36: [request error] [unhandled] [GET] http://localhost:3000/_nuxt/Bdz-sLfb.js
 H3Error: ENOENT: no such file or directory, open '/Users/hf-mac/Downloads/tgpro-admin/.output/public/_nuxt/Bdz-sLfb.js'
    at open (node:internal/fs/promises:641:25)
    ... 2 lines matching cause stack trace ...
    at Server.toNodeHandle (file:///Users/hf-mac/Downloads/tgpro-admin/.output/server/chunks/nitro/nitro.mjs:2230:7) {
  cause: Error: ENOENT: no such file or directory, open '/Users/hf-mac/Downloads/tgpro-admin/.output/public/_nuxt/Bdz-sLfb.js'
      at open (node:internal/fs/promises:641:25)
      at Object.readFile (node:internal/fs/promises:1245:14)
      at Object.handler (file:///Users/hf-mac/Downloads/tgpro-admin/.output/server/chunks/nitro/nitro.mjs:1959:19)
      at Server.toNodeHandle (file:///Users/hf-mac/Downloads/tgpro-admin/.output/server/chunks/nitro/nitro.mjs:2230:7) {
    errno: -2,
    code: 'ENOENT',
    syscall: 'open',
    path: '/Users/hf-mac/Downloads/tgpro-admin/.output/public/_nuxt/Bdz-sLfb.js'
  },
  statusCode: 500,
  fatal: false,
  unhandled: true,
  statusMessage: undefined,
  data: undefined
}
2025-11-05T02:28:36: [request error] [unhandled] [GET] http://localhost:3000/_nuxt/BTgB1rvp.js
 H3Error: ENOENT: no such file or directory, open '/Users/hf-mac/Downloads/tgpro-admin/.output/public/_nuxt/BTgB1rvp.js'
    at open (node:internal/fs/promises:641:25)
    ... 2 lines matching cause stack trace ...
    at Server.toNodeHandle (file:///Users/hf-mac/Downloads/tgpro-admin/.output/server/chunks/nitro/nitro.mjs:2230:7) {
  cause: Error: ENOENT: no such file or directory, open '/Users/hf-mac/Downloads/tgpro-admin/.output/public/_nuxt/BTgB1rvp.js'
      at open (node:internal/fs/promises:641:25)
      at Object.readFile (node:internal/fs/promises:1245:14)
      at Object.handler (file:///Users/hf-mac/Downloads/tgpro-admin/.output/server/chunks/nitro/nitro.mjs:1959:19)
      at Server.toNodeHandle (file:///Users/hf-mac/Downloads/tgpro-admin/.output/server/chunks/nitro/nitro.mjs:2230:7) {
    errno: -2,
    code: 'ENOENT',
    syscall: 'open',
    path: '/Users/hf-mac/Downloads/tgpro-admin/.output/public/_nuxt/BTgB1rvp.js'
  },
  statusCode: 500,
  fatal: false,
  unhandled: true,
  statusMessage: undefined,
  data: undefined
}
2025-11-05T02:28:36: [request error] [unhandled] [GET] http://localhost:3000/_nuxt/CXT04lNs.js
 H3Error: ENOENT: no such file or directory, open '/Users/hf-mac/Downloads/tgpro-admin/.output/public/_nuxt/CXT04lNs.js'
    at open (node:internal/fs/promises:641:25)
    ... 2 lines matching cause stack trace ...
    at Server.toNodeHandle (file:///Users/hf-mac/Downloads/tgpro-admin/.output/server/chunks/nitro/nitro.mjs:2230:7) {
  cause: Error: ENOENT: no such file or directory, open '/Users/hf-mac/Downloads/tgpro-admin/.output/public/_nuxt/CXT04lNs.js'
      at open (node:internal/fs/promises:641:25)
      at Object.readFile (node:internal/fs/promises:1245:14)
      at Object.handler (file:///Users/hf-mac/Downloads/tgpro-admin/.output/server/chunks/nitro/nitro.mjs:1959:19)
      at Server.toNodeHandle (file:///Users/hf-mac/Downloads/tgpro-admin/.output/server/chunks/nitro/nitro.mjs:2230:7) {
    errno: -2,
    code: 'ENOENT',
    syscall: 'open',
    path: '/Users/hf-mac/Downloads/tgpro-admin/.output/public/_nuxt/CXT04lNs.js'
  },
  statusCode: 500,
  fatal: false,
  unhandled: true,
  statusMessage: undefined,
  data: undefined
}
2025-11-05T02:28:36: [request error] [unhandled] [GET] http://localhost:3000/_nuxt/DcHNM1Xn.js
 H3Error: ENOENT: no such file or directory, open '/Users/hf-mac/Downloads/tgpro-admin/.output/public/_nuxt/DcHNM1Xn.js'
    at open (node:internal/fs/promises:641:25)
    ... 2 lines matching cause stack trace ...
    at Server.toNodeHandle (file:///Users/hf-mac/Downloads/tgpro-admin/.output/server/chunks/nitro/nitro.mjs:2230:7) {
  cause: Error: ENOENT: no such file or directory, open '/Users/hf-mac/Downloads/tgpro-admin/.output/public/_nuxt/DcHNM1Xn.js'
      at open (node:internal/fs/promises:641:25)
      at Object.readFile (node:internal/fs/promises:1245:14)
      at Object.handler (file:///Users/hf-mac/Downloads/tgpro-admin/.output/server/chunks/nitro/nitro.mjs:1959:19)
      at Server.toNodeHandle (file:///Users/hf-mac/Downloads/tgpro-admin/.output/server/chunks/nitro/nitro.mjs:2230:7) {
    errno: -2,
    code: 'ENOENT',
    syscall: 'open',
    path: '/Users/hf-mac/Downloads/tgpro-admin/.output/public/_nuxt/DcHNM1Xn.js'
  },
  statusCode: 500,
  fatal: false,
  unhandled: true,
  statusMessage: undefined,
  data: undefined
}
2025-11-05T02:28:56: [request error] [unhandled] [GET] http://localhost:3000/_nuxt/D_B5nL8y.js
 H3Error: ENOENT: no such file or directory, open '/Users/hf-mac/Downloads/tgpro-admin/.output/public/_nuxt/D_B5nL8y.js'
    at open (node:internal/fs/promises:641:25)
    ... 2 lines matching cause stack trace ...
    at Server.toNodeHandle (file:///Users/hf-mac/Downloads/tgpro-admin/.output/server/chunks/nitro/nitro.mjs:2230:7) {
  cause: Error: ENOENT: no such file or directory, open '/Users/hf-mac/Downloads/tgpro-admin/.output/public/_nuxt/D_B5nL8y.js'
      at open (node:internal/fs/promises:641:25)
      at Object.readFile (node:internal/fs/promises:1245:14)
      at Object.handler (file:///Users/hf-mac/Downloads/tgpro-admin/.output/server/chunks/nitro/nitro.mjs:1959:19)
      at Server.toNodeHandle (file:///Users/hf-mac/Downloads/tgpro-admin/.output/server/chunks/nitro/nitro.mjs:2230:7) {
    errno: -2,
    code: 'ENOENT',
    syscall: 'open',
    path: '/Users/hf-mac/Downloads/tgpro-admin/.output/public/_nuxt/D_B5nL8y.js'
  },
  statusCode: 500,
  fatal: false,
  unhandled: true,
  statusMessage: undefined,
  data: undefined
}
2025-11-05T02:28:56: [request error] [unhandled] [GET] http://localhost:3000/_nuxt/CP5kXZ_o.js
 H3Error: ENOENT: no such file or directory, open '/Users/hf-mac/Downloads/tgpro-admin/.output/public/_nuxt/CP5kXZ_o.js'
    at open (node:internal/fs/promises:641:25)
    ... 2 lines matching cause stack trace ...
    at Server.toNodeHandle (file:///Users/hf-mac/Downloads/tgpro-admin/.output/server/chunks/nitro/nitro.mjs:2230:7) {
  cause: Error: ENOENT: no such file or directory, open '/Users/hf-mac/Downloads/tgpro-admin/.output/public/_nuxt/CP5kXZ_o.js'
      at open (node:internal/fs/promises:641:25)
      at Object.readFile (node:internal/fs/promises:1245:14)
      at Object.handler (file:///Users/hf-mac/Downloads/tgpro-admin/.output/server/chunks/nitro/nitro.mjs:1959:19)
      at Server.toNodeHandle (file:///Users/hf-mac/Downloads/tgpro-admin/.output/server/chunks/nitro/nitro.mjs:2230:7) {
    errno: -2,
    code: 'ENOENT',
    syscall: 'open',
    path: '/Users/hf-mac/Downloads/tgpro-admin/.output/public/_nuxt/CP5kXZ_o.js'
  },
  statusCode: 500,
  fatal: false,
  unhandled: true,
  statusMessage: undefined,
  data: undefined
}
2025-11-05T02:28:56: [request error] [unhandled] [GET] http://localhost:3000/_nuxt/D_B5nL8y.js
 H3Error: ENOENT: no such file or directory, open '/Users/hf-mac/Downloads/tgpro-admin/.output/public/_nuxt/D_B5nL8y.js'
    at open (node:internal/fs/promises:641:25)
    ... 2 lines matching cause stack trace ...
    at Server.toNodeHandle (file:///Users/hf-mac/Downloads/tgpro-admin/.output/server/chunks/nitro/nitro.mjs:2230:7) {
  cause: Error: ENOENT: no such file or directory, open '/Users/hf-mac/Downloads/tgpro-admin/.output/public/_nuxt/D_B5nL8y.js'
      at open (node:internal/fs/promises:641:25)
      at Object.readFile (node:internal/fs/promises:1245:14)
      at Object.handler (file:///Users/hf-mac/Downloads/tgpro-admin/.output/server/chunks/nitro/nitro.mjs:1959:19)
      at Server.toNodeHandle (file:///Users/hf-mac/Downloads/tgpro-admin/.output/server/chunks/nitro/nitro.mjs:2230:7) {
    errno: -2,
    code: 'ENOENT',
    syscall: 'open',
    path: '/Users/hf-mac/Downloads/tgpro-admin/.output/public/_nuxt/D_B5nL8y.js'
  },
  statusCode: 500,
  fatal: false,
  unhandled: true,
  statusMessage: undefined,
  data: undefined
}
2025-11-05T02:28:56: [request error] [unhandled] [GET] http://localhost:3000/_nuxt/CP5kXZ_o.js
 H3Error: ENOENT: no such file or directory, open '/Users/hf-mac/Downloads/tgpro-admin/.output/public/_nuxt/CP5kXZ_o.js'
    at open (node:internal/fs/promises:641:25)
    ... 2 lines matching cause stack trace ...
    at Server.toNodeHandle (file:///Users/hf-mac/Downloads/tgpro-admin/.output/server/chunks/nitro/nitro.mjs:2230:7) {
  cause: Error: ENOENT: no such file or directory, open '/Users/hf-mac/Downloads/tgpro-admin/.output/public/_nuxt/CP5kXZ_o.js'
      at open (node:internal/fs/promises:641:25)
      at Object.readFile (node:internal/fs/promises:1245:14)
      at Object.handler (file:///Users/hf-mac/Downloads/tgpro-admin/.output/server/chunks/nitro/nitro.mjs:1959:19)
      at Server.toNodeHandle (file:///Users/hf-mac/Downloads/tgpro-admin/.output/server/chunks/nitro/nitro.mjs:2230:7) {
    errno: -2,
    code: 'ENOENT',
    syscall: 'open',
    path: '/Users/hf-mac/Downloads/tgpro-admin/.output/public/_nuxt/CP5kXZ_o.js'
  },
  statusCode: 500,
  fatal: false,
  unhandled: true,
  statusMessage: undefined,
  data: undefined
}
2025-11-05T02:29:18: [request error] [unhandled] [GET] http://localhost:3000/_nuxt/D_B5nL8y.js
 H3Error: ENOENT: no such file or directory, open '/Users/hf-mac/Downloads/tgpro-admin/.output/public/_nuxt/D_B5nL8y.js'
    at open (node:internal/fs/promises:641:25)
    ... 2 lines matching cause stack trace ...
    at Server.toNodeHandle (file:///Users/hf-mac/Downloads/tgpro-admin/.output/server/chunks/nitro/nitro.mjs:2230:7) {
  cause: Error: ENOENT: no such file or directory, open '/Users/hf-mac/Downloads/tgpro-admin/.output/public/_nuxt/D_B5nL8y.js'
      at open (node:internal/fs/promises:641:25)
      at Object.readFile (node:internal/fs/promises:1245:14)
      at Object.handler (file:///Users/hf-mac/Downloads/tgpro-admin/.output/server/chunks/nitro/nitro.mjs:1959:19)
      at Server.toNodeHandle (file:///Users/hf-mac/Downloads/tgpro-admin/.output/server/chunks/nitro/nitro.mjs:2230:7) {
    errno: -2,
    code: 'ENOENT',
    syscall: 'open',
    path: '/Users/hf-mac/Downloads/tgpro-admin/.output/public/_nuxt/D_B5nL8y.js'
  },
  statusCode: 500,
  fatal: false,
  unhandled: true,
  statusMessage: undefined,
  data: undefined
}
2025-11-05T02:29:18: [request error] [unhandled] [GET] http://localhost:3000/_nuxt/CP5kXZ_o.js
 H3Error: ENOENT: no such file or directory, open '/Users/hf-mac/Downloads/tgpro-admin/.output/public/_nuxt/CP5kXZ_o.js'
    at open (node:internal/fs/promises:641:25)
    ... 2 lines matching cause stack trace ...
    at Server.toNodeHandle (file:///Users/hf-mac/Downloads/tgpro-admin/.output/server/chunks/nitro/nitro.mjs:2230:7) {
  cause: Error: ENOENT: no such file or directory, open '/Users/hf-mac/Downloads/tgpro-admin/.output/public/_nuxt/CP5kXZ_o.js'
      at open (node:internal/fs/promises:641:25)
      at Object.readFile (node:internal/fs/promises:1245:14)
      at Object.handler (file:///Users/hf-mac/Downloads/tgpro-admin/.output/server/chunks/nitro/nitro.mjs:1959:19)
      at Server.toNodeHandle (file:///Users/hf-mac/Downloads/tgpro-admin/.output/server/chunks/nitro/nitro.mjs:2230:7) {
    errno: -2,
    code: 'ENOENT',
    syscall: 'open',
    path: '/Users/hf-mac/Downloads/tgpro-admin/.output/public/_nuxt/CP5kXZ_o.js'
  },
  statusCode: 500,
  fatal: false,
  unhandled: true,
  statusMessage: undefined,
  data: undefined
}
2025-11-05T02:29:18: [request error] [unhandled] [GET] http://localhost:3000/_nuxt/D_B5nL8y.js
 H3Error: ENOENT: no such file or directory, open '/Users/hf-mac/Downloads/tgpro-admin/.output/public/_nuxt/D_B5nL8y.js'
    at open (node:internal/fs/promises:641:25)
    ... 2 lines matching cause stack trace ...
    at Server.toNodeHandle (file:///Users/hf-mac/Downloads/tgpro-admin/.output/server/chunks/nitro/nitro.mjs:2230:7) {
  cause: Error: ENOENT: no such file or directory, open '/Users/hf-mac/Downloads/tgpro-admin/.output/public/_nuxt/D_B5nL8y.js'
      at open (node:internal/fs/promises:641:25)
      at Object.readFile (node:internal/fs/promises:1245:14)
      at Object.handler (file:///Users/hf-mac/Downloads/tgpro-admin/.output/server/chunks/nitro/nitro.mjs:1959:19)
      at Server.toNodeHandle (file:///Users/hf-mac/Downloads/tgpro-admin/.output/server/chunks/nitro/nitro.mjs:2230:7) {
    errno: -2,
    code: 'ENOENT',
    syscall: 'open',
    path: '/Users/hf-mac/Downloads/tgpro-admin/.output/public/_nuxt/D_B5nL8y.js'
  },
  statusCode: 500,
  fatal: false,
  unhandled: true,
  statusMessage: undefined,
  data: undefined
}
2025-11-05T02:29:19: [request error] [unhandled] [GET] http://localhost:3000/_nuxt/CP5kXZ_o.js
 H3Error: ENOENT: no such file or directory, open '/Users/hf-mac/Downloads/tgpro-admin/.output/public/_nuxt/CP5kXZ_o.js'
    at open (node:internal/fs/promises:641:25)
    ... 2 lines matching cause stack trace ...
    at Server.toNodeHandle (file:///Users/hf-mac/Downloads/tgpro-admin/.output/server/chunks/nitro/nitro.mjs:2230:7) {
  cause: Error: ENOENT: no such file or directory, open '/Users/hf-mac/Downloads/tgpro-admin/.output/public/_nuxt/CP5kXZ_o.js'
      at open (node:internal/fs/promises:641:25)
      at Object.readFile (node:internal/fs/promises:1245:14)
      at Object.handler (file:///Users/hf-mac/Downloads/tgpro-admin/.output/server/chunks/nitro/nitro.mjs:1959:19)
      at Server.toNodeHandle (file:///Users/hf-mac/Downloads/tgpro-admin/.output/server/chunks/nitro/nitro.mjs:2230:7) {
    errno: -2,
    code: 'ENOENT',
    syscall: 'open',
    path: '/Users/hf-mac/Downloads/tgpro-admin/.output/public/_nuxt/CP5kXZ_o.js'
  },
  statusCode: 500,
  fatal: false,
  unhandled: true,
  statusMessage: undefined,
  data: undefined
}
2025-11-05T02:30:43: [request error] [unhandled] [GET] http://localhost:3000/_nuxt/DbAgXtul.js
 H3Error: ENOENT: no such file or directory, open '/Users/hf-mac/Downloads/tgpro-admin/.output/public/_nuxt/DbAgXtul.js'
    at open (node:internal/fs/promises:641:25)
    ... 2 lines matching cause stack trace ...
    at Server.toNodeHandle (file:///Users/hf-mac/Downloads/tgpro-admin/.output/server/chunks/nitro/nitro.mjs:2230:7) {
  cause: Error: ENOENT: no such file or directory, open '/Users/hf-mac/Downloads/tgpro-admin/.output/public/_nuxt/DbAgXtul.js'
      at open (node:internal/fs/promises:641:25)
      at Object.readFile (node:internal/fs/promises:1245:14)
      at Object.handler (file:///Users/hf-mac/Downloads/tgpro-admin/.output/server/chunks/nitro/nitro.mjs:1959:19)
      at Server.toNodeHandle (file:///Users/hf-mac/Downloads/tgpro-admin/.output/server/chunks/nitro/nitro.mjs:2230:7) {
    errno: -2,
    code: 'ENOENT',
    syscall: 'open',
    path: '/Users/hf-mac/Downloads/tgpro-admin/.output/public/_nuxt/DbAgXtul.js'
  },
  statusCode: 500,
  fatal: false,
  unhandled: true,
  statusMessage: undefined,
  data: undefined
}
2025-11-05T02:30:43: [request error] [unhandled] [GET] http://localhost:3000/_nuxt/D_B5nL8y.js
 H3Error: ENOENT: no such file or directory, open '/Users/hf-mac/Downloads/tgpro-admin/.output/public/_nuxt/D_B5nL8y.js'
    at open (node:internal/fs/promises:641:25)
    ... 2 lines matching cause stack trace ...
    at Server.toNodeHandle (file:///Users/hf-mac/Downloads/tgpro-admin/.output/server/chunks/nitro/nitro.mjs:2230:7) {
  cause: Error: ENOENT: no such file or directory, open '/Users/hf-mac/Downloads/tgpro-admin/.output/public/_nuxt/D_B5nL8y.js'
      at open (node:internal/fs/promises:641:25)
      at Object.readFile (node:internal/fs/promises:1245:14)
      at Object.handler (file:///Users/hf-mac/Downloads/tgpro-admin/.output/server/chunks/nitro/nitro.mjs:1959:19)
      at Server.toNodeHandle (file:///Users/hf-mac/Downloads/tgpro-admin/.output/server/chunks/nitro/nitro.mjs:2230:7) {
    errno: -2,
    code: 'ENOENT',
    syscall: 'open',
    path: '/Users/hf-mac/Downloads/tgpro-admin/.output/public/_nuxt/D_B5nL8y.js'
  },
  statusCode: 500,
  fatal: false,
  unhandled: true,
  statusMessage: undefined,
  data: undefined
}
2025-11-05T02:30:43: [request error] [unhandled] [GET] http://localhost:3000/_nuxt/DpNIWReE.js
 H3Error: ENOENT: no such file or directory, open '/Users/hf-mac/Downloads/tgpro-admin/.output/public/_nuxt/DpNIWReE.js'
    at open (node:internal/fs/promises:641:25)
    ... 2 lines matching cause stack trace ...
    at Server.toNodeHandle (file:///Users/hf-mac/Downloads/tgpro-admin/.output/server/chunks/nitro/nitro.mjs:2230:7) {
  cause: Error: ENOENT: no such file or directory, open '/Users/hf-mac/Downloads/tgpro-admin/.output/public/_nuxt/DpNIWReE.js'
      at open (node:internal/fs/promises:641:25)
      at Object.readFile (node:internal/fs/promises:1245:14)
      at Object.handler (file:///Users/hf-mac/Downloads/tgpro-admin/.output/server/chunks/nitro/nitro.mjs:1959:19)
      at Server.toNodeHandle (file:///Users/hf-mac/Downloads/tgpro-admin/.output/server/chunks/nitro/nitro.mjs:2230:7) {
    errno: -2,
    code: 'ENOENT',
    syscall: 'open',
    path: '/Users/hf-mac/Downloads/tgpro-admin/.output/public/_nuxt/DpNIWReE.js'
  },
  statusCode: 500,
  fatal: false,
  unhandled: true,
  statusMessage: undefined,
  data: undefined
}
2025-11-05T02:30:43: [request error] [unhandled] [GET] http://localhost:3000/_nuxt/Bl84yrz9.js
 H3Error: ENOENT: no such file or directory, open '/Users/hf-mac/Downloads/tgpro-admin/.output/public/_nuxt/Bl84yrz9.js'
    at open (node:internal/fs/promises:641:25)
    ... 2 lines matching cause stack trace ...
    at Server.toNodeHandle (file:///Users/hf-mac/Downloads/tgpro-admin/.output/server/chunks/nitro/nitro.mjs:2230:7) {
  cause: Error: ENOENT: no such file or directory, open '/Users/hf-mac/Downloads/tgpro-admin/.output/public/_nuxt/Bl84yrz9.js'
      at open (node:internal/fs/promises:641:25)
      at Object.readFile (node:internal/fs/promises:1245:14)
      at Object.handler (file:///Users/hf-mac/Downloads/tgpro-admin/.output/server/chunks/nitro/nitro.mjs:1959:19)
      at Server.toNodeHandle (file:///Users/hf-mac/Downloads/tgpro-admin/.output/server/chunks/nitro/nitro.mjs:2230:7) {
    errno: -2,
    code: 'ENOENT',
    syscall: 'open',
    path: '/Users/hf-mac/Downloads/tgpro-admin/.output/public/_nuxt/Bl84yrz9.js'
  },
  statusCode: 500,
  fatal: false,
  unhandled: true,
  statusMessage: undefined,
  data: undefined
}
2025-11-05T02:30:43: [request error] [unhandled] [GET] http://localhost:3000/_nuxt/CetYVyQG.js
 H3Error: ENOENT: no such file or directory, open '/Users/hf-mac/Downloads/tgpro-admin/.output/public/_nuxt/CetYVyQG.js'
    at open (node:internal/fs/promises:641:25)
    ... 2 lines matching cause stack trace ...
    at Server.toNodeHandle (file:///Users/hf-mac/Downloads/tgpro-admin/.output/server/chunks/nitro/nitro.mjs:2230:7) {
  cause: Error: ENOENT: no such file or directory, open '/Users/hf-mac/Downloads/tgpro-admin/.output/public/_nuxt/CetYVyQG.js'
      at open (node:internal/fs/promises:641:25)
      at Object.readFile (node:internal/fs/promises:1245:14)
      at Object.handler (file:///Users/hf-mac/Downloads/tgpro-admin/.output/server/chunks/nitro/nitro.mjs:1959:19)
      at Server.toNodeHandle (file:///Users/hf-mac/Downloads/tgpro-admin/.output/server/chunks/nitro/nitro.mjs:2230:7) {
    errno: -2,
    code: 'ENOENT',
    syscall: 'open',
    path: '/Users/hf-mac/Downloads/tgpro-admin/.output/public/_nuxt/CetYVyQG.js'
  },
  statusCode: 500,
  fatal: false,
  unhandled: true,
  statusMessage: undefined,
  data: undefined
}
2025-11-05T02:30:43: [request error] [unhandled] [GET] http://localhost:3000/_nuxt/D974gv07.js
 H3Error: ENOENT: no such file or directory, open '/Users/hf-mac/Downloads/tgpro-admin/.output/public/_nuxt/D974gv07.js'
    at open (node:internal/fs/promises:641:25)
    ... 2 lines matching cause stack trace ...
    at Server.toNodeHandle (file:///Users/hf-mac/Downloads/tgpro-admin/.output/server/chunks/nitro/nitro.mjs:2230:7) {
  cause: Error: ENOENT: no such file or directory, open '/Users/hf-mac/Downloads/tgpro-admin/.output/public/_nuxt/D974gv07.js'
      at open (node:internal/fs/promises:641:25)
      at Object.readFile (node:internal/fs/promises:1245:14)
      at Object.handler (file:///Users/hf-mac/Downloads/tgpro-admin/.output/server/chunks/nitro/nitro.mjs:1959:19)
      at Server.toNodeHandle (file:///Users/hf-mac/Downloads/tgpro-admin/.output/server/chunks/nitro/nitro.mjs:2230:7) {
    errno: -2,
    code: 'ENOENT',
    syscall: 'open',
    path: '/Users/hf-mac/Downloads/tgpro-admin/.output/public/_nuxt/D974gv07.js'
  },
  statusCode: 500,
  fatal: false,
  unhandled: true,
  statusMessage: undefined,
  data: undefined
}
2025-11-05T02:30:43: [request error] [unhandled] [GET] http://localhost:3000/_nuxt/D32lUId-.js
 H3Error: ENOENT: no such file or directory, open '/Users/hf-mac/Downloads/tgpro-admin/.output/public/_nuxt/D32lUId-.js'
    at open (node:internal/fs/promises:641:25)
    ... 2 lines matching cause stack trace ...
    at Server.toNodeHandle (file:///Users/hf-mac/Downloads/tgpro-admin/.output/server/chunks/nitro/nitro.mjs:2230:7) {
  cause: Error: ENOENT: no such file or directory, open '/Users/hf-mac/Downloads/tgpro-admin/.output/public/_nuxt/D32lUId-.js'
      at open (node:internal/fs/promises:641:25)
      at Object.readFile (node:internal/fs/promises:1245:14)
      at Object.handler (file:///Users/hf-mac/Downloads/tgpro-admin/.output/server/chunks/nitro/nitro.mjs:1959:19)
      at Server.toNodeHandle (file:///Users/hf-mac/Downloads/tgpro-admin/.output/server/chunks/nitro/nitro.mjs:2230:7) {
    errno: -2,
    code: 'ENOENT',
    syscall: 'open',
    path: '/Users/hf-mac/Downloads/tgpro-admin/.output/public/_nuxt/D32lUId-.js'
  },
  statusCode: 500,
  fatal: false,
  unhandled: true,
  statusMessage: undefined,
  data: undefined
}
2025-11-05T02:30:43: [request error] [unhandled] [GET] http://localhost:3000/_nuxt/Bdz-sLfb.js
 H3Error: ENOENT: no such file or directory, open '/Users/hf-mac/Downloads/tgpro-admin/.output/public/_nuxt/Bdz-sLfb.js'
    at open (node:internal/fs/promises:641:25)
    ... 2 lines matching cause stack trace ...
    at Server.toNodeHandle (file:///Users/hf-mac/Downloads/tgpro-admin/.output/server/chunks/nitro/nitro.mjs:2230:7) {
  cause: Error: ENOENT: no such file or directory, open '/Users/hf-mac/Downloads/tgpro-admin/.output/public/_nuxt/Bdz-sLfb.js'
      at open (node:internal/fs/promises:641:25)
      at Object.readFile (node:internal/fs/promises:1245:14)
      at Object.handler (file:///Users/hf-mac/Downloads/tgpro-admin/.output/server/chunks/nitro/nitro.mjs:1959:19)
      at Server.toNodeHandle (file:///Users/hf-mac/Downloads/tgpro-admin/.output/server/chunks/nitro/nitro.mjs:2230:7) {
    errno: -2,
    code: 'ENOENT',
    syscall: 'open',
    path: '/Users/hf-mac/Downloads/tgpro-admin/.output/public/_nuxt/Bdz-sLfb.js'
  },
  statusCode: 500,
  fatal: false,
  unhandled: true,
  statusMessage: undefined,
  data: undefined
}
2025-11-05T02:30:43: [request error] [unhandled] [GET] http://localhost:3000/_nuxt/DAr-OQmd.js
 H3Error: ENOENT: no such file or directory, open '/Users/hf-mac/Downloads/tgpro-admin/.output/public/_nuxt/DAr-OQmd.js'
    at open (node:internal/fs/promises:641:25)
    ... 2 lines matching cause stack trace ...
    at Server.toNodeHandle (file:///Users/hf-mac/Downloads/tgpro-admin/.output/server/chunks/nitro/nitro.mjs:2230:7) {
  cause: Error: ENOENT: no such file or directory, open '/Users/hf-mac/Downloads/tgpro-admin/.output/public/_nuxt/DAr-OQmd.js'
      at open (node:internal/fs/promises:641:25)
      at Object.readFile (node:internal/fs/promises:1245:14)
      at Object.handler (file:///Users/hf-mac/Downloads/tgpro-admin/.output/server/chunks/nitro/nitro.mjs:1959:19)
      at Server.toNodeHandle (file:///Users/hf-mac/Downloads/tgpro-admin/.output/server/chunks/nitro/nitro.mjs:2230:7) {
    errno: -2,
    code: 'ENOENT',
    syscall: 'open',
    path: '/Users/hf-mac/Downloads/tgpro-admin/.output/public/_nuxt/DAr-OQmd.js'
  },
  statusCode: 500,
  fatal: false,
  unhandled: true,
  statusMessage: undefined,
  data: undefined
}
2025-11-05T02:30:43: [request error] [unhandled] [GET] http://localhost:3000/_nuxt/Db7eFA1E.js
 H3Error: ENOENT: no such file or directory, open '/Users/hf-mac/Downloads/tgpro-admin/.output/public/_nuxt/Db7eFA1E.js'
    at open (node:internal/fs/promises:641:25)
    ... 2 lines matching cause stack trace ...
    at Server.toNodeHandle (file:///Users/hf-mac/Downloads/tgpro-admin/.output/server/chunks/nitro/nitro.mjs:2230:7) {
  cause: Error: ENOENT: no such file or directory, open '/Users/hf-mac/Downloads/tgpro-admin/.output/public/_nuxt/Db7eFA1E.js'
      at open (node:internal/fs/promises:641:25)
      at Object.readFile (node:internal/fs/promises:1245:14)
      at Object.handler (file:///Users/hf-mac/Downloads/tgpro-admin/.output/server/chunks/nitro/nitro.mjs:1959:19)
      at Server.toNodeHandle (file:///Users/hf-mac/Downloads/tgpro-admin/.output/server/chunks/nitro/nitro.mjs:2230:7) {
    errno: -2,
    code: 'ENOENT',
    syscall: 'open',
    path: '/Users/hf-mac/Downloads/tgpro-admin/.output/public/_nuxt/Db7eFA1E.js'
  },
  statusCode: 500,
  fatal: false,
  unhandled: true,
  statusMessage: undefined,
  data: undefined
}
2025-11-05T02:30:43: [request error] [unhandled] [GET] http://localhost:3000/_nuxt/BTgB1rvp.js
 H3Error: ENOENT: no such file or directory, open '/Users/hf-mac/Downloads/tgpro-admin/.output/public/_nuxt/BTgB1rvp.js'
    at open (node:internal/fs/promises:641:25)
    ... 2 lines matching cause stack trace ...
    at Server.toNodeHandle (file:///Users/hf-mac/Downloads/tgpro-admin/.output/server/chunks/nitro/nitro.mjs:2230:7) {
  cause: Error: ENOENT: no such file or directory, open '/Users/hf-mac/Downloads/tgpro-admin/.output/public/_nuxt/BTgB1rvp.js'
      at open (node:internal/fs/promises:641:25)
      at Object.readFile (node:internal/fs/promises:1245:14)
      at Object.handler (file:///Users/hf-mac/Downloads/tgpro-admin/.output/server/chunks/nitro/nitro.mjs:1959:19)
      at Server.toNodeHandle (file:///Users/hf-mac/Downloads/tgpro-admin/.output/server/chunks/nitro/nitro.mjs:2230:7) {
    errno: -2,
    code: 'ENOENT',
    syscall: 'open',
    path: '/Users/hf-mac/Downloads/tgpro-admin/.output/public/_nuxt/BTgB1rvp.js'
  },
  statusCode: 500,
  fatal: false,
  unhandled: true,
  statusMessage: undefined,
  data: undefined
}
2025-11-05T02:30:43: [request error] [unhandled] [GET] http://localhost:3000/_nuxt/CXT04lNs.js
 H3Error: ENOENT: no such file or directory, open '/Users/hf-mac/Downloads/tgpro-admin/.output/public/_nuxt/CXT04lNs.js'
    at open (node:internal/fs/promises:641:25)
    ... 2 lines matching cause stack trace ...
    at Server.toNodeHandle (file:///Users/hf-mac/Downloads/tgpro-admin/.output/server/chunks/nitro/nitro.mjs:2230:7) {
  cause: Error: ENOENT: no such file or directory, open '/Users/hf-mac/Downloads/tgpro-admin/.output/public/_nuxt/CXT04lNs.js'
      at open (node:internal/fs/promises:641:25)
      at Object.readFile (node:internal/fs/promises:1245:14)
      at Object.handler (file:///Users/hf-mac/Downloads/tgpro-admin/.output/server/chunks/nitro/nitro.mjs:1959:19)
      at Server.toNodeHandle (file:///Users/hf-mac/Downloads/tgpro-admin/.output/server/chunks/nitro/nitro.mjs:2230:7) {
    errno: -2,
    code: 'ENOENT',
    syscall: 'open',
    path: '/Users/hf-mac/Downloads/tgpro-admin/.output/public/_nuxt/CXT04lNs.js'
  },
  statusCode: 500,
  fatal: false,
  unhandled: true,
  statusMessage: undefined,
  data: undefined
}
2025-11-05T02:30:43: [request error] [unhandled] [GET] http://localhost:3000/_nuxt/DcHNM1Xn.js
 H3Error: ENOENT: no such file or directory, open '/Users/hf-mac/Downloads/tgpro-admin/.output/public/_nuxt/DcHNM1Xn.js'
    at open (node:internal/fs/promises:641:25)
    ... 2 lines matching cause stack trace ...
    at Server.toNodeHandle (file:///Users/hf-mac/Downloads/tgpro-admin/.output/server/chunks/nitro/nitro.mjs:2230:7) {
  cause: Error: ENOENT: no such file or directory, open '/Users/hf-mac/Downloads/tgpro-admin/.output/public/_nuxt/DcHNM1Xn.js'
      at open (node:internal/fs/promises:641:25)
      at Object.readFile (node:internal/fs/promises:1245:14)
      at Object.handler (file:///Users/hf-mac/Downloads/tgpro-admin/.output/server/chunks/nitro/nitro.mjs:1959:19)
      at Server.toNodeHandle (file:///Users/hf-mac/Downloads/tgpro-admin/.output/server/chunks/nitro/nitro.mjs:2230:7) {
    errno: -2,
    code: 'ENOENT',
    syscall: 'open',
    path: '/Users/hf-mac/Downloads/tgpro-admin/.output/public/_nuxt/DcHNM1Xn.js'
  },
  statusCode: 500,
  fatal: false,
  unhandled: true,
  statusMessage: undefined,
  data: undefined
}
2025-11-05T02:30:43: [request error] [unhandled] [GET] http://localhost:3000/_nuxt/C4xQaJXR.js
 H3Error: ENOENT: no such file or directory, open '/Users/hf-mac/Downloads/tgpro-admin/.output/public/_nuxt/C4xQaJXR.js'
    at open (node:internal/fs/promises:641:25)
    ... 2 lines matching cause stack trace ...
    at Server.toNodeHandle (file:///Users/hf-mac/Downloads/tgpro-admin/.output/server/chunks/nitro/nitro.mjs:2230:7) {
  cause: Error: ENOENT: no such file or directory, open '/Users/hf-mac/Downloads/tgpro-admin/.output/public/_nuxt/C4xQaJXR.js'
      at open (node:internal/fs/promises:641:25)
      at Object.readFile (node:internal/fs/promises:1245:14)
      at Object.handler (file:///Users/hf-mac/Downloads/tgpro-admin/.output/server/chunks/nitro/nitro.mjs:1959:19)
      at Server.toNodeHandle (file:///Users/hf-mac/Downloads/tgpro-admin/.output/server/chunks/nitro/nitro.mjs:2230:7) {
    errno: -2,
    code: 'ENOENT',
    syscall: 'open',
    path: '/Users/hf-mac/Downloads/tgpro-admin/.output/public/_nuxt/C4xQaJXR.js'
  },
  statusCode: 500,
  fatal: false,
  unhandled: true,
  statusMessage: undefined,
  data: undefined
}
2025-11-05T02:30:43: [request error] [unhandled] [GET] http://localhost:3000/_nuxt/builds/meta/db489c3b-20ab-405c-96a2-98b632ec7da6.json
 H3Error: ENOENT: no such file or directory, open '/Users/hf-mac/Downloads/tgpro-admin/.output/public/_nuxt/builds/meta/db489c3b-20ab-405c-96a2-98b632ec7da6.json'
    at open (node:internal/fs/promises:641:25)
    ... 2 lines matching cause stack trace ...
    at Server.toNodeHandle (file:///Users/hf-mac/Downloads/tgpro-admin/.output/server/chunks/nitro/nitro.mjs:2230:7) {
  cause: Error: ENOENT: no such file or directory, open '/Users/hf-mac/Downloads/tgpro-admin/.output/public/_nuxt/builds/meta/db489c3b-20ab-405c-96a2-98b632ec7da6.json'
      at open (node:internal/fs/promises:641:25)
      at Object.readFile (node:internal/fs/promises:1245:14)
      at Object.handler (file:///Users/hf-mac/Downloads/tgpro-admin/.output/server/chunks/nitro/nitro.mjs:1959:19)
      at Server.toNodeHandle (file:///Users/hf-mac/Downloads/tgpro-admin/.output/server/chunks/nitro/nitro.mjs:2230:7) {
    errno: -2,
    code: 'ENOENT',
    syscall: 'open',
    path: '/Users/hf-mac/Downloads/tgpro-admin/.output/public/_nuxt/builds/meta/db489c3b-20ab-405c-96a2-98b632ec7da6.json'
  },
  statusCode: 500,
  fatal: false,
  unhandled: true,
  statusMessage: undefined,
  data: undefined
}
2025-11-05T02:30:44: [request error] [unhandled] [GET] http://localhost:3000/_nuxt/DbAgXtul.js
 H3Error: ENOENT: no such file or directory, open '/Users/hf-mac/Downloads/tgpro-admin/.output/public/_nuxt/DbAgXtul.js'
    at open (node:internal/fs/promises:641:25)
    ... 2 lines matching cause stack trace ...
    at Server.toNodeHandle (file:///Users/hf-mac/Downloads/tgpro-admin/.output/server/chunks/nitro/nitro.mjs:2230:7) {
  cause: Error: ENOENT: no such file or directory, open '/Users/hf-mac/Downloads/tgpro-admin/.output/public/_nuxt/DbAgXtul.js'
      at open (node:internal/fs/promises:641:25)
      at Object.readFile (node:internal/fs/promises:1245:14)
      at Object.handler (file:///Users/hf-mac/Downloads/tgpro-admin/.output/server/chunks/nitro/nitro.mjs:1959:19)
      at Server.toNodeHandle (file:///Users/hf-mac/Downloads/tgpro-admin/.output/server/chunks/nitro/nitro.mjs:2230:7) {
    errno: -2,
    code: 'ENOENT',
    syscall: 'open',
    path: '/Users/hf-mac/Downloads/tgpro-admin/.output/public/_nuxt/DbAgXtul.js'
  },
  statusCode: 500,
  fatal: false,
  unhandled: true,
  statusMessage: undefined,
  data: undefined
}
2025-11-05T02:30:44: [request error] [unhandled] [GET] http://localhost:3000/_nuxt/D_B5nL8y.js
 H3Error: ENOENT: no such file or directory, open '/Users/hf-mac/Downloads/tgpro-admin/.output/public/_nuxt/D_B5nL8y.js'
    at open (node:internal/fs/promises:641:25)
    ... 2 lines matching cause stack trace ...
    at Server.toNodeHandle (file:///Users/hf-mac/Downloads/tgpro-admin/.output/server/chunks/nitro/nitro.mjs:2230:7) {
  cause: Error: ENOENT: no such file or directory, open '/Users/hf-mac/Downloads/tgpro-admin/.output/public/_nuxt/D_B5nL8y.js'
      at open (node:internal/fs/promises:641:25)
      at Object.readFile (node:internal/fs/promises:1245:14)
      at Object.handler (file:///Users/hf-mac/Downloads/tgpro-admin/.output/server/chunks/nitro/nitro.mjs:1959:19)
      at Server.toNodeHandle (file:///Users/hf-mac/Downloads/tgpro-admin/.output/server/chunks/nitro/nitro.mjs:2230:7) {
    errno: -2,
    code: 'ENOENT',
    syscall: 'open',
    path: '/Users/hf-mac/Downloads/tgpro-admin/.output/public/_nuxt/D_B5nL8y.js'
  },
  statusCode: 500,
  fatal: false,
  unhandled: true,
  statusMessage: undefined,
  data: undefined
}
2025-11-05T02:30:44: [request error] [unhandled] [GET] http://localhost:3000/_nuxt/DpNIWReE.js
 H3Error: ENOENT: no such file or directory, open '/Users/hf-mac/Downloads/tgpro-admin/.output/public/_nuxt/DpNIWReE.js'
    at open (node:internal/fs/promises:641:25)
    ... 2 lines matching cause stack trace ...
    at Server.toNodeHandle (file:///Users/hf-mac/Downloads/tgpro-admin/.output/server/chunks/nitro/nitro.mjs:2230:7) {
  cause: Error: ENOENT: no such file or directory, open '/Users/hf-mac/Downloads/tgpro-admin/.output/public/_nuxt/DpNIWReE.js'
      at open (node:internal/fs/promises:641:25)
      at Object.readFile (node:internal/fs/promises:1245:14)
      at Object.handler (file:///Users/hf-mac/Downloads/tgpro-admin/.output/server/chunks/nitro/nitro.mjs:1959:19)
      at Server.toNodeHandle (file:///Users/hf-mac/Downloads/tgpro-admin/.output/server/chunks/nitro/nitro.mjs:2230:7) {
    errno: -2,
    code: 'ENOENT',
    syscall: 'open',
    path: '/Users/hf-mac/Downloads/tgpro-admin/.output/public/_nuxt/DpNIWReE.js'
  },
  statusCode: 500,
  fatal: false,
  unhandled: true,
  statusMessage: undefined,
  data: undefined
}
2025-11-05T02:30:44: [request error] [unhandled] [GET] http://localhost:3000/_nuxt/Bl84yrz9.js
 H3Error: ENOENT: no such file or directory, open '/Users/hf-mac/Downloads/tgpro-admin/.output/public/_nuxt/Bl84yrz9.js'
    at open (node:internal/fs/promises:641:25)
    ... 2 lines matching cause stack trace ...
    at Server.toNodeHandle (file:///Users/hf-mac/Downloads/tgpro-admin/.output/server/chunks/nitro/nitro.mjs:2230:7) {
  cause: Error: ENOENT: no such file or directory, open '/Users/hf-mac/Downloads/tgpro-admin/.output/public/_nuxt/Bl84yrz9.js'
      at open (node:internal/fs/promises:641:25)
      at Object.readFile (node:internal/fs/promises:1245:14)
      at Object.handler (file:///Users/hf-mac/Downloads/tgpro-admin/.output/server/chunks/nitro/nitro.mjs:1959:19)
      at Server.toNodeHandle (file:///Users/hf-mac/Downloads/tgpro-admin/.output/server/chunks/nitro/nitro.mjs:2230:7) {
    errno: -2,
    code: 'ENOENT',
    syscall: 'open',
    path: '/Users/hf-mac/Downloads/tgpro-admin/.output/public/_nuxt/Bl84yrz9.js'
  },
  statusCode: 500,
  fatal: false,
  unhandled: true,
  statusMessage: undefined,
  data: undefined
}
2025-11-05T02:30:44: [request error] [unhandled] [GET] http://localhost:3000/_nuxt/D974gv07.js
 H3Error: ENOENT: no such file or directory, open '/Users/hf-mac/Downloads/tgpro-admin/.output/public/_nuxt/D974gv07.js'
    at open (node:internal/fs/promises:641:25)
    ... 2 lines matching cause stack trace ...
    at Server.toNodeHandle (file:///Users/hf-mac/Downloads/tgpro-admin/.output/server/chunks/nitro/nitro.mjs:2230:7) {
  cause: Error: ENOENT: no such file or directory, open '/Users/hf-mac/Downloads/tgpro-admin/.output/public/_nuxt/D974gv07.js'
      at open (node:internal/fs/promises:641:25)
      at Object.readFile (node:internal/fs/promises:1245:14)
      at Object.handler (file:///Users/hf-mac/Downloads/tgpro-admin/.output/server/chunks/nitro/nitro.mjs:1959:19)
      at Server.toNodeHandle (file:///Users/hf-mac/Downloads/tgpro-admin/.output/server/chunks/nitro/nitro.mjs:2230:7) {
    errno: -2,
    code: 'ENOENT',
    syscall: 'open',
    path: '/Users/hf-mac/Downloads/tgpro-admin/.output/public/_nuxt/D974gv07.js'
  },
  statusCode: 500,
  fatal: false,
  unhandled: true,
  statusMessage: undefined,
  data: undefined
}
2025-11-05T02:30:44: [request error] [unhandled] [GET] http://localhost:3000/_nuxt/D32lUId-.js
 H3Error: ENOENT: no such file or directory, open '/Users/hf-mac/Downloads/tgpro-admin/.output/public/_nuxt/D32lUId-.js'
    at open (node:internal/fs/promises:641:25)
    ... 2 lines matching cause stack trace ...
    at Server.toNodeHandle (file:///Users/hf-mac/Downloads/tgpro-admin/.output/server/chunks/nitro/nitro.mjs:2230:7) {
  cause: Error: ENOENT: no such file or directory, open '/Users/hf-mac/Downloads/tgpro-admin/.output/public/_nuxt/D32lUId-.js'
      at open (node:internal/fs/promises:641:25)
      at Object.readFile (node:internal/fs/promises:1245:14)
      at Object.handler (file:///Users/hf-mac/Downloads/tgpro-admin/.output/server/chunks/nitro/nitro.mjs:1959:19)
      at Server.toNodeHandle (file:///Users/hf-mac/Downloads/tgpro-admin/.output/server/chunks/nitro/nitro.mjs:2230:7) {
    errno: -2,
    code: 'ENOENT',
    syscall: 'open',
    path: '/Users/hf-mac/Downloads/tgpro-admin/.output/public/_nuxt/D32lUId-.js'
  },
  statusCode: 500,
  fatal: false,
  unhandled: true,
  statusMessage: undefined,
  data: undefined
}
2025-11-05T02:30:45: [request error] [unhandled] [GET] http://localhost:3000/_nuxt/CetYVyQG.js
 H3Error: ENOENT: no such file or directory, open '/Users/hf-mac/Downloads/tgpro-admin/.output/public/_nuxt/CetYVyQG.js'
    at open (node:internal/fs/promises:641:25)
    ... 2 lines matching cause stack trace ...
    at Server.toNodeHandle (file:///Users/hf-mac/Downloads/tgpro-admin/.output/server/chunks/nitro/nitro.mjs:2230:7) {
  cause: Error: ENOENT: no such file or directory, open '/Users/hf-mac/Downloads/tgpro-admin/.output/public/_nuxt/CetYVyQG.js'
      at open (node:internal/fs/promises:641:25)
      at Object.readFile (node:internal/fs/promises:1245:14)
      at Object.handler (file:///Users/hf-mac/Downloads/tgpro-admin/.output/server/chunks/nitro/nitro.mjs:1959:19)
      at Server.toNodeHandle (file:///Users/hf-mac/Downloads/tgpro-admin/.output/server/chunks/nitro/nitro.mjs:2230:7) {
    errno: -2,
    code: 'ENOENT',
    syscall: 'open',
    path: '/Users/hf-mac/Downloads/tgpro-admin/.output/public/_nuxt/CetYVyQG.js'
  },
  statusCode: 500,
  fatal: false,
  unhandled: true,
  statusMessage: undefined,
  data: undefined
}
2025-11-05T02:30:45: [request error] [unhandled] [GET] http://localhost:3000/_nuxt/Db7eFA1E.js
 H3Error: ENOENT: no such file or directory, open '/Users/hf-mac/Downloads/tgpro-admin/.output/public/_nuxt/Db7eFA1E.js'
    at open (node:internal/fs/promises:641:25)
    ... 2 lines matching cause stack trace ...
    at Server.toNodeHandle (file:///Users/hf-mac/Downloads/tgpro-admin/.output/server/chunks/nitro/nitro.mjs:2230:7) {
  cause: Error: ENOENT: no such file or directory, open '/Users/hf-mac/Downloads/tgpro-admin/.output/public/_nuxt/Db7eFA1E.js'
      at open (node:internal/fs/promises:641:25)
      at Object.readFile (node:internal/fs/promises:1245:14)
      at Object.handler (file:///Users/hf-mac/Downloads/tgpro-admin/.output/server/chunks/nitro/nitro.mjs:1959:19)
      at Server.toNodeHandle (file:///Users/hf-mac/Downloads/tgpro-admin/.output/server/chunks/nitro/nitro.mjs:2230:7) {
    errno: -2,
    code: 'ENOENT',
    syscall: 'open',
    path: '/Users/hf-mac/Downloads/tgpro-admin/.output/public/_nuxt/Db7eFA1E.js'
  },
  statusCode: 500,
  fatal: false,
  unhandled: true,
  statusMessage: undefined,
  data: undefined
}
2025-11-05T02:30:45: [request error] [unhandled] [GET] http://localhost:3000/_nuxt/DAr-OQmd.js
 H3Error: ENOENT: no such file or directory, open '/Users/hf-mac/Downloads/tgpro-admin/.output/public/_nuxt/DAr-OQmd.js'
    at open (node:internal/fs/promises:641:25)
    ... 2 lines matching cause stack trace ...
    at Server.toNodeHandle (file:///Users/hf-mac/Downloads/tgpro-admin/.output/server/chunks/nitro/nitro.mjs:2230:7) {
  cause: Error: ENOENT: no such file or directory, open '/Users/hf-mac/Downloads/tgpro-admin/.output/public/_nuxt/DAr-OQmd.js'
      at open (node:internal/fs/promises:641:25)
      at Object.readFile (node:internal/fs/promises:1245:14)
      at Object.handler (file:///Users/hf-mac/Downloads/tgpro-admin/.output/server/chunks/nitro/nitro.mjs:1959:19)
      at Server.toNodeHandle (file:///Users/hf-mac/Downloads/tgpro-admin/.output/server/chunks/nitro/nitro.mjs:2230:7) {
    errno: -2,
    code: 'ENOENT',
    syscall: 'open',
    path: '/Users/hf-mac/Downloads/tgpro-admin/.output/public/_nuxt/DAr-OQmd.js'
  },
  statusCode: 500,
  fatal: false,
  unhandled: true,
  statusMessage: undefined,
  data: undefined
}
2025-11-05T02:30:45: [request error] [unhandled] [GET] http://localhost:3000/_nuxt/Bdz-sLfb.js
 H3Error: ENOENT: no such file or directory, open '/Users/hf-mac/Downloads/tgpro-admin/.output/public/_nuxt/Bdz-sLfb.js'
    at open (node:internal/fs/promises:641:25)
    ... 2 lines matching cause stack trace ...
    at Server.toNodeHandle (file:///Users/hf-mac/Downloads/tgpro-admin/.output/server/chunks/nitro/nitro.mjs:2230:7) {
  cause: Error: ENOENT: no such file or directory, open '/Users/hf-mac/Downloads/tgpro-admin/.output/public/_nuxt/Bdz-sLfb.js'
      at open (node:internal/fs/promises:641:25)
      at Object.readFile (node:internal/fs/promises:1245:14)
      at Object.handler (file:///Users/hf-mac/Downloads/tgpro-admin/.output/server/chunks/nitro/nitro.mjs:1959:19)
      at Server.toNodeHandle (file:///Users/hf-mac/Downloads/tgpro-admin/.output/server/chunks/nitro/nitro.mjs:2230:7) {
    errno: -2,
    code: 'ENOENT',
    syscall: 'open',
    path: '/Users/hf-mac/Downloads/tgpro-admin/.output/public/_nuxt/Bdz-sLfb.js'
  },
  statusCode: 500,
  fatal: false,
  unhandled: true,
  statusMessage: undefined,
  data: undefined
}
2025-11-05T02:30:45: [request error] [unhandled] [GET] http://localhost:3000/_nuxt/BTgB1rvp.js
 H3Error: ENOENT: no such file or directory, open '/Users/hf-mac/Downloads/tgpro-admin/.output/public/_nuxt/BTgB1rvp.js'
    at open (node:internal/fs/promises:641:25)
    ... 2 lines matching cause stack trace ...
    at Server.toNodeHandle (file:///Users/hf-mac/Downloads/tgpro-admin/.output/server/chunks/nitro/nitro.mjs:2230:7) {
  cause: Error: ENOENT: no such file or directory, open '/Users/hf-mac/Downloads/tgpro-admin/.output/public/_nuxt/BTgB1rvp.js'
      at open (node:internal/fs/promises:641:25)
      at Object.readFile (node:internal/fs/promises:1245:14)
      at Object.handler (file:///Users/hf-mac/Downloads/tgpro-admin/.output/server/chunks/nitro/nitro.mjs:1959:19)
      at Server.toNodeHandle (file:///Users/hf-mac/Downloads/tgpro-admin/.output/server/chunks/nitro/nitro.mjs:2230:7) {
    errno: -2,
    code: 'ENOENT',
    syscall: 'open',
    path: '/Users/hf-mac/Downloads/tgpro-admin/.output/public/_nuxt/BTgB1rvp.js'
  },
  statusCode: 500,
  fatal: false,
  unhandled: true,
  statusMessage: undefined,
  data: undefined
}
2025-11-05T02:30:45: [request error] [unhandled] [GET] http://localhost:3000/_nuxt/CXT04lNs.js
 H3Error: ENOENT: no such file or directory, open '/Users/hf-mac/Downloads/tgpro-admin/.output/public/_nuxt/CXT04lNs.js'
    at open (node:internal/fs/promises:641:25)
    ... 2 lines matching cause stack trace ...
    at Server.toNodeHandle (file:///Users/hf-mac/Downloads/tgpro-admin/.output/server/chunks/nitro/nitro.mjs:2230:7) {
  cause: Error: ENOENT: no such file or directory, open '/Users/hf-mac/Downloads/tgpro-admin/.output/public/_nuxt/CXT04lNs.js'
      at open (node:internal/fs/promises:641:25)
      at Object.readFile (node:internal/fs/promises:1245:14)
      at Object.handler (file:///Users/hf-mac/Downloads/tgpro-admin/.output/server/chunks/nitro/nitro.mjs:1959:19)
      at Server.toNodeHandle (file:///Users/hf-mac/Downloads/tgpro-admin/.output/server/chunks/nitro/nitro.mjs:2230:7) {
    errno: -2,
    code: 'ENOENT',
    syscall: 'open',
    path: '/Users/hf-mac/Downloads/tgpro-admin/.output/public/_nuxt/CXT04lNs.js'
  },
  statusCode: 500,
  fatal: false,
  unhandled: true,
  statusMessage: undefined,
  data: undefined
}
2025-11-05T02:30:45: [request error] [unhandled] [GET] http://localhost:3000/_nuxt/DcHNM1Xn.js
 H3Error: ENOENT: no such file or directory, open '/Users/hf-mac/Downloads/tgpro-admin/.output/public/_nuxt/DcHNM1Xn.js'
    at open (node:internal/fs/promises:641:25)
    ... 2 lines matching cause stack trace ...
    at Server.toNodeHandle (file:///Users/hf-mac/Downloads/tgpro-admin/.output/server/chunks/nitro/nitro.mjs:2230:7) {
  cause: Error: ENOENT: no such file or directory, open '/Users/hf-mac/Downloads/tgpro-admin/.output/public/_nuxt/DcHNM1Xn.js'
      at open (node:internal/fs/promises:641:25)
      at Object.readFile (node:internal/fs/promises:1245:14)
      at Object.handler (file:///Users/hf-mac/Downloads/tgpro-admin/.output/server/chunks/nitro/nitro.mjs:1959:19)
      at Server.toNodeHandle (file:///Users/hf-mac/Downloads/tgpro-admin/.output/server/chunks/nitro/nitro.mjs:2230:7) {
    errno: -2,
    code: 'ENOENT',
    syscall: 'open',
    path: '/Users/hf-mac/Downloads/tgpro-admin/.output/public/_nuxt/DcHNM1Xn.js'
  },
  statusCode: 500,
  fatal: false,
  unhandled: true,
  statusMessage: undefined,
  data: undefined
}
2025-11-05T02:30:45: [request error] [unhandled] [GET] http://localhost:3000/_nuxt/C4xQaJXR.js
 H3Error: ENOENT: no such file or directory, open '/Users/hf-mac/Downloads/tgpro-admin/.output/public/_nuxt/C4xQaJXR.js'
    at open (node:internal/fs/promises:641:25)
    ... 2 lines matching cause stack trace ...
    at Server.toNodeHandle (file:///Users/hf-mac/Downloads/tgpro-admin/.output/server/chunks/nitro/nitro.mjs:2230:7) {
  cause: Error: ENOENT: no such file or directory, open '/Users/hf-mac/Downloads/tgpro-admin/.output/public/_nuxt/C4xQaJXR.js'
      at open (node:internal/fs/promises:641:25)
      at Object.readFile (node:internal/fs/promises:1245:14)
      at Object.handler (file:///Users/hf-mac/Downloads/tgpro-admin/.output/server/chunks/nitro/nitro.mjs:1959:19)
      at Server.toNodeHandle (file:///Users/hf-mac/Downloads/tgpro-admin/.output/server/chunks/nitro/nitro.mjs:2230:7) {
    errno: -2,
    code: 'ENOENT',
    syscall: 'open',
    path: '/Users/hf-mac/Downloads/tgpro-admin/.output/public/_nuxt/C4xQaJXR.js'
  },
  statusCode: 500,
  fatal: false,
  unhandled: true,
  statusMessage: undefined,
  data: undefined
}
2025-11-05T02:30:45: [request error] [unhandled] [GET] http://localhost:3000/_nuxt/builds/meta/db489c3b-20ab-405c-96a2-98b632ec7da6.json
 H3Error: ENOENT: no such file or directory, open '/Users/hf-mac/Downloads/tgpro-admin/.output/public/_nuxt/builds/meta/db489c3b-20ab-405c-96a2-98b632ec7da6.json'
    at open (node:internal/fs/promises:641:25)
    ... 2 lines matching cause stack trace ...
    at Server.toNodeHandle (file:///Users/hf-mac/Downloads/tgpro-admin/.output/server/chunks/nitro/nitro.mjs:2230:7) {
  cause: Error: ENOENT: no such file or directory, open '/Users/hf-mac/Downloads/tgpro-admin/.output/public/_nuxt/builds/meta/db489c3b-20ab-405c-96a2-98b632ec7da6.json'
      at open (node:internal/fs/promises:641:25)
      at Object.readFile (node:internal/fs/promises:1245:14)
      at Object.handler (file:///Users/hf-mac/Downloads/tgpro-admin/.output/server/chunks/nitro/nitro.mjs:1959:19)
      at Server.toNodeHandle (file:///Users/hf-mac/Downloads/tgpro-admin/.output/server/chunks/nitro/nitro.mjs:2230:7) {
    errno: -2,
    code: 'ENOENT',
    syscall: 'open',
    path: '/Users/hf-mac/Downloads/tgpro-admin/.output/public/_nuxt/builds/meta/db489c3b-20ab-405c-96a2-98b632ec7da6.json'
  },
  statusCode: 500,
  fatal: false,
  unhandled: true,
  statusMessage: undefined,
  data: undefined
}
2025-11-05T02:30:45: [request error] [unhandled] [GET] http://localhost:3000/_nuxt/DbAgXtul.js
 H3Error: ENOENT: no such file or directory, open '/Users/hf-mac/Downloads/tgpro-admin/.output/public/_nuxt/DbAgXtul.js'
    at open (node:internal/fs/promises:641:25)
    ... 2 lines matching cause stack trace ...
    at Server.toNodeHandle (file:///Users/hf-mac/Downloads/tgpro-admin/.output/server/chunks/nitro/nitro.mjs:2230:7) {
  cause: Error: ENOENT: no such file or directory, open '/Users/hf-mac/Downloads/tgpro-admin/.output/public/_nuxt/DbAgXtul.js'
      at open (node:internal/fs/promises:641:25)
      at Object.readFile (node:internal/fs/promises:1245:14)
      at Object.handler (file:///Users/hf-mac/Downloads/tgpro-admin/.output/server/chunks/nitro/nitro.mjs:1959:19)
      at Server.toNodeHandle (file:///Users/hf-mac/Downloads/tgpro-admin/.output/server/chunks/nitro/nitro.mjs:2230:7) {
    errno: -2,
    code: 'ENOENT',
    syscall: 'open',
    path: '/Users/hf-mac/Downloads/tgpro-admin/.output/public/_nuxt/DbAgXtul.js'
  },
  statusCode: 500,
  fatal: false,
  unhandled: true,
  statusMessage: undefined,
  data: undefined
}
2025-11-05T02:30:45: [request error] [unhandled] [GET] http://localhost:3000/_nuxt/DpNIWReE.js
 H3Error: ENOENT: no such file or directory, open '/Users/hf-mac/Downloads/tgpro-admin/.output/public/_nuxt/DpNIWReE.js'
    at open (node:internal/fs/promises:641:25)
    ... 2 lines matching cause stack trace ...
    at Server.toNodeHandle (file:///Users/hf-mac/Downloads/tgpro-admin/.output/server/chunks/nitro/nitro.mjs:2230:7) {
  cause: Error: ENOENT: no such file or directory, open '/Users/hf-mac/Downloads/tgpro-admin/.output/public/_nuxt/DpNIWReE.js'
      at open (node:internal/fs/promises:641:25)
      at Object.readFile (node:internal/fs/promises:1245:14)
      at Object.handler (file:///Users/hf-mac/Downloads/tgpro-admin/.output/server/chunks/nitro/nitro.mjs:1959:19)
      at Server.toNodeHandle (file:///Users/hf-mac/Downloads/tgpro-admin/.output/server/chunks/nitro/nitro.mjs:2230:7) {
    errno: -2,
    code: 'ENOENT',
    syscall: 'open',
    path: '/Users/hf-mac/Downloads/tgpro-admin/.output/public/_nuxt/DpNIWReE.js'
  },
  statusCode: 500,
  fatal: false,
  unhandled: true,
  statusMessage: undefined,
  data: undefined
}
2025-11-05T02:30:45: [request error] [unhandled] [GET] http://localhost:3000/_nuxt/D_B5nL8y.js
 H3Error: ENOENT: no such file or directory, open '/Users/hf-mac/Downloads/tgpro-admin/.output/public/_nuxt/D_B5nL8y.js'
    at open (node:internal/fs/promises:641:25)
    ... 2 lines matching cause stack trace ...
    at Server.toNodeHandle (file:///Users/hf-mac/Downloads/tgpro-admin/.output/server/chunks/nitro/nitro.mjs:2230:7) {
  cause: Error: ENOENT: no such file or directory, open '/Users/hf-mac/Downloads/tgpro-admin/.output/public/_nuxt/D_B5nL8y.js'
      at open (node:internal/fs/promises:641:25)
      at Object.readFile (node:internal/fs/promises:1245:14)
      at Object.handler (file:///Users/hf-mac/Downloads/tgpro-admin/.output/server/chunks/nitro/nitro.mjs:1959:19)
      at Server.toNodeHandle (file:///Users/hf-mac/Downloads/tgpro-admin/.output/server/chunks/nitro/nitro.mjs:2230:7) {
    errno: -2,
    code: 'ENOENT',
    syscall: 'open',
    path: '/Users/hf-mac/Downloads/tgpro-admin/.output/public/_nuxt/D_B5nL8y.js'
  },
  statusCode: 500,
  fatal: false,
  unhandled: true,
  statusMessage: undefined,
  data: undefined
}
2025-11-05T02:30:45: [request error] [unhandled] [GET] http://localhost:3000/_nuxt/D974gv07.js
 H3Error: ENOENT: no such file or directory, open '/Users/hf-mac/Downloads/tgpro-admin/.output/public/_nuxt/D974gv07.js'
    at open (node:internal/fs/promises:641:25)
    ... 2 lines matching cause stack trace ...
    at Server.toNodeHandle (file:///Users/hf-mac/Downloads/tgpro-admin/.output/server/chunks/nitro/nitro.mjs:2230:7) {
  cause: Error: ENOENT: no such file or directory, open '/Users/hf-mac/Downloads/tgpro-admin/.output/public/_nuxt/D974gv07.js'
      at open (node:internal/fs/promises:641:25)
      at Object.readFile (node:internal/fs/promises:1245:14)
      at Object.handler (file:///Users/hf-mac/Downloads/tgpro-admin/.output/server/chunks/nitro/nitro.mjs:1959:19)
      at Server.toNodeHandle (file:///Users/hf-mac/Downloads/tgpro-admin/.output/server/chunks/nitro/nitro.mjs:2230:7) {
    errno: -2,
    code: 'ENOENT',
    syscall: 'open',
    path: '/Users/hf-mac/Downloads/tgpro-admin/.output/public/_nuxt/D974gv07.js'
  },
  statusCode: 500,
  fatal: false,
  unhandled: true,
  statusMessage: undefined,
  data: undefined
}
2025-11-05T02:30:45: [request error] [unhandled] [GET] http://localhost:3000/_nuxt/D32lUId-.js
 H3Error: ENOENT: no such file or directory, open '/Users/hf-mac/Downloads/tgpro-admin/.output/public/_nuxt/D32lUId-.js'
    at open (node:internal/fs/promises:641:25)
    ... 2 lines matching cause stack trace ...
    at Server.toNodeHandle (file:///Users/hf-mac/Downloads/tgpro-admin/.output/server/chunks/nitro/nitro.mjs:2230:7) {
  cause: Error: ENOENT: no such file or directory, open '/Users/hf-mac/Downloads/tgpro-admin/.output/public/_nuxt/D32lUId-.js'
      at open (node:internal/fs/promises:641:25)
      at Object.readFile (node:internal/fs/promises:1245:14)
      at Object.handler (file:///Users/hf-mac/Downloads/tgpro-admin/.output/server/chunks/nitro/nitro.mjs:1959:19)
      at Server.toNodeHandle (file:///Users/hf-mac/Downloads/tgpro-admin/.output/server/chunks/nitro/nitro.mjs:2230:7) {
    errno: -2,
    code: 'ENOENT',
    syscall: 'open',
    path: '/Users/hf-mac/Downloads/tgpro-admin/.output/public/_nuxt/D32lUId-.js'
  },
  statusCode: 500,
  fatal: false,
  unhandled: true,
  statusMessage: undefined,
  data: undefined
}
2025-11-05T02:30:45: [request error] [unhandled] [GET] http://localhost:3000/_nuxt/Bl84yrz9.js
 H3Error: ENOENT: no such file or directory, open '/Users/hf-mac/Downloads/tgpro-admin/.output/public/_nuxt/Bl84yrz9.js'
    at open (node:internal/fs/promises:641:25)
    ... 2 lines matching cause stack trace ...
    at Server.toNodeHandle (file:///Users/hf-mac/Downloads/tgpro-admin/.output/server/chunks/nitro/nitro.mjs:2230:7) {
  cause: Error: ENOENT: no such file or directory, open '/Users/hf-mac/Downloads/tgpro-admin/.output/public/_nuxt/Bl84yrz9.js'
      at open (node:internal/fs/promises:641:25)
      at Object.readFile (node:internal/fs/promises:1245:14)
      at Object.handler (file:///Users/hf-mac/Downloads/tgpro-admin/.output/server/chunks/nitro/nitro.mjs:1959:19)
      at Server.toNodeHandle (file:///Users/hf-mac/Downloads/tgpro-admin/.output/server/chunks/nitro/nitro.mjs:2230:7) {
    errno: -2,
    code: 'ENOENT',
    syscall: 'open',
    path: '/Users/hf-mac/Downloads/tgpro-admin/.output/public/_nuxt/Bl84yrz9.js'
  },
  statusCode: 500,
  fatal: false,
  unhandled: true,
  statusMessage: undefined,
  data: undefined
}
2025-11-05T02:30:45: [request error] [unhandled] [GET] http://localhost:3000/_nuxt/CetYVyQG.js
 H3Error: ENOENT: no such file or directory, open '/Users/hf-mac/Downloads/tgpro-admin/.output/public/_nuxt/CetYVyQG.js'
    at open (node:internal/fs/promises:641:25)
    ... 2 lines matching cause stack trace ...
    at Server.toNodeHandle (file:///Users/hf-mac/Downloads/tgpro-admin/.output/server/chunks/nitro/nitro.mjs:2230:7) {
  cause: Error: ENOENT: no such file or directory, open '/Users/hf-mac/Downloads/tgpro-admin/.output/public/_nuxt/CetYVyQG.js'
      at open (node:internal/fs/promises:641:25)
      at Object.readFile (node:internal/fs/promises:1245:14)
      at Object.handler (file:///Users/hf-mac/Downloads/tgpro-admin/.output/server/chunks/nitro/nitro.mjs:1959:19)
      at Server.toNodeHandle (file:///Users/hf-mac/Downloads/tgpro-admin/.output/server/chunks/nitro/nitro.mjs:2230:7) {
    errno: -2,
    code: 'ENOENT',
    syscall: 'open',
    path: '/Users/hf-mac/Downloads/tgpro-admin/.output/public/_nuxt/CetYVyQG.js'
  },
  statusCode: 500,
  fatal: false,
  unhandled: true,
  statusMessage: undefined,
  data: undefined
}
2025-11-05T02:30:45: [request error] [unhandled] [GET] http://localhost:3000/_nuxt/Db7eFA1E.js
 H3Error: ENOENT: no such file or directory, open '/Users/hf-mac/Downloads/tgpro-admin/.output/public/_nuxt/Db7eFA1E.js'
    at open (node:internal/fs/promises:641:25)
    ... 2 lines matching cause stack trace ...
    at Server.toNodeHandle (file:///Users/hf-mac/Downloads/tgpro-admin/.output/server/chunks/nitro/nitro.mjs:2230:7) {
  cause: Error: ENOENT: no such file or directory, open '/Users/hf-mac/Downloads/tgpro-admin/.output/public/_nuxt/Db7eFA1E.js'
      at open (node:internal/fs/promises:641:25)
      at Object.readFile (node:internal/fs/promises:1245:14)
      at Object.handler (file:///Users/hf-mac/Downloads/tgpro-admin/.output/server/chunks/nitro/nitro.mjs:1959:19)
      at Server.toNodeHandle (file:///Users/hf-mac/Downloads/tgpro-admin/.output/server/chunks/nitro/nitro.mjs:2230:7) {
    errno: -2,
    code: 'ENOENT',
    syscall: 'open',
    path: '/Users/hf-mac/Downloads/tgpro-admin/.output/public/_nuxt/Db7eFA1E.js'
  },
  statusCode: 500,
  fatal: false,
  unhandled: true,
  statusMessage: undefined,
  data: undefined
}
2025-11-05T02:30:45: [request error] [unhandled] [GET] http://localhost:3000/_nuxt/DAr-OQmd.js
 H3Error: ENOENT: no such file or directory, open '/Users/hf-mac/Downloads/tgpro-admin/.output/public/_nuxt/DAr-OQmd.js'
    at open (node:internal/fs/promises:641:25)
    ... 2 lines matching cause stack trace ...
    at Server.toNodeHandle (file:///Users/hf-mac/Downloads/tgpro-admin/.output/server/chunks/nitro/nitro.mjs:2230:7) {
  cause: Error: ENOENT: no such file or directory, open '/Users/hf-mac/Downloads/tgpro-admin/.output/public/_nuxt/DAr-OQmd.js'
      at open (node:internal/fs/promises:641:25)
      at Object.readFile (node:internal/fs/promises:1245:14)
      at Object.handler (file:///Users/hf-mac/Downloads/tgpro-admin/.output/server/chunks/nitro/nitro.mjs:1959:19)
      at Server.toNodeHandle (file:///Users/hf-mac/Downloads/tgpro-admin/.output/server/chunks/nitro/nitro.mjs:2230:7) {
    errno: -2,
    code: 'ENOENT',
    syscall: 'open',
    path: '/Users/hf-mac/Downloads/tgpro-admin/.output/public/_nuxt/DAr-OQmd.js'
  },
  statusCode: 500,
  fatal: false,
  unhandled: true,
  statusMessage: undefined,
  data: undefined
}
2025-11-05T02:30:45: [request error] [unhandled] [GET] http://localhost:3000/_nuxt/Bdz-sLfb.js
 H3Error: ENOENT: no such file or directory, open '/Users/hf-mac/Downloads/tgpro-admin/.output/public/_nuxt/Bdz-sLfb.js'
    at open (node:internal/fs/promises:641:25)
    ... 2 lines matching cause stack trace ...
    at Server.toNodeHandle (file:///Users/hf-mac/Downloads/tgpro-admin/.output/server/chunks/nitro/nitro.mjs:2230:7) {
  cause: Error: ENOENT: no such file or directory, open '/Users/hf-mac/Downloads/tgpro-admin/.output/public/_nuxt/Bdz-sLfb.js'
      at open (node:internal/fs/promises:641:25)
      at Object.readFile (node:internal/fs/promises:1245:14)
      at Object.handler (file:///Users/hf-mac/Downloads/tgpro-admin/.output/server/chunks/nitro/nitro.mjs:1959:19)
      at Server.toNodeHandle (file:///Users/hf-mac/Downloads/tgpro-admin/.output/server/chunks/nitro/nitro.mjs:2230:7) {
    errno: -2,
    code: 'ENOENT',
    syscall: 'open',
    path: '/Users/hf-mac/Downloads/tgpro-admin/.output/public/_nuxt/Bdz-sLfb.js'
  },
  statusCode: 500,
  fatal: false,
  unhandled: true,
  statusMessage: undefined,
  data: undefined
}
2025-11-05T02:30:45: [request error] [unhandled] [GET] http://localhost:3000/_nuxt/BTgB1rvp.js
 H3Error: ENOENT: no such file or directory, open '/Users/hf-mac/Downloads/tgpro-admin/.output/public/_nuxt/BTgB1rvp.js'
    at open (node:internal/fs/promises:641:25)
    ... 2 lines matching cause stack trace ...
    at Server.toNodeHandle (file:///Users/hf-mac/Downloads/tgpro-admin/.output/server/chunks/nitro/nitro.mjs:2230:7) {
  cause: Error: ENOENT: no such file or directory, open '/Users/hf-mac/Downloads/tgpro-admin/.output/public/_nuxt/BTgB1rvp.js'
      at open (node:internal/fs/promises:641:25)
      at Object.readFile (node:internal/fs/promises:1245:14)
      at Object.handler (file:///Users/hf-mac/Downloads/tgpro-admin/.output/server/chunks/nitro/nitro.mjs:1959:19)
      at Server.toNodeHandle (file:///Users/hf-mac/Downloads/tgpro-admin/.output/server/chunks/nitro/nitro.mjs:2230:7) {
    errno: -2,
    code: 'ENOENT',
    syscall: 'open',
    path: '/Users/hf-mac/Downloads/tgpro-admin/.output/public/_nuxt/BTgB1rvp.js'
  },
  statusCode: 500,
  fatal: false,
  unhandled: true,
  statusMessage: undefined,
  data: undefined
}
2025-11-05T02:30:45: [request error] [unhandled] [GET] http://localhost:3000/_nuxt/CXT04lNs.js
 H3Error: ENOENT: no such file or directory, open '/Users/hf-mac/Downloads/tgpro-admin/.output/public/_nuxt/CXT04lNs.js'
    at open (node:internal/fs/promises:641:25)
    ... 2 lines matching cause stack trace ...
    at Server.toNodeHandle (file:///Users/hf-mac/Downloads/tgpro-admin/.output/server/chunks/nitro/nitro.mjs:2230:7) {
  cause: Error: ENOENT: no such file or directory, open '/Users/hf-mac/Downloads/tgpro-admin/.output/public/_nuxt/CXT04lNs.js'
      at open (node:internal/fs/promises:641:25)
      at Object.readFile (node:internal/fs/promises:1245:14)
      at Object.handler (file:///Users/hf-mac/Downloads/tgpro-admin/.output/server/chunks/nitro/nitro.mjs:1959:19)
      at Server.toNodeHandle (file:///Users/hf-mac/Downloads/tgpro-admin/.output/server/chunks/nitro/nitro.mjs:2230:7) {
    errno: -2,
    code: 'ENOENT',
    syscall: 'open',
    path: '/Users/hf-mac/Downloads/tgpro-admin/.output/public/_nuxt/CXT04lNs.js'
  },
  statusCode: 500,
  fatal: false,
  unhandled: true,
  statusMessage: undefined,
  data: undefined
}
2025-11-05T02:30:45: [request error] [unhandled] [GET] http://localhost:3000/_nuxt/DcHNM1Xn.js
 H3Error: ENOENT: no such file or directory, open '/Users/hf-mac/Downloads/tgpro-admin/.output/public/_nuxt/DcHNM1Xn.js'
    at open (node:internal/fs/promises:641:25)
    ... 2 lines matching cause stack trace ...
    at Server.toNodeHandle (file:///Users/hf-mac/Downloads/tgpro-admin/.output/server/chunks/nitro/nitro.mjs:2230:7) {
  cause: Error: ENOENT: no such file or directory, open '/Users/hf-mac/Downloads/tgpro-admin/.output/public/_nuxt/DcHNM1Xn.js'
      at open (node:internal/fs/promises:641:25)
      at Object.readFile (node:internal/fs/promises:1245:14)
      at Object.handler (file:///Users/hf-mac/Downloads/tgpro-admin/.output/server/chunks/nitro/nitro.mjs:1959:19)
      at Server.toNodeHandle (file:///Users/hf-mac/Downloads/tgpro-admin/.output/server/chunks/nitro/nitro.mjs:2230:7) {
    errno: -2,
    code: 'ENOENT',
    syscall: 'open',
    path: '/Users/hf-mac/Downloads/tgpro-admin/.output/public/_nuxt/DcHNM1Xn.js'
  },
  statusCode: 500,
  fatal: false,
  unhandled: true,
  statusMessage: undefined,
  data: undefined
}
2025-11-05T02:30:45: [request error] [unhandled] [GET] http://localhost:3000/_nuxt/C4xQaJXR.js
 H3Error: ENOENT: no such file or directory, open '/Users/hf-mac/Downloads/tgpro-admin/.output/public/_nuxt/C4xQaJXR.js'
    at open (node:internal/fs/promises:641:25)
    ... 2 lines matching cause stack trace ...
    at Server.toNodeHandle (file:///Users/hf-mac/Downloads/tgpro-admin/.output/server/chunks/nitro/nitro.mjs:2230:7) {
  cause: Error: ENOENT: no such file or directory, open '/Users/hf-mac/Downloads/tgpro-admin/.output/public/_nuxt/C4xQaJXR.js'
      at open (node:internal/fs/promises:641:25)
      at Object.readFile (node:internal/fs/promises:1245:14)
      at Object.handler (file:///Users/hf-mac/Downloads/tgpro-admin/.output/server/chunks/nitro/nitro.mjs:1959:19)
      at Server.toNodeHandle (file:///Users/hf-mac/Downloads/tgpro-admin/.output/server/chunks/nitro/nitro.mjs:2230:7) {
    errno: -2,
    code: 'ENOENT',
    syscall: 'open',
    path: '/Users/hf-mac/Downloads/tgpro-admin/.output/public/_nuxt/C4xQaJXR.js'
  },
  statusCode: 500,
  fatal: false,
  unhandled: true,
  statusMessage: undefined,
  data: undefined
}
2025-11-05T02:30:45: [request error] [unhandled] [GET] http://localhost:3000/_nuxt/builds/meta/db489c3b-20ab-405c-96a2-98b632ec7da6.json
 H3Error: ENOENT: no such file or directory, open '/Users/hf-mac/Downloads/tgpro-admin/.output/public/_nuxt/builds/meta/db489c3b-20ab-405c-96a2-98b632ec7da6.json'
    at open (node:internal/fs/promises:641:25)
    ... 2 lines matching cause stack trace ...
    at Server.toNodeHandle (file:///Users/hf-mac/Downloads/tgpro-admin/.output/server/chunks/nitro/nitro.mjs:2230:7) {
  cause: Error: ENOENT: no such file or directory, open '/Users/hf-mac/Downloads/tgpro-admin/.output/public/_nuxt/builds/meta/db489c3b-20ab-405c-96a2-98b632ec7da6.json'
      at open (node:internal/fs/promises:641:25)
      at Object.readFile (node:internal/fs/promises:1245:14)
      at Object.handler (file:///Users/hf-mac/Downloads/tgpro-admin/.output/server/chunks/nitro/nitro.mjs:1959:19)
      at Server.toNodeHandle (file:///Users/hf-mac/Downloads/tgpro-admin/.output/server/chunks/nitro/nitro.mjs:2230:7) {
    errno: -2,
    code: 'ENOENT',
    syscall: 'open',
    path: '/Users/hf-mac/Downloads/tgpro-admin/.output/public/_nuxt/builds/meta/db489c3b-20ab-405c-96a2-98b632ec7da6.json'
  },
  statusCode: 500,
  fatal: false,
  unhandled: true,
  statusMessage: undefined,
  data: undefined
}
2025-11-05T02:30:46: [request error] [unhandled] [GET] http://localhost:3000/_nuxt/DbAgXtul.js
 H3Error: ENOENT: no such file or directory, open '/Users/hf-mac/Downloads/tgpro-admin/.output/public/_nuxt/DbAgXtul.js'
    at open (node:internal/fs/promises:641:25)
    ... 2 lines matching cause stack trace ...
    at Server.toNodeHandle (file:///Users/hf-mac/Downloads/tgpro-admin/.output/server/chunks/nitro/nitro.mjs:2230:7) {
  cause: Error: ENOENT: no such file or directory, open '/Users/hf-mac/Downloads/tgpro-admin/.output/public/_nuxt/DbAgXtul.js'
      at open (node:internal/fs/promises:641:25)
      at Object.readFile (node:internal/fs/promises:1245:14)
      at Object.handler (file:///Users/hf-mac/Downloads/tgpro-admin/.output/server/chunks/nitro/nitro.mjs:1959:19)
      at Server.toNodeHandle (file:///Users/hf-mac/Downloads/tgpro-admin/.output/server/chunks/nitro/nitro.mjs:2230:7) {
    errno: -2,
    code: 'ENOENT',
    syscall: 'open',
    path: '/Users/hf-mac/Downloads/tgpro-admin/.output/public/_nuxt/DbAgXtul.js'
  },
  statusCode: 500,
  fatal: false,
  unhandled: true,
  statusMessage: undefined,
  data: undefined
}
2025-11-05T02:30:46: [request error] [unhandled] [GET] http://localhost:3000/_nuxt/DpNIWReE.js
 H3Error: ENOENT: no such file or directory, open '/Users/hf-mac/Downloads/tgpro-admin/.output/public/_nuxt/DpNIWReE.js'
    at open (node:internal/fs/promises:641:25)
    ... 2 lines matching cause stack trace ...
    at Server.toNodeHandle (file:///Users/hf-mac/Downloads/tgpro-admin/.output/server/chunks/nitro/nitro.mjs:2230:7) {
  cause: Error: ENOENT: no such file or directory, open '/Users/hf-mac/Downloads/tgpro-admin/.output/public/_nuxt/DpNIWReE.js'
      at open (node:internal/fs/promises:641:25)
      at Object.readFile (node:internal/fs/promises:1245:14)
      at Object.handler (file:///Users/hf-mac/Downloads/tgpro-admin/.output/server/chunks/nitro/nitro.mjs:1959:19)
      at Server.toNodeHandle (file:///Users/hf-mac/Downloads/tgpro-admin/.output/server/chunks/nitro/nitro.mjs:2230:7) {
    errno: -2,
    code: 'ENOENT',
    syscall: 'open',
    path: '/Users/hf-mac/Downloads/tgpro-admin/.output/public/_nuxt/DpNIWReE.js'
  },
  statusCode: 500,
  fatal: false,
  unhandled: true,
  statusMessage: undefined,
  data: undefined
}
2025-11-05T02:30:46: [request error] [unhandled] [GET] http://localhost:3000/_nuxt/D_B5nL8y.js
 H3Error: ENOENT: no such file or directory, open '/Users/hf-mac/Downloads/tgpro-admin/.output/public/_nuxt/D_B5nL8y.js'
    at open (node:internal/fs/promises:641:25)
    ... 2 lines matching cause stack trace ...
    at Server.toNodeHandle (file:///Users/hf-mac/Downloads/tgpro-admin/.output/server/chunks/nitro/nitro.mjs:2230:7) {
  cause: Error: ENOENT: no such file or directory, open '/Users/hf-mac/Downloads/tgpro-admin/.output/public/_nuxt/D_B5nL8y.js'
      at open (node:internal/fs/promises:641:25)
      at Object.readFile (node:internal/fs/promises:1245:14)
      at Object.handler (file:///Users/hf-mac/Downloads/tgpro-admin/.output/server/chunks/nitro/nitro.mjs:1959:19)
      at Server.toNodeHandle (file:///Users/hf-mac/Downloads/tgpro-admin/.output/server/chunks/nitro/nitro.mjs:2230:7) {
    errno: -2,
    code: 'ENOENT',
    syscall: 'open',
    path: '/Users/hf-mac/Downloads/tgpro-admin/.output/public/_nuxt/D_B5nL8y.js'
  },
  statusCode: 500,
  fatal: false,
  unhandled: true,
  statusMessage: undefined,
  data: undefined
}
2025-11-05T02:30:46: [request error] [unhandled] [GET] http://localhost:3000/_nuxt/Bl84yrz9.js
 H3Error: ENOENT: no such file or directory, open '/Users/hf-mac/Downloads/tgpro-admin/.output/public/_nuxt/Bl84yrz9.js'
    at open (node:internal/fs/promises:641:25)
    ... 2 lines matching cause stack trace ...
    at Server.toNodeHandle (file:///Users/hf-mac/Downloads/tgpro-admin/.output/server/chunks/nitro/nitro.mjs:2230:7) {
  cause: Error: ENOENT: no such file or directory, open '/Users/hf-mac/Downloads/tgpro-admin/.output/public/_nuxt/Bl84yrz9.js'
      at open (node:internal/fs/promises:641:25)
      at Object.readFile (node:internal/fs/promises:1245:14)
      at Object.handler (file:///Users/hf-mac/Downloads/tgpro-admin/.output/server/chunks/nitro/nitro.mjs:1959:19)
      at Server.toNodeHandle (file:///Users/hf-mac/Downloads/tgpro-admin/.output/server/chunks/nitro/nitro.mjs:2230:7) {
    errno: -2,
    code: 'ENOENT',
    syscall: 'open',
    path: '/Users/hf-mac/Downloads/tgpro-admin/.output/public/_nuxt/Bl84yrz9.js'
  },
  statusCode: 500,
  fatal: false,
  unhandled: true,
  statusMessage: undefined,
  data: undefined
}
2025-11-05T02:30:46: [request error] [unhandled] [GET] http://localhost:3000/_nuxt/D974gv07.js
 H3Error: ENOENT: no such file or directory, open '/Users/hf-mac/Downloads/tgpro-admin/.output/public/_nuxt/D974gv07.js'
    at open (node:internal/fs/promises:641:25)
    ... 2 lines matching cause stack trace ...
    at Server.toNodeHandle (file:///Users/hf-mac/Downloads/tgpro-admin/.output/server/chunks/nitro/nitro.mjs:2230:7) {
  cause: Error: ENOENT: no such file or directory, open '/Users/hf-mac/Downloads/tgpro-admin/.output/public/_nuxt/D974gv07.js'
      at open (node:internal/fs/promises:641:25)
      at Object.readFile (node:internal/fs/promises:1245:14)
      at Object.handler (file:///Users/hf-mac/Downloads/tgpro-admin/.output/server/chunks/nitro/nitro.mjs:1959:19)
      at Server.toNodeHandle (file:///Users/hf-mac/Downloads/tgpro-admin/.output/server/chunks/nitro/nitro.mjs:2230:7) {
    errno: -2,
    code: 'ENOENT',
    syscall: 'open',
    path: '/Users/hf-mac/Downloads/tgpro-admin/.output/public/_nuxt/D974gv07.js'
  },
  statusCode: 500,
  fatal: false,
  unhandled: true,
  statusMessage: undefined,
  data: undefined
}
2025-11-05T02:30:46: [request error] [unhandled] [GET] http://localhost:3000/_nuxt/D32lUId-.js
 H3Error: ENOENT: no such file or directory, open '/Users/hf-mac/Downloads/tgpro-admin/.output/public/_nuxt/D32lUId-.js'
    at open (node:internal/fs/promises:641:25)
    ... 2 lines matching cause stack trace ...
    at Server.toNodeHandle (file:///Users/hf-mac/Downloads/tgpro-admin/.output/server/chunks/nitro/nitro.mjs:2230:7) {
  cause: Error: ENOENT: no such file or directory, open '/Users/hf-mac/Downloads/tgpro-admin/.output/public/_nuxt/D32lUId-.js'
      at open (node:internal/fs/promises:641:25)
      at Object.readFile (node:internal/fs/promises:1245:14)
      at Object.handler (file:///Users/hf-mac/Downloads/tgpro-admin/.output/server/chunks/nitro/nitro.mjs:1959:19)
      at Server.toNodeHandle (file:///Users/hf-mac/Downloads/tgpro-admin/.output/server/chunks/nitro/nitro.mjs:2230:7) {
    errno: -2,
    code: 'ENOENT',
    syscall: 'open',
    path: '/Users/hf-mac/Downloads/tgpro-admin/.output/public/_nuxt/D32lUId-.js'
  },
  statusCode: 500,
  fatal: false,
  unhandled: true,
  statusMessage: undefined,
  data: undefined
}
2025-11-05T02:30:46: [request error] [unhandled] [GET] http://localhost:3000/_nuxt/CetYVyQG.js
 H3Error: ENOENT: no such file or directory, open '/Users/hf-mac/Downloads/tgpro-admin/.output/public/_nuxt/CetYVyQG.js'
    at open (node:internal/fs/promises:641:25)
    ... 2 lines matching cause stack trace ...
    at Server.toNodeHandle (file:///Users/hf-mac/Downloads/tgpro-admin/.output/server/chunks/nitro/nitro.mjs:2230:7) {
  cause: Error: ENOENT: no such file or directory, open '/Users/hf-mac/Downloads/tgpro-admin/.output/public/_nuxt/CetYVyQG.js'
      at open (node:internal/fs/promises:641:25)
      at Object.readFile (node:internal/fs/promises:1245:14)
      at Object.handler (file:///Users/hf-mac/Downloads/tgpro-admin/.output/server/chunks/nitro/nitro.mjs:1959:19)
      at Server.toNodeHandle (file:///Users/hf-mac/Downloads/tgpro-admin/.output/server/chunks/nitro/nitro.mjs:2230:7) {
    errno: -2,
    code: 'ENOENT',
    syscall: 'open',
    path: '/Users/hf-mac/Downloads/tgpro-admin/.output/public/_nuxt/CetYVyQG.js'
  },
  statusCode: 500,
  fatal: false,
  unhandled: true,
  statusMessage: undefined,
  data: undefined
}
2025-11-05T02:30:46: [request error] [unhandled] [GET] http://localhost:3000/_nuxt/Db7eFA1E.js
 H3Error: ENOENT: no such file or directory, open '/Users/hf-mac/Downloads/tgpro-admin/.output/public/_nuxt/Db7eFA1E.js'
    at open (node:internal/fs/promises:641:25)
    ... 2 lines matching cause stack trace ...
    at Server.toNodeHandle (file:///Users/hf-mac/Downloads/tgpro-admin/.output/server/chunks/nitro/nitro.mjs:2230:7) {
  cause: Error: ENOENT: no such file or directory, open '/Users/hf-mac/Downloads/tgpro-admin/.output/public/_nuxt/Db7eFA1E.js'
      at open (node:internal/fs/promises:641:25)
      at Object.readFile (node:internal/fs/promises:1245:14)
      at Object.handler (file:///Users/hf-mac/Downloads/tgpro-admin/.output/server/chunks/nitro/nitro.mjs:1959:19)
      at Server.toNodeHandle (file:///Users/hf-mac/Downloads/tgpro-admin/.output/server/chunks/nitro/nitro.mjs:2230:7) {
    errno: -2,
    code: 'ENOENT',
    syscall: 'open',
    path: '/Users/hf-mac/Downloads/tgpro-admin/.output/public/_nuxt/Db7eFA1E.js'
  },
  statusCode: 500,
  fatal: false,
  unhandled: true,
  statusMessage: undefined,
  data: undefined
}
2025-11-05T02:30:46: [request error] [unhandled] [GET] http://localhost:3000/_nuxt/DAr-OQmd.js
 H3Error: ENOENT: no such file or directory, open '/Users/hf-mac/Downloads/tgpro-admin/.output/public/_nuxt/DAr-OQmd.js'
    at open (node:internal/fs/promises:641:25)
    ... 2 lines matching cause stack trace ...
    at Server.toNodeHandle (file:///Users/hf-mac/Downloads/tgpro-admin/.output/server/chunks/nitro/nitro.mjs:2230:7) {
  cause: Error: ENOENT: no such file or directory, open '/Users/hf-mac/Downloads/tgpro-admin/.output/public/_nuxt/DAr-OQmd.js'
      at open (node:internal/fs/promises:641:25)
      at Object.readFile (node:internal/fs/promises:1245:14)
      at Object.handler (file:///Users/hf-mac/Downloads/tgpro-admin/.output/server/chunks/nitro/nitro.mjs:1959:19)
      at Server.toNodeHandle (file:///Users/hf-mac/Downloads/tgpro-admin/.output/server/chunks/nitro/nitro.mjs:2230:7) {
    errno: -2,
    code: 'ENOENT',
    syscall: 'open',
    path: '/Users/hf-mac/Downloads/tgpro-admin/.output/public/_nuxt/DAr-OQmd.js'
  },
  statusCode: 500,
  fatal: false,
  unhandled: true,
  statusMessage: undefined,
  data: undefined
}
2025-11-05T02:30:46: [request error] [unhandled] [GET] http://localhost:3000/_nuxt/Bdz-sLfb.js
 H3Error: ENOENT: no such file or directory, open '/Users/hf-mac/Downloads/tgpro-admin/.output/public/_nuxt/Bdz-sLfb.js'
    at open (node:internal/fs/promises:641:25)
    ... 2 lines matching cause stack trace ...
    at Server.toNodeHandle (file:///Users/hf-mac/Downloads/tgpro-admin/.output/server/chunks/nitro/nitro.mjs:2230:7) {
  cause: Error: ENOENT: no such file or directory, open '/Users/hf-mac/Downloads/tgpro-admin/.output/public/_nuxt/Bdz-sLfb.js'
      at open (node:internal/fs/promises:641:25)
      at Object.readFile (node:internal/fs/promises:1245:14)
      at Object.handler (file:///Users/hf-mac/Downloads/tgpro-admin/.output/server/chunks/nitro/nitro.mjs:1959:19)
      at Server.toNodeHandle (file:///Users/hf-mac/Downloads/tgpro-admin/.output/server/chunks/nitro/nitro.mjs:2230:7) {
    errno: -2,
    code: 'ENOENT',
    syscall: 'open',
    path: '/Users/hf-mac/Downloads/tgpro-admin/.output/public/_nuxt/Bdz-sLfb.js'
  },
  statusCode: 500,
  fatal: false,
  unhandled: true,
  statusMessage: undefined,
  data: undefined
}
2025-11-05T02:30:46: [request error] [unhandled] [GET] http://localhost:3000/_nuxt/BTgB1rvp.js
 H3Error: ENOENT: no such file or directory, open '/Users/hf-mac/Downloads/tgpro-admin/.output/public/_nuxt/BTgB1rvp.js'
    at open (node:internal/fs/promises:641:25)
    ... 2 lines matching cause stack trace ...
    at Server.toNodeHandle (file:///Users/hf-mac/Downloads/tgpro-admin/.output/server/chunks/nitro/nitro.mjs:2230:7) {
  cause: Error: ENOENT: no such file or directory, open '/Users/hf-mac/Downloads/tgpro-admin/.output/public/_nuxt/BTgB1rvp.js'
      at open (node:internal/fs/promises:641:25)
      at Object.readFile (node:internal/fs/promises:1245:14)
      at Object.handler (file:///Users/hf-mac/Downloads/tgpro-admin/.output/server/chunks/nitro/nitro.mjs:1959:19)
      at Server.toNodeHandle (file:///Users/hf-mac/Downloads/tgpro-admin/.output/server/chunks/nitro/nitro.mjs:2230:7) {
    errno: -2,
    code: 'ENOENT',
    syscall: 'open',
    path: '/Users/hf-mac/Downloads/tgpro-admin/.output/public/_nuxt/BTgB1rvp.js'
  },
  statusCode: 500,
  fatal: false,
  unhandled: true,
  statusMessage: undefined,
  data: undefined
}
2025-11-05T02:30:46: [request error] [unhandled] [GET] http://localhost:3000/_nuxt/C4xQaJXR.js
 H3Error: ENOENT: no such file or directory, open '/Users/hf-mac/Downloads/tgpro-admin/.output/public/_nuxt/C4xQaJXR.js'
    at open (node:internal/fs/promises:641:25)
    ... 2 lines matching cause stack trace ...
    at Server.toNodeHandle (file:///Users/hf-mac/Downloads/tgpro-admin/.output/server/chunks/nitro/nitro.mjs:2230:7) {
  cause: Error: ENOENT: no such file or directory, open '/Users/hf-mac/Downloads/tgpro-admin/.output/public/_nuxt/C4xQaJXR.js'
      at open (node:internal/fs/promises:641:25)
      at Object.readFile (node:internal/fs/promises:1245:14)
      at Object.handler (file:///Users/hf-mac/Downloads/tgpro-admin/.output/server/chunks/nitro/nitro.mjs:1959:19)
      at Server.toNodeHandle (file:///Users/hf-mac/Downloads/tgpro-admin/.output/server/chunks/nitro/nitro.mjs:2230:7) {
    errno: -2,
    code: 'ENOENT',
    syscall: 'open',
    path: '/Users/hf-mac/Downloads/tgpro-admin/.output/public/_nuxt/C4xQaJXR.js'
  },
  statusCode: 500,
  fatal: false,
  unhandled: true,
  statusMessage: undefined,
  data: undefined
}
2025-11-05T02:30:46: [request error] [unhandled] [GET] http://localhost:3000/_nuxt/CXT04lNs.js
 H3Error: ENOENT: no such file or directory, open '/Users/hf-mac/Downloads/tgpro-admin/.output/public/_nuxt/CXT04lNs.js'
    at open (node:internal/fs/promises:641:25)
    ... 2 lines matching cause stack trace ...
    at Server.toNodeHandle (file:///Users/hf-mac/Downloads/tgpro-admin/.output/server/chunks/nitro/nitro.mjs:2230:7) {
  cause: Error: ENOENT: no such file or directory, open '/Users/hf-mac/Downloads/tgpro-admin/.output/public/_nuxt/CXT04lNs.js'
      at open (node:internal/fs/promises:641:25)
      at Object.readFile (node:internal/fs/promises:1245:14)
      at Object.handler (file:///Users/hf-mac/Downloads/tgpro-admin/.output/server/chunks/nitro/nitro.mjs:1959:19)
      at Server.toNodeHandle (file:///Users/hf-mac/Downloads/tgpro-admin/.output/server/chunks/nitro/nitro.mjs:2230:7) {
    errno: -2,
    code: 'ENOENT',
    syscall: 'open',
    path: '/Users/hf-mac/Downloads/tgpro-admin/.output/public/_nuxt/CXT04lNs.js'
  },
  statusCode: 500,
  fatal: false,
  unhandled: true,
  statusMessage: undefined,
  data: undefined
}
2025-11-05T02:30:46: [request error] [unhandled] [GET] http://localhost:3000/_nuxt/DcHNM1Xn.js
 H3Error: ENOENT: no such file or directory, open '/Users/hf-mac/Downloads/tgpro-admin/.output/public/_nuxt/DcHNM1Xn.js'
    at open (node:internal/fs/promises:641:25)
    ... 2 lines matching cause stack trace ...
    at Server.toNodeHandle (file:///Users/hf-mac/Downloads/tgpro-admin/.output/server/chunks/nitro/nitro.mjs:2230:7) {
  cause: Error: ENOENT: no such file or directory, open '/Users/hf-mac/Downloads/tgpro-admin/.output/public/_nuxt/DcHNM1Xn.js'
      at open (node:internal/fs/promises:641:25)
      at Object.readFile (node:internal/fs/promises:1245:14)
      at Object.handler (file:///Users/hf-mac/Downloads/tgpro-admin/.output/server/chunks/nitro/nitro.mjs:1959:19)
      at Server.toNodeHandle (file:///Users/hf-mac/Downloads/tgpro-admin/.output/server/chunks/nitro/nitro.mjs:2230:7) {
    errno: -2,
    code: 'ENOENT',
    syscall: 'open',
    path: '/Users/hf-mac/Downloads/tgpro-admin/.output/public/_nuxt/DcHNM1Xn.js'
  },
  statusCode: 500,
  fatal: false,
  unhandled: true,
  statusMessage: undefined,
  data: undefined
}
2025-11-05T02:30:46: [request error] [unhandled] [GET] http://localhost:3000/_nuxt/builds/meta/db489c3b-20ab-405c-96a2-98b632ec7da6.json
 H3Error: ENOENT: no such file or directory, open '/Users/hf-mac/Downloads/tgpro-admin/.output/public/_nuxt/builds/meta/db489c3b-20ab-405c-96a2-98b632ec7da6.json'
    at open (node:internal/fs/promises:641:25)
    ... 2 lines matching cause stack trace ...
    at Server.toNodeHandle (file:///Users/hf-mac/Downloads/tgpro-admin/.output/server/chunks/nitro/nitro.mjs:2230:7) {
  cause: Error: ENOENT: no such file or directory, open '/Users/hf-mac/Downloads/tgpro-admin/.output/public/_nuxt/builds/meta/db489c3b-20ab-405c-96a2-98b632ec7da6.json'
      at open (node:internal/fs/promises:641:25)
      at Object.readFile (node:internal/fs/promises:1245:14)
      at Object.handler (file:///Users/hf-mac/Downloads/tgpro-admin/.output/server/chunks/nitro/nitro.mjs:1959:19)
      at Server.toNodeHandle (file:///Users/hf-mac/Downloads/tgpro-admin/.output/server/chunks/nitro/nitro.mjs:2230:7) {
    errno: -2,
    code: 'ENOENT',
    syscall: 'open',
    path: '/Users/hf-mac/Downloads/tgpro-admin/.output/public/_nuxt/builds/meta/db489c3b-20ab-405c-96a2-98b632ec7da6.json'
  },
  statusCode: 500,
  fatal: false,
  unhandled: true,
  statusMessage: undefined,
  data: undefined
}
2025-11-05T02:30:46: [request error] [unhandled] [GET] http://localhost:3000/_nuxt/DbAgXtul.js
 H3Error: ENOENT: no such file or directory, open '/Users/hf-mac/Downloads/tgpro-admin/.output/public/_nuxt/DbAgXtul.js'
    at open (node:internal/fs/promises:641:25)
    ... 2 lines matching cause stack trace ...
    at Server.toNodeHandle (file:///Users/hf-mac/Downloads/tgpro-admin/.output/server/chunks/nitro/nitro.mjs:2230:7) {
  cause: Error: ENOENT: no such file or directory, open '/Users/hf-mac/Downloads/tgpro-admin/.output/public/_nuxt/DbAgXtul.js'
      at open (node:internal/fs/promises:641:25)
      at Object.readFile (node:internal/fs/promises:1245:14)
      at Object.handler (file:///Users/hf-mac/Downloads/tgpro-admin/.output/server/chunks/nitro/nitro.mjs:1959:19)
      at Server.toNodeHandle (file:///Users/hf-mac/Downloads/tgpro-admin/.output/server/chunks/nitro/nitro.mjs:2230:7) {
    errno: -2,
    code: 'ENOENT',
    syscall: 'open',
    path: '/Users/hf-mac/Downloads/tgpro-admin/.output/public/_nuxt/DbAgXtul.js'
  },
  statusCode: 500,
  fatal: false,
  unhandled: true,
  statusMessage: undefined,
  data: undefined
}
2025-11-05T02:30:46: [request error] [unhandled] [GET] http://localhost:3000/_nuxt/DpNIWReE.js
 H3Error: ENOENT: no such file or directory, open '/Users/hf-mac/Downloads/tgpro-admin/.output/public/_nuxt/DpNIWReE.js'
    at open (node:internal/fs/promises:641:25)
    ... 2 lines matching cause stack trace ...
    at Server.toNodeHandle (file:///Users/hf-mac/Downloads/tgpro-admin/.output/server/chunks/nitro/nitro.mjs:2230:7) {
  cause: Error: ENOENT: no such file or directory, open '/Users/hf-mac/Downloads/tgpro-admin/.output/public/_nuxt/DpNIWReE.js'
      at open (node:internal/fs/promises:641:25)
      at Object.readFile (node:internal/fs/promises:1245:14)
      at Object.handler (file:///Users/hf-mac/Downloads/tgpro-admin/.output/server/chunks/nitro/nitro.mjs:1959:19)
      at Server.toNodeHandle (file:///Users/hf-mac/Downloads/tgpro-admin/.output/server/chunks/nitro/nitro.mjs:2230:7) {
    errno: -2,
    code: 'ENOENT',
    syscall: 'open',
    path: '/Users/hf-mac/Downloads/tgpro-admin/.output/public/_nuxt/DpNIWReE.js'
  },
  statusCode: 500,
  fatal: false,
  unhandled: true,
  statusMessage: undefined,
  data: undefined
}
2025-11-05T02:30:46: [request error] [unhandled] [GET] http://localhost:3000/_nuxt/D_B5nL8y.js
 H3Error: ENOENT: no such file or directory, open '/Users/hf-mac/Downloads/tgpro-admin/.output/public/_nuxt/D_B5nL8y.js'
    at open (node:internal/fs/promises:641:25)
    ... 2 lines matching cause stack trace ...
    at Server.toNodeHandle (file:///Users/hf-mac/Downloads/tgpro-admin/.output/server/chunks/nitro/nitro.mjs:2230:7) {
  cause: Error: ENOENT: no such file or directory, open '/Users/hf-mac/Downloads/tgpro-admin/.output/public/_nuxt/D_B5nL8y.js'
      at open (node:internal/fs/promises:641:25)
      at Object.readFile (node:internal/fs/promises:1245:14)
      at Object.handler (file:///Users/hf-mac/Downloads/tgpro-admin/.output/server/chunks/nitro/nitro.mjs:1959:19)
      at Server.toNodeHandle (file:///Users/hf-mac/Downloads/tgpro-admin/.output/server/chunks/nitro/nitro.mjs:2230:7) {
    errno: -2,
    code: 'ENOENT',
    syscall: 'open',
    path: '/Users/hf-mac/Downloads/tgpro-admin/.output/public/_nuxt/D_B5nL8y.js'
  },
  statusCode: 500,
  fatal: false,
  unhandled: true,
  statusMessage: undefined,
  data: undefined
}
2025-11-05T02:30:46: [request error] [unhandled] [GET] http://localhost:3000/_nuxt/D974gv07.js
 H3Error: ENOENT: no such file or directory, open '/Users/hf-mac/Downloads/tgpro-admin/.output/public/_nuxt/D974gv07.js'
    at open (node:internal/fs/promises:641:25)
    ... 2 lines matching cause stack trace ...
    at Server.toNodeHandle (file:///Users/hf-mac/Downloads/tgpro-admin/.output/server/chunks/nitro/nitro.mjs:2230:7) {
  cause: Error: ENOENT: no such file or directory, open '/Users/hf-mac/Downloads/tgpro-admin/.output/public/_nuxt/D974gv07.js'
      at open (node:internal/fs/promises:641:25)
      at Object.readFile (node:internal/fs/promises:1245:14)
      at Object.handler (file:///Users/hf-mac/Downloads/tgpro-admin/.output/server/chunks/nitro/nitro.mjs:1959:19)
      at Server.toNodeHandle (file:///Users/hf-mac/Downloads/tgpro-admin/.output/server/chunks/nitro/nitro.mjs:2230:7) {
    errno: -2,
    code: 'ENOENT',
    syscall: 'open',
    path: '/Users/hf-mac/Downloads/tgpro-admin/.output/public/_nuxt/D974gv07.js'
  },
  statusCode: 500,
  fatal: false,
  unhandled: true,
  statusMessage: undefined,
  data: undefined
}
2025-11-05T02:30:46: [request error] [unhandled] [GET] http://localhost:3000/_nuxt/D32lUId-.js
 H3Error: ENOENT: no such file or directory, open '/Users/hf-mac/Downloads/tgpro-admin/.output/public/_nuxt/D32lUId-.js'
    at open (node:internal/fs/promises:641:25)
    ... 2 lines matching cause stack trace ...
    at Server.toNodeHandle (file:///Users/hf-mac/Downloads/tgpro-admin/.output/server/chunks/nitro/nitro.mjs:2230:7) {
  cause: Error: ENOENT: no such file or directory, open '/Users/hf-mac/Downloads/tgpro-admin/.output/public/_nuxt/D32lUId-.js'
      at open (node:internal/fs/promises:641:25)
      at Object.readFile (node:internal/fs/promises:1245:14)
      at Object.handler (file:///Users/hf-mac/Downloads/tgpro-admin/.output/server/chunks/nitro/nitro.mjs:1959:19)
      at Server.toNodeHandle (file:///Users/hf-mac/Downloads/tgpro-admin/.output/server/chunks/nitro/nitro.mjs:2230:7) {
    errno: -2,
    code: 'ENOENT',
    syscall: 'open',
    path: '/Users/hf-mac/Downloads/tgpro-admin/.output/public/_nuxt/D32lUId-.js'
  },
  statusCode: 500,
  fatal: false,
  unhandled: true,
  statusMessage: undefined,
  data: undefined
}
2025-11-05T02:30:46: [request error] [unhandled] [GET] http://localhost:3000/_nuxt/Bl84yrz9.js
 H3Error: ENOENT: no such file or directory, open '/Users/hf-mac/Downloads/tgpro-admin/.output/public/_nuxt/Bl84yrz9.js'
    at open (node:internal/fs/promises:641:25)
    ... 2 lines matching cause stack trace ...
    at Server.toNodeHandle (file:///Users/hf-mac/Downloads/tgpro-admin/.output/server/chunks/nitro/nitro.mjs:2230:7) {
  cause: Error: ENOENT: no such file or directory, open '/Users/hf-mac/Downloads/tgpro-admin/.output/public/_nuxt/Bl84yrz9.js'
      at open (node:internal/fs/promises:641:25)
      at Object.readFile (node:internal/fs/promises:1245:14)
      at Object.handler (file:///Users/hf-mac/Downloads/tgpro-admin/.output/server/chunks/nitro/nitro.mjs:1959:19)
      at Server.toNodeHandle (file:///Users/hf-mac/Downloads/tgpro-admin/.output/server/chunks/nitro/nitro.mjs:2230:7) {
    errno: -2,
    code: 'ENOENT',
    syscall: 'open',
    path: '/Users/hf-mac/Downloads/tgpro-admin/.output/public/_nuxt/Bl84yrz9.js'
  },
  statusCode: 500,
  fatal: false,
  unhandled: true,
  statusMessage: undefined,
  data: undefined
}
2025-11-05T02:30:46: [request error] [unhandled] [GET] http://localhost:3000/_nuxt/CetYVyQG.js
 H3Error: ENOENT: no such file or directory, open '/Users/hf-mac/Downloads/tgpro-admin/.output/public/_nuxt/CetYVyQG.js'
    at open (node:internal/fs/promises:641:25)
    ... 2 lines matching cause stack trace ...
    at Server.toNodeHandle (file:///Users/hf-mac/Downloads/tgpro-admin/.output/server/chunks/nitro/nitro.mjs:2230:7) {
  cause: Error: ENOENT: no such file or directory, open '/Users/hf-mac/Downloads/tgpro-admin/.output/public/_nuxt/CetYVyQG.js'
      at open (node:internal/fs/promises:641:25)
      at Object.readFile (node:internal/fs/promises:1245:14)
      at Object.handler (file:///Users/hf-mac/Downloads/tgpro-admin/.output/server/chunks/nitro/nitro.mjs:1959:19)
      at Server.toNodeHandle (file:///Users/hf-mac/Downloads/tgpro-admin/.output/server/chunks/nitro/nitro.mjs:2230:7) {
    errno: -2,
    code: 'ENOENT',
    syscall: 'open',
    path: '/Users/hf-mac/Downloads/tgpro-admin/.output/public/_nuxt/CetYVyQG.js'
  },
  statusCode: 500,
  fatal: false,
  unhandled: true,
  statusMessage: undefined,
  data: undefined
}
2025-11-05T02:30:46: [request error] [unhandled] [GET] http://localhost:3000/_nuxt/Db7eFA1E.js
 H3Error: ENOENT: no such file or directory, open '/Users/hf-mac/Downloads/tgpro-admin/.output/public/_nuxt/Db7eFA1E.js'
    at open (node:internal/fs/promises:641:25)
    ... 2 lines matching cause stack trace ...
    at Server.toNodeHandle (file:///Users/hf-mac/Downloads/tgpro-admin/.output/server/chunks/nitro/nitro.mjs:2230:7) {
  cause: Error: ENOENT: no such file or directory, open '/Users/hf-mac/Downloads/tgpro-admin/.output/public/_nuxt/Db7eFA1E.js'
      at open (node:internal/fs/promises:641:25)
      at Object.readFile (node:internal/fs/promises:1245:14)
      at Object.handler (file:///Users/hf-mac/Downloads/tgpro-admin/.output/server/chunks/nitro/nitro.mjs:1959:19)
      at Server.toNodeHandle (file:///Users/hf-mac/Downloads/tgpro-admin/.output/server/chunks/nitro/nitro.mjs:2230:7) {
    errno: -2,
    code: 'ENOENT',
    syscall: 'open',
    path: '/Users/hf-mac/Downloads/tgpro-admin/.output/public/_nuxt/Db7eFA1E.js'
  },
  statusCode: 500,
  fatal: false,
  unhandled: true,
  statusMessage: undefined,
  data: undefined
}
2025-11-05T02:30:46: [request error] [unhandled] [GET] http://localhost:3000/_nuxt/DAr-OQmd.js
 H3Error: ENOENT: no such file or directory, open '/Users/hf-mac/Downloads/tgpro-admin/.output/public/_nuxt/DAr-OQmd.js'
    at open (node:internal/fs/promises:641:25)
    ... 2 lines matching cause stack trace ...
    at Server.toNodeHandle (file:///Users/hf-mac/Downloads/tgpro-admin/.output/server/chunks/nitro/nitro.mjs:2230:7) {
  cause: Error: ENOENT: no such file or directory, open '/Users/hf-mac/Downloads/tgpro-admin/.output/public/_nuxt/DAr-OQmd.js'
      at open (node:internal/fs/promises:641:25)
      at Object.readFile (node:internal/fs/promises:1245:14)
      at Object.handler (file:///Users/hf-mac/Downloads/tgpro-admin/.output/server/chunks/nitro/nitro.mjs:1959:19)
      at Server.toNodeHandle (file:///Users/hf-mac/Downloads/tgpro-admin/.output/server/chunks/nitro/nitro.mjs:2230:7) {
    errno: -2,
    code: 'ENOENT',
    syscall: 'open',
    path: '/Users/hf-mac/Downloads/tgpro-admin/.output/public/_nuxt/DAr-OQmd.js'
  },
  statusCode: 500,
  fatal: false,
  unhandled: true,
  statusMessage: undefined,
  data: undefined
}
2025-11-05T02:30:46: [request error] [unhandled] [GET] http://localhost:3000/_nuxt/DcHNM1Xn.js
 H3Error: ENOENT: no such file or directory, open '/Users/hf-mac/Downloads/tgpro-admin/.output/public/_nuxt/DcHNM1Xn.js'
    at open (node:internal/fs/promises:641:25)
    ... 2 lines matching cause stack trace ...
    at Server.toNodeHandle (file:///Users/hf-mac/Downloads/tgpro-admin/.output/server/chunks/nitro/nitro.mjs:2230:7) {
  cause: Error: ENOENT: no such file or directory, open '/Users/hf-mac/Downloads/tgpro-admin/.output/public/_nuxt/DcHNM1Xn.js'
      at open (node:internal/fs/promises:641:25)
      at Object.readFile (node:internal/fs/promises:1245:14)
      at Object.handler (file:///Users/hf-mac/Downloads/tgpro-admin/.output/server/chunks/nitro/nitro.mjs:1959:19)
      at Server.toNodeHandle (file:///Users/hf-mac/Downloads/tgpro-admin/.output/server/chunks/nitro/nitro.mjs:2230:7) {
    errno: -2,
    code: 'ENOENT',
    syscall: 'open',
    path: '/Users/hf-mac/Downloads/tgpro-admin/.output/public/_nuxt/DcHNM1Xn.js'
  },
  statusCode: 500,
  fatal: false,
  unhandled: true,
  statusMessage: undefined,
  data: undefined
}
2025-11-05T02:30:46: [request error] [unhandled] [GET] http://localhost:3000/_nuxt/Bdz-sLfb.js
 H3Error: ENOENT: no such file or directory, open '/Users/hf-mac/Downloads/tgpro-admin/.output/public/_nuxt/Bdz-sLfb.js'
    at open (node:internal/fs/promises:641:25)
    ... 2 lines matching cause stack trace ...
    at Server.toNodeHandle (file:///Users/hf-mac/Downloads/tgpro-admin/.output/server/chunks/nitro/nitro.mjs:2230:7) {
  cause: Error: ENOENT: no such file or directory, open '/Users/hf-mac/Downloads/tgpro-admin/.output/public/_nuxt/Bdz-sLfb.js'
      at open (node:internal/fs/promises:641:25)
      at Object.readFile (node:internal/fs/promises:1245:14)
      at Object.handler (file:///Users/hf-mac/Downloads/tgpro-admin/.output/server/chunks/nitro/nitro.mjs:1959:19)
      at Server.toNodeHandle (file:///Users/hf-mac/Downloads/tgpro-admin/.output/server/chunks/nitro/nitro.mjs:2230:7) {
    errno: -2,
    code: 'ENOENT',
    syscall: 'open',
    path: '/Users/hf-mac/Downloads/tgpro-admin/.output/public/_nuxt/Bdz-sLfb.js'
  },
  statusCode: 500,
  fatal: false,
  unhandled: true,
  statusMessage: undefined,
  data: undefined
}
2025-11-05T02:30:46: [request error] [unhandled] [GET] http://localhost:3000/_nuxt/BTgB1rvp.js
 H3Error: ENOENT: no such file or directory, open '/Users/hf-mac/Downloads/tgpro-admin/.output/public/_nuxt/BTgB1rvp.js'
    at open (node:internal/fs/promises:641:25)
    ... 2 lines matching cause stack trace ...
    at Server.toNodeHandle (file:///Users/hf-mac/Downloads/tgpro-admin/.output/server/chunks/nitro/nitro.mjs:2230:7) {
  cause: Error: ENOENT: no such file or directory, open '/Users/hf-mac/Downloads/tgpro-admin/.output/public/_nuxt/BTgB1rvp.js'
      at open (node:internal/fs/promises:641:25)
      at Object.readFile (node:internal/fs/promises:1245:14)
      at Object.handler (file:///Users/hf-mac/Downloads/tgpro-admin/.output/server/chunks/nitro/nitro.mjs:1959:19)
      at Server.toNodeHandle (file:///Users/hf-mac/Downloads/tgpro-admin/.output/server/chunks/nitro/nitro.mjs:2230:7) {
    errno: -2,
    code: 'ENOENT',
    syscall: 'open',
    path: '/Users/hf-mac/Downloads/tgpro-admin/.output/public/_nuxt/BTgB1rvp.js'
  },
  statusCode: 500,
  fatal: false,
  unhandled: true,
  statusMessage: undefined,
  data: undefined
}
2025-11-05T02:30:46: [request error] [unhandled] [GET] http://localhost:3000/_nuxt/CXT04lNs.js
 H3Error: ENOENT: no such file or directory, open '/Users/hf-mac/Downloads/tgpro-admin/.output/public/_nuxt/CXT04lNs.js'
    at open (node:internal/fs/promises:641:25)
    ... 2 lines matching cause stack trace ...
    at Server.toNodeHandle (file:///Users/hf-mac/Downloads/tgpro-admin/.output/server/chunks/nitro/nitro.mjs:2230:7) {
  cause: Error: ENOENT: no such file or directory, open '/Users/hf-mac/Downloads/tgpro-admin/.output/public/_nuxt/CXT04lNs.js'
      at open (node:internal/fs/promises:641:25)
      at Object.readFile (node:internal/fs/promises:1245:14)
      at Object.handler (file:///Users/hf-mac/Downloads/tgpro-admin/.output/server/chunks/nitro/nitro.mjs:1959:19)
      at Server.toNodeHandle (file:///Users/hf-mac/Downloads/tgpro-admin/.output/server/chunks/nitro/nitro.mjs:2230:7) {
    errno: -2,
    code: 'ENOENT',
    syscall: 'open',
    path: '/Users/hf-mac/Downloads/tgpro-admin/.output/public/_nuxt/CXT04lNs.js'
  },
  statusCode: 500,
  fatal: false,
  unhandled: true,
  statusMessage: undefined,
  data: undefined
}
2025-11-05T02:30:46: [request error] [unhandled] [GET] http://localhost:3000/_nuxt/DpNIWReE.js
 H3Error: ENOENT: no such file or directory, open '/Users/hf-mac/Downloads/tgpro-admin/.output/public/_nuxt/DpNIWReE.js'
    at open (node:internal/fs/promises:641:25)
    ... 2 lines matching cause stack trace ...
    at Server.toNodeHandle (file:///Users/hf-mac/Downloads/tgpro-admin/.output/server/chunks/nitro/nitro.mjs:2230:7) {
  cause: Error: ENOENT: no such file or directory, open '/Users/hf-mac/Downloads/tgpro-admin/.output/public/_nuxt/DpNIWReE.js'
      at open (node:internal/fs/promises:641:25)
      at Object.readFile (node:internal/fs/promises:1245:14)
      at Object.handler (file:///Users/hf-mac/Downloads/tgpro-admin/.output/server/chunks/nitro/nitro.mjs:1959:19)
      at Server.toNodeHandle (file:///Users/hf-mac/Downloads/tgpro-admin/.output/server/chunks/nitro/nitro.mjs:2230:7) {
    errno: -2,
    code: 'ENOENT',
    syscall: 'open',
    path: '/Users/hf-mac/Downloads/tgpro-admin/.output/public/_nuxt/DpNIWReE.js'
  },
  statusCode: 500,
  fatal: false,
  unhandled: true,
  statusMessage: undefined,
  data: undefined
}
2025-11-05T02:30:46: [request error] [unhandled] [GET] http://localhost:3000/_nuxt/DbAgXtul.js
 H3Error: ENOENT: no such file or directory, open '/Users/hf-mac/Downloads/tgpro-admin/.output/public/_nuxt/DbAgXtul.js'
    at open (node:internal/fs/promises:641:25)
    ... 2 lines matching cause stack trace ...
    at Server.toNodeHandle (file:///Users/hf-mac/Downloads/tgpro-admin/.output/server/chunks/nitro/nitro.mjs:2230:7) {
  cause: Error: ENOENT: no such file or directory, open '/Users/hf-mac/Downloads/tgpro-admin/.output/public/_nuxt/DbAgXtul.js'
      at open (node:internal/fs/promises:641:25)
      at Object.readFile (node:internal/fs/promises:1245:14)
      at Object.handler (file:///Users/hf-mac/Downloads/tgpro-admin/.output/server/chunks/nitro/nitro.mjs:1959:19)
      at Server.toNodeHandle (file:///Users/hf-mac/Downloads/tgpro-admin/.output/server/chunks/nitro/nitro.mjs:2230:7) {
    errno: -2,
    code: 'ENOENT',
    syscall: 'open',
    path: '/Users/hf-mac/Downloads/tgpro-admin/.output/public/_nuxt/DbAgXtul.js'
  },
  statusCode: 500,
  fatal: false,
  unhandled: true,
  statusMessage: undefined,
  data: undefined
}
2025-11-05T02:30:46: [request error] [unhandled] [GET] http://localhost:3000/_nuxt/D_B5nL8y.js
 H3Error: ENOENT: no such file or directory, open '/Users/hf-mac/Downloads/tgpro-admin/.output/public/_nuxt/D_B5nL8y.js'
    at open (node:internal/fs/promises:641:25)
    ... 2 lines matching cause stack trace ...
    at Server.toNodeHandle (file:///Users/hf-mac/Downloads/tgpro-admin/.output/server/chunks/nitro/nitro.mjs:2230:7) {
  cause: Error: ENOENT: no such file or directory, open '/Users/hf-mac/Downloads/tgpro-admin/.output/public/_nuxt/D_B5nL8y.js'
      at open (node:internal/fs/promises:641:25)
      at Object.readFile (node:internal/fs/promises:1245:14)
      at Object.handler (file:///Users/hf-mac/Downloads/tgpro-admin/.output/server/chunks/nitro/nitro.mjs:1959:19)
      at Server.toNodeHandle (file:///Users/hf-mac/Downloads/tgpro-admin/.output/server/chunks/nitro/nitro.mjs:2230:7) {
    errno: -2,
    code: 'ENOENT',
    syscall: 'open',
    path: '/Users/hf-mac/Downloads/tgpro-admin/.output/public/_nuxt/D_B5nL8y.js'
  },
  statusCode: 500,
  fatal: false,
  unhandled: true,
  statusMessage: undefined,
  data: undefined
}
2025-11-05T02:30:46: [request error] [unhandled] [GET] http://localhost:3000/_nuxt/Bl84yrz9.js
 H3Error: ENOENT: no such file or directory, open '/Users/hf-mac/Downloads/tgpro-admin/.output/public/_nuxt/Bl84yrz9.js'
    at open (node:internal/fs/promises:641:25)
    ... 2 lines matching cause stack trace ...
    at Server.toNodeHandle (file:///Users/hf-mac/Downloads/tgpro-admin/.output/server/chunks/nitro/nitro.mjs:2230:7) {
  cause: Error: ENOENT: no such file or directory, open '/Users/hf-mac/Downloads/tgpro-admin/.output/public/_nuxt/Bl84yrz9.js'
      at open (node:internal/fs/promises:641:25)
      at Object.readFile (node:internal/fs/promises:1245:14)
      at Object.handler (file:///Users/hf-mac/Downloads/tgpro-admin/.output/server/chunks/nitro/nitro.mjs:1959:19)
      at Server.toNodeHandle (file:///Users/hf-mac/Downloads/tgpro-admin/.output/server/chunks/nitro/nitro.mjs:2230:7) {
    errno: -2,
    code: 'ENOENT',
    syscall: 'open',
    path: '/Users/hf-mac/Downloads/tgpro-admin/.output/public/_nuxt/Bl84yrz9.js'
  },
  statusCode: 500,
  fatal: false,
  unhandled: true,
  statusMessage: undefined,
  data: undefined
}
2025-11-05T02:30:46: [request error] [unhandled] [GET] http://localhost:3000/_nuxt/D974gv07.js
 H3Error: ENOENT: no such file or directory, open '/Users/hf-mac/Downloads/tgpro-admin/.output/public/_nuxt/D974gv07.js'
    at open (node:internal/fs/promises:641:25)
    ... 2 lines matching cause stack trace ...
    at Server.toNodeHandle (file:///Users/hf-mac/Downloads/tgpro-admin/.output/server/chunks/nitro/nitro.mjs:2230:7) {
  cause: Error: ENOENT: no such file or directory, open '/Users/hf-mac/Downloads/tgpro-admin/.output/public/_nuxt/D974gv07.js'
      at open (node:internal/fs/promises:641:25)
      at Object.readFile (node:internal/fs/promises:1245:14)
      at Object.handler (file:///Users/hf-mac/Downloads/tgpro-admin/.output/server/chunks/nitro/nitro.mjs:1959:19)
      at Server.toNodeHandle (file:///Users/hf-mac/Downloads/tgpro-admin/.output/server/chunks/nitro/nitro.mjs:2230:7) {
    errno: -2,
    code: 'ENOENT',
    syscall: 'open',
    path: '/Users/hf-mac/Downloads/tgpro-admin/.output/public/_nuxt/D974gv07.js'
  },
  statusCode: 500,
  fatal: false,
  unhandled: true,
  statusMessage: undefined,
  data: undefined
}
2025-11-05T02:30:46: [request error] [unhandled] [GET] http://localhost:3000/_nuxt/D32lUId-.js
 H3Error: ENOENT: no such file or directory, open '/Users/hf-mac/Downloads/tgpro-admin/.output/public/_nuxt/D32lUId-.js'
    at open (node:internal/fs/promises:641:25)
    ... 2 lines matching cause stack trace ...
    at Server.toNodeHandle (file:///Users/hf-mac/Downloads/tgpro-admin/.output/server/chunks/nitro/nitro.mjs:2230:7) {
  cause: Error: ENOENT: no such file or directory, open '/Users/hf-mac/Downloads/tgpro-admin/.output/public/_nuxt/D32lUId-.js'
      at open (node:internal/fs/promises:641:25)
      at Object.readFile (node:internal/fs/promises:1245:14)
      at Object.handler (file:///Users/hf-mac/Downloads/tgpro-admin/.output/server/chunks/nitro/nitro.mjs:1959:19)
      at Server.toNodeHandle (file:///Users/hf-mac/Downloads/tgpro-admin/.output/server/chunks/nitro/nitro.mjs:2230:7) {
    errno: -2,
    code: 'ENOENT',
    syscall: 'open',
    path: '/Users/hf-mac/Downloads/tgpro-admin/.output/public/_nuxt/D32lUId-.js'
  },
  statusCode: 500,
  fatal: false,
  unhandled: true,
  statusMessage: undefined,
  data: undefined
}
2025-11-05T02:30:46: [request error] [unhandled] [GET] http://localhost:3000/_nuxt/CetYVyQG.js
 H3Error: ENOENT: no such file or directory, open '/Users/hf-mac/Downloads/tgpro-admin/.output/public/_nuxt/CetYVyQG.js'
    at open (node:internal/fs/promises:641:25)
    ... 2 lines matching cause stack trace ...
    at Server.toNodeHandle (file:///Users/hf-mac/Downloads/tgpro-admin/.output/server/chunks/nitro/nitro.mjs:2230:7) {
  cause: Error: ENOENT: no such file or directory, open '/Users/hf-mac/Downloads/tgpro-admin/.output/public/_nuxt/CetYVyQG.js'
      at open (node:internal/fs/promises:641:25)
      at Object.readFile (node:internal/fs/promises:1245:14)
      at Object.handler (file:///Users/hf-mac/Downloads/tgpro-admin/.output/server/chunks/nitro/nitro.mjs:1959:19)
      at Server.toNodeHandle (file:///Users/hf-mac/Downloads/tgpro-admin/.output/server/chunks/nitro/nitro.mjs:2230:7) {
    errno: -2,
    code: 'ENOENT',
    syscall: 'open',
    path: '/Users/hf-mac/Downloads/tgpro-admin/.output/public/_nuxt/CetYVyQG.js'
  },
  statusCode: 500,
  fatal: false,
  unhandled: true,
  statusMessage: undefined,
  data: undefined
}
2025-11-05T02:30:46: [request error] [unhandled] [GET] http://localhost:3000/_nuxt/Db7eFA1E.js
 H3Error: ENOENT: no such file or directory, open '/Users/hf-mac/Downloads/tgpro-admin/.output/public/_nuxt/Db7eFA1E.js'
    at open (node:internal/fs/promises:641:25)
    ... 2 lines matching cause stack trace ...
    at Server.toNodeHandle (file:///Users/hf-mac/Downloads/tgpro-admin/.output/server/chunks/nitro/nitro.mjs:2230:7) {
  cause: Error: ENOENT: no such file or directory, open '/Users/hf-mac/Downloads/tgpro-admin/.output/public/_nuxt/Db7eFA1E.js'
      at open (node:internal/fs/promises:641:25)
      at Object.readFile (node:internal/fs/promises:1245:14)
      at Object.handler (file:///Users/hf-mac/Downloads/tgpro-admin/.output/server/chunks/nitro/nitro.mjs:1959:19)
      at Server.toNodeHandle (file:///Users/hf-mac/Downloads/tgpro-admin/.output/server/chunks/nitro/nitro.mjs:2230:7) {
    errno: -2,
    code: 'ENOENT',
    syscall: 'open',
    path: '/Users/hf-mac/Downloads/tgpro-admin/.output/public/_nuxt/Db7eFA1E.js'
  },
  statusCode: 500,
  fatal: false,
  unhandled: true,
  statusMessage: undefined,
  data: undefined
}
2025-11-05T02:30:46: [request error] [unhandled] [GET] http://localhost:3000/_nuxt/DAr-OQmd.js
 H3Error: ENOENT: no such file or directory, open '/Users/hf-mac/Downloads/tgpro-admin/.output/public/_nuxt/DAr-OQmd.js'
    at open (node:internal/fs/promises:641:25)
    ... 2 lines matching cause stack trace ...
    at Server.toNodeHandle (file:///Users/hf-mac/Downloads/tgpro-admin/.output/server/chunks/nitro/nitro.mjs:2230:7) {
  cause: Error: ENOENT: no such file or directory, open '/Users/hf-mac/Downloads/tgpro-admin/.output/public/_nuxt/DAr-OQmd.js'
      at open (node:internal/fs/promises:641:25)
      at Object.readFile (node:internal/fs/promises:1245:14)
      at Object.handler (file:///Users/hf-mac/Downloads/tgpro-admin/.output/server/chunks/nitro/nitro.mjs:1959:19)
      at Server.toNodeHandle (file:///Users/hf-mac/Downloads/tgpro-admin/.output/server/chunks/nitro/nitro.mjs:2230:7) {
    errno: -2,
    code: 'ENOENT',
    syscall: 'open',
    path: '/Users/hf-mac/Downloads/tgpro-admin/.output/public/_nuxt/DAr-OQmd.js'
  },
  statusCode: 500,
  fatal: false,
  unhandled: true,
  statusMessage: undefined,
  data: undefined
}
2025-11-05T02:30:46: [request error] [unhandled] [GET] http://localhost:3000/_nuxt/Bdz-sLfb.js
 H3Error: ENOENT: no such file or directory, open '/Users/hf-mac/Downloads/tgpro-admin/.output/public/_nuxt/Bdz-sLfb.js'
    at open (node:internal/fs/promises:641:25)
    ... 2 lines matching cause stack trace ...
    at Server.toNodeHandle (file:///Users/hf-mac/Downloads/tgpro-admin/.output/server/chunks/nitro/nitro.mjs:2230:7) {
  cause: Error: ENOENT: no such file or directory, open '/Users/hf-mac/Downloads/tgpro-admin/.output/public/_nuxt/Bdz-sLfb.js'
      at open (node:internal/fs/promises:641:25)
      at Object.readFile (node:internal/fs/promises:1245:14)
      at Object.handler (file:///Users/hf-mac/Downloads/tgpro-admin/.output/server/chunks/nitro/nitro.mjs:1959:19)
      at Server.toNodeHandle (file:///Users/hf-mac/Downloads/tgpro-admin/.output/server/chunks/nitro/nitro.mjs:2230:7) {
    errno: -2,
    code: 'ENOENT',
    syscall: 'open',
    path: '/Users/hf-mac/Downloads/tgpro-admin/.output/public/_nuxt/Bdz-sLfb.js'
  },
  statusCode: 500,
  fatal: false,
  unhandled: true,
  statusMessage: undefined,
  data: undefined
}
2025-11-05T02:30:46: [request error] [unhandled] [GET] http://localhost:3000/_nuxt/BTgB1rvp.js
 H3Error: ENOENT: no such file or directory, open '/Users/hf-mac/Downloads/tgpro-admin/.output/public/_nuxt/BTgB1rvp.js'
    at open (node:internal/fs/promises:641:25)
    ... 2 lines matching cause stack trace ...
    at Server.toNodeHandle (file:///Users/hf-mac/Downloads/tgpro-admin/.output/server/chunks/nitro/nitro.mjs:2230:7) {
  cause: Error: ENOENT: no such file or directory, open '/Users/hf-mac/Downloads/tgpro-admin/.output/public/_nuxt/BTgB1rvp.js'
      at open (node:internal/fs/promises:641:25)
      at Object.readFile (node:internal/fs/promises:1245:14)
      at Object.handler (file:///Users/hf-mac/Downloads/tgpro-admin/.output/server/chunks/nitro/nitro.mjs:1959:19)
      at Server.toNodeHandle (file:///Users/hf-mac/Downloads/tgpro-admin/.output/server/chunks/nitro/nitro.mjs:2230:7) {
    errno: -2,
    code: 'ENOENT',
    syscall: 'open',
    path: '/Users/hf-mac/Downloads/tgpro-admin/.output/public/_nuxt/BTgB1rvp.js'
  },
  statusCode: 500,
  fatal: false,
  unhandled: true,
  statusMessage: undefined,
  data: undefined
}
2025-11-05T02:30:46: [request error] [unhandled] [GET] http://localhost:3000/_nuxt/CXT04lNs.js
 H3Error: ENOENT: no such file or directory, open '/Users/hf-mac/Downloads/tgpro-admin/.output/public/_nuxt/CXT04lNs.js'
    at open (node:internal/fs/promises:641:25)
    ... 2 lines matching cause stack trace ...
    at Server.toNodeHandle (file:///Users/hf-mac/Downloads/tgpro-admin/.output/server/chunks/nitro/nitro.mjs:2230:7) {
  cause: Error: ENOENT: no such file or directory, open '/Users/hf-mac/Downloads/tgpro-admin/.output/public/_nuxt/CXT04lNs.js'
      at open (node:internal/fs/promises:641:25)
      at Object.readFile (node:internal/fs/promises:1245:14)
      at Object.handler (file:///Users/hf-mac/Downloads/tgpro-admin/.output/server/chunks/nitro/nitro.mjs:1959:19)
      at Server.toNodeHandle (file:///Users/hf-mac/Downloads/tgpro-admin/.output/server/chunks/nitro/nitro.mjs:2230:7) {
    errno: -2,
    code: 'ENOENT',
    syscall: 'open',
    path: '/Users/hf-mac/Downloads/tgpro-admin/.output/public/_nuxt/CXT04lNs.js'
  },
  statusCode: 500,
  fatal: false,
  unhandled: true,
  statusMessage: undefined,
  data: undefined
}
2025-11-05T02:30:46: [request error] [unhandled] [GET] http://localhost:3000/_nuxt/DcHNM1Xn.js
 H3Error: ENOENT: no such file or directory, open '/Users/hf-mac/Downloads/tgpro-admin/.output/public/_nuxt/DcHNM1Xn.js'
    at open (node:internal/fs/promises:641:25)
    ... 2 lines matching cause stack trace ...
    at Server.toNodeHandle (file:///Users/hf-mac/Downloads/tgpro-admin/.output/server/chunks/nitro/nitro.mjs:2230:7) {
  cause: Error: ENOENT: no such file or directory, open '/Users/hf-mac/Downloads/tgpro-admin/.output/public/_nuxt/DcHNM1Xn.js'
      at open (node:internal/fs/promises:641:25)
      at Object.readFile (node:internal/fs/promises:1245:14)
      at Object.handler (file:///Users/hf-mac/Downloads/tgpro-admin/.output/server/chunks/nitro/nitro.mjs:1959:19)
      at Server.toNodeHandle (file:///Users/hf-mac/Downloads/tgpro-admin/.output/server/chunks/nitro/nitro.mjs:2230:7) {
    errno: -2,
    code: 'ENOENT',
    syscall: 'open',
    path: '/Users/hf-mac/Downloads/tgpro-admin/.output/public/_nuxt/DcHNM1Xn.js'
  },
  statusCode: 500,
  fatal: false,
  unhandled: true,
  statusMessage: undefined,
  data: undefined
}
2025-11-05T02:30:46: [request error] [unhandled] [GET] http://localhost:3000/_nuxt/builds/meta/db489c3b-20ab-405c-96a2-98b632ec7da6.json
 H3Error: ENOENT: no such file or directory, open '/Users/hf-mac/Downloads/tgpro-admin/.output/public/_nuxt/builds/meta/db489c3b-20ab-405c-96a2-98b632ec7da6.json'
    at open (node:internal/fs/promises:641:25)
    ... 2 lines matching cause stack trace ...
    at Server.toNodeHandle (file:///Users/hf-mac/Downloads/tgpro-admin/.output/server/chunks/nitro/nitro.mjs:2230:7) {
  cause: Error: ENOENT: no such file or directory, open '/Users/hf-mac/Downloads/tgpro-admin/.output/public/_nuxt/builds/meta/db489c3b-20ab-405c-96a2-98b632ec7da6.json'
      at open (node:internal/fs/promises:641:25)
      at Object.readFile (node:internal/fs/promises:1245:14)
      at Object.handler (file:///Users/hf-mac/Downloads/tgpro-admin/.output/server/chunks/nitro/nitro.mjs:1959:19)
      at Server.toNodeHandle (file:///Users/hf-mac/Downloads/tgpro-admin/.output/server/chunks/nitro/nitro.mjs:2230:7) {
    errno: -2,
    code: 'ENOENT',
    syscall: 'open',
    path: '/Users/hf-mac/Downloads/tgpro-admin/.output/public/_nuxt/builds/meta/db489c3b-20ab-405c-96a2-98b632ec7da6.json'
  },
  statusCode: 500,
  fatal: false,
  unhandled: true,
  statusMessage: undefined,
  data: undefined
}
2025-11-05T02:30:47: [request error] [unhandled] [GET] http://localhost:3000/_nuxt/DbAgXtul.js
 H3Error: ENOENT: no such file or directory, open '/Users/hf-mac/Downloads/tgpro-admin/.output/public/_nuxt/DbAgXtul.js'
    at open (node:internal/fs/promises:641:25)
    ... 2 lines matching cause stack trace ...
    at Server.toNodeHandle (file:///Users/hf-mac/Downloads/tgpro-admin/.output/server/chunks/nitro/nitro.mjs:2230:7) {
  cause: Error: ENOENT: no such file or directory, open '/Users/hf-mac/Downloads/tgpro-admin/.output/public/_nuxt/DbAgXtul.js'
      at open (node:internal/fs/promises:641:25)
      at Object.readFile (node:internal/fs/promises:1245:14)
      at Object.handler (file:///Users/hf-mac/Downloads/tgpro-admin/.output/server/chunks/nitro/nitro.mjs:1959:19)
      at Server.toNodeHandle (file:///Users/hf-mac/Downloads/tgpro-admin/.output/server/chunks/nitro/nitro.mjs:2230:7) {
    errno: -2,
    code: 'ENOENT',
    syscall: 'open',
    path: '/Users/hf-mac/Downloads/tgpro-admin/.output/public/_nuxt/DbAgXtul.js'
  },
  statusCode: 500,
  fatal: false,
  unhandled: true,
  statusMessage: undefined,
  data: undefined
}
2025-11-05T02:30:47: [request error] [unhandled] [GET] http://localhost:3000/_nuxt/DpNIWReE.js
 H3Error: ENOENT: no such file or directory, open '/Users/hf-mac/Downloads/tgpro-admin/.output/public/_nuxt/DpNIWReE.js'
    at open (node:internal/fs/promises:641:25)
    ... 2 lines matching cause stack trace ...
    at Server.toNodeHandle (file:///Users/hf-mac/Downloads/tgpro-admin/.output/server/chunks/nitro/nitro.mjs:2230:7) {
  cause: Error: ENOENT: no such file or directory, open '/Users/hf-mac/Downloads/tgpro-admin/.output/public/_nuxt/DpNIWReE.js'
      at open (node:internal/fs/promises:641:25)
      at Object.readFile (node:internal/fs/promises:1245:14)
      at Object.handler (file:///Users/hf-mac/Downloads/tgpro-admin/.output/server/chunks/nitro/nitro.mjs:1959:19)
      at Server.toNodeHandle (file:///Users/hf-mac/Downloads/tgpro-admin/.output/server/chunks/nitro/nitro.mjs:2230:7) {
    errno: -2,
    code: 'ENOENT',
    syscall: 'open',
    path: '/Users/hf-mac/Downloads/tgpro-admin/.output/public/_nuxt/DpNIWReE.js'
  },
  statusCode: 500,
  fatal: false,
  unhandled: true,
  statusMessage: undefined,
  data: undefined
}
2025-11-05T02:30:47: [request error] [unhandled] [GET] http://localhost:3000/_nuxt/D_B5nL8y.js
 H3Error: ENOENT: no such file or directory, open '/Users/hf-mac/Downloads/tgpro-admin/.output/public/_nuxt/D_B5nL8y.js'
    at open (node:internal/fs/promises:641:25)
    ... 2 lines matching cause stack trace ...
    at Server.toNodeHandle (file:///Users/hf-mac/Downloads/tgpro-admin/.output/server/chunks/nitro/nitro.mjs:2230:7) {
  cause: Error: ENOENT: no such file or directory, open '/Users/hf-mac/Downloads/tgpro-admin/.output/public/_nuxt/D_B5nL8y.js'
      at open (node:internal/fs/promises:641:25)
      at Object.readFile (node:internal/fs/promises:1245:14)
      at Object.handler (file:///Users/hf-mac/Downloads/tgpro-admin/.output/server/chunks/nitro/nitro.mjs:1959:19)
      at Server.toNodeHandle (file:///Users/hf-mac/Downloads/tgpro-admin/.output/server/chunks/nitro/nitro.mjs:2230:7) {
    errno: -2,
    code: 'ENOENT',
    syscall: 'open',
    path: '/Users/hf-mac/Downloads/tgpro-admin/.output/public/_nuxt/D_B5nL8y.js'
  },
  statusCode: 500,
  fatal: false,
  unhandled: true,
  statusMessage: undefined,
  data: undefined
}
2025-11-05T02:30:47: [request error] [unhandled] [GET] http://localhost:3000/_nuxt/Bl84yrz9.js
 H3Error: ENOENT: no such file or directory, open '/Users/hf-mac/Downloads/tgpro-admin/.output/public/_nuxt/Bl84yrz9.js'
    at open (node:internal/fs/promises:641:25)
    ... 2 lines matching cause stack trace ...
    at Server.toNodeHandle (file:///Users/hf-mac/Downloads/tgpro-admin/.output/server/chunks/nitro/nitro.mjs:2230:7) {
  cause: Error: ENOENT: no such file or directory, open '/Users/hf-mac/Downloads/tgpro-admin/.output/public/_nuxt/Bl84yrz9.js'
      at open (node:internal/fs/promises:641:25)
      at Object.readFile (node:internal/fs/promises:1245:14)
      at Object.handler (file:///Users/hf-mac/Downloads/tgpro-admin/.output/server/chunks/nitro/nitro.mjs:1959:19)
      at Server.toNodeHandle (file:///Users/hf-mac/Downloads/tgpro-admin/.output/server/chunks/nitro/nitro.mjs:2230:7) {
    errno: -2,
    code: 'ENOENT',
    syscall: 'open',
    path: '/Users/hf-mac/Downloads/tgpro-admin/.output/public/_nuxt/Bl84yrz9.js'
  },
  statusCode: 500,
  fatal: false,
  unhandled: true,
  statusMessage: undefined,
  data: undefined
}
2025-11-05T02:30:47: [request error] [unhandled] [GET] http://localhost:3000/_nuxt/D974gv07.js
 H3Error: ENOENT: no such file or directory, open '/Users/hf-mac/Downloads/tgpro-admin/.output/public/_nuxt/D974gv07.js'
    at open (node:internal/fs/promises:641:25)
    ... 2 lines matching cause stack trace ...
    at Server.toNodeHandle (file:///Users/hf-mac/Downloads/tgpro-admin/.output/server/chunks/nitro/nitro.mjs:2230:7) {
  cause: Error: ENOENT: no such file or directory, open '/Users/hf-mac/Downloads/tgpro-admin/.output/public/_nuxt/D974gv07.js'
      at open (node:internal/fs/promises:641:25)
      at Object.readFile (node:internal/fs/promises:1245:14)
      at Object.handler (file:///Users/hf-mac/Downloads/tgpro-admin/.output/server/chunks/nitro/nitro.mjs:1959:19)
      at Server.toNodeHandle (file:///Users/hf-mac/Downloads/tgpro-admin/.output/server/chunks/nitro/nitro.mjs:2230:7) {
    errno: -2,
    code: 'ENOENT',
    syscall: 'open',
    path: '/Users/hf-mac/Downloads/tgpro-admin/.output/public/_nuxt/D974gv07.js'
  },
  statusCode: 500,
  fatal: false,
  unhandled: true,
  statusMessage: undefined,
  data: undefined
}
2025-11-05T02:30:47: [request error] [unhandled] [GET] http://localhost:3000/_nuxt/D32lUId-.js
 H3Error: ENOENT: no such file or directory, open '/Users/hf-mac/Downloads/tgpro-admin/.output/public/_nuxt/D32lUId-.js'
    at open (node:internal/fs/promises:641:25)
    ... 2 lines matching cause stack trace ...
    at Server.toNodeHandle (file:///Users/hf-mac/Downloads/tgpro-admin/.output/server/chunks/nitro/nitro.mjs:2230:7) {
  cause: Error: ENOENT: no such file or directory, open '/Users/hf-mac/Downloads/tgpro-admin/.output/public/_nuxt/D32lUId-.js'
      at open (node:internal/fs/promises:641:25)
      at Object.readFile (node:internal/fs/promises:1245:14)
      at Object.handler (file:///Users/hf-mac/Downloads/tgpro-admin/.output/server/chunks/nitro/nitro.mjs:1959:19)
      at Server.toNodeHandle (file:///Users/hf-mac/Downloads/tgpro-admin/.output/server/chunks/nitro/nitro.mjs:2230:7) {
    errno: -2,
    code: 'ENOENT',
    syscall: 'open',
    path: '/Users/hf-mac/Downloads/tgpro-admin/.output/public/_nuxt/D32lUId-.js'
  },
  statusCode: 500,
  fatal: false,
  unhandled: true,
  statusMessage: undefined,
  data: undefined
}
2025-11-05T02:30:47: [request error] [unhandled] [GET] http://localhost:3000/_nuxt/CetYVyQG.js
 H3Error: ENOENT: no such file or directory, open '/Users/hf-mac/Downloads/tgpro-admin/.output/public/_nuxt/CetYVyQG.js'
    at open (node:internal/fs/promises:641:25)
    ... 2 lines matching cause stack trace ...
    at Server.toNodeHandle (file:///Users/hf-mac/Downloads/tgpro-admin/.output/server/chunks/nitro/nitro.mjs:2230:7) {
  cause: Error: ENOENT: no such file or directory, open '/Users/hf-mac/Downloads/tgpro-admin/.output/public/_nuxt/CetYVyQG.js'
      at open (node:internal/fs/promises:641:25)
      at Object.readFile (node:internal/fs/promises:1245:14)
      at Object.handler (file:///Users/hf-mac/Downloads/tgpro-admin/.output/server/chunks/nitro/nitro.mjs:1959:19)
      at Server.toNodeHandle (file:///Users/hf-mac/Downloads/tgpro-admin/.output/server/chunks/nitro/nitro.mjs:2230:7) {
    errno: -2,
    code: 'ENOENT',
    syscall: 'open',
    path: '/Users/hf-mac/Downloads/tgpro-admin/.output/public/_nuxt/CetYVyQG.js'
  },
  statusCode: 500,
  fatal: false,
  unhandled: true,
  statusMessage: undefined,
  data: undefined
}
2025-11-05T02:30:47: [request error] [unhandled] [GET] http://localhost:3000/_nuxt/Db7eFA1E.js
 H3Error: ENOENT: no such file or directory, open '/Users/hf-mac/Downloads/tgpro-admin/.output/public/_nuxt/Db7eFA1E.js'
    at open (node:internal/fs/promises:641:25)
    ... 2 lines matching cause stack trace ...
    at Server.toNodeHandle (file:///Users/hf-mac/Downloads/tgpro-admin/.output/server/chunks/nitro/nitro.mjs:2230:7) {
  cause: Error: ENOENT: no such file or directory, open '/Users/hf-mac/Downloads/tgpro-admin/.output/public/_nuxt/Db7eFA1E.js'
      at open (node:internal/fs/promises:641:25)
      at Object.readFile (node:internal/fs/promises:1245:14)
      at Object.handler (file:///Users/hf-mac/Downloads/tgpro-admin/.output/server/chunks/nitro/nitro.mjs:1959:19)
      at Server.toNodeHandle (file:///Users/hf-mac/Downloads/tgpro-admin/.output/server/chunks/nitro/nitro.mjs:2230:7) {
    errno: -2,
    code: 'ENOENT',
    syscall: 'open',
    path: '/Users/hf-mac/Downloads/tgpro-admin/.output/public/_nuxt/Db7eFA1E.js'
  },
  statusCode: 500,
  fatal: false,
  unhandled: true,
  statusMessage: undefined,
  data: undefined
}
2025-11-05T02:30:47: [request error] [unhandled] [GET] http://localhost:3000/_nuxt/DAr-OQmd.js
 H3Error: ENOENT: no such file or directory, open '/Users/hf-mac/Downloads/tgpro-admin/.output/public/_nuxt/DAr-OQmd.js'
    at open (node:internal/fs/promises:641:25)
    ... 2 lines matching cause stack trace ...
    at Server.toNodeHandle (file:///Users/hf-mac/Downloads/tgpro-admin/.output/server/chunks/nitro/nitro.mjs:2230:7) {
  cause: Error: ENOENT: no such file or directory, open '/Users/hf-mac/Downloads/tgpro-admin/.output/public/_nuxt/DAr-OQmd.js'
      at open (node:internal/fs/promises:641:25)
      at Object.readFile (node:internal/fs/promises:1245:14)
      at Object.handler (file:///Users/hf-mac/Downloads/tgpro-admin/.output/server/chunks/nitro/nitro.mjs:1959:19)
      at Server.toNodeHandle (file:///Users/hf-mac/Downloads/tgpro-admin/.output/server/chunks/nitro/nitro.mjs:2230:7) {
    errno: -2,
    code: 'ENOENT',
    syscall: 'open',
    path: '/Users/hf-mac/Downloads/tgpro-admin/.output/public/_nuxt/DAr-OQmd.js'
  },
  statusCode: 500,
  fatal: false,
  unhandled: true,
  statusMessage: undefined,
  data: undefined
}
2025-11-05T02:30:47: [request error] [unhandled] [GET] http://localhost:3000/_nuxt/Bdz-sLfb.js
 H3Error: ENOENT: no such file or directory, open '/Users/hf-mac/Downloads/tgpro-admin/.output/public/_nuxt/Bdz-sLfb.js'
    at open (node:internal/fs/promises:641:25)
    ... 2 lines matching cause stack trace ...
    at Server.toNodeHandle (file:///Users/hf-mac/Downloads/tgpro-admin/.output/server/chunks/nitro/nitro.mjs:2230:7) {
  cause: Error: ENOENT: no such file or directory, open '/Users/hf-mac/Downloads/tgpro-admin/.output/public/_nuxt/Bdz-sLfb.js'
      at open (node:internal/fs/promises:641:25)
      at Object.readFile (node:internal/fs/promises:1245:14)
      at Object.handler (file:///Users/hf-mac/Downloads/tgpro-admin/.output/server/chunks/nitro/nitro.mjs:1959:19)
      at Server.toNodeHandle (file:///Users/hf-mac/Downloads/tgpro-admin/.output/server/chunks/nitro/nitro.mjs:2230:7) {
    errno: -2,
    code: 'ENOENT',
    syscall: 'open',
    path: '/Users/hf-mac/Downloads/tgpro-admin/.output/public/_nuxt/Bdz-sLfb.js'
  },
  statusCode: 500,
  fatal: false,
  unhandled: true,
  statusMessage: undefined,
  data: undefined
}
2025-11-05T02:30:47: [request error] [unhandled] [GET] http://localhost:3000/_nuxt/BTgB1rvp.js
 H3Error: ENOENT: no such file or directory, open '/Users/hf-mac/Downloads/tgpro-admin/.output/public/_nuxt/BTgB1rvp.js'
    at open (node:internal/fs/promises:641:25)
    ... 2 lines matching cause stack trace ...
    at Server.toNodeHandle (file:///Users/hf-mac/Downloads/tgpro-admin/.output/server/chunks/nitro/nitro.mjs:2230:7) {
  cause: Error: ENOENT: no such file or directory, open '/Users/hf-mac/Downloads/tgpro-admin/.output/public/_nuxt/BTgB1rvp.js'
      at open (node:internal/fs/promises:641:25)
      at Object.readFile (node:internal/fs/promises:1245:14)
      at Object.handler (file:///Users/hf-mac/Downloads/tgpro-admin/.output/server/chunks/nitro/nitro.mjs:1959:19)
      at Server.toNodeHandle (file:///Users/hf-mac/Downloads/tgpro-admin/.output/server/chunks/nitro/nitro.mjs:2230:7) {
    errno: -2,
    code: 'ENOENT',
    syscall: 'open',
    path: '/Users/hf-mac/Downloads/tgpro-admin/.output/public/_nuxt/BTgB1rvp.js'
  },
  statusCode: 500,
  fatal: false,
  unhandled: true,
  statusMessage: undefined,
  data: undefined
}
2025-11-05T02:30:47: [request error] [unhandled] [GET] http://localhost:3000/_nuxt/CXT04lNs.js
 H3Error: ENOENT: no such file or directory, open '/Users/hf-mac/Downloads/tgpro-admin/.output/public/_nuxt/CXT04lNs.js'
    at open (node:internal/fs/promises:641:25)
    ... 2 lines matching cause stack trace ...
    at Server.toNodeHandle (file:///Users/hf-mac/Downloads/tgpro-admin/.output/server/chunks/nitro/nitro.mjs:2230:7) {
  cause: Error: ENOENT: no such file or directory, open '/Users/hf-mac/Downloads/tgpro-admin/.output/public/_nuxt/CXT04lNs.js'
      at open (node:internal/fs/promises:641:25)
      at Object.readFile (node:internal/fs/promises:1245:14)
      at Object.handler (file:///Users/hf-mac/Downloads/tgpro-admin/.output/server/chunks/nitro/nitro.mjs:1959:19)
      at Server.toNodeHandle (file:///Users/hf-mac/Downloads/tgpro-admin/.output/server/chunks/nitro/nitro.mjs:2230:7) {
    errno: -2,
    code: 'ENOENT',
    syscall: 'open',
    path: '/Users/hf-mac/Downloads/tgpro-admin/.output/public/_nuxt/CXT04lNs.js'
  },
  statusCode: 500,
  fatal: false,
  unhandled: true,
  statusMessage: undefined,
  data: undefined
}
2025-11-05T02:30:47: [request error] [unhandled] [GET] http://localhost:3000/_nuxt/builds/meta/db489c3b-20ab-405c-96a2-98b632ec7da6.json
 H3Error: ENOENT: no such file or directory, open '/Users/hf-mac/Downloads/tgpro-admin/.output/public/_nuxt/builds/meta/db489c3b-20ab-405c-96a2-98b632ec7da6.json'
    at open (node:internal/fs/promises:641:25)
    ... 2 lines matching cause stack trace ...
    at Server.toNodeHandle (file:///Users/hf-mac/Downloads/tgpro-admin/.output/server/chunks/nitro/nitro.mjs:2230:7) {
  cause: Error: ENOENT: no such file or directory, open '/Users/hf-mac/Downloads/tgpro-admin/.output/public/_nuxt/builds/meta/db489c3b-20ab-405c-96a2-98b632ec7da6.json'
      at open (node:internal/fs/promises:641:25)
      at Object.readFile (node:internal/fs/promises:1245:14)
      at Object.handler (file:///Users/hf-mac/Downloads/tgpro-admin/.output/server/chunks/nitro/nitro.mjs:1959:19)
      at Server.toNodeHandle (file:///Users/hf-mac/Downloads/tgpro-admin/.output/server/chunks/nitro/nitro.mjs:2230:7) {
    errno: -2,
    code: 'ENOENT',
    syscall: 'open',
    path: '/Users/hf-mac/Downloads/tgpro-admin/.output/public/_nuxt/builds/meta/db489c3b-20ab-405c-96a2-98b632ec7da6.json'
  },
  statusCode: 500,
  fatal: false,
  unhandled: true,
  statusMessage: undefined,
  data: undefined
}
2025-11-05T02:30:47: [request error] [unhandled] [GET] http://localhost:3000/_nuxt/DbAgXtul.js
 H3Error: ENOENT: no such file or directory, open '/Users/hf-mac/Downloads/tgpro-admin/.output/public/_nuxt/DbAgXtul.js'
    at open (node:internal/fs/promises:641:25)
    ... 2 lines matching cause stack trace ...
    at Server.toNodeHandle (file:///Users/hf-mac/Downloads/tgpro-admin/.output/server/chunks/nitro/nitro.mjs:2230:7) {
  cause: Error: ENOENT: no such file or directory, open '/Users/hf-mac/Downloads/tgpro-admin/.output/public/_nuxt/DbAgXtul.js'
      at open (node:internal/fs/promises:641:25)
      at Object.readFile (node:internal/fs/promises:1245:14)
      at Object.handler (file:///Users/hf-mac/Downloads/tgpro-admin/.output/server/chunks/nitro/nitro.mjs:1959:19)
      at Server.toNodeHandle (file:///Users/hf-mac/Downloads/tgpro-admin/.output/server/chunks/nitro/nitro.mjs:2230:7) {
    errno: -2,
    code: 'ENOENT',
    syscall: 'open',
    path: '/Users/hf-mac/Downloads/tgpro-admin/.output/public/_nuxt/DbAgXtul.js'
  },
  statusCode: 500,
  fatal: false,
  unhandled: true,
  statusMessage: undefined,
  data: undefined
}
2025-11-05T02:30:47: [request error] [unhandled] [GET] http://localhost:3000/_nuxt/DpNIWReE.js
 H3Error: ENOENT: no such file or directory, open '/Users/hf-mac/Downloads/tgpro-admin/.output/public/_nuxt/DpNIWReE.js'
    at open (node:internal/fs/promises:641:25)
    ... 2 lines matching cause stack trace ...
    at Server.toNodeHandle (file:///Users/hf-mac/Downloads/tgpro-admin/.output/server/chunks/nitro/nitro.mjs:2230:7) {
  cause: Error: ENOENT: no such file or directory, open '/Users/hf-mac/Downloads/tgpro-admin/.output/public/_nuxt/DpNIWReE.js'
      at open (node:internal/fs/promises:641:25)
      at Object.readFile (node:internal/fs/promises:1245:14)
      at Object.handler (file:///Users/hf-mac/Downloads/tgpro-admin/.output/server/chunks/nitro/nitro.mjs:1959:19)
      at Server.toNodeHandle (file:///Users/hf-mac/Downloads/tgpro-admin/.output/server/chunks/nitro/nitro.mjs:2230:7) {
    errno: -2,
    code: 'ENOENT',
    syscall: 'open',
    path: '/Users/hf-mac/Downloads/tgpro-admin/.output/public/_nuxt/DpNIWReE.js'
  },
  statusCode: 500,
  fatal: false,
  unhandled: true,
  statusMessage: undefined,
  data: undefined
}
2025-11-05T02:30:47: [request error] [unhandled] [GET] http://localhost:3000/_nuxt/D_B5nL8y.js
 H3Error: ENOENT: no such file or directory, open '/Users/hf-mac/Downloads/tgpro-admin/.output/public/_nuxt/D_B5nL8y.js'
    at open (node:internal/fs/promises:641:25)
    ... 2 lines matching cause stack trace ...
    at Server.toNodeHandle (file:///Users/hf-mac/Downloads/tgpro-admin/.output/server/chunks/nitro/nitro.mjs:2230:7) {
  cause: Error: ENOENT: no such file or directory, open '/Users/hf-mac/Downloads/tgpro-admin/.output/public/_nuxt/D_B5nL8y.js'
      at open (node:internal/fs/promises:641:25)
      at Object.readFile (node:internal/fs/promises:1245:14)
      at Object.handler (file:///Users/hf-mac/Downloads/tgpro-admin/.output/server/chunks/nitro/nitro.mjs:1959:19)
      at Server.toNodeHandle (file:///Users/hf-mac/Downloads/tgpro-admin/.output/server/chunks/nitro/nitro.mjs:2230:7) {
    errno: -2,
    code: 'ENOENT',
    syscall: 'open',
    path: '/Users/hf-mac/Downloads/tgpro-admin/.output/public/_nuxt/D_B5nL8y.js'
  },
  statusCode: 500,
  fatal: false,
  unhandled: true,
  statusMessage: undefined,
  data: undefined
}
2025-11-05T02:30:47: [request error] [unhandled] [GET] http://localhost:3000/_nuxt/Bl84yrz9.js
 H3Error: ENOENT: no such file or directory, open '/Users/hf-mac/Downloads/tgpro-admin/.output/public/_nuxt/Bl84yrz9.js'
    at open (node:internal/fs/promises:641:25)
    ... 2 lines matching cause stack trace ...
    at Server.toNodeHandle (file:///Users/hf-mac/Downloads/tgpro-admin/.output/server/chunks/nitro/nitro.mjs:2230:7) {
  cause: Error: ENOENT: no such file or directory, open '/Users/hf-mac/Downloads/tgpro-admin/.output/public/_nuxt/Bl84yrz9.js'
      at open (node:internal/fs/promises:641:25)
      at Object.readFile (node:internal/fs/promises:1245:14)
      at Object.handler (file:///Users/hf-mac/Downloads/tgpro-admin/.output/server/chunks/nitro/nitro.mjs:1959:19)
      at Server.toNodeHandle (file:///Users/hf-mac/Downloads/tgpro-admin/.output/server/chunks/nitro/nitro.mjs:2230:7) {
    errno: -2,
    code: 'ENOENT',
    syscall: 'open',
    path: '/Users/hf-mac/Downloads/tgpro-admin/.output/public/_nuxt/Bl84yrz9.js'
  },
  statusCode: 500,
  fatal: false,
  unhandled: true,
  statusMessage: undefined,
  data: undefined
}
2025-11-05T02:30:47: [request error] [unhandled] [GET] http://localhost:3000/_nuxt/D974gv07.js
 H3Error: ENOENT: no such file or directory, open '/Users/hf-mac/Downloads/tgpro-admin/.output/public/_nuxt/D974gv07.js'
    at open (node:internal/fs/promises:641:25)
    ... 2 lines matching cause stack trace ...
    at Server.toNodeHandle (file:///Users/hf-mac/Downloads/tgpro-admin/.output/server/chunks/nitro/nitro.mjs:2230:7) {
  cause: Error: ENOENT: no such file or directory, open '/Users/hf-mac/Downloads/tgpro-admin/.output/public/_nuxt/D974gv07.js'
      at open (node:internal/fs/promises:641:25)
      at Object.readFile (node:internal/fs/promises:1245:14)
      at Object.handler (file:///Users/hf-mac/Downloads/tgpro-admin/.output/server/chunks/nitro/nitro.mjs:1959:19)
      at Server.toNodeHandle (file:///Users/hf-mac/Downloads/tgpro-admin/.output/server/chunks/nitro/nitro.mjs:2230:7) {
    errno: -2,
    code: 'ENOENT',
    syscall: 'open',
    path: '/Users/hf-mac/Downloads/tgpro-admin/.output/public/_nuxt/D974gv07.js'
  },
  statusCode: 500,
  fatal: false,
  unhandled: true,
  statusMessage: undefined,
  data: undefined
}
2025-11-05T02:30:47: [request error] [unhandled] [GET] http://localhost:3000/_nuxt/D32lUId-.js
 H3Error: ENOENT: no such file or directory, open '/Users/hf-mac/Downloads/tgpro-admin/.output/public/_nuxt/D32lUId-.js'
    at open (node:internal/fs/promises:641:25)
    ... 2 lines matching cause stack trace ...
    at Server.toNodeHandle (file:///Users/hf-mac/Downloads/tgpro-admin/.output/server/chunks/nitro/nitro.mjs:2230:7) {
  cause: Error: ENOENT: no such file or directory, open '/Users/hf-mac/Downloads/tgpro-admin/.output/public/_nuxt/D32lUId-.js'
      at open (node:internal/fs/promises:641:25)
      at Object.readFile (node:internal/fs/promises:1245:14)
      at Object.handler (file:///Users/hf-mac/Downloads/tgpro-admin/.output/server/chunks/nitro/nitro.mjs:1959:19)
      at Server.toNodeHandle (file:///Users/hf-mac/Downloads/tgpro-admin/.output/server/chunks/nitro/nitro.mjs:2230:7) {
    errno: -2,
    code: 'ENOENT',
    syscall: 'open',
    path: '/Users/hf-mac/Downloads/tgpro-admin/.output/public/_nuxt/D32lUId-.js'
  },
  statusCode: 500,
  fatal: false,
  unhandled: true,
  statusMessage: undefined,
  data: undefined
}
2025-11-05T02:30:47: [request error] [unhandled] [GET] http://localhost:3000/_nuxt/CetYVyQG.js
 H3Error: ENOENT: no such file or directory, open '/Users/hf-mac/Downloads/tgpro-admin/.output/public/_nuxt/CetYVyQG.js'
    at open (node:internal/fs/promises:641:25)
    ... 2 lines matching cause stack trace ...
    at Server.toNodeHandle (file:///Users/hf-mac/Downloads/tgpro-admin/.output/server/chunks/nitro/nitro.mjs:2230:7) {
  cause: Error: ENOENT: no such file or directory, open '/Users/hf-mac/Downloads/tgpro-admin/.output/public/_nuxt/CetYVyQG.js'
      at open (node:internal/fs/promises:641:25)
      at Object.readFile (node:internal/fs/promises:1245:14)
      at Object.handler (file:///Users/hf-mac/Downloads/tgpro-admin/.output/server/chunks/nitro/nitro.mjs:1959:19)
      at Server.toNodeHandle (file:///Users/hf-mac/Downloads/tgpro-admin/.output/server/chunks/nitro/nitro.mjs:2230:7) {
    errno: -2,
    code: 'ENOENT',
    syscall: 'open',
    path: '/Users/hf-mac/Downloads/tgpro-admin/.output/public/_nuxt/CetYVyQG.js'
  },
  statusCode: 500,
  fatal: false,
  unhandled: true,
  statusMessage: undefined,
  data: undefined
}
2025-11-05T02:30:47: [request error] [unhandled] [GET] http://localhost:3000/_nuxt/Db7eFA1E.js
 H3Error: ENOENT: no such file or directory, open '/Users/hf-mac/Downloads/tgpro-admin/.output/public/_nuxt/Db7eFA1E.js'
    at open (node:internal/fs/promises:641:25)
    ... 2 lines matching cause stack trace ...
    at Server.toNodeHandle (file:///Users/hf-mac/Downloads/tgpro-admin/.output/server/chunks/nitro/nitro.mjs:2230:7) {
  cause: Error: ENOENT: no such file or directory, open '/Users/hf-mac/Downloads/tgpro-admin/.output/public/_nuxt/Db7eFA1E.js'
      at open (node:internal/fs/promises:641:25)
      at Object.readFile (node:internal/fs/promises:1245:14)
      at Object.handler (file:///Users/hf-mac/Downloads/tgpro-admin/.output/server/chunks/nitro/nitro.mjs:1959:19)
      at Server.toNodeHandle (file:///Users/hf-mac/Downloads/tgpro-admin/.output/server/chunks/nitro/nitro.mjs:2230:7) {
    errno: -2,
    code: 'ENOENT',
    syscall: 'open',
    path: '/Users/hf-mac/Downloads/tgpro-admin/.output/public/_nuxt/Db7eFA1E.js'
  },
  statusCode: 500,
  fatal: false,
  unhandled: true,
  statusMessage: undefined,
  data: undefined
}
2025-11-05T02:30:47: [request error] [unhandled] [GET] http://localhost:3000/_nuxt/DAr-OQmd.js
 H3Error: ENOENT: no such file or directory, open '/Users/hf-mac/Downloads/tgpro-admin/.output/public/_nuxt/DAr-OQmd.js'
    at open (node:internal/fs/promises:641:25)
    ... 2 lines matching cause stack trace ...
    at Server.toNodeHandle (file:///Users/hf-mac/Downloads/tgpro-admin/.output/server/chunks/nitro/nitro.mjs:2230:7) {
  cause: Error: ENOENT: no such file or directory, open '/Users/hf-mac/Downloads/tgpro-admin/.output/public/_nuxt/DAr-OQmd.js'
      at open (node:internal/fs/promises:641:25)
      at Object.readFile (node:internal/fs/promises:1245:14)
      at Object.handler (file:///Users/hf-mac/Downloads/tgpro-admin/.output/server/chunks/nitro/nitro.mjs:1959:19)
      at Server.toNodeHandle (file:///Users/hf-mac/Downloads/tgpro-admin/.output/server/chunks/nitro/nitro.mjs:2230:7) {
    errno: -2,
    code: 'ENOENT',
    syscall: 'open',
    path: '/Users/hf-mac/Downloads/tgpro-admin/.output/public/_nuxt/DAr-OQmd.js'
  },
  statusCode: 500,
  fatal: false,
  unhandled: true,
  statusMessage: undefined,
  data: undefined
}
2025-11-05T02:30:47: [request error] [unhandled] [GET] http://localhost:3000/_nuxt/Bdz-sLfb.js
 H3Error: ENOENT: no such file or directory, open '/Users/hf-mac/Downloads/tgpro-admin/.output/public/_nuxt/Bdz-sLfb.js'
    at open (node:internal/fs/promises:641:25)
    ... 2 lines matching cause stack trace ...
    at Server.toNodeHandle (file:///Users/hf-mac/Downloads/tgpro-admin/.output/server/chunks/nitro/nitro.mjs:2230:7) {
  cause: Error: ENOENT: no such file or directory, open '/Users/hf-mac/Downloads/tgpro-admin/.output/public/_nuxt/Bdz-sLfb.js'
      at open (node:internal/fs/promises:641:25)
      at Object.readFile (node:internal/fs/promises:1245:14)
      at Object.handler (file:///Users/hf-mac/Downloads/tgpro-admin/.output/server/chunks/nitro/nitro.mjs:1959:19)
      at Server.toNodeHandle (file:///Users/hf-mac/Downloads/tgpro-admin/.output/server/chunks/nitro/nitro.mjs:2230:7) {
    errno: -2,
    code: 'ENOENT',
    syscall: 'open',
    path: '/Users/hf-mac/Downloads/tgpro-admin/.output/public/_nuxt/Bdz-sLfb.js'
  },
  statusCode: 500,
  fatal: false,
  unhandled: true,
  statusMessage: undefined,
  data: undefined
}
2025-11-05T02:30:47: [request error] [unhandled] [GET] http://localhost:3000/_nuxt/BTgB1rvp.js
 H3Error: ENOENT: no such file or directory, open '/Users/hf-mac/Downloads/tgpro-admin/.output/public/_nuxt/BTgB1rvp.js'
    at open (node:internal/fs/promises:641:25)
    ... 2 lines matching cause stack trace ...
    at Server.toNodeHandle (file:///Users/hf-mac/Downloads/tgpro-admin/.output/server/chunks/nitro/nitro.mjs:2230:7) {
  cause: Error: ENOENT: no such file or directory, open '/Users/hf-mac/Downloads/tgpro-admin/.output/public/_nuxt/BTgB1rvp.js'
      at open (node:internal/fs/promises:641:25)
      at Object.readFile (node:internal/fs/promises:1245:14)
      at Object.handler (file:///Users/hf-mac/Downloads/tgpro-admin/.output/server/chunks/nitro/nitro.mjs:1959:19)
      at Server.toNodeHandle (file:///Users/hf-mac/Downloads/tgpro-admin/.output/server/chunks/nitro/nitro.mjs:2230:7) {
    errno: -2,
    code: 'ENOENT',
    syscall: 'open',
    path: '/Users/hf-mac/Downloads/tgpro-admin/.output/public/_nuxt/BTgB1rvp.js'
  },
  statusCode: 500,
  fatal: false,
  unhandled: true,
  statusMessage: undefined,
  data: undefined
}
2025-11-05T02:30:47: [request error] [unhandled] [GET] http://localhost:3000/_nuxt/CXT04lNs.js
 H3Error: ENOENT: no such file or directory, open '/Users/hf-mac/Downloads/tgpro-admin/.output/public/_nuxt/CXT04lNs.js'
    at open (node:internal/fs/promises:641:25)
    ... 2 lines matching cause stack trace ...
    at Server.toNodeHandle (file:///Users/hf-mac/Downloads/tgpro-admin/.output/server/chunks/nitro/nitro.mjs:2230:7) {
  cause: Error: ENOENT: no such file or directory, open '/Users/hf-mac/Downloads/tgpro-admin/.output/public/_nuxt/CXT04lNs.js'
      at open (node:internal/fs/promises:641:25)
      at Object.readFile (node:internal/fs/promises:1245:14)
      at Object.handler (file:///Users/hf-mac/Downloads/tgpro-admin/.output/server/chunks/nitro/nitro.mjs:1959:19)
      at Server.toNodeHandle (file:///Users/hf-mac/Downloads/tgpro-admin/.output/server/chunks/nitro/nitro.mjs:2230:7) {
    errno: -2,
    code: 'ENOENT',
    syscall: 'open',
    path: '/Users/hf-mac/Downloads/tgpro-admin/.output/public/_nuxt/CXT04lNs.js'
  },
  statusCode: 500,
  fatal: false,
  unhandled: true,
  statusMessage: undefined,
  data: undefined
}
2025-11-05T02:30:47: [request error] [unhandled] [GET] http://localhost:3000/_nuxt/DcHNM1Xn.js
 H3Error: ENOENT: no such file or directory, open '/Users/hf-mac/Downloads/tgpro-admin/.output/public/_nuxt/DcHNM1Xn.js'
    at open (node:internal/fs/promises:641:25)
    ... 2 lines matching cause stack trace ...
    at Server.toNodeHandle (file:///Users/hf-mac/Downloads/tgpro-admin/.output/server/chunks/nitro/nitro.mjs:2230:7) {
  cause: Error: ENOENT: no such file or directory, open '/Users/hf-mac/Downloads/tgpro-admin/.output/public/_nuxt/DcHNM1Xn.js'
      at open (node:internal/fs/promises:641:25)
      at Object.readFile (node:internal/fs/promises:1245:14)
      at Object.handler (file:///Users/hf-mac/Downloads/tgpro-admin/.output/server/chunks/nitro/nitro.mjs:1959:19)
      at Server.toNodeHandle (file:///Users/hf-mac/Downloads/tgpro-admin/.output/server/chunks/nitro/nitro.mjs:2230:7) {
    errno: -2,
    code: 'ENOENT',
    syscall: 'open',
    path: '/Users/hf-mac/Downloads/tgpro-admin/.output/public/_nuxt/DcHNM1Xn.js'
  },
  statusCode: 500,
  fatal: false,
  unhandled: true,
  statusMessage: undefined,
  data: undefined
}
2025-11-05T02:30:47: [request error] [unhandled] [GET] http://localhost:3000/_nuxt/C4xQaJXR.js
 H3Error: ENOENT: no such file or directory, open '/Users/hf-mac/Downloads/tgpro-admin/.output/public/_nuxt/C4xQaJXR.js'
    at open (node:internal/fs/promises:641:25)
    ... 2 lines matching cause stack trace ...
    at Server.toNodeHandle (file:///Users/hf-mac/Downloads/tgpro-admin/.output/server/chunks/nitro/nitro.mjs:2230:7) {
  cause: Error: ENOENT: no such file or directory, open '/Users/hf-mac/Downloads/tgpro-admin/.output/public/_nuxt/C4xQaJXR.js'
      at open (node:internal/fs/promises:641:25)
      at Object.readFile (node:internal/fs/promises:1245:14)
      at Object.handler (file:///Users/hf-mac/Downloads/tgpro-admin/.output/server/chunks/nitro/nitro.mjs:1959:19)
      at Server.toNodeHandle (file:///Users/hf-mac/Downloads/tgpro-admin/.output/server/chunks/nitro/nitro.mjs:2230:7) {
    errno: -2,
    code: 'ENOENT',
    syscall: 'open',
    path: '/Users/hf-mac/Downloads/tgpro-admin/.output/public/_nuxt/C4xQaJXR.js'
  },
  statusCode: 500,
  fatal: false,
  unhandled: true,
  statusMessage: undefined,
  data: undefined
}
2025-11-05T02:30:47: [request error] [unhandled] [GET] http://localhost:3000/_nuxt/builds/meta/db489c3b-20ab-405c-96a2-98b632ec7da6.json
 H3Error: ENOENT: no such file or directory, open '/Users/hf-mac/Downloads/tgpro-admin/.output/public/_nuxt/builds/meta/db489c3b-20ab-405c-96a2-98b632ec7da6.json'
    at open (node:internal/fs/promises:641:25)
    ... 2 lines matching cause stack trace ...
    at Server.toNodeHandle (file:///Users/hf-mac/Downloads/tgpro-admin/.output/server/chunks/nitro/nitro.mjs:2230:7) {
  cause: Error: ENOENT: no such file or directory, open '/Users/hf-mac/Downloads/tgpro-admin/.output/public/_nuxt/builds/meta/db489c3b-20ab-405c-96a2-98b632ec7da6.json'
      at open (node:internal/fs/promises:641:25)
      at Object.readFile (node:internal/fs/promises:1245:14)
      at Object.handler (file:///Users/hf-mac/Downloads/tgpro-admin/.output/server/chunks/nitro/nitro.mjs:1959:19)
      at Server.toNodeHandle (file:///Users/hf-mac/Downloads/tgpro-admin/.output/server/chunks/nitro/nitro.mjs:2230:7) {
    errno: -2,
    code: 'ENOENT',
    syscall: 'open',
    path: '/Users/hf-mac/Downloads/tgpro-admin/.output/public/_nuxt/builds/meta/db489c3b-20ab-405c-96a2-98b632ec7da6.json'
  },
  statusCode: 500,
  fatal: false,
  unhandled: true,
  statusMessage: undefined,
  data: undefined
}
2025-11-05T02:30:47: [request error] [unhandled] [GET] http://localhost:3000/_nuxt/DpNIWReE.js
 H3Error: ENOENT: no such file or directory, open '/Users/hf-mac/Downloads/tgpro-admin/.output/public/_nuxt/DpNIWReE.js'
    at open (node:internal/fs/promises:641:25)
    ... 2 lines matching cause stack trace ...
    at Server.toNodeHandle (file:///Users/hf-mac/Downloads/tgpro-admin/.output/server/chunks/nitro/nitro.mjs:2230:7) {
  cause: Error: ENOENT: no such file or directory, open '/Users/hf-mac/Downloads/tgpro-admin/.output/public/_nuxt/DpNIWReE.js'
      at open (node:internal/fs/promises:641:25)
      at Object.readFile (node:internal/fs/promises:1245:14)
      at Object.handler (file:///Users/hf-mac/Downloads/tgpro-admin/.output/server/chunks/nitro/nitro.mjs:1959:19)
      at Server.toNodeHandle (file:///Users/hf-mac/Downloads/tgpro-admin/.output/server/chunks/nitro/nitro.mjs:2230:7) {
    errno: -2,
    code: 'ENOENT',
    syscall: 'open',
    path: '/Users/hf-mac/Downloads/tgpro-admin/.output/public/_nuxt/DpNIWReE.js'
  },
  statusCode: 500,
  fatal: false,
  unhandled: true,
  statusMessage: undefined,
  data: undefined
}
2025-11-05T02:30:47: [request error] [unhandled] [GET] http://localhost:3000/_nuxt/DbAgXtul.js
 H3Error: ENOENT: no such file or directory, open '/Users/hf-mac/Downloads/tgpro-admin/.output/public/_nuxt/DbAgXtul.js'
    at open (node:internal/fs/promises:641:25)
    ... 2 lines matching cause stack trace ...
    at Server.toNodeHandle (file:///Users/hf-mac/Downloads/tgpro-admin/.output/server/chunks/nitro/nitro.mjs:2230:7) {
  cause: Error: ENOENT: no such file or directory, open '/Users/hf-mac/Downloads/tgpro-admin/.output/public/_nuxt/DbAgXtul.js'
      at open (node:internal/fs/promises:641:25)
      at Object.readFile (node:internal/fs/promises:1245:14)
      at Object.handler (file:///Users/hf-mac/Downloads/tgpro-admin/.output/server/chunks/nitro/nitro.mjs:1959:19)
      at Server.toNodeHandle (file:///Users/hf-mac/Downloads/tgpro-admin/.output/server/chunks/nitro/nitro.mjs:2230:7) {
    errno: -2,
    code: 'ENOENT',
    syscall: 'open',
    path: '/Users/hf-mac/Downloads/tgpro-admin/.output/public/_nuxt/DbAgXtul.js'
  },
  statusCode: 500,
  fatal: false,
  unhandled: true,
  statusMessage: undefined,
  data: undefined
}
2025-11-05T02:30:47: [request error] [unhandled] [GET] http://localhost:3000/_nuxt/D_B5nL8y.js
 H3Error: ENOENT: no such file or directory, open '/Users/hf-mac/Downloads/tgpro-admin/.output/public/_nuxt/D_B5nL8y.js'
    at open (node:internal/fs/promises:641:25)
    ... 2 lines matching cause stack trace ...
    at Server.toNodeHandle (file:///Users/hf-mac/Downloads/tgpro-admin/.output/server/chunks/nitro/nitro.mjs:2230:7) {
  cause: Error: ENOENT: no such file or directory, open '/Users/hf-mac/Downloads/tgpro-admin/.output/public/_nuxt/D_B5nL8y.js'
      at open (node:internal/fs/promises:641:25)
      at Object.readFile (node:internal/fs/promises:1245:14)
      at Object.handler (file:///Users/hf-mac/Downloads/tgpro-admin/.output/server/chunks/nitro/nitro.mjs:1959:19)
      at Server.toNodeHandle (file:///Users/hf-mac/Downloads/tgpro-admin/.output/server/chunks/nitro/nitro.mjs:2230:7) {
    errno: -2,
    code: 'ENOENT',
    syscall: 'open',
    path: '/Users/hf-mac/Downloads/tgpro-admin/.output/public/_nuxt/D_B5nL8y.js'
  },
  statusCode: 500,
  fatal: false,
  unhandled: true,
  statusMessage: undefined,
  data: undefined
}
2025-11-05T02:30:47: [request error] [unhandled] [GET] http://localhost:3000/_nuxt/Bl84yrz9.js
 H3Error: ENOENT: no such file or directory, open '/Users/hf-mac/Downloads/tgpro-admin/.output/public/_nuxt/Bl84yrz9.js'
    at open (node:internal/fs/promises:641:25)
    ... 2 lines matching cause stack trace ...
    at Server.toNodeHandle (file:///Users/hf-mac/Downloads/tgpro-admin/.output/server/chunks/nitro/nitro.mjs:2230:7) {
  cause: Error: ENOENT: no such file or directory, open '/Users/hf-mac/Downloads/tgpro-admin/.output/public/_nuxt/Bl84yrz9.js'
      at open (node:internal/fs/promises:641:25)
      at Object.readFile (node:internal/fs/promises:1245:14)
      at Object.handler (file:///Users/hf-mac/Downloads/tgpro-admin/.output/server/chunks/nitro/nitro.mjs:1959:19)
      at Server.toNodeHandle (file:///Users/hf-mac/Downloads/tgpro-admin/.output/server/chunks/nitro/nitro.mjs:2230:7) {
    errno: -2,
    code: 'ENOENT',
    syscall: 'open',
    path: '/Users/hf-mac/Downloads/tgpro-admin/.output/public/_nuxt/Bl84yrz9.js'
  },
  statusCode: 500,
  fatal: false,
  unhandled: true,
  statusMessage: undefined,
  data: undefined
}
2025-11-05T02:30:47: [request error] [unhandled] [GET] http://localhost:3000/_nuxt/D974gv07.js
 H3Error: ENOENT: no such file or directory, open '/Users/hf-mac/Downloads/tgpro-admin/.output/public/_nuxt/D974gv07.js'
    at open (node:internal/fs/promises:641:25)
    ... 2 lines matching cause stack trace ...
    at Server.toNodeHandle (file:///Users/hf-mac/Downloads/tgpro-admin/.output/server/chunks/nitro/nitro.mjs:2230:7) {
  cause: Error: ENOENT: no such file or directory, open '/Users/hf-mac/Downloads/tgpro-admin/.output/public/_nuxt/D974gv07.js'
      at open (node:internal/fs/promises:641:25)
      at Object.readFile (node:internal/fs/promises:1245:14)
      at Object.handler (file:///Users/hf-mac/Downloads/tgpro-admin/.output/server/chunks/nitro/nitro.mjs:1959:19)
      at Server.toNodeHandle (file:///Users/hf-mac/Downloads/tgpro-admin/.output/server/chunks/nitro/nitro.mjs:2230:7) {
    errno: -2,
    code: 'ENOENT',
    syscall: 'open',
    path: '/Users/hf-mac/Downloads/tgpro-admin/.output/public/_nuxt/D974gv07.js'
  },
  statusCode: 500,
  fatal: false,
  unhandled: true,
  statusMessage: undefined,
  data: undefined
}
2025-11-05T02:30:47: [request error] [unhandled] [GET] http://localhost:3000/_nuxt/D32lUId-.js
 H3Error: ENOENT: no such file or directory, open '/Users/hf-mac/Downloads/tgpro-admin/.output/public/_nuxt/D32lUId-.js'
    at open (node:internal/fs/promises:641:25)
    ... 2 lines matching cause stack trace ...
    at Server.toNodeHandle (file:///Users/hf-mac/Downloads/tgpro-admin/.output/server/chunks/nitro/nitro.mjs:2230:7) {
  cause: Error: ENOENT: no such file or directory, open '/Users/hf-mac/Downloads/tgpro-admin/.output/public/_nuxt/D32lUId-.js'
      at open (node:internal/fs/promises:641:25)
      at Object.readFile (node:internal/fs/promises:1245:14)
      at Object.handler (file:///Users/hf-mac/Downloads/tgpro-admin/.output/server/chunks/nitro/nitro.mjs:1959:19)
      at Server.toNodeHandle (file:///Users/hf-mac/Downloads/tgpro-admin/.output/server/chunks/nitro/nitro.mjs:2230:7) {
    errno: -2,
    code: 'ENOENT',
    syscall: 'open',
    path: '/Users/hf-mac/Downloads/tgpro-admin/.output/public/_nuxt/D32lUId-.js'
  },
  statusCode: 500,
  fatal: false,
  unhandled: true,
  statusMessage: undefined,
  data: undefined
}
2025-11-05T02:30:47: [request error] [unhandled] [GET] http://localhost:3000/_nuxt/CetYVyQG.js
 H3Error: ENOENT: no such file or directory, open '/Users/hf-mac/Downloads/tgpro-admin/.output/public/_nuxt/CetYVyQG.js'
    at open (node:internal/fs/promises:641:25)
    ... 2 lines matching cause stack trace ...
    at Server.toNodeHandle (file:///Users/hf-mac/Downloads/tgpro-admin/.output/server/chunks/nitro/nitro.mjs:2230:7) {
  cause: Error: ENOENT: no such file or directory, open '/Users/hf-mac/Downloads/tgpro-admin/.output/public/_nuxt/CetYVyQG.js'
      at open (node:internal/fs/promises:641:25)
      at Object.readFile (node:internal/fs/promises:1245:14)
      at Object.handler (file:///Users/hf-mac/Downloads/tgpro-admin/.output/server/chunks/nitro/nitro.mjs:1959:19)
      at Server.toNodeHandle (file:///Users/hf-mac/Downloads/tgpro-admin/.output/server/chunks/nitro/nitro.mjs:2230:7) {
    errno: -2,
    code: 'ENOENT',
    syscall: 'open',
    path: '/Users/hf-mac/Downloads/tgpro-admin/.output/public/_nuxt/CetYVyQG.js'
  },
  statusCode: 500,
  fatal: false,
  unhandled: true,
  statusMessage: undefined,
  data: undefined
}
2025-11-05T02:30:47: [request error] [unhandled] [GET] http://localhost:3000/_nuxt/Db7eFA1E.js
 H3Error: ENOENT: no such file or directory, open '/Users/hf-mac/Downloads/tgpro-admin/.output/public/_nuxt/Db7eFA1E.js'
    at open (node:internal/fs/promises:641:25)
    ... 2 lines matching cause stack trace ...
    at Server.toNodeHandle (file:///Users/hf-mac/Downloads/tgpro-admin/.output/server/chunks/nitro/nitro.mjs:2230:7) {
  cause: Error: ENOENT: no such file or directory, open '/Users/hf-mac/Downloads/tgpro-admin/.output/public/_nuxt/Db7eFA1E.js'
      at open (node:internal/fs/promises:641:25)
      at Object.readFile (node:internal/fs/promises:1245:14)
      at Object.handler (file:///Users/hf-mac/Downloads/tgpro-admin/.output/server/chunks/nitro/nitro.mjs:1959:19)
      at Server.toNodeHandle (file:///Users/hf-mac/Downloads/tgpro-admin/.output/server/chunks/nitro/nitro.mjs:2230:7) {
    errno: -2,
    code: 'ENOENT',
    syscall: 'open',
    path: '/Users/hf-mac/Downloads/tgpro-admin/.output/public/_nuxt/Db7eFA1E.js'
  },
  statusCode: 500,
  fatal: false,
  unhandled: true,
  statusMessage: undefined,
  data: undefined
}
2025-11-05T02:30:47: [request error] [unhandled] [GET] http://localhost:3000/_nuxt/DAr-OQmd.js
 H3Error: ENOENT: no such file or directory, open '/Users/hf-mac/Downloads/tgpro-admin/.output/public/_nuxt/DAr-OQmd.js'
    at open (node:internal/fs/promises:641:25)
    ... 2 lines matching cause stack trace ...
    at Server.toNodeHandle (file:///Users/hf-mac/Downloads/tgpro-admin/.output/server/chunks/nitro/nitro.mjs:2230:7) {
  cause: Error: ENOENT: no such file or directory, open '/Users/hf-mac/Downloads/tgpro-admin/.output/public/_nuxt/DAr-OQmd.js'
      at open (node:internal/fs/promises:641:25)
      at Object.readFile (node:internal/fs/promises:1245:14)
      at Object.handler (file:///Users/hf-mac/Downloads/tgpro-admin/.output/server/chunks/nitro/nitro.mjs:1959:19)
      at Server.toNodeHandle (file:///Users/hf-mac/Downloads/tgpro-admin/.output/server/chunks/nitro/nitro.mjs:2230:7) {
    errno: -2,
    code: 'ENOENT',
    syscall: 'open',
    path: '/Users/hf-mac/Downloads/tgpro-admin/.output/public/_nuxt/DAr-OQmd.js'
  },
  statusCode: 500,
  fatal: false,
  unhandled: true,
  statusMessage: undefined,
  data: undefined
}
2025-11-05T02:30:47: [request error] [unhandled] [GET] http://localhost:3000/_nuxt/Bdz-sLfb.js
 H3Error: ENOENT: no such file or directory, open '/Users/hf-mac/Downloads/tgpro-admin/.output/public/_nuxt/Bdz-sLfb.js'
    at open (node:internal/fs/promises:641:25)
    ... 2 lines matching cause stack trace ...
    at Server.toNodeHandle (file:///Users/hf-mac/Downloads/tgpro-admin/.output/server/chunks/nitro/nitro.mjs:2230:7) {
  cause: Error: ENOENT: no such file or directory, open '/Users/hf-mac/Downloads/tgpro-admin/.output/public/_nuxt/Bdz-sLfb.js'
      at open (node:internal/fs/promises:641:25)
      at Object.readFile (node:internal/fs/promises:1245:14)
      at Object.handler (file:///Users/hf-mac/Downloads/tgpro-admin/.output/server/chunks/nitro/nitro.mjs:1959:19)
      at Server.toNodeHandle (file:///Users/hf-mac/Downloads/tgpro-admin/.output/server/chunks/nitro/nitro.mjs:2230:7) {
    errno: -2,
    code: 'ENOENT',
    syscall: 'open',
    path: '/Users/hf-mac/Downloads/tgpro-admin/.output/public/_nuxt/Bdz-sLfb.js'
  },
  statusCode: 500,
  fatal: false,
  unhandled: true,
  statusMessage: undefined,
  data: undefined
}
2025-11-05T02:30:47: [request error] [unhandled] [GET] http://localhost:3000/_nuxt/BTgB1rvp.js
 H3Error: ENOENT: no such file or directory, open '/Users/hf-mac/Downloads/tgpro-admin/.output/public/_nuxt/BTgB1rvp.js'
    at open (node:internal/fs/promises:641:25)
    ... 2 lines matching cause stack trace ...
    at Server.toNodeHandle (file:///Users/hf-mac/Downloads/tgpro-admin/.output/server/chunks/nitro/nitro.mjs:2230:7) {
  cause: Error: ENOENT: no such file or directory, open '/Users/hf-mac/Downloads/tgpro-admin/.output/public/_nuxt/BTgB1rvp.js'
      at open (node:internal/fs/promises:641:25)
      at Object.readFile (node:internal/fs/promises:1245:14)
      at Object.handler (file:///Users/hf-mac/Downloads/tgpro-admin/.output/server/chunks/nitro/nitro.mjs:1959:19)
      at Server.toNodeHandle (file:///Users/hf-mac/Downloads/tgpro-admin/.output/server/chunks/nitro/nitro.mjs:2230:7) {
    errno: -2,
    code: 'ENOENT',
    syscall: 'open',
    path: '/Users/hf-mac/Downloads/tgpro-admin/.output/public/_nuxt/BTgB1rvp.js'
  },
  statusCode: 500,
  fatal: false,
  unhandled: true,
  statusMessage: undefined,
  data: undefined
}
2025-11-05T02:30:47: [request error] [unhandled] [GET] http://localhost:3000/_nuxt/CXT04lNs.js
 H3Error: ENOENT: no such file or directory, open '/Users/hf-mac/Downloads/tgpro-admin/.output/public/_nuxt/CXT04lNs.js'
    at open (node:internal/fs/promises:641:25)
    ... 2 lines matching cause stack trace ...
    at Server.toNodeHandle (file:///Users/hf-mac/Downloads/tgpro-admin/.output/server/chunks/nitro/nitro.mjs:2230:7) {
  cause: Error: ENOENT: no such file or directory, open '/Users/hf-mac/Downloads/tgpro-admin/.output/public/_nuxt/CXT04lNs.js'
      at open (node:internal/fs/promises:641:25)
      at Object.readFile (node:internal/fs/promises:1245:14)
      at Object.handler (file:///Users/hf-mac/Downloads/tgpro-admin/.output/server/chunks/nitro/nitro.mjs:1959:19)
      at Server.toNodeHandle (file:///Users/hf-mac/Downloads/tgpro-admin/.output/server/chunks/nitro/nitro.mjs:2230:7) {
    errno: -2,
    code: 'ENOENT',
    syscall: 'open',
    path: '/Users/hf-mac/Downloads/tgpro-admin/.output/public/_nuxt/CXT04lNs.js'
  },
  statusCode: 500,
  fatal: false,
  unhandled: true,
  statusMessage: undefined,
  data: undefined
}
2025-11-05T02:30:47: [request error] [unhandled] [GET] http://localhost:3000/_nuxt/DcHNM1Xn.js
 H3Error: ENOENT: no such file or directory, open '/Users/hf-mac/Downloads/tgpro-admin/.output/public/_nuxt/DcHNM1Xn.js'
    at open (node:internal/fs/promises:641:25)
    ... 2 lines matching cause stack trace ...
    at Server.toNodeHandle (file:///Users/hf-mac/Downloads/tgpro-admin/.output/server/chunks/nitro/nitro.mjs:2230:7) {
  cause: Error: ENOENT: no such file or directory, open '/Users/hf-mac/Downloads/tgpro-admin/.output/public/_nuxt/DcHNM1Xn.js'
      at open (node:internal/fs/promises:641:25)
      at Object.readFile (node:internal/fs/promises:1245:14)
      at Object.handler (file:///Users/hf-mac/Downloads/tgpro-admin/.output/server/chunks/nitro/nitro.mjs:1959:19)
      at Server.toNodeHandle (file:///Users/hf-mac/Downloads/tgpro-admin/.output/server/chunks/nitro/nitro.mjs:2230:7) {
    errno: -2,
    code: 'ENOENT',
    syscall: 'open',
    path: '/Users/hf-mac/Downloads/tgpro-admin/.output/public/_nuxt/DcHNM1Xn.js'
  },
  statusCode: 500,
  fatal: false,
  unhandled: true,
  statusMessage: undefined,
  data: undefined
}
2025-11-05T02:30:47: [request error] [unhandled] [GET] http://localhost:3000/_nuxt/C4xQaJXR.js
 H3Error: ENOENT: no such file or directory, open '/Users/hf-mac/Downloads/tgpro-admin/.output/public/_nuxt/C4xQaJXR.js'
    at open (node:internal/fs/promises:641:25)
    ... 2 lines matching cause stack trace ...
    at Server.toNodeHandle (file:///Users/hf-mac/Downloads/tgpro-admin/.output/server/chunks/nitro/nitro.mjs:2230:7) {
  cause: Error: ENOENT: no such file or directory, open '/Users/hf-mac/Downloads/tgpro-admin/.output/public/_nuxt/C4xQaJXR.js'
      at open (node:internal/fs/promises:641:25)
      at Object.readFile (node:internal/fs/promises:1245:14)
      at Object.handler (file:///Users/hf-mac/Downloads/tgpro-admin/.output/server/chunks/nitro/nitro.mjs:1959:19)
      at Server.toNodeHandle (file:///Users/hf-mac/Downloads/tgpro-admin/.output/server/chunks/nitro/nitro.mjs:2230:7) {
    errno: -2,
    code: 'ENOENT',
    syscall: 'open',
    path: '/Users/hf-mac/Downloads/tgpro-admin/.output/public/_nuxt/C4xQaJXR.js'
  },
  statusCode: 500,
  fatal: false,
  unhandled: true,
  statusMessage: undefined,
  data: undefined
}
2025-11-05T02:30:47: [request error] [unhandled] [GET] http://localhost:3000/_nuxt/builds/meta/db489c3b-20ab-405c-96a2-98b632ec7da6.json
 H3Error: ENOENT: no such file or directory, open '/Users/hf-mac/Downloads/tgpro-admin/.output/public/_nuxt/builds/meta/db489c3b-20ab-405c-96a2-98b632ec7da6.json'
    at open (node:internal/fs/promises:641:25)
    ... 2 lines matching cause stack trace ...
    at Server.toNodeHandle (file:///Users/hf-mac/Downloads/tgpro-admin/.output/server/chunks/nitro/nitro.mjs:2230:7) {
  cause: Error: ENOENT: no such file or directory, open '/Users/hf-mac/Downloads/tgpro-admin/.output/public/_nuxt/builds/meta/db489c3b-20ab-405c-96a2-98b632ec7da6.json'
      at open (node:internal/fs/promises:641:25)
      at Object.readFile (node:internal/fs/promises:1245:14)
      at Object.handler (file:///Users/hf-mac/Downloads/tgpro-admin/.output/server/chunks/nitro/nitro.mjs:1959:19)
      at Server.toNodeHandle (file:///Users/hf-mac/Downloads/tgpro-admin/.output/server/chunks/nitro/nitro.mjs:2230:7) {
    errno: -2,
    code: 'ENOENT',
    syscall: 'open',
    path: '/Users/hf-mac/Downloads/tgpro-admin/.output/public/_nuxt/builds/meta/db489c3b-20ab-405c-96a2-98b632ec7da6.json'
  },
  statusCode: 500,
  fatal: false,
  unhandled: true,
  statusMessage: undefined,
  data: undefined
}
2025-11-05T02:30:47: [request error] [unhandled] [GET] http://localhost:3000/_nuxt/DbAgXtul.js
 H3Error: ENOENT: no such file or directory, open '/Users/hf-mac/Downloads/tgpro-admin/.output/public/_nuxt/DbAgXtul.js'
    at open (node:internal/fs/promises:641:25)
    ... 2 lines matching cause stack trace ...
    at Server.toNodeHandle (file:///Users/hf-mac/Downloads/tgpro-admin/.output/server/chunks/nitro/nitro.mjs:2230:7) {
  cause: Error: ENOENT: no such file or directory, open '/Users/hf-mac/Downloads/tgpro-admin/.output/public/_nuxt/DbAgXtul.js'
      at open (node:internal/fs/promises:641:25)
      at Object.readFile (node:internal/fs/promises:1245:14)
      at Object.handler (file:///Users/hf-mac/Downloads/tgpro-admin/.output/server/chunks/nitro/nitro.mjs:1959:19)
      at Server.toNodeHandle (file:///Users/hf-mac/Downloads/tgpro-admin/.output/server/chunks/nitro/nitro.mjs:2230:7) {
    errno: -2,
    code: 'ENOENT',
    syscall: 'open',
    path: '/Users/hf-mac/Downloads/tgpro-admin/.output/public/_nuxt/DbAgXtul.js'
  },
  statusCode: 500,
  fatal: false,
  unhandled: true,
  statusMessage: undefined,
  data: undefined
}
2025-11-05T02:30:47: [request error] [unhandled] [GET] http://localhost:3000/_nuxt/D_B5nL8y.js
 H3Error: ENOENT: no such file or directory, open '/Users/hf-mac/Downloads/tgpro-admin/.output/public/_nuxt/D_B5nL8y.js'
    at open (node:internal/fs/promises:641:25)
    ... 2 lines matching cause stack trace ...
    at Server.toNodeHandle (file:///Users/hf-mac/Downloads/tgpro-admin/.output/server/chunks/nitro/nitro.mjs:2230:7) {
  cause: Error: ENOENT: no such file or directory, open '/Users/hf-mac/Downloads/tgpro-admin/.output/public/_nuxt/D_B5nL8y.js'
      at open (node:internal/fs/promises:641:25)
      at Object.readFile (node:internal/fs/promises:1245:14)
      at Object.handler (file:///Users/hf-mac/Downloads/tgpro-admin/.output/server/chunks/nitro/nitro.mjs:1959:19)
      at Server.toNodeHandle (file:///Users/hf-mac/Downloads/tgpro-admin/.output/server/chunks/nitro/nitro.mjs:2230:7) {
    errno: -2,
    code: 'ENOENT',
    syscall: 'open',
    path: '/Users/hf-mac/Downloads/tgpro-admin/.output/public/_nuxt/D_B5nL8y.js'
  },
  statusCode: 500,
  fatal: false,
  unhandled: true,
  statusMessage: undefined,
  data: undefined
}
2025-11-05T02:30:47: [request error] [unhandled] [GET] http://localhost:3000/_nuxt/Bl84yrz9.js
 H3Error: ENOENT: no such file or directory, open '/Users/hf-mac/Downloads/tgpro-admin/.output/public/_nuxt/Bl84yrz9.js'
    at open (node:internal/fs/promises:641:25)
    ... 2 lines matching cause stack trace ...
    at Server.toNodeHandle (file:///Users/hf-mac/Downloads/tgpro-admin/.output/server/chunks/nitro/nitro.mjs:2230:7) {
  cause: Error: ENOENT: no such file or directory, open '/Users/hf-mac/Downloads/tgpro-admin/.output/public/_nuxt/Bl84yrz9.js'
      at open (node:internal/fs/promises:641:25)
      at Object.readFile (node:internal/fs/promises:1245:14)
      at Object.handler (file:///Users/hf-mac/Downloads/tgpro-admin/.output/server/chunks/nitro/nitro.mjs:1959:19)
      at Server.toNodeHandle (file:///Users/hf-mac/Downloads/tgpro-admin/.output/server/chunks/nitro/nitro.mjs:2230:7) {
    errno: -2,
    code: 'ENOENT',
    syscall: 'open',
    path: '/Users/hf-mac/Downloads/tgpro-admin/.output/public/_nuxt/Bl84yrz9.js'
  },
  statusCode: 500,
  fatal: false,
  unhandled: true,
  statusMessage: undefined,
  data: undefined
}
2025-11-05T02:30:47: [request error] [unhandled] [GET] http://localhost:3000/_nuxt/DpNIWReE.js
 H3Error: ENOENT: no such file or directory, open '/Users/hf-mac/Downloads/tgpro-admin/.output/public/_nuxt/DpNIWReE.js'
    at open (node:internal/fs/promises:641:25)
    ... 2 lines matching cause stack trace ...
    at Server.toNodeHandle (file:///Users/hf-mac/Downloads/tgpro-admin/.output/server/chunks/nitro/nitro.mjs:2230:7) {
  cause: Error: ENOENT: no such file or directory, open '/Users/hf-mac/Downloads/tgpro-admin/.output/public/_nuxt/DpNIWReE.js'
      at open (node:internal/fs/promises:641:25)
      at Object.readFile (node:internal/fs/promises:1245:14)
      at Object.handler (file:///Users/hf-mac/Downloads/tgpro-admin/.output/server/chunks/nitro/nitro.mjs:1959:19)
      at Server.toNodeHandle (file:///Users/hf-mac/Downloads/tgpro-admin/.output/server/chunks/nitro/nitro.mjs:2230:7) {
    errno: -2,
    code: 'ENOENT',
    syscall: 'open',
    path: '/Users/hf-mac/Downloads/tgpro-admin/.output/public/_nuxt/DpNIWReE.js'
  },
  statusCode: 500,
  fatal: false,
  unhandled: true,
  statusMessage: undefined,
  data: undefined
}
2025-11-05T02:30:47: [request error] [unhandled] [GET] http://localhost:3000/_nuxt/D974gv07.js
 H3Error: ENOENT: no such file or directory, open '/Users/hf-mac/Downloads/tgpro-admin/.output/public/_nuxt/D974gv07.js'
    at open (node:internal/fs/promises:641:25)
    ... 2 lines matching cause stack trace ...
    at Server.toNodeHandle (file:///Users/hf-mac/Downloads/tgpro-admin/.output/server/chunks/nitro/nitro.mjs:2230:7) {
  cause: Error: ENOENT: no such file or directory, open '/Users/hf-mac/Downloads/tgpro-admin/.output/public/_nuxt/D974gv07.js'
      at open (node:internal/fs/promises:641:25)
      at Object.readFile (node:internal/fs/promises:1245:14)
      at Object.handler (file:///Users/hf-mac/Downloads/tgpro-admin/.output/server/chunks/nitro/nitro.mjs:1959:19)
      at Server.toNodeHandle (file:///Users/hf-mac/Downloads/tgpro-admin/.output/server/chunks/nitro/nitro.mjs:2230:7) {
    errno: -2,
    code: 'ENOENT',
    syscall: 'open',
    path: '/Users/hf-mac/Downloads/tgpro-admin/.output/public/_nuxt/D974gv07.js'
  },
  statusCode: 500,
  fatal: false,
  unhandled: true,
  statusMessage: undefined,
  data: undefined
}
2025-11-05T02:30:47: [request error] [unhandled] [GET] http://localhost:3000/_nuxt/D32lUId-.js
 H3Error: ENOENT: no such file or directory, open '/Users/hf-mac/Downloads/tgpro-admin/.output/public/_nuxt/D32lUId-.js'
    at open (node:internal/fs/promises:641:25)
    ... 2 lines matching cause stack trace ...
    at Server.toNodeHandle (file:///Users/hf-mac/Downloads/tgpro-admin/.output/server/chunks/nitro/nitro.mjs:2230:7) {
  cause: Error: ENOENT: no such file or directory, open '/Users/hf-mac/Downloads/tgpro-admin/.output/public/_nuxt/D32lUId-.js'
      at open (node:internal/fs/promises:641:25)
      at Object.readFile (node:internal/fs/promises:1245:14)
      at Object.handler (file:///Users/hf-mac/Downloads/tgpro-admin/.output/server/chunks/nitro/nitro.mjs:1959:19)
      at Server.toNodeHandle (file:///Users/hf-mac/Downloads/tgpro-admin/.output/server/chunks/nitro/nitro.mjs:2230:7) {
    errno: -2,
    code: 'ENOENT',
    syscall: 'open',
    path: '/Users/hf-mac/Downloads/tgpro-admin/.output/public/_nuxt/D32lUId-.js'
  },
  statusCode: 500,
  fatal: false,
  unhandled: true,
  statusMessage: undefined,
  data: undefined
}
2025-11-05T02:30:47: [request error] [unhandled] [GET] http://localhost:3000/_nuxt/CXT04lNs.js
 H3Error: ENOENT: no such file or directory, open '/Users/hf-mac/Downloads/tgpro-admin/.output/public/_nuxt/CXT04lNs.js'
    at open (node:internal/fs/promises:641:25)
    ... 2 lines matching cause stack trace ...
    at Server.toNodeHandle (file:///Users/hf-mac/Downloads/tgpro-admin/.output/server/chunks/nitro/nitro.mjs:2230:7) {
  cause: Error: ENOENT: no such file or directory, open '/Users/hf-mac/Downloads/tgpro-admin/.output/public/_nuxt/CXT04lNs.js'
      at open (node:internal/fs/promises:641:25)
      at Object.readFile (node:internal/fs/promises:1245:14)
      at Object.handler (file:///Users/hf-mac/Downloads/tgpro-admin/.output/server/chunks/nitro/nitro.mjs:1959:19)
      at Server.toNodeHandle (file:///Users/hf-mac/Downloads/tgpro-admin/.output/server/chunks/nitro/nitro.mjs:2230:7) {
    errno: -2,
    code: 'ENOENT',
    syscall: 'open',
    path: '/Users/hf-mac/Downloads/tgpro-admin/.output/public/_nuxt/CXT04lNs.js'
  },
  statusCode: 500,
  fatal: false,
  unhandled: true,
  statusMessage: undefined,
  data: undefined
}
2025-11-05T02:30:47: [request error] [unhandled] [GET] http://localhost:3000/_nuxt/CetYVyQG.js
 H3Error: ENOENT: no such file or directory, open '/Users/hf-mac/Downloads/tgpro-admin/.output/public/_nuxt/CetYVyQG.js'
    at open (node:internal/fs/promises:641:25)
    ... 2 lines matching cause stack trace ...
    at Server.toNodeHandle (file:///Users/hf-mac/Downloads/tgpro-admin/.output/server/chunks/nitro/nitro.mjs:2230:7) {
  cause: Error: ENOENT: no such file or directory, open '/Users/hf-mac/Downloads/tgpro-admin/.output/public/_nuxt/CetYVyQG.js'
      at open (node:internal/fs/promises:641:25)
      at Object.readFile (node:internal/fs/promises:1245:14)
      at Object.handler (file:///Users/hf-mac/Downloads/tgpro-admin/.output/server/chunks/nitro/nitro.mjs:1959:19)
      at Server.toNodeHandle (file:///Users/hf-mac/Downloads/tgpro-admin/.output/server/chunks/nitro/nitro.mjs:2230:7) {
    errno: -2,
    code: 'ENOENT',
    syscall: 'open',
    path: '/Users/hf-mac/Downloads/tgpro-admin/.output/public/_nuxt/CetYVyQG.js'
  },
  statusCode: 500,
  fatal: false,
  unhandled: true,
  statusMessage: undefined,
  data: undefined
}
2025-11-05T02:30:47: [request error] [unhandled] [GET] http://localhost:3000/_nuxt/Db7eFA1E.js
 H3Error: ENOENT: no such file or directory, open '/Users/hf-mac/Downloads/tgpro-admin/.output/public/_nuxt/Db7eFA1E.js'
    at open (node:internal/fs/promises:641:25)
    ... 2 lines matching cause stack trace ...
    at Server.toNodeHandle (file:///Users/hf-mac/Downloads/tgpro-admin/.output/server/chunks/nitro/nitro.mjs:2230:7) {
  cause: Error: ENOENT: no such file or directory, open '/Users/hf-mac/Downloads/tgpro-admin/.output/public/_nuxt/Db7eFA1E.js'
      at open (node:internal/fs/promises:641:25)
      at Object.readFile (node:internal/fs/promises:1245:14)
      at Object.handler (file:///Users/hf-mac/Downloads/tgpro-admin/.output/server/chunks/nitro/nitro.mjs:1959:19)
      at Server.toNodeHandle (file:///Users/hf-mac/Downloads/tgpro-admin/.output/server/chunks/nitro/nitro.mjs:2230:7) {
    errno: -2,
    code: 'ENOENT',
    syscall: 'open',
    path: '/Users/hf-mac/Downloads/tgpro-admin/.output/public/_nuxt/Db7eFA1E.js'
  },
  statusCode: 500,
  fatal: false,
  unhandled: true,
  statusMessage: undefined,
  data: undefined
}
2025-11-05T02:30:47: [request error] [unhandled] [GET] http://localhost:3000/_nuxt/DAr-OQmd.js
 H3Error: ENOENT: no such file or directory, open '/Users/hf-mac/Downloads/tgpro-admin/.output/public/_nuxt/DAr-OQmd.js'
    at open (node:internal/fs/promises:641:25)
    ... 2 lines matching cause stack trace ...
    at Server.toNodeHandle (file:///Users/hf-mac/Downloads/tgpro-admin/.output/server/chunks/nitro/nitro.mjs:2230:7) {
  cause: Error: ENOENT: no such file or directory, open '/Users/hf-mac/Downloads/tgpro-admin/.output/public/_nuxt/DAr-OQmd.js'
      at open (node:internal/fs/promises:641:25)
      at Object.readFile (node:internal/fs/promises:1245:14)
      at Object.handler (file:///Users/hf-mac/Downloads/tgpro-admin/.output/server/chunks/nitro/nitro.mjs:1959:19)
      at Server.toNodeHandle (file:///Users/hf-mac/Downloads/tgpro-admin/.output/server/chunks/nitro/nitro.mjs:2230:7) {
    errno: -2,
    code: 'ENOENT',
    syscall: 'open',
    path: '/Users/hf-mac/Downloads/tgpro-admin/.output/public/_nuxt/DAr-OQmd.js'
  },
  statusCode: 500,
  fatal: false,
  unhandled: true,
  statusMessage: undefined,
  data: undefined
}
2025-11-05T02:30:47: [request error] [unhandled] [GET] http://localhost:3000/_nuxt/Bdz-sLfb.js
 H3Error: ENOENT: no such file or directory, open '/Users/hf-mac/Downloads/tgpro-admin/.output/public/_nuxt/Bdz-sLfb.js'
    at open (node:internal/fs/promises:641:25)
    ... 2 lines matching cause stack trace ...
    at Server.toNodeHandle (file:///Users/hf-mac/Downloads/tgpro-admin/.output/server/chunks/nitro/nitro.mjs:2230:7) {
  cause: Error: ENOENT: no such file or directory, open '/Users/hf-mac/Downloads/tgpro-admin/.output/public/_nuxt/Bdz-sLfb.js'
      at open (node:internal/fs/promises:641:25)
      at Object.readFile (node:internal/fs/promises:1245:14)
      at Object.handler (file:///Users/hf-mac/Downloads/tgpro-admin/.output/server/chunks/nitro/nitro.mjs:1959:19)
      at Server.toNodeHandle (file:///Users/hf-mac/Downloads/tgpro-admin/.output/server/chunks/nitro/nitro.mjs:2230:7) {
    errno: -2,
    code: 'ENOENT',
    syscall: 'open',
    path: '/Users/hf-mac/Downloads/tgpro-admin/.output/public/_nuxt/Bdz-sLfb.js'
  },
  statusCode: 500,
  fatal: false,
  unhandled: true,
  statusMessage: undefined,
  data: undefined
}
2025-11-05T02:30:47: [request error] [unhandled] [GET] http://localhost:3000/_nuxt/BTgB1rvp.js
 H3Error: ENOENT: no such file or directory, open '/Users/hf-mac/Downloads/tgpro-admin/.output/public/_nuxt/BTgB1rvp.js'
    at open (node:internal/fs/promises:641:25)
    ... 2 lines matching cause stack trace ...
    at Server.toNodeHandle (file:///Users/hf-mac/Downloads/tgpro-admin/.output/server/chunks/nitro/nitro.mjs:2230:7) {
  cause: Error: ENOENT: no such file or directory, open '/Users/hf-mac/Downloads/tgpro-admin/.output/public/_nuxt/BTgB1rvp.js'
      at open (node:internal/fs/promises:641:25)
      at Object.readFile (node:internal/fs/promises:1245:14)
      at Object.handler (file:///Users/hf-mac/Downloads/tgpro-admin/.output/server/chunks/nitro/nitro.mjs:1959:19)
      at Server.toNodeHandle (file:///Users/hf-mac/Downloads/tgpro-admin/.output/server/chunks/nitro/nitro.mjs:2230:7) {
    errno: -2,
    code: 'ENOENT',
    syscall: 'open',
    path: '/Users/hf-mac/Downloads/tgpro-admin/.output/public/_nuxt/BTgB1rvp.js'
  },
  statusCode: 500,
  fatal: false,
  unhandled: true,
  statusMessage: undefined,
  data: undefined
}
2025-11-05T02:30:47: [request error] [unhandled] [GET] http://localhost:3000/_nuxt/DcHNM1Xn.js
 H3Error: ENOENT: no such file or directory, open '/Users/hf-mac/Downloads/tgpro-admin/.output/public/_nuxt/DcHNM1Xn.js'
    at open (node:internal/fs/promises:641:25)
    ... 2 lines matching cause stack trace ...
    at Server.toNodeHandle (file:///Users/hf-mac/Downloads/tgpro-admin/.output/server/chunks/nitro/nitro.mjs:2230:7) {
  cause: Error: ENOENT: no such file or directory, open '/Users/hf-mac/Downloads/tgpro-admin/.output/public/_nuxt/DcHNM1Xn.js'
      at open (node:internal/fs/promises:641:25)
      at Object.readFile (node:internal/fs/promises:1245:14)
      at Object.handler (file:///Users/hf-mac/Downloads/tgpro-admin/.output/server/chunks/nitro/nitro.mjs:1959:19)
      at Server.toNodeHandle (file:///Users/hf-mac/Downloads/tgpro-admin/.output/server/chunks/nitro/nitro.mjs:2230:7) {
    errno: -2,
    code: 'ENOENT',
    syscall: 'open',
    path: '/Users/hf-mac/Downloads/tgpro-admin/.output/public/_nuxt/DcHNM1Xn.js'
  },
  statusCode: 500,
  fatal: false,
  unhandled: true,
  statusMessage: undefined,
  data: undefined
}
2025-11-05T02:30:47: [request error] [unhandled] [GET] http://localhost:3000/_nuxt/DbAgXtul.js
 H3Error: ENOENT: no such file or directory, open '/Users/hf-mac/Downloads/tgpro-admin/.output/public/_nuxt/DbAgXtul.js'
    at open (node:internal/fs/promises:641:25)
    ... 2 lines matching cause stack trace ...
    at Server.toNodeHandle (file:///Users/hf-mac/Downloads/tgpro-admin/.output/server/chunks/nitro/nitro.mjs:2230:7) {
  cause: Error: ENOENT: no such file or directory, open '/Users/hf-mac/Downloads/tgpro-admin/.output/public/_nuxt/DbAgXtul.js'
      at open (node:internal/fs/promises:641:25)
      at Object.readFile (node:internal/fs/promises:1245:14)
      at Object.handler (file:///Users/hf-mac/Downloads/tgpro-admin/.output/server/chunks/nitro/nitro.mjs:1959:19)
      at Server.toNodeHandle (file:///Users/hf-mac/Downloads/tgpro-admin/.output/server/chunks/nitro/nitro.mjs:2230:7) {
    errno: -2,
    code: 'ENOENT',
    syscall: 'open',
    path: '/Users/hf-mac/Downloads/tgpro-admin/.output/public/_nuxt/DbAgXtul.js'
  },
  statusCode: 500,
  fatal: false,
  unhandled: true,
  statusMessage: undefined,
  data: undefined
}
2025-11-05T02:30:47: [request error] [unhandled] [GET] http://localhost:3000/_nuxt/DpNIWReE.js
 H3Error: ENOENT: no such file or directory, open '/Users/hf-mac/Downloads/tgpro-admin/.output/public/_nuxt/DpNIWReE.js'
    at open (node:internal/fs/promises:641:25)
    ... 2 lines matching cause stack trace ...
    at Server.toNodeHandle (file:///Users/hf-mac/Downloads/tgpro-admin/.output/server/chunks/nitro/nitro.mjs:2230:7) {
  cause: Error: ENOENT: no such file or directory, open '/Users/hf-mac/Downloads/tgpro-admin/.output/public/_nuxt/DpNIWReE.js'
      at open (node:internal/fs/promises:641:25)
      at Object.readFile (node:internal/fs/promises:1245:14)
      at Object.handler (file:///Users/hf-mac/Downloads/tgpro-admin/.output/server/chunks/nitro/nitro.mjs:1959:19)
      at Server.toNodeHandle (file:///Users/hf-mac/Downloads/tgpro-admin/.output/server/chunks/nitro/nitro.mjs:2230:7) {
    errno: -2,
    code: 'ENOENT',
    syscall: 'open',
    path: '/Users/hf-mac/Downloads/tgpro-admin/.output/public/_nuxt/DpNIWReE.js'
  },
  statusCode: 500,
  fatal: false,
  unhandled: true,
  statusMessage: undefined,
  data: undefined
}
2025-11-05T02:30:47: [request error] [unhandled] [GET] http://localhost:3000/_nuxt/D_B5nL8y.js
 H3Error: ENOENT: no such file or directory, open '/Users/hf-mac/Downloads/tgpro-admin/.output/public/_nuxt/D_B5nL8y.js'
    at open (node:internal/fs/promises:641:25)
    ... 2 lines matching cause stack trace ...
    at Server.toNodeHandle (file:///Users/hf-mac/Downloads/tgpro-admin/.output/server/chunks/nitro/nitro.mjs:2230:7) {
  cause: Error: ENOENT: no such file or directory, open '/Users/hf-mac/Downloads/tgpro-admin/.output/public/_nuxt/D_B5nL8y.js'
      at open (node:internal/fs/promises:641:25)
      at Object.readFile (node:internal/fs/promises:1245:14)
      at Object.handler (file:///Users/hf-mac/Downloads/tgpro-admin/.output/server/chunks/nitro/nitro.mjs:1959:19)
      at Server.toNodeHandle (file:///Users/hf-mac/Downloads/tgpro-admin/.output/server/chunks/nitro/nitro.mjs:2230:7) {
    errno: -2,
    code: 'ENOENT',
    syscall: 'open',
    path: '/Users/hf-mac/Downloads/tgpro-admin/.output/public/_nuxt/D_B5nL8y.js'
  },
  statusCode: 500,
  fatal: false,
  unhandled: true,
  statusMessage: undefined,
  data: undefined
}
2025-11-05T02:30:47: [request error] [unhandled] [GET] http://localhost:3000/_nuxt/Bl84yrz9.js
 H3Error: ENOENT: no such file or directory, open '/Users/hf-mac/Downloads/tgpro-admin/.output/public/_nuxt/Bl84yrz9.js'
    at open (node:internal/fs/promises:641:25)
    ... 2 lines matching cause stack trace ...
    at Server.toNodeHandle (file:///Users/hf-mac/Downloads/tgpro-admin/.output/server/chunks/nitro/nitro.mjs:2230:7) {
  cause: Error: ENOENT: no such file or directory, open '/Users/hf-mac/Downloads/tgpro-admin/.output/public/_nuxt/Bl84yrz9.js'
      at open (node:internal/fs/promises:641:25)
      at Object.readFile (node:internal/fs/promises:1245:14)
      at Object.handler (file:///Users/hf-mac/Downloads/tgpro-admin/.output/server/chunks/nitro/nitro.mjs:1959:19)
      at Server.toNodeHandle (file:///Users/hf-mac/Downloads/tgpro-admin/.output/server/chunks/nitro/nitro.mjs:2230:7) {
    errno: -2,
    code: 'ENOENT',
    syscall: 'open',
    path: '/Users/hf-mac/Downloads/tgpro-admin/.output/public/_nuxt/Bl84yrz9.js'
  },
  statusCode: 500,
  fatal: false,
  unhandled: true,
  statusMessage: undefined,
  data: undefined
}
2025-11-05T02:30:47: [request error] [unhandled] [GET] http://localhost:3000/_nuxt/D974gv07.js
 H3Error: ENOENT: no such file or directory, open '/Users/hf-mac/Downloads/tgpro-admin/.output/public/_nuxt/D974gv07.js'
    at open (node:internal/fs/promises:641:25)
    ... 2 lines matching cause stack trace ...
    at Server.toNodeHandle (file:///Users/hf-mac/Downloads/tgpro-admin/.output/server/chunks/nitro/nitro.mjs:2230:7) {
  cause: Error: ENOENT: no such file or directory, open '/Users/hf-mac/Downloads/tgpro-admin/.output/public/_nuxt/D974gv07.js'
      at open (node:internal/fs/promises:641:25)
      at Object.readFile (node:internal/fs/promises:1245:14)
      at Object.handler (file:///Users/hf-mac/Downloads/tgpro-admin/.output/server/chunks/nitro/nitro.mjs:1959:19)
      at Server.toNodeHandle (file:///Users/hf-mac/Downloads/tgpro-admin/.output/server/chunks/nitro/nitro.mjs:2230:7) {
    errno: -2,
    code: 'ENOENT',
    syscall: 'open',
    path: '/Users/hf-mac/Downloads/tgpro-admin/.output/public/_nuxt/D974gv07.js'
  },
  statusCode: 500,
  fatal: false,
  unhandled: true,
  statusMessage: undefined,
  data: undefined
}
2025-11-05T02:30:47: [request error] [unhandled] [GET] http://localhost:3000/_nuxt/D32lUId-.js
 H3Error: ENOENT: no such file or directory, open '/Users/hf-mac/Downloads/tgpro-admin/.output/public/_nuxt/D32lUId-.js'
    at open (node:internal/fs/promises:641:25)
    ... 2 lines matching cause stack trace ...
    at Server.toNodeHandle (file:///Users/hf-mac/Downloads/tgpro-admin/.output/server/chunks/nitro/nitro.mjs:2230:7) {
  cause: Error: ENOENT: no such file or directory, open '/Users/hf-mac/Downloads/tgpro-admin/.output/public/_nuxt/D32lUId-.js'
      at open (node:internal/fs/promises:641:25)
      at Object.readFile (node:internal/fs/promises:1245:14)
      at Object.handler (file:///Users/hf-mac/Downloads/tgpro-admin/.output/server/chunks/nitro/nitro.mjs:1959:19)
      at Server.toNodeHandle (file:///Users/hf-mac/Downloads/tgpro-admin/.output/server/chunks/nitro/nitro.mjs:2230:7) {
    errno: -2,
    code: 'ENOENT',
    syscall: 'open',
    path: '/Users/hf-mac/Downloads/tgpro-admin/.output/public/_nuxt/D32lUId-.js'
  },
  statusCode: 500,
  fatal: false,
  unhandled: true,
  statusMessage: undefined,
  data: undefined
}
2025-11-05T02:30:48: [request error] [unhandled] [GET] http://localhost:3000/_nuxt/CetYVyQG.js
 H3Error: ENOENT: no such file or directory, open '/Users/hf-mac/Downloads/tgpro-admin/.output/public/_nuxt/CetYVyQG.js'
    at open (node:internal/fs/promises:641:25)
    ... 2 lines matching cause stack trace ...
    at Server.toNodeHandle (file:///Users/hf-mac/Downloads/tgpro-admin/.output/server/chunks/nitro/nitro.mjs:2230:7) {
  cause: Error: ENOENT: no such file or directory, open '/Users/hf-mac/Downloads/tgpro-admin/.output/public/_nuxt/CetYVyQG.js'
      at open (node:internal/fs/promises:641:25)
      at Object.readFile (node:internal/fs/promises:1245:14)
      at Object.handler (file:///Users/hf-mac/Downloads/tgpro-admin/.output/server/chunks/nitro/nitro.mjs:1959:19)
      at Server.toNodeHandle (file:///Users/hf-mac/Downloads/tgpro-admin/.output/server/chunks/nitro/nitro.mjs:2230:7) {
    errno: -2,
    code: 'ENOENT',
    syscall: 'open',
    path: '/Users/hf-mac/Downloads/tgpro-admin/.output/public/_nuxt/CetYVyQG.js'
  },
  statusCode: 500,
  fatal: false,
  unhandled: true,
  statusMessage: undefined,
  data: undefined
}
2025-11-05T02:30:48: [request error] [unhandled] [GET] http://localhost:3000/_nuxt/Db7eFA1E.js
 H3Error: ENOENT: no such file or directory, open '/Users/hf-mac/Downloads/tgpro-admin/.output/public/_nuxt/Db7eFA1E.js'
    at open (node:internal/fs/promises:641:25)
    ... 2 lines matching cause stack trace ...
    at Server.toNodeHandle (file:///Users/hf-mac/Downloads/tgpro-admin/.output/server/chunks/nitro/nitro.mjs:2230:7) {
  cause: Error: ENOENT: no such file or directory, open '/Users/hf-mac/Downloads/tgpro-admin/.output/public/_nuxt/Db7eFA1E.js'
      at open (node:internal/fs/promises:641:25)
      at Object.readFile (node:internal/fs/promises:1245:14)
      at Object.handler (file:///Users/hf-mac/Downloads/tgpro-admin/.output/server/chunks/nitro/nitro.mjs:1959:19)
      at Server.toNodeHandle (file:///Users/hf-mac/Downloads/tgpro-admin/.output/server/chunks/nitro/nitro.mjs:2230:7) {
    errno: -2,
    code: 'ENOENT',
    syscall: 'open',
    path: '/Users/hf-mac/Downloads/tgpro-admin/.output/public/_nuxt/Db7eFA1E.js'
  },
  statusCode: 500,
  fatal: false,
  unhandled: true,
  statusMessage: undefined,
  data: undefined
}
2025-11-05T02:30:48: [request error] [unhandled] [GET] http://localhost:3000/_nuxt/DAr-OQmd.js
 H3Error: ENOENT: no such file or directory, open '/Users/hf-mac/Downloads/tgpro-admin/.output/public/_nuxt/DAr-OQmd.js'
    at open (node:internal/fs/promises:641:25)
    ... 2 lines matching cause stack trace ...
    at Server.toNodeHandle (file:///Users/hf-mac/Downloads/tgpro-admin/.output/server/chunks/nitro/nitro.mjs:2230:7) {
  cause: Error: ENOENT: no such file or directory, open '/Users/hf-mac/Downloads/tgpro-admin/.output/public/_nuxt/DAr-OQmd.js'
      at open (node:internal/fs/promises:641:25)
      at Object.readFile (node:internal/fs/promises:1245:14)
      at Object.handler (file:///Users/hf-mac/Downloads/tgpro-admin/.output/server/chunks/nitro/nitro.mjs:1959:19)
      at Server.toNodeHandle (file:///Users/hf-mac/Downloads/tgpro-admin/.output/server/chunks/nitro/nitro.mjs:2230:7) {
    errno: -2,
    code: 'ENOENT',
    syscall: 'open',
    path: '/Users/hf-mac/Downloads/tgpro-admin/.output/public/_nuxt/DAr-OQmd.js'
  },
  statusCode: 500,
  fatal: false,
  unhandled: true,
  statusMessage: undefined,
  data: undefined
}
2025-11-05T02:30:48: [request error] [unhandled] [GET] http://localhost:3000/_nuxt/Bdz-sLfb.js
 H3Error: ENOENT: no such file or directory, open '/Users/hf-mac/Downloads/tgpro-admin/.output/public/_nuxt/Bdz-sLfb.js'
    at open (node:internal/fs/promises:641:25)
    ... 2 lines matching cause stack trace ...
    at Server.toNodeHandle (file:///Users/hf-mac/Downloads/tgpro-admin/.output/server/chunks/nitro/nitro.mjs:2230:7) {
  cause: Error: ENOENT: no such file or directory, open '/Users/hf-mac/Downloads/tgpro-admin/.output/public/_nuxt/Bdz-sLfb.js'
      at open (node:internal/fs/promises:641:25)
      at Object.readFile (node:internal/fs/promises:1245:14)
      at Object.handler (file:///Users/hf-mac/Downloads/tgpro-admin/.output/server/chunks/nitro/nitro.mjs:1959:19)
      at Server.toNodeHandle (file:///Users/hf-mac/Downloads/tgpro-admin/.output/server/chunks/nitro/nitro.mjs:2230:7) {
    errno: -2,
    code: 'ENOENT',
    syscall: 'open',
    path: '/Users/hf-mac/Downloads/tgpro-admin/.output/public/_nuxt/Bdz-sLfb.js'
  },
  statusCode: 500,
  fatal: false,
  unhandled: true,
  statusMessage: undefined,
  data: undefined
}
2025-11-05T02:30:48: [request error] [unhandled] [GET] http://localhost:3000/_nuxt/CXT04lNs.js
 H3Error: ENOENT: no such file or directory, open '/Users/hf-mac/Downloads/tgpro-admin/.output/public/_nuxt/CXT04lNs.js'
    at open (node:internal/fs/promises:641:25)
    ... 2 lines matching cause stack trace ...
    at Server.toNodeHandle (file:///Users/hf-mac/Downloads/tgpro-admin/.output/server/chunks/nitro/nitro.mjs:2230:7) {
  cause: Error: ENOENT: no such file or directory, open '/Users/hf-mac/Downloads/tgpro-admin/.output/public/_nuxt/CXT04lNs.js'
      at open (node:internal/fs/promises:641:25)
      at Object.readFile (node:internal/fs/promises:1245:14)
      at Object.handler (file:///Users/hf-mac/Downloads/tgpro-admin/.output/server/chunks/nitro/nitro.mjs:1959:19)
      at Server.toNodeHandle (file:///Users/hf-mac/Downloads/tgpro-admin/.output/server/chunks/nitro/nitro.mjs:2230:7) {
    errno: -2,
    code: 'ENOENT',
    syscall: 'open',
    path: '/Users/hf-mac/Downloads/tgpro-admin/.output/public/_nuxt/CXT04lNs.js'
  },
  statusCode: 500,
  fatal: false,
  unhandled: true,
  statusMessage: undefined,
  data: undefined
}
2025-11-05T02:30:48: [request error] [unhandled] [GET] http://localhost:3000/_nuxt/BTgB1rvp.js
 H3Error: ENOENT: no such file or directory, open '/Users/hf-mac/Downloads/tgpro-admin/.output/public/_nuxt/BTgB1rvp.js'
    at open (node:internal/fs/promises:641:25)
    ... 2 lines matching cause stack trace ...
    at Server.toNodeHandle (file:///Users/hf-mac/Downloads/tgpro-admin/.output/server/chunks/nitro/nitro.mjs:2230:7) {
  cause: Error: ENOENT: no such file or directory, open '/Users/hf-mac/Downloads/tgpro-admin/.output/public/_nuxt/BTgB1rvp.js'
      at open (node:internal/fs/promises:641:25)
      at Object.readFile (node:internal/fs/promises:1245:14)
      at Object.handler (file:///Users/hf-mac/Downloads/tgpro-admin/.output/server/chunks/nitro/nitro.mjs:1959:19)
      at Server.toNodeHandle (file:///Users/hf-mac/Downloads/tgpro-admin/.output/server/chunks/nitro/nitro.mjs:2230:7) {
    errno: -2,
    code: 'ENOENT',
    syscall: 'open',
    path: '/Users/hf-mac/Downloads/tgpro-admin/.output/public/_nuxt/BTgB1rvp.js'
  },
  statusCode: 500,
  fatal: false,
  unhandled: true,
  statusMessage: undefined,
  data: undefined
}
2025-11-05T02:30:48: [request error] [unhandled] [GET] http://localhost:3000/_nuxt/DcHNM1Xn.js
 H3Error: ENOENT: no such file or directory, open '/Users/hf-mac/Downloads/tgpro-admin/.output/public/_nuxt/DcHNM1Xn.js'
    at open (node:internal/fs/promises:641:25)
    ... 2 lines matching cause stack trace ...
    at Server.toNodeHandle (file:///Users/hf-mac/Downloads/tgpro-admin/.output/server/chunks/nitro/nitro.mjs:2230:7) {
  cause: Error: ENOENT: no such file or directory, open '/Users/hf-mac/Downloads/tgpro-admin/.output/public/_nuxt/DcHNM1Xn.js'
      at open (node:internal/fs/promises:641:25)
      at Object.readFile (node:internal/fs/promises:1245:14)
      at Object.handler (file:///Users/hf-mac/Downloads/tgpro-admin/.output/server/chunks/nitro/nitro.mjs:1959:19)
      at Server.toNodeHandle (file:///Users/hf-mac/Downloads/tgpro-admin/.output/server/chunks/nitro/nitro.mjs:2230:7) {
    errno: -2,
    code: 'ENOENT',
    syscall: 'open',
    path: '/Users/hf-mac/Downloads/tgpro-admin/.output/public/_nuxt/DcHNM1Xn.js'
  },
  statusCode: 500,
  fatal: false,
  unhandled: true,
  statusMessage: undefined,
  data: undefined
}
2025-11-05T02:30:48: [request error] [unhandled] [GET] http://localhost:3000/_nuxt/DbAgXtul.js
 H3Error: ENOENT: no such file or directory, open '/Users/hf-mac/Downloads/tgpro-admin/.output/public/_nuxt/DbAgXtul.js'
    at open (node:internal/fs/promises:641:25)
    ... 2 lines matching cause stack trace ...
    at Server.toNodeHandle (file:///Users/hf-mac/Downloads/tgpro-admin/.output/server/chunks/nitro/nitro.mjs:2230:7) {
  cause: Error: ENOENT: no such file or directory, open '/Users/hf-mac/Downloads/tgpro-admin/.output/public/_nuxt/DbAgXtul.js'
      at open (node:internal/fs/promises:641:25)
      at Object.readFile (node:internal/fs/promises:1245:14)
      at Object.handler (file:///Users/hf-mac/Downloads/tgpro-admin/.output/server/chunks/nitro/nitro.mjs:1959:19)
      at Server.toNodeHandle (file:///Users/hf-mac/Downloads/tgpro-admin/.output/server/chunks/nitro/nitro.mjs:2230:7) {
    errno: -2,
    code: 'ENOENT',
    syscall: 'open',
    path: '/Users/hf-mac/Downloads/tgpro-admin/.output/public/_nuxt/DbAgXtul.js'
  },
  statusCode: 500,
  fatal: false,
  unhandled: true,
  statusMessage: undefined,
  data: undefined
}
2025-11-05T02:30:48: [request error] [unhandled] [GET] http://localhost:3000/_nuxt/D_B5nL8y.js
 H3Error: ENOENT: no such file or directory, open '/Users/hf-mac/Downloads/tgpro-admin/.output/public/_nuxt/D_B5nL8y.js'
    at open (node:internal/fs/promises:641:25)
    ... 2 lines matching cause stack trace ...
    at Server.toNodeHandle (file:///Users/hf-mac/Downloads/tgpro-admin/.output/server/chunks/nitro/nitro.mjs:2230:7) {
  cause: Error: ENOENT: no such file or directory, open '/Users/hf-mac/Downloads/tgpro-admin/.output/public/_nuxt/D_B5nL8y.js'
      at open (node:internal/fs/promises:641:25)
      at Object.readFile (node:internal/fs/promises:1245:14)
      at Object.handler (file:///Users/hf-mac/Downloads/tgpro-admin/.output/server/chunks/nitro/nitro.mjs:1959:19)
      at Server.toNodeHandle (file:///Users/hf-mac/Downloads/tgpro-admin/.output/server/chunks/nitro/nitro.mjs:2230:7) {
    errno: -2,
    code: 'ENOENT',
    syscall: 'open',
    path: '/Users/hf-mac/Downloads/tgpro-admin/.output/public/_nuxt/D_B5nL8y.js'
  },
  statusCode: 500,
  fatal: false,
  unhandled: true,
  statusMessage: undefined,
  data: undefined
}
2025-11-05T02:30:48: [request error] [unhandled] [GET] http://localhost:3000/_nuxt/DpNIWReE.js
 H3Error: ENOENT: no such file or directory, open '/Users/hf-mac/Downloads/tgpro-admin/.output/public/_nuxt/DpNIWReE.js'
    at open (node:internal/fs/promises:641:25)
    ... 2 lines matching cause stack trace ...
    at Server.toNodeHandle (file:///Users/hf-mac/Downloads/tgpro-admin/.output/server/chunks/nitro/nitro.mjs:2230:7) {
  cause: Error: ENOENT: no such file or directory, open '/Users/hf-mac/Downloads/tgpro-admin/.output/public/_nuxt/DpNIWReE.js'
      at open (node:internal/fs/promises:641:25)
      at Object.readFile (node:internal/fs/promises:1245:14)
      at Object.handler (file:///Users/hf-mac/Downloads/tgpro-admin/.output/server/chunks/nitro/nitro.mjs:1959:19)
      at Server.toNodeHandle (file:///Users/hf-mac/Downloads/tgpro-admin/.output/server/chunks/nitro/nitro.mjs:2230:7) {
    errno: -2,
    code: 'ENOENT',
    syscall: 'open',
    path: '/Users/hf-mac/Downloads/tgpro-admin/.output/public/_nuxt/DpNIWReE.js'
  },
  statusCode: 500,
  fatal: false,
  unhandled: true,
  statusMessage: undefined,
  data: undefined
}
2025-11-05T02:30:48: [request error] [unhandled] [GET] http://localhost:3000/_nuxt/Bl84yrz9.js
 H3Error: ENOENT: no such file or directory, open '/Users/hf-mac/Downloads/tgpro-admin/.output/public/_nuxt/Bl84yrz9.js'
    at open (node:internal/fs/promises:641:25)
    ... 2 lines matching cause stack trace ...
    at Server.toNodeHandle (file:///Users/hf-mac/Downloads/tgpro-admin/.output/server/chunks/nitro/nitro.mjs:2230:7) {
  cause: Error: ENOENT: no such file or directory, open '/Users/hf-mac/Downloads/tgpro-admin/.output/public/_nuxt/Bl84yrz9.js'
      at open (node:internal/fs/promises:641:25)
      at Object.readFile (node:internal/fs/promises:1245:14)
      at Object.handler (file:///Users/hf-mac/Downloads/tgpro-admin/.output/server/chunks/nitro/nitro.mjs:1959:19)
      at Server.toNodeHandle (file:///Users/hf-mac/Downloads/tgpro-admin/.output/server/chunks/nitro/nitro.mjs:2230:7) {
    errno: -2,
    code: 'ENOENT',
    syscall: 'open',
    path: '/Users/hf-mac/Downloads/tgpro-admin/.output/public/_nuxt/Bl84yrz9.js'
  },
  statusCode: 500,
  fatal: false,
  unhandled: true,
  statusMessage: undefined,
  data: undefined
}
2025-11-05T02:30:48: [request error] [unhandled] [GET] http://localhost:3000/_nuxt/D974gv07.js
 H3Error: ENOENT: no such file or directory, open '/Users/hf-mac/Downloads/tgpro-admin/.output/public/_nuxt/D974gv07.js'
    at open (node:internal/fs/promises:641:25)
    ... 2 lines matching cause stack trace ...
    at Server.toNodeHandle (file:///Users/hf-mac/Downloads/tgpro-admin/.output/server/chunks/nitro/nitro.mjs:2230:7) {
  cause: Error: ENOENT: no such file or directory, open '/Users/hf-mac/Downloads/tgpro-admin/.output/public/_nuxt/D974gv07.js'
      at open (node:internal/fs/promises:641:25)
      at Object.readFile (node:internal/fs/promises:1245:14)
      at Object.handler (file:///Users/hf-mac/Downloads/tgpro-admin/.output/server/chunks/nitro/nitro.mjs:1959:19)
      at Server.toNodeHandle (file:///Users/hf-mac/Downloads/tgpro-admin/.output/server/chunks/nitro/nitro.mjs:2230:7) {
    errno: -2,
    code: 'ENOENT',
    syscall: 'open',
    path: '/Users/hf-mac/Downloads/tgpro-admin/.output/public/_nuxt/D974gv07.js'
  },
  statusCode: 500,
  fatal: false,
  unhandled: true,
  statusMessage: undefined,
  data: undefined
}
2025-11-05T02:30:48: [request error] [unhandled] [GET] http://localhost:3000/_nuxt/D32lUId-.js
 H3Error: ENOENT: no such file or directory, open '/Users/hf-mac/Downloads/tgpro-admin/.output/public/_nuxt/D32lUId-.js'
    at open (node:internal/fs/promises:641:25)
    ... 2 lines matching cause stack trace ...
    at Server.toNodeHandle (file:///Users/hf-mac/Downloads/tgpro-admin/.output/server/chunks/nitro/nitro.mjs:2230:7) {
  cause: Error: ENOENT: no such file or directory, open '/Users/hf-mac/Downloads/tgpro-admin/.output/public/_nuxt/D32lUId-.js'
      at open (node:internal/fs/promises:641:25)
      at Object.readFile (node:internal/fs/promises:1245:14)
      at Object.handler (file:///Users/hf-mac/Downloads/tgpro-admin/.output/server/chunks/nitro/nitro.mjs:1959:19)
      at Server.toNodeHandle (file:///Users/hf-mac/Downloads/tgpro-admin/.output/server/chunks/nitro/nitro.mjs:2230:7) {
    errno: -2,
    code: 'ENOENT',
    syscall: 'open',
    path: '/Users/hf-mac/Downloads/tgpro-admin/.output/public/_nuxt/D32lUId-.js'
  },
  statusCode: 500,
  fatal: false,
  unhandled: true,
  statusMessage: undefined,
  data: undefined
}
2025-11-05T02:30:48: [request error] [unhandled] [GET] http://localhost:3000/_nuxt/CetYVyQG.js
 H3Error: ENOENT: no such file or directory, open '/Users/hf-mac/Downloads/tgpro-admin/.output/public/_nuxt/CetYVyQG.js'
    at open (node:internal/fs/promises:641:25)
    ... 2 lines matching cause stack trace ...
    at Server.toNodeHandle (file:///Users/hf-mac/Downloads/tgpro-admin/.output/server/chunks/nitro/nitro.mjs:2230:7) {
  cause: Error: ENOENT: no such file or directory, open '/Users/hf-mac/Downloads/tgpro-admin/.output/public/_nuxt/CetYVyQG.js'
      at open (node:internal/fs/promises:641:25)
      at Object.readFile (node:internal/fs/promises:1245:14)
      at Object.handler (file:///Users/hf-mac/Downloads/tgpro-admin/.output/server/chunks/nitro/nitro.mjs:1959:19)
      at Server.toNodeHandle (file:///Users/hf-mac/Downloads/tgpro-admin/.output/server/chunks/nitro/nitro.mjs:2230:7) {
    errno: -2,
    code: 'ENOENT',
    syscall: 'open',
    path: '/Users/hf-mac/Downloads/tgpro-admin/.output/public/_nuxt/CetYVyQG.js'
  },
  statusCode: 500,
  fatal: false,
  unhandled: true,
  statusMessage: undefined,
  data: undefined
}
2025-11-05T02:30:48: [request error] [unhandled] [GET] http://localhost:3000/_nuxt/Db7eFA1E.js
 H3Error: ENOENT: no such file or directory, open '/Users/hf-mac/Downloads/tgpro-admin/.output/public/_nuxt/Db7eFA1E.js'
    at open (node:internal/fs/promises:641:25)
    ... 2 lines matching cause stack trace ...
    at Server.toNodeHandle (file:///Users/hf-mac/Downloads/tgpro-admin/.output/server/chunks/nitro/nitro.mjs:2230:7) {
  cause: Error: ENOENT: no such file or directory, open '/Users/hf-mac/Downloads/tgpro-admin/.output/public/_nuxt/Db7eFA1E.js'
      at open (node:internal/fs/promises:641:25)
      at Object.readFile (node:internal/fs/promises:1245:14)
      at Object.handler (file:///Users/hf-mac/Downloads/tgpro-admin/.output/server/chunks/nitro/nitro.mjs:1959:19)
      at Server.toNodeHandle (file:///Users/hf-mac/Downloads/tgpro-admin/.output/server/chunks/nitro/nitro.mjs:2230:7) {
    errno: -2,
    code: 'ENOENT',
    syscall: 'open',
    path: '/Users/hf-mac/Downloads/tgpro-admin/.output/public/_nuxt/Db7eFA1E.js'
  },
  statusCode: 500,
  fatal: false,
  unhandled: true,
  statusMessage: undefined,
  data: undefined
}
2025-11-05T02:30:48: [request error] [unhandled] [GET] http://localhost:3000/_nuxt/DAr-OQmd.js
 H3Error: ENOENT: no such file or directory, open '/Users/hf-mac/Downloads/tgpro-admin/.output/public/_nuxt/DAr-OQmd.js'
    at open (node:internal/fs/promises:641:25)
    ... 2 lines matching cause stack trace ...
    at Server.toNodeHandle (file:///Users/hf-mac/Downloads/tgpro-admin/.output/server/chunks/nitro/nitro.mjs:2230:7) {
  cause: Error: ENOENT: no such file or directory, open '/Users/hf-mac/Downloads/tgpro-admin/.output/public/_nuxt/DAr-OQmd.js'
      at open (node:internal/fs/promises:641:25)
      at Object.readFile (node:internal/fs/promises:1245:14)
      at Object.handler (file:///Users/hf-mac/Downloads/tgpro-admin/.output/server/chunks/nitro/nitro.mjs:1959:19)
      at Server.toNodeHandle (file:///Users/hf-mac/Downloads/tgpro-admin/.output/server/chunks/nitro/nitro.mjs:2230:7) {
    errno: -2,
    code: 'ENOENT',
    syscall: 'open',
    path: '/Users/hf-mac/Downloads/tgpro-admin/.output/public/_nuxt/DAr-OQmd.js'
  },
  statusCode: 500,
  fatal: false,
  unhandled: true,
  statusMessage: undefined,
  data: undefined
}
2025-11-05T02:30:48: [request error] [unhandled] [GET] http://localhost:3000/_nuxt/Bdz-sLfb.js
 H3Error: ENOENT: no such file or directory, open '/Users/hf-mac/Downloads/tgpro-admin/.output/public/_nuxt/Bdz-sLfb.js'
    at open (node:internal/fs/promises:641:25)
    ... 2 lines matching cause stack trace ...
    at Server.toNodeHandle (file:///Users/hf-mac/Downloads/tgpro-admin/.output/server/chunks/nitro/nitro.mjs:2230:7) {
  cause: Error: ENOENT: no such file or directory, open '/Users/hf-mac/Downloads/tgpro-admin/.output/public/_nuxt/Bdz-sLfb.js'
      at open (node:internal/fs/promises:641:25)
      at Object.readFile (node:internal/fs/promises:1245:14)
      at Object.handler (file:///Users/hf-mac/Downloads/tgpro-admin/.output/server/chunks/nitro/nitro.mjs:1959:19)
      at Server.toNodeHandle (file:///Users/hf-mac/Downloads/tgpro-admin/.output/server/chunks/nitro/nitro.mjs:2230:7) {
    errno: -2,
    code: 'ENOENT',
    syscall: 'open',
    path: '/Users/hf-mac/Downloads/tgpro-admin/.output/public/_nuxt/Bdz-sLfb.js'
  },
  statusCode: 500,
  fatal: false,
  unhandled: true,
  statusMessage: undefined,
  data: undefined
}
2025-11-05T02:30:48: [request error] [unhandled] [GET] http://localhost:3000/_nuxt/BTgB1rvp.js
 H3Error: ENOENT: no such file or directory, open '/Users/hf-mac/Downloads/tgpro-admin/.output/public/_nuxt/BTgB1rvp.js'
    at open (node:internal/fs/promises:641:25)
    ... 2 lines matching cause stack trace ...
    at Server.toNodeHandle (file:///Users/hf-mac/Downloads/tgpro-admin/.output/server/chunks/nitro/nitro.mjs:2230:7) {
  cause: Error: ENOENT: no such file or directory, open '/Users/hf-mac/Downloads/tgpro-admin/.output/public/_nuxt/BTgB1rvp.js'
      at open (node:internal/fs/promises:641:25)
      at Object.readFile (node:internal/fs/promises:1245:14)
      at Object.handler (file:///Users/hf-mac/Downloads/tgpro-admin/.output/server/chunks/nitro/nitro.mjs:1959:19)
      at Server.toNodeHandle (file:///Users/hf-mac/Downloads/tgpro-admin/.output/server/chunks/nitro/nitro.mjs:2230:7) {
    errno: -2,
    code: 'ENOENT',
    syscall: 'open',
    path: '/Users/hf-mac/Downloads/tgpro-admin/.output/public/_nuxt/BTgB1rvp.js'
  },
  statusCode: 500,
  fatal: false,
  unhandled: true,
  statusMessage: undefined,
  data: undefined
}
2025-11-05T02:30:48: [request error] [unhandled] [GET] http://localhost:3000/_nuxt/CXT04lNs.js
 H3Error: ENOENT: no such file or directory, open '/Users/hf-mac/Downloads/tgpro-admin/.output/public/_nuxt/CXT04lNs.js'
    at open (node:internal/fs/promises:641:25)
    ... 2 lines matching cause stack trace ...
    at Server.toNodeHandle (file:///Users/hf-mac/Downloads/tgpro-admin/.output/server/chunks/nitro/nitro.mjs:2230:7) {
  cause: Error: ENOENT: no such file or directory, open '/Users/hf-mac/Downloads/tgpro-admin/.output/public/_nuxt/CXT04lNs.js'
      at open (node:internal/fs/promises:641:25)
      at Object.readFile (node:internal/fs/promises:1245:14)
      at Object.handler (file:///Users/hf-mac/Downloads/tgpro-admin/.output/server/chunks/nitro/nitro.mjs:1959:19)
      at Server.toNodeHandle (file:///Users/hf-mac/Downloads/tgpro-admin/.output/server/chunks/nitro/nitro.mjs:2230:7) {
    errno: -2,
    code: 'ENOENT',
    syscall: 'open',
    path: '/Users/hf-mac/Downloads/tgpro-admin/.output/public/_nuxt/CXT04lNs.js'
  },
  statusCode: 500,
  fatal: false,
  unhandled: true,
  statusMessage: undefined,
  data: undefined
}
2025-11-05T02:30:48: [request error] [unhandled] [GET] http://localhost:3000/_nuxt/DcHNM1Xn.js
 H3Error: ENOENT: no such file or directory, open '/Users/hf-mac/Downloads/tgpro-admin/.output/public/_nuxt/DcHNM1Xn.js'
    at open (node:internal/fs/promises:641:25)
    ... 2 lines matching cause stack trace ...
    at Server.toNodeHandle (file:///Users/hf-mac/Downloads/tgpro-admin/.output/server/chunks/nitro/nitro.mjs:2230:7) {
  cause: Error: ENOENT: no such file or directory, open '/Users/hf-mac/Downloads/tgpro-admin/.output/public/_nuxt/DcHNM1Xn.js'
      at open (node:internal/fs/promises:641:25)
      at Object.readFile (node:internal/fs/promises:1245:14)
      at Object.handler (file:///Users/hf-mac/Downloads/tgpro-admin/.output/server/chunks/nitro/nitro.mjs:1959:19)
      at Server.toNodeHandle (file:///Users/hf-mac/Downloads/tgpro-admin/.output/server/chunks/nitro/nitro.mjs:2230:7) {
    errno: -2,
    code: 'ENOENT',
    syscall: 'open',
    path: '/Users/hf-mac/Downloads/tgpro-admin/.output/public/_nuxt/DcHNM1Xn.js'
  },
  statusCode: 500,
  fatal: false,
  unhandled: true,
  statusMessage: undefined,
  data: undefined
}
2025-11-05T02:30:48: [request error] [unhandled] [GET] http://localhost:3000/_nuxt/C4xQaJXR.js
 H3Error: ENOENT: no such file or directory, open '/Users/hf-mac/Downloads/tgpro-admin/.output/public/_nuxt/C4xQaJXR.js'
    at open (node:internal/fs/promises:641:25)
    ... 2 lines matching cause stack trace ...
    at Server.toNodeHandle (file:///Users/hf-mac/Downloads/tgpro-admin/.output/server/chunks/nitro/nitro.mjs:2230:7) {
  cause: Error: ENOENT: no such file or directory, open '/Users/hf-mac/Downloads/tgpro-admin/.output/public/_nuxt/C4xQaJXR.js'
      at open (node:internal/fs/promises:641:25)
      at Object.readFile (node:internal/fs/promises:1245:14)
      at Object.handler (file:///Users/hf-mac/Downloads/tgpro-admin/.output/server/chunks/nitro/nitro.mjs:1959:19)
      at Server.toNodeHandle (file:///Users/hf-mac/Downloads/tgpro-admin/.output/server/chunks/nitro/nitro.mjs:2230:7) {
    errno: -2,
    code: 'ENOENT',
    syscall: 'open',
    path: '/Users/hf-mac/Downloads/tgpro-admin/.output/public/_nuxt/C4xQaJXR.js'
  },
  statusCode: 500,
  fatal: false,
  unhandled: true,
  statusMessage: undefined,
  data: undefined
}
2025-11-05T02:30:48: [request error] [unhandled] [GET] http://localhost:3000/_nuxt/DbAgXtul.js
 H3Error: ENOENT: no such file or directory, open '/Users/hf-mac/Downloads/tgpro-admin/.output/public/_nuxt/DbAgXtul.js'
    at open (node:internal/fs/promises:641:25)
    ... 2 lines matching cause stack trace ...
    at Server.toNodeHandle (file:///Users/hf-mac/Downloads/tgpro-admin/.output/server/chunks/nitro/nitro.mjs:2230:7) {
  cause: Error: ENOENT: no such file or directory, open '/Users/hf-mac/Downloads/tgpro-admin/.output/public/_nuxt/DbAgXtul.js'
      at open (node:internal/fs/promises:641:25)
      at Object.readFile (node:internal/fs/promises:1245:14)
      at Object.handler (file:///Users/hf-mac/Downloads/tgpro-admin/.output/server/chunks/nitro/nitro.mjs:1959:19)
      at Server.toNodeHandle (file:///Users/hf-mac/Downloads/tgpro-admin/.output/server/chunks/nitro/nitro.mjs:2230:7) {
    errno: -2,
    code: 'ENOENT',
    syscall: 'open',
    path: '/Users/hf-mac/Downloads/tgpro-admin/.output/public/_nuxt/DbAgXtul.js'
  },
  statusCode: 500,
  fatal: false,
  unhandled: true,
  statusMessage: undefined,
  data: undefined
}
2025-11-05T02:30:48: [request error] [unhandled] [GET] http://localhost:3000/_nuxt/DpNIWReE.js
 H3Error: ENOENT: no such file or directory, open '/Users/hf-mac/Downloads/tgpro-admin/.output/public/_nuxt/DpNIWReE.js'
    at open (node:internal/fs/promises:641:25)
    ... 2 lines matching cause stack trace ...
    at Server.toNodeHandle (file:///Users/hf-mac/Downloads/tgpro-admin/.output/server/chunks/nitro/nitro.mjs:2230:7) {
  cause: Error: ENOENT: no such file or directory, open '/Users/hf-mac/Downloads/tgpro-admin/.output/public/_nuxt/DpNIWReE.js'
      at open (node:internal/fs/promises:641:25)
      at Object.readFile (node:internal/fs/promises:1245:14)
      at Object.handler (file:///Users/hf-mac/Downloads/tgpro-admin/.output/server/chunks/nitro/nitro.mjs:1959:19)
      at Server.toNodeHandle (file:///Users/hf-mac/Downloads/tgpro-admin/.output/server/chunks/nitro/nitro.mjs:2230:7) {
    errno: -2,
    code: 'ENOENT',
    syscall: 'open',
    path: '/Users/hf-mac/Downloads/tgpro-admin/.output/public/_nuxt/DpNIWReE.js'
  },
  statusCode: 500,
  fatal: false,
  unhandled: true,
  statusMessage: undefined,
  data: undefined
}
2025-11-05T02:30:48: [request error] [unhandled] [GET] http://localhost:3000/_nuxt/D_B5nL8y.js
 H3Error: ENOENT: no such file or directory, open '/Users/hf-mac/Downloads/tgpro-admin/.output/public/_nuxt/D_B5nL8y.js'
    at open (node:internal/fs/promises:641:25)
    ... 2 lines matching cause stack trace ...
    at Server.toNodeHandle (file:///Users/hf-mac/Downloads/tgpro-admin/.output/server/chunks/nitro/nitro.mjs:2230:7) {
  cause: Error: ENOENT: no such file or directory, open '/Users/hf-mac/Downloads/tgpro-admin/.output/public/_nuxt/D_B5nL8y.js'
      at open (node:internal/fs/promises:641:25)
      at Object.readFile (node:internal/fs/promises:1245:14)
      at Object.handler (file:///Users/hf-mac/Downloads/tgpro-admin/.output/server/chunks/nitro/nitro.mjs:1959:19)
      at Server.toNodeHandle (file:///Users/hf-mac/Downloads/tgpro-admin/.output/server/chunks/nitro/nitro.mjs:2230:7) {
    errno: -2,
    code: 'ENOENT',
    syscall: 'open',
    path: '/Users/hf-mac/Downloads/tgpro-admin/.output/public/_nuxt/D_B5nL8y.js'
  },
  statusCode: 500,
  fatal: false,
  unhandled: true,
  statusMessage: undefined,
  data: undefined
}
2025-11-05T02:30:48: [request error] [unhandled] [GET] http://localhost:3000/_nuxt/Bl84yrz9.js
 H3Error: ENOENT: no such file or directory, open '/Users/hf-mac/Downloads/tgpro-admin/.output/public/_nuxt/Bl84yrz9.js'
    at open (node:internal/fs/promises:641:25)
    ... 2 lines matching cause stack trace ...
    at Server.toNodeHandle (file:///Users/hf-mac/Downloads/tgpro-admin/.output/server/chunks/nitro/nitro.mjs:2230:7) {
  cause: Error: ENOENT: no such file or directory, open '/Users/hf-mac/Downloads/tgpro-admin/.output/public/_nuxt/Bl84yrz9.js'
      at open (node:internal/fs/promises:641:25)
      at Object.readFile (node:internal/fs/promises:1245:14)
      at Object.handler (file:///Users/hf-mac/Downloads/tgpro-admin/.output/server/chunks/nitro/nitro.mjs:1959:19)
      at Server.toNodeHandle (file:///Users/hf-mac/Downloads/tgpro-admin/.output/server/chunks/nitro/nitro.mjs:2230:7) {
    errno: -2,
    code: 'ENOENT',
    syscall: 'open',
    path: '/Users/hf-mac/Downloads/tgpro-admin/.output/public/_nuxt/Bl84yrz9.js'
  },
  statusCode: 500,
  fatal: false,
  unhandled: true,
  statusMessage: undefined,
  data: undefined
}
2025-11-05T02:30:48: [request error] [unhandled] [GET] http://localhost:3000/_nuxt/D974gv07.js
 H3Error: ENOENT: no such file or directory, open '/Users/hf-mac/Downloads/tgpro-admin/.output/public/_nuxt/D974gv07.js'
    at open (node:internal/fs/promises:641:25)
    ... 2 lines matching cause stack trace ...
    at Server.toNodeHandle (file:///Users/hf-mac/Downloads/tgpro-admin/.output/server/chunks/nitro/nitro.mjs:2230:7) {
  cause: Error: ENOENT: no such file or directory, open '/Users/hf-mac/Downloads/tgpro-admin/.output/public/_nuxt/D974gv07.js'
      at open (node:internal/fs/promises:641:25)
      at Object.readFile (node:internal/fs/promises:1245:14)
      at Object.handler (file:///Users/hf-mac/Downloads/tgpro-admin/.output/server/chunks/nitro/nitro.mjs:1959:19)
      at Server.toNodeHandle (file:///Users/hf-mac/Downloads/tgpro-admin/.output/server/chunks/nitro/nitro.mjs:2230:7) {
    errno: -2,
    code: 'ENOENT',
    syscall: 'open',
    path: '/Users/hf-mac/Downloads/tgpro-admin/.output/public/_nuxt/D974gv07.js'
  },
  statusCode: 500,
  fatal: false,
  unhandled: true,
  statusMessage: undefined,
  data: undefined
}
2025-11-05T02:30:48: [request error] [unhandled] [GET] http://localhost:3000/_nuxt/D32lUId-.js
 H3Error: ENOENT: no such file or directory, open '/Users/hf-mac/Downloads/tgpro-admin/.output/public/_nuxt/D32lUId-.js'
    at open (node:internal/fs/promises:641:25)
    ... 2 lines matching cause stack trace ...
    at Server.toNodeHandle (file:///Users/hf-mac/Downloads/tgpro-admin/.output/server/chunks/nitro/nitro.mjs:2230:7) {
  cause: Error: ENOENT: no such file or directory, open '/Users/hf-mac/Downloads/tgpro-admin/.output/public/_nuxt/D32lUId-.js'
      at open (node:internal/fs/promises:641:25)
      at Object.readFile (node:internal/fs/promises:1245:14)
      at Object.handler (file:///Users/hf-mac/Downloads/tgpro-admin/.output/server/chunks/nitro/nitro.mjs:1959:19)
      at Server.toNodeHandle (file:///Users/hf-mac/Downloads/tgpro-admin/.output/server/chunks/nitro/nitro.mjs:2230:7) {
    errno: -2,
    code: 'ENOENT',
    syscall: 'open',
    path: '/Users/hf-mac/Downloads/tgpro-admin/.output/public/_nuxt/D32lUId-.js'
  },
  statusCode: 500,
  fatal: false,
  unhandled: true,
  statusMessage: undefined,
  data: undefined
}
2025-11-05T02:30:48: [request error] [unhandled] [GET] http://localhost:3000/_nuxt/CetYVyQG.js
 H3Error: ENOENT: no such file or directory, open '/Users/hf-mac/Downloads/tgpro-admin/.output/public/_nuxt/CetYVyQG.js'
    at open (node:internal/fs/promises:641:25)
    ... 2 lines matching cause stack trace ...
    at Server.toNodeHandle (file:///Users/hf-mac/Downloads/tgpro-admin/.output/server/chunks/nitro/nitro.mjs:2230:7) {
  cause: Error: ENOENT: no such file or directory, open '/Users/hf-mac/Downloads/tgpro-admin/.output/public/_nuxt/CetYVyQG.js'
      at open (node:internal/fs/promises:641:25)
      at Object.readFile (node:internal/fs/promises:1245:14)
      at Object.handler (file:///Users/hf-mac/Downloads/tgpro-admin/.output/server/chunks/nitro/nitro.mjs:1959:19)
      at Server.toNodeHandle (file:///Users/hf-mac/Downloads/tgpro-admin/.output/server/chunks/nitro/nitro.mjs:2230:7) {
    errno: -2,
    code: 'ENOENT',
    syscall: 'open',
    path: '/Users/hf-mac/Downloads/tgpro-admin/.output/public/_nuxt/CetYVyQG.js'
  },
  statusCode: 500,
  fatal: false,
  unhandled: true,
  statusMessage: undefined,
  data: undefined
}
2025-11-05T02:30:48: [request error] [unhandled] [GET] http://localhost:3000/_nuxt/Db7eFA1E.js
 H3Error: ENOENT: no such file or directory, open '/Users/hf-mac/Downloads/tgpro-admin/.output/public/_nuxt/Db7eFA1E.js'
    at open (node:internal/fs/promises:641:25)
    ... 2 lines matching cause stack trace ...
    at Server.toNodeHandle (file:///Users/hf-mac/Downloads/tgpro-admin/.output/server/chunks/nitro/nitro.mjs:2230:7) {
  cause: Error: ENOENT: no such file or directory, open '/Users/hf-mac/Downloads/tgpro-admin/.output/public/_nuxt/Db7eFA1E.js'
      at open (node:internal/fs/promises:641:25)
      at Object.readFile (node:internal/fs/promises:1245:14)
      at Object.handler (file:///Users/hf-mac/Downloads/tgpro-admin/.output/server/chunks/nitro/nitro.mjs:1959:19)
      at Server.toNodeHandle (file:///Users/hf-mac/Downloads/tgpro-admin/.output/server/chunks/nitro/nitro.mjs:2230:7) {
    errno: -2,
    code: 'ENOENT',
    syscall: 'open',
    path: '/Users/hf-mac/Downloads/tgpro-admin/.output/public/_nuxt/Db7eFA1E.js'
  },
  statusCode: 500,
  fatal: false,
  unhandled: true,
  statusMessage: undefined,
  data: undefined
}
2025-11-05T02:30:48: [request error] [unhandled] [GET] http://localhost:3000/_nuxt/DAr-OQmd.js
 H3Error: ENOENT: no such file or directory, open '/Users/hf-mac/Downloads/tgpro-admin/.output/public/_nuxt/DAr-OQmd.js'
    at open (node:internal/fs/promises:641:25)
    ... 2 lines matching cause stack trace ...
    at Server.toNodeHandle (file:///Users/hf-mac/Downloads/tgpro-admin/.output/server/chunks/nitro/nitro.mjs:2230:7) {
  cause: Error: ENOENT: no such file or directory, open '/Users/hf-mac/Downloads/tgpro-admin/.output/public/_nuxt/DAr-OQmd.js'
      at open (node:internal/fs/promises:641:25)
      at Object.readFile (node:internal/fs/promises:1245:14)
      at Object.handler (file:///Users/hf-mac/Downloads/tgpro-admin/.output/server/chunks/nitro/nitro.mjs:1959:19)
      at Server.toNodeHandle (file:///Users/hf-mac/Downloads/tgpro-admin/.output/server/chunks/nitro/nitro.mjs:2230:7) {
    errno: -2,
    code: 'ENOENT',
    syscall: 'open',
    path: '/Users/hf-mac/Downloads/tgpro-admin/.output/public/_nuxt/DAr-OQmd.js'
  },
  statusCode: 500,
  fatal: false,
  unhandled: true,
  statusMessage: undefined,
  data: undefined
}
2025-11-05T02:30:48: [request error] [unhandled] [GET] http://localhost:3000/_nuxt/Bdz-sLfb.js
 H3Error: ENOENT: no such file or directory, open '/Users/hf-mac/Downloads/tgpro-admin/.output/public/_nuxt/Bdz-sLfb.js'
    at open (node:internal/fs/promises:641:25)
    ... 2 lines matching cause stack trace ...
    at Server.toNodeHandle (file:///Users/hf-mac/Downloads/tgpro-admin/.output/server/chunks/nitro/nitro.mjs:2230:7) {
  cause: Error: ENOENT: no such file or directory, open '/Users/hf-mac/Downloads/tgpro-admin/.output/public/_nuxt/Bdz-sLfb.js'
      at open (node:internal/fs/promises:641:25)
      at Object.readFile (node:internal/fs/promises:1245:14)
      at Object.handler (file:///Users/hf-mac/Downloads/tgpro-admin/.output/server/chunks/nitro/nitro.mjs:1959:19)
      at Server.toNodeHandle (file:///Users/hf-mac/Downloads/tgpro-admin/.output/server/chunks/nitro/nitro.mjs:2230:7) {
    errno: -2,
    code: 'ENOENT',
    syscall: 'open',
    path: '/Users/hf-mac/Downloads/tgpro-admin/.output/public/_nuxt/Bdz-sLfb.js'
  },
  statusCode: 500,
  fatal: false,
  unhandled: true,
  statusMessage: undefined,
  data: undefined
}
2025-11-05T02:30:48: [request error] [unhandled] [GET] http://localhost:3000/_nuxt/BTgB1rvp.js
 H3Error: ENOENT: no such file or directory, open '/Users/hf-mac/Downloads/tgpro-admin/.output/public/_nuxt/BTgB1rvp.js'
    at open (node:internal/fs/promises:641:25)
    ... 2 lines matching cause stack trace ...
    at Server.toNodeHandle (file:///Users/hf-mac/Downloads/tgpro-admin/.output/server/chunks/nitro/nitro.mjs:2230:7) {
  cause: Error: ENOENT: no such file or directory, open '/Users/hf-mac/Downloads/tgpro-admin/.output/public/_nuxt/BTgB1rvp.js'
      at open (node:internal/fs/promises:641:25)
      at Object.readFile (node:internal/fs/promises:1245:14)
      at Object.handler (file:///Users/hf-mac/Downloads/tgpro-admin/.output/server/chunks/nitro/nitro.mjs:1959:19)
      at Server.toNodeHandle (file:///Users/hf-mac/Downloads/tgpro-admin/.output/server/chunks/nitro/nitro.mjs:2230:7) {
    errno: -2,
    code: 'ENOENT',
    syscall: 'open',
    path: '/Users/hf-mac/Downloads/tgpro-admin/.output/public/_nuxt/BTgB1rvp.js'
  },
  statusCode: 500,
  fatal: false,
  unhandled: true,
  statusMessage: undefined,
  data: undefined
}
2025-11-05T02:30:48: [request error] [unhandled] [GET] http://localhost:3000/_nuxt/DcHNM1Xn.js
 H3Error: ENOENT: no such file or directory, open '/Users/hf-mac/Downloads/tgpro-admin/.output/public/_nuxt/DcHNM1Xn.js'
    at open (node:internal/fs/promises:641:25)
    ... 2 lines matching cause stack trace ...
    at Server.toNodeHandle (file:///Users/hf-mac/Downloads/tgpro-admin/.output/server/chunks/nitro/nitro.mjs:2230:7) {
  cause: Error: ENOENT: no such file or directory, open '/Users/hf-mac/Downloads/tgpro-admin/.output/public/_nuxt/DcHNM1Xn.js'
      at open (node:internal/fs/promises:641:25)
      at Object.readFile (node:internal/fs/promises:1245:14)
      at Object.handler (file:///Users/hf-mac/Downloads/tgpro-admin/.output/server/chunks/nitro/nitro.mjs:1959:19)
      at Server.toNodeHandle (file:///Users/hf-mac/Downloads/tgpro-admin/.output/server/chunks/nitro/nitro.mjs:2230:7) {
    errno: -2,
    code: 'ENOENT',
    syscall: 'open',
    path: '/Users/hf-mac/Downloads/tgpro-admin/.output/public/_nuxt/DcHNM1Xn.js'
  },
  statusCode: 500,
  fatal: false,
  unhandled: true,
  statusMessage: undefined,
  data: undefined
}
2025-11-05T02:30:48: [request error] [unhandled] [GET] http://localhost:3000/_nuxt/CXT04lNs.js
 H3Error: ENOENT: no such file or directory, open '/Users/hf-mac/Downloads/tgpro-admin/.output/public/_nuxt/CXT04lNs.js'
    at open (node:internal/fs/promises:641:25)
    ... 2 lines matching cause stack trace ...
    at Server.toNodeHandle (file:///Users/hf-mac/Downloads/tgpro-admin/.output/server/chunks/nitro/nitro.mjs:2230:7) {
  cause: Error: ENOENT: no such file or directory, open '/Users/hf-mac/Downloads/tgpro-admin/.output/public/_nuxt/CXT04lNs.js'
      at open (node:internal/fs/promises:641:25)
      at Object.readFile (node:internal/fs/promises:1245:14)
      at Object.handler (file:///Users/hf-mac/Downloads/tgpro-admin/.output/server/chunks/nitro/nitro.mjs:1959:19)
      at Server.toNodeHandle (file:///Users/hf-mac/Downloads/tgpro-admin/.output/server/chunks/nitro/nitro.mjs:2230:7) {
    errno: -2,
    code: 'ENOENT',
    syscall: 'open',
    path: '/Users/hf-mac/Downloads/tgpro-admin/.output/public/_nuxt/CXT04lNs.js'
  },
  statusCode: 500,
  fatal: false,
  unhandled: true,
  statusMessage: undefined,
  data: undefined
}
2025-11-05T02:30:48: [request error] [unhandled] [GET] http://localhost:3000/_nuxt/C4xQaJXR.js
 H3Error: ENOENT: no such file or directory, open '/Users/hf-mac/Downloads/tgpro-admin/.output/public/_nuxt/C4xQaJXR.js'
    at open (node:internal/fs/promises:641:25)
    ... 2 lines matching cause stack trace ...
    at Server.toNodeHandle (file:///Users/hf-mac/Downloads/tgpro-admin/.output/server/chunks/nitro/nitro.mjs:2230:7) {
  cause: Error: ENOENT: no such file or directory, open '/Users/hf-mac/Downloads/tgpro-admin/.output/public/_nuxt/C4xQaJXR.js'
      at open (node:internal/fs/promises:641:25)
      at Object.readFile (node:internal/fs/promises:1245:14)
      at Object.handler (file:///Users/hf-mac/Downloads/tgpro-admin/.output/server/chunks/nitro/nitro.mjs:1959:19)
      at Server.toNodeHandle (file:///Users/hf-mac/Downloads/tgpro-admin/.output/server/chunks/nitro/nitro.mjs:2230:7) {
    errno: -2,
    code: 'ENOENT',
    syscall: 'open',
    path: '/Users/hf-mac/Downloads/tgpro-admin/.output/public/_nuxt/C4xQaJXR.js'
  },
  statusCode: 500,
  fatal: false,
  unhandled: true,
  statusMessage: undefined,
  data: undefined
}
2025-11-05T02:30:48: [request error] [unhandled] [GET] http://localhost:3000/_nuxt/builds/meta/db489c3b-20ab-405c-96a2-98b632ec7da6.json
 H3Error: ENOENT: no such file or directory, open '/Users/hf-mac/Downloads/tgpro-admin/.output/public/_nuxt/builds/meta/db489c3b-20ab-405c-96a2-98b632ec7da6.json'
    at open (node:internal/fs/promises:641:25)
    ... 2 lines matching cause stack trace ...
    at Server.toNodeHandle (file:///Users/hf-mac/Downloads/tgpro-admin/.output/server/chunks/nitro/nitro.mjs:2230:7) {
  cause: Error: ENOENT: no such file or directory, open '/Users/hf-mac/Downloads/tgpro-admin/.output/public/_nuxt/builds/meta/db489c3b-20ab-405c-96a2-98b632ec7da6.json'
      at open (node:internal/fs/promises:641:25)
      at Object.readFile (node:internal/fs/promises:1245:14)
      at Object.handler (file:///Users/hf-mac/Downloads/tgpro-admin/.output/server/chunks/nitro/nitro.mjs:1959:19)
      at Server.toNodeHandle (file:///Users/hf-mac/Downloads/tgpro-admin/.output/server/chunks/nitro/nitro.mjs:2230:7) {
    errno: -2,
    code: 'ENOENT',
    syscall: 'open',
    path: '/Users/hf-mac/Downloads/tgpro-admin/.output/public/_nuxt/builds/meta/db489c3b-20ab-405c-96a2-98b632ec7da6.json'
  },
  statusCode: 500,
  fatal: false,
  unhandled: true,
  statusMessage: undefined,
  data: undefined
}
2025-11-05T02:30:48: [request error] [unhandled] [GET] http://localhost:3000/_nuxt/DbAgXtul.js
 H3Error: ENOENT: no such file or directory, open '/Users/hf-mac/Downloads/tgpro-admin/.output/public/_nuxt/DbAgXtul.js'
    at open (node:internal/fs/promises:641:25)
    ... 2 lines matching cause stack trace ...
    at Server.toNodeHandle (file:///Users/hf-mac/Downloads/tgpro-admin/.output/server/chunks/nitro/nitro.mjs:2230:7) {
  cause: Error: ENOENT: no such file or directory, open '/Users/hf-mac/Downloads/tgpro-admin/.output/public/_nuxt/DbAgXtul.js'
      at open (node:internal/fs/promises:641:25)
      at Object.readFile (node:internal/fs/promises:1245:14)
      at Object.handler (file:///Users/hf-mac/Downloads/tgpro-admin/.output/server/chunks/nitro/nitro.mjs:1959:19)
      at Server.toNodeHandle (file:///Users/hf-mac/Downloads/tgpro-admin/.output/server/chunks/nitro/nitro.mjs:2230:7) {
    errno: -2,
    code: 'ENOENT',
    syscall: 'open',
    path: '/Users/hf-mac/Downloads/tgpro-admin/.output/public/_nuxt/DbAgXtul.js'
  },
  statusCode: 500,
  fatal: false,
  unhandled: true,
  statusMessage: undefined,
  data: undefined
}
2025-11-05T02:30:48: [request error] [unhandled] [GET] http://localhost:3000/_nuxt/DpNIWReE.js
 H3Error: ENOENT: no such file or directory, open '/Users/hf-mac/Downloads/tgpro-admin/.output/public/_nuxt/DpNIWReE.js'
    at open (node:internal/fs/promises:641:25)
    ... 2 lines matching cause stack trace ...
    at Server.toNodeHandle (file:///Users/hf-mac/Downloads/tgpro-admin/.output/server/chunks/nitro/nitro.mjs:2230:7) {
  cause: Error: ENOENT: no such file or directory, open '/Users/hf-mac/Downloads/tgpro-admin/.output/public/_nuxt/DpNIWReE.js'
      at open (node:internal/fs/promises:641:25)
      at Object.readFile (node:internal/fs/promises:1245:14)
      at Object.handler (file:///Users/hf-mac/Downloads/tgpro-admin/.output/server/chunks/nitro/nitro.mjs:1959:19)
      at Server.toNodeHandle (file:///Users/hf-mac/Downloads/tgpro-admin/.output/server/chunks/nitro/nitro.mjs:2230:7) {
    errno: -2,
    code: 'ENOENT',
    syscall: 'open',
    path: '/Users/hf-mac/Downloads/tgpro-admin/.output/public/_nuxt/DpNIWReE.js'
  },
  statusCode: 500,
  fatal: false,
  unhandled: true,
  statusMessage: undefined,
  data: undefined
}
2025-11-05T02:30:48: [request error] [unhandled] [GET] http://localhost:3000/_nuxt/D_B5nL8y.js
 H3Error: ENOENT: no such file or directory, open '/Users/hf-mac/Downloads/tgpro-admin/.output/public/_nuxt/D_B5nL8y.js'
    at open (node:internal/fs/promises:641:25)
    ... 2 lines matching cause stack trace ...
    at Server.toNodeHandle (file:///Users/hf-mac/Downloads/tgpro-admin/.output/server/chunks/nitro/nitro.mjs:2230:7) {
  cause: Error: ENOENT: no such file or directory, open '/Users/hf-mac/Downloads/tgpro-admin/.output/public/_nuxt/D_B5nL8y.js'
      at open (node:internal/fs/promises:641:25)
      at Object.readFile (node:internal/fs/promises:1245:14)
      at Object.handler (file:///Users/hf-mac/Downloads/tgpro-admin/.output/server/chunks/nitro/nitro.mjs:1959:19)
      at Server.toNodeHandle (file:///Users/hf-mac/Downloads/tgpro-admin/.output/server/chunks/nitro/nitro.mjs:2230:7) {
    errno: -2,
    code: 'ENOENT',
    syscall: 'open',
    path: '/Users/hf-mac/Downloads/tgpro-admin/.output/public/_nuxt/D_B5nL8y.js'
  },
  statusCode: 500,
  fatal: false,
  unhandled: true,
  statusMessage: undefined,
  data: undefined
}
2025-11-05T02:30:48: [request error] [unhandled] [GET] http://localhost:3000/_nuxt/Bl84yrz9.js
 H3Error: ENOENT: no such file or directory, open '/Users/hf-mac/Downloads/tgpro-admin/.output/public/_nuxt/Bl84yrz9.js'
    at open (node:internal/fs/promises:641:25)
    ... 2 lines matching cause stack trace ...
    at Server.toNodeHandle (file:///Users/hf-mac/Downloads/tgpro-admin/.output/server/chunks/nitro/nitro.mjs:2230:7) {
  cause: Error: ENOENT: no such file or directory, open '/Users/hf-mac/Downloads/tgpro-admin/.output/public/_nuxt/Bl84yrz9.js'
      at open (node:internal/fs/promises:641:25)
      at Object.readFile (node:internal/fs/promises:1245:14)
      at Object.handler (file:///Users/hf-mac/Downloads/tgpro-admin/.output/server/chunks/nitro/nitro.mjs:1959:19)
      at Server.toNodeHandle (file:///Users/hf-mac/Downloads/tgpro-admin/.output/server/chunks/nitro/nitro.mjs:2230:7) {
    errno: -2,
    code: 'ENOENT',
    syscall: 'open',
    path: '/Users/hf-mac/Downloads/tgpro-admin/.output/public/_nuxt/Bl84yrz9.js'
  },
  statusCode: 500,
  fatal: false,
  unhandled: true,
  statusMessage: undefined,
  data: undefined
}
2025-11-05T02:30:48: [request error] [unhandled] [GET] http://localhost:3000/_nuxt/D974gv07.js
 H3Error: ENOENT: no such file or directory, open '/Users/hf-mac/Downloads/tgpro-admin/.output/public/_nuxt/D974gv07.js'
    at open (node:internal/fs/promises:641:25)
    ... 2 lines matching cause stack trace ...
    at Server.toNodeHandle (file:///Users/hf-mac/Downloads/tgpro-admin/.output/server/chunks/nitro/nitro.mjs:2230:7) {
  cause: Error: ENOENT: no such file or directory, open '/Users/hf-mac/Downloads/tgpro-admin/.output/public/_nuxt/D974gv07.js'
      at open (node:internal/fs/promises:641:25)
      at Object.readFile (node:internal/fs/promises:1245:14)
      at Object.handler (file:///Users/hf-mac/Downloads/tgpro-admin/.output/server/chunks/nitro/nitro.mjs:1959:19)
      at Server.toNodeHandle (file:///Users/hf-mac/Downloads/tgpro-admin/.output/server/chunks/nitro/nitro.mjs:2230:7) {
    errno: -2,
    code: 'ENOENT',
    syscall: 'open',
    path: '/Users/hf-mac/Downloads/tgpro-admin/.output/public/_nuxt/D974gv07.js'
  },
  statusCode: 500,
  fatal: false,
  unhandled: true,
  statusMessage: undefined,
  data: undefined
}
2025-11-05T02:30:48: [request error] [unhandled] [GET] http://localhost:3000/_nuxt/D32lUId-.js
 H3Error: ENOENT: no such file or directory, open '/Users/hf-mac/Downloads/tgpro-admin/.output/public/_nuxt/D32lUId-.js'
    at open (node:internal/fs/promises:641:25)
    ... 2 lines matching cause stack trace ...
    at Server.toNodeHandle (file:///Users/hf-mac/Downloads/tgpro-admin/.output/server/chunks/nitro/nitro.mjs:2230:7) {
  cause: Error: ENOENT: no such file or directory, open '/Users/hf-mac/Downloads/tgpro-admin/.output/public/_nuxt/D32lUId-.js'
      at open (node:internal/fs/promises:641:25)
      at Object.readFile (node:internal/fs/promises:1245:14)
      at Object.handler (file:///Users/hf-mac/Downloads/tgpro-admin/.output/server/chunks/nitro/nitro.mjs:1959:19)
      at Server.toNodeHandle (file:///Users/hf-mac/Downloads/tgpro-admin/.output/server/chunks/nitro/nitro.mjs:2230:7) {
    errno: -2,
    code: 'ENOENT',
    syscall: 'open',
    path: '/Users/hf-mac/Downloads/tgpro-admin/.output/public/_nuxt/D32lUId-.js'
  },
  statusCode: 500,
  fatal: false,
  unhandled: true,
  statusMessage: undefined,
  data: undefined
}
2025-11-05T02:30:48: [request error] [unhandled] [GET] http://localhost:3000/_nuxt/CetYVyQG.js
 H3Error: ENOENT: no such file or directory, open '/Users/hf-mac/Downloads/tgpro-admin/.output/public/_nuxt/CetYVyQG.js'
    at open (node:internal/fs/promises:641:25)
    ... 2 lines matching cause stack trace ...
    at Server.toNodeHandle (file:///Users/hf-mac/Downloads/tgpro-admin/.output/server/chunks/nitro/nitro.mjs:2230:7) {
  cause: Error: ENOENT: no such file or directory, open '/Users/hf-mac/Downloads/tgpro-admin/.output/public/_nuxt/CetYVyQG.js'
      at open (node:internal/fs/promises:641:25)
      at Object.readFile (node:internal/fs/promises:1245:14)
      at Object.handler (file:///Users/hf-mac/Downloads/tgpro-admin/.output/server/chunks/nitro/nitro.mjs:1959:19)
      at Server.toNodeHandle (file:///Users/hf-mac/Downloads/tgpro-admin/.output/server/chunks/nitro/nitro.mjs:2230:7) {
    errno: -2,
    code: 'ENOENT',
    syscall: 'open',
    path: '/Users/hf-mac/Downloads/tgpro-admin/.output/public/_nuxt/CetYVyQG.js'
  },
  statusCode: 500,
  fatal: false,
  unhandled: true,
  statusMessage: undefined,
  data: undefined
}
2025-11-05T02:30:48: [request error] [unhandled] [GET] http://localhost:3000/_nuxt/Db7eFA1E.js
 H3Error: ENOENT: no such file or directory, open '/Users/hf-mac/Downloads/tgpro-admin/.output/public/_nuxt/Db7eFA1E.js'
    at open (node:internal/fs/promises:641:25)
    ... 2 lines matching cause stack trace ...
    at Server.toNodeHandle (file:///Users/hf-mac/Downloads/tgpro-admin/.output/server/chunks/nitro/nitro.mjs:2230:7) {
  cause: Error: ENOENT: no such file or directory, open '/Users/hf-mac/Downloads/tgpro-admin/.output/public/_nuxt/Db7eFA1E.js'
      at open (node:internal/fs/promises:641:25)
      at Object.readFile (node:internal/fs/promises:1245:14)
      at Object.handler (file:///Users/hf-mac/Downloads/tgpro-admin/.output/server/chunks/nitro/nitro.mjs:1959:19)
      at Server.toNodeHandle (file:///Users/hf-mac/Downloads/tgpro-admin/.output/server/chunks/nitro/nitro.mjs:2230:7) {
    errno: -2,
    code: 'ENOENT',
    syscall: 'open',
    path: '/Users/hf-mac/Downloads/tgpro-admin/.output/public/_nuxt/Db7eFA1E.js'
  },
  statusCode: 500,
  fatal: false,
  unhandled: true,
  statusMessage: undefined,
  data: undefined
}
2025-11-05T02:30:48: [request error] [unhandled] [GET] http://localhost:3000/_nuxt/DAr-OQmd.js
 H3Error: ENOENT: no such file or directory, open '/Users/hf-mac/Downloads/tgpro-admin/.output/public/_nuxt/DAr-OQmd.js'
    at open (node:internal/fs/promises:641:25)
    ... 2 lines matching cause stack trace ...
    at Server.toNodeHandle (file:///Users/hf-mac/Downloads/tgpro-admin/.output/server/chunks/nitro/nitro.mjs:2230:7) {
  cause: Error: ENOENT: no such file or directory, open '/Users/hf-mac/Downloads/tgpro-admin/.output/public/_nuxt/DAr-OQmd.js'
      at open (node:internal/fs/promises:641:25)
      at Object.readFile (node:internal/fs/promises:1245:14)
      at Object.handler (file:///Users/hf-mac/Downloads/tgpro-admin/.output/server/chunks/nitro/nitro.mjs:1959:19)
      at Server.toNodeHandle (file:///Users/hf-mac/Downloads/tgpro-admin/.output/server/chunks/nitro/nitro.mjs:2230:7) {
    errno: -2,
    code: 'ENOENT',
    syscall: 'open',
    path: '/Users/hf-mac/Downloads/tgpro-admin/.output/public/_nuxt/DAr-OQmd.js'
  },
  statusCode: 500,
  fatal: false,
  unhandled: true,
  statusMessage: undefined,
  data: undefined
}
2025-11-05T02:30:48: [request error] [unhandled] [GET] http://localhost:3000/_nuxt/Bdz-sLfb.js
 H3Error: ENOENT: no such file or directory, open '/Users/hf-mac/Downloads/tgpro-admin/.output/public/_nuxt/Bdz-sLfb.js'
    at open (node:internal/fs/promises:641:25)
    ... 2 lines matching cause stack trace ...
    at Server.toNodeHandle (file:///Users/hf-mac/Downloads/tgpro-admin/.output/server/chunks/nitro/nitro.mjs:2230:7) {
  cause: Error: ENOENT: no such file or directory, open '/Users/hf-mac/Downloads/tgpro-admin/.output/public/_nuxt/Bdz-sLfb.js'
      at open (node:internal/fs/promises:641:25)
      at Object.readFile (node:internal/fs/promises:1245:14)
      at Object.handler (file:///Users/hf-mac/Downloads/tgpro-admin/.output/server/chunks/nitro/nitro.mjs:1959:19)
      at Server.toNodeHandle (file:///Users/hf-mac/Downloads/tgpro-admin/.output/server/chunks/nitro/nitro.mjs:2230:7) {
    errno: -2,
    code: 'ENOENT',
    syscall: 'open',
    path: '/Users/hf-mac/Downloads/tgpro-admin/.output/public/_nuxt/Bdz-sLfb.js'
  },
  statusCode: 500,
  fatal: false,
  unhandled: true,
  statusMessage: undefined,
  data: undefined
}
2025-11-05T02:30:48: [request error] [unhandled] [GET] http://localhost:3000/_nuxt/BTgB1rvp.js
 H3Error: ENOENT: no such file or directory, open '/Users/hf-mac/Downloads/tgpro-admin/.output/public/_nuxt/BTgB1rvp.js'
    at open (node:internal/fs/promises:641:25)
    ... 2 lines matching cause stack trace ...
    at Server.toNodeHandle (file:///Users/hf-mac/Downloads/tgpro-admin/.output/server/chunks/nitro/nitro.mjs:2230:7) {
  cause: Error: ENOENT: no such file or directory, open '/Users/hf-mac/Downloads/tgpro-admin/.output/public/_nuxt/BTgB1rvp.js'
      at open (node:internal/fs/promises:641:25)
      at Object.readFile (node:internal/fs/promises:1245:14)
      at Object.handler (file:///Users/hf-mac/Downloads/tgpro-admin/.output/server/chunks/nitro/nitro.mjs:1959:19)
      at Server.toNodeHandle (file:///Users/hf-mac/Downloads/tgpro-admin/.output/server/chunks/nitro/nitro.mjs:2230:7) {
    errno: -2,
    code: 'ENOENT',
    syscall: 'open',
    path: '/Users/hf-mac/Downloads/tgpro-admin/.output/public/_nuxt/BTgB1rvp.js'
  },
  statusCode: 500,
  fatal: false,
  unhandled: true,
  statusMessage: undefined,
  data: undefined
}
2025-11-05T02:30:48: [request error] [unhandled] [GET] http://localhost:3000/_nuxt/CXT04lNs.js
 H3Error: ENOENT: no such file or directory, open '/Users/hf-mac/Downloads/tgpro-admin/.output/public/_nuxt/CXT04lNs.js'
    at open (node:internal/fs/promises:641:25)
    ... 2 lines matching cause stack trace ...
    at Server.toNodeHandle (file:///Users/hf-mac/Downloads/tgpro-admin/.output/server/chunks/nitro/nitro.mjs:2230:7) {
  cause: Error: ENOENT: no such file or directory, open '/Users/hf-mac/Downloads/tgpro-admin/.output/public/_nuxt/CXT04lNs.js'
      at open (node:internal/fs/promises:641:25)
      at Object.readFile (node:internal/fs/promises:1245:14)
      at Object.handler (file:///Users/hf-mac/Downloads/tgpro-admin/.output/server/chunks/nitro/nitro.mjs:1959:19)
      at Server.toNodeHandle (file:///Users/hf-mac/Downloads/tgpro-admin/.output/server/chunks/nitro/nitro.mjs:2230:7) {
    errno: -2,
    code: 'ENOENT',
    syscall: 'open',
    path: '/Users/hf-mac/Downloads/tgpro-admin/.output/public/_nuxt/CXT04lNs.js'
  },
  statusCode: 500,
  fatal: false,
  unhandled: true,
  statusMessage: undefined,
  data: undefined
}
2025-11-05T02:30:48: [request error] [unhandled] [GET] http://localhost:3000/_nuxt/DcHNM1Xn.js
 H3Error: ENOENT: no such file or directory, open '/Users/hf-mac/Downloads/tgpro-admin/.output/public/_nuxt/DcHNM1Xn.js'
    at open (node:internal/fs/promises:641:25)
    ... 2 lines matching cause stack trace ...
    at Server.toNodeHandle (file:///Users/hf-mac/Downloads/tgpro-admin/.output/server/chunks/nitro/nitro.mjs:2230:7) {
  cause: Error: ENOENT: no such file or directory, open '/Users/hf-mac/Downloads/tgpro-admin/.output/public/_nuxt/DcHNM1Xn.js'
      at open (node:internal/fs/promises:641:25)
      at Object.readFile (node:internal/fs/promises:1245:14)
      at Object.handler (file:///Users/hf-mac/Downloads/tgpro-admin/.output/server/chunks/nitro/nitro.mjs:1959:19)
      at Server.toNodeHandle (file:///Users/hf-mac/Downloads/tgpro-admin/.output/server/chunks/nitro/nitro.mjs:2230:7) {
    errno: -2,
    code: 'ENOENT',
    syscall: 'open',
    path: '/Users/hf-mac/Downloads/tgpro-admin/.output/public/_nuxt/DcHNM1Xn.js'
  },
  statusCode: 500,
  fatal: false,
  unhandled: true,
  statusMessage: undefined,
  data: undefined
}
2025-11-05T02:30:48: [request error] [unhandled] [GET] http://localhost:3000/_nuxt/builds/meta/db489c3b-20ab-405c-96a2-98b632ec7da6.json
 H3Error: ENOENT: no such file or directory, open '/Users/hf-mac/Downloads/tgpro-admin/.output/public/_nuxt/builds/meta/db489c3b-20ab-405c-96a2-98b632ec7da6.json'
    at open (node:internal/fs/promises:641:25)
    ... 2 lines matching cause stack trace ...
    at Server.toNodeHandle (file:///Users/hf-mac/Downloads/tgpro-admin/.output/server/chunks/nitro/nitro.mjs:2230:7) {
  cause: Error: ENOENT: no such file or directory, open '/Users/hf-mac/Downloads/tgpro-admin/.output/public/_nuxt/builds/meta/db489c3b-20ab-405c-96a2-98b632ec7da6.json'
      at open (node:internal/fs/promises:641:25)
      at Object.readFile (node:internal/fs/promises:1245:14)
      at Object.handler (file:///Users/hf-mac/Downloads/tgpro-admin/.output/server/chunks/nitro/nitro.mjs:1959:19)
      at Server.toNodeHandle (file:///Users/hf-mac/Downloads/tgpro-admin/.output/server/chunks/nitro/nitro.mjs:2230:7) {
    errno: -2,
    code: 'ENOENT',
    syscall: 'open',
    path: '/Users/hf-mac/Downloads/tgpro-admin/.output/public/_nuxt/builds/meta/db489c3b-20ab-405c-96a2-98b632ec7da6.json'
  },
  statusCode: 500,
  fatal: false,
  unhandled: true,
  statusMessage: undefined,
  data: undefined
}
2025-11-05T02:30:48: [request error] [unhandled] [GET] http://localhost:3000/_nuxt/DbAgXtul.js
 H3Error: ENOENT: no such file or directory, open '/Users/hf-mac/Downloads/tgpro-admin/.output/public/_nuxt/DbAgXtul.js'
    at open (node:internal/fs/promises:641:25)
    ... 2 lines matching cause stack trace ...
    at Server.toNodeHandle (file:///Users/hf-mac/Downloads/tgpro-admin/.output/server/chunks/nitro/nitro.mjs:2230:7) {
  cause: Error: ENOENT: no such file or directory, open '/Users/hf-mac/Downloads/tgpro-admin/.output/public/_nuxt/DbAgXtul.js'
      at open (node:internal/fs/promises:641:25)
      at Object.readFile (node:internal/fs/promises:1245:14)
      at Object.handler (file:///Users/hf-mac/Downloads/tgpro-admin/.output/server/chunks/nitro/nitro.mjs:1959:19)
      at Server.toNodeHandle (file:///Users/hf-mac/Downloads/tgpro-admin/.output/server/chunks/nitro/nitro.mjs:2230:7) {
    errno: -2,
    code: 'ENOENT',
    syscall: 'open',
    path: '/Users/hf-mac/Downloads/tgpro-admin/.output/public/_nuxt/DbAgXtul.js'
  },
  statusCode: 500,
  fatal: false,
  unhandled: true,
  statusMessage: undefined,
  data: undefined
}
2025-11-05T02:30:48: [request error] [unhandled] [GET] http://localhost:3000/_nuxt/DpNIWReE.js
 H3Error: ENOENT: no such file or directory, open '/Users/hf-mac/Downloads/tgpro-admin/.output/public/_nuxt/DpNIWReE.js'
    at open (node:internal/fs/promises:641:25)
    ... 2 lines matching cause stack trace ...
    at Server.toNodeHandle (file:///Users/hf-mac/Downloads/tgpro-admin/.output/server/chunks/nitro/nitro.mjs:2230:7) {
  cause: Error: ENOENT: no such file or directory, open '/Users/hf-mac/Downloads/tgpro-admin/.output/public/_nuxt/DpNIWReE.js'
      at open (node:internal/fs/promises:641:25)
      at Object.readFile (node:internal/fs/promises:1245:14)
      at Object.handler (file:///Users/hf-mac/Downloads/tgpro-admin/.output/server/chunks/nitro/nitro.mjs:1959:19)
      at Server.toNodeHandle (file:///Users/hf-mac/Downloads/tgpro-admin/.output/server/chunks/nitro/nitro.mjs:2230:7) {
    errno: -2,
    code: 'ENOENT',
    syscall: 'open',
    path: '/Users/hf-mac/Downloads/tgpro-admin/.output/public/_nuxt/DpNIWReE.js'
  },
  statusCode: 500,
  fatal: false,
  unhandled: true,
  statusMessage: undefined,
  data: undefined
}
2025-11-05T02:30:48: [request error] [unhandled] [GET] http://localhost:3000/_nuxt/D_B5nL8y.js
 H3Error: ENOENT: no such file or directory, open '/Users/hf-mac/Downloads/tgpro-admin/.output/public/_nuxt/D_B5nL8y.js'
    at open (node:internal/fs/promises:641:25)
    ... 2 lines matching cause stack trace ...
    at Server.toNodeHandle (file:///Users/hf-mac/Downloads/tgpro-admin/.output/server/chunks/nitro/nitro.mjs:2230:7) {
  cause: Error: ENOENT: no such file or directory, open '/Users/hf-mac/Downloads/tgpro-admin/.output/public/_nuxt/D_B5nL8y.js'
      at open (node:internal/fs/promises:641:25)
      at Object.readFile (node:internal/fs/promises:1245:14)
      at Object.handler (file:///Users/hf-mac/Downloads/tgpro-admin/.output/server/chunks/nitro/nitro.mjs:1959:19)
      at Server.toNodeHandle (file:///Users/hf-mac/Downloads/tgpro-admin/.output/server/chunks/nitro/nitro.mjs:2230:7) {
    errno: -2,
    code: 'ENOENT',
    syscall: 'open',
    path: '/Users/hf-mac/Downloads/tgpro-admin/.output/public/_nuxt/D_B5nL8y.js'
  },
  statusCode: 500,
  fatal: false,
  unhandled: true,
  statusMessage: undefined,
  data: undefined
}
2025-11-05T02:30:48: [request error] [unhandled] [GET] http://localhost:3000/_nuxt/Bl84yrz9.js
 H3Error: ENOENT: no such file or directory, open '/Users/hf-mac/Downloads/tgpro-admin/.output/public/_nuxt/Bl84yrz9.js'
    at open (node:internal/fs/promises:641:25)
    ... 2 lines matching cause stack trace ...
    at Server.toNodeHandle (file:///Users/hf-mac/Downloads/tgpro-admin/.output/server/chunks/nitro/nitro.mjs:2230:7) {
  cause: Error: ENOENT: no such file or directory, open '/Users/hf-mac/Downloads/tgpro-admin/.output/public/_nuxt/Bl84yrz9.js'
      at open (node:internal/fs/promises:641:25)
      at Object.readFile (node:internal/fs/promises:1245:14)
      at Object.handler (file:///Users/hf-mac/Downloads/tgpro-admin/.output/server/chunks/nitro/nitro.mjs:1959:19)
      at Server.toNodeHandle (file:///Users/hf-mac/Downloads/tgpro-admin/.output/server/chunks/nitro/nitro.mjs:2230:7) {
    errno: -2,
    code: 'ENOENT',
    syscall: 'open',
    path: '/Users/hf-mac/Downloads/tgpro-admin/.output/public/_nuxt/Bl84yrz9.js'
  },
  statusCode: 500,
  fatal: false,
  unhandled: true,
  statusMessage: undefined,
  data: undefined
}
2025-11-05T02:30:48: [request error] [unhandled] [GET] http://localhost:3000/_nuxt/D974gv07.js
 H3Error: ENOENT: no such file or directory, open '/Users/hf-mac/Downloads/tgpro-admin/.output/public/_nuxt/D974gv07.js'
    at open (node:internal/fs/promises:641:25)
    ... 2 lines matching cause stack trace ...
    at Server.toNodeHandle (file:///Users/hf-mac/Downloads/tgpro-admin/.output/server/chunks/nitro/nitro.mjs:2230:7) {
  cause: Error: ENOENT: no such file or directory, open '/Users/hf-mac/Downloads/tgpro-admin/.output/public/_nuxt/D974gv07.js'
      at open (node:internal/fs/promises:641:25)
      at Object.readFile (node:internal/fs/promises:1245:14)
      at Object.handler (file:///Users/hf-mac/Downloads/tgpro-admin/.output/server/chunks/nitro/nitro.mjs:1959:19)
      at Server.toNodeHandle (file:///Users/hf-mac/Downloads/tgpro-admin/.output/server/chunks/nitro/nitro.mjs:2230:7) {
    errno: -2,
    code: 'ENOENT',
    syscall: 'open',
    path: '/Users/hf-mac/Downloads/tgpro-admin/.output/public/_nuxt/D974gv07.js'
  },
  statusCode: 500,
  fatal: false,
  unhandled: true,
  statusMessage: undefined,
  data: undefined
}
2025-11-05T02:30:48: [request error] [unhandled] [GET] http://localhost:3000/_nuxt/D32lUId-.js
 H3Error: ENOENT: no such file or directory, open '/Users/hf-mac/Downloads/tgpro-admin/.output/public/_nuxt/D32lUId-.js'
    at open (node:internal/fs/promises:641:25)
    ... 2 lines matching cause stack trace ...
    at Server.toNodeHandle (file:///Users/hf-mac/Downloads/tgpro-admin/.output/server/chunks/nitro/nitro.mjs:2230:7) {
  cause: Error: ENOENT: no such file or directory, open '/Users/hf-mac/Downloads/tgpro-admin/.output/public/_nuxt/D32lUId-.js'
      at open (node:internal/fs/promises:641:25)
      at Object.readFile (node:internal/fs/promises:1245:14)
      at Object.handler (file:///Users/hf-mac/Downloads/tgpro-admin/.output/server/chunks/nitro/nitro.mjs:1959:19)
      at Server.toNodeHandle (file:///Users/hf-mac/Downloads/tgpro-admin/.output/server/chunks/nitro/nitro.mjs:2230:7) {
    errno: -2,
    code: 'ENOENT',
    syscall: 'open',
    path: '/Users/hf-mac/Downloads/tgpro-admin/.output/public/_nuxt/D32lUId-.js'
  },
  statusCode: 500,
  fatal: false,
  unhandled: true,
  statusMessage: undefined,
  data: undefined
}
2025-11-05T02:30:48: [request error] [unhandled] [GET] http://localhost:3000/_nuxt/CetYVyQG.js
 H3Error: ENOENT: no such file or directory, open '/Users/hf-mac/Downloads/tgpro-admin/.output/public/_nuxt/CetYVyQG.js'
    at open (node:internal/fs/promises:641:25)
    ... 2 lines matching cause stack trace ...
    at Server.toNodeHandle (file:///Users/hf-mac/Downloads/tgpro-admin/.output/server/chunks/nitro/nitro.mjs:2230:7) {
  cause: Error: ENOENT: no such file or directory, open '/Users/hf-mac/Downloads/tgpro-admin/.output/public/_nuxt/CetYVyQG.js'
      at open (node:internal/fs/promises:641:25)
      at Object.readFile (node:internal/fs/promises:1245:14)
      at Object.handler (file:///Users/hf-mac/Downloads/tgpro-admin/.output/server/chunks/nitro/nitro.mjs:1959:19)
      at Server.toNodeHandle (file:///Users/hf-mac/Downloads/tgpro-admin/.output/server/chunks/nitro/nitro.mjs:2230:7) {
    errno: -2,
    code: 'ENOENT',
    syscall: 'open',
    path: '/Users/hf-mac/Downloads/tgpro-admin/.output/public/_nuxt/CetYVyQG.js'
  },
  statusCode: 500,
  fatal: false,
  unhandled: true,
  statusMessage: undefined,
  data: undefined
}
2025-11-05T02:30:48: [request error] [unhandled] [GET] http://localhost:3000/_nuxt/Db7eFA1E.js
 H3Error: ENOENT: no such file or directory, open '/Users/hf-mac/Downloads/tgpro-admin/.output/public/_nuxt/Db7eFA1E.js'
    at open (node:internal/fs/promises:641:25)
    ... 2 lines matching cause stack trace ...
    at Server.toNodeHandle (file:///Users/hf-mac/Downloads/tgpro-admin/.output/server/chunks/nitro/nitro.mjs:2230:7) {
  cause: Error: ENOENT: no such file or directory, open '/Users/hf-mac/Downloads/tgpro-admin/.output/public/_nuxt/Db7eFA1E.js'
      at open (node:internal/fs/promises:641:25)
      at Object.readFile (node:internal/fs/promises:1245:14)
      at Object.handler (file:///Users/hf-mac/Downloads/tgpro-admin/.output/server/chunks/nitro/nitro.mjs:1959:19)
      at Server.toNodeHandle (file:///Users/hf-mac/Downloads/tgpro-admin/.output/server/chunks/nitro/nitro.mjs:2230:7) {
    errno: -2,
    code: 'ENOENT',
    syscall: 'open',
    path: '/Users/hf-mac/Downloads/tgpro-admin/.output/public/_nuxt/Db7eFA1E.js'
  },
  statusCode: 500,
  fatal: false,
  unhandled: true,
  statusMessage: undefined,
  data: undefined
}
2025-11-05T02:30:48: [request error] [unhandled] [GET] http://localhost:3000/_nuxt/DAr-OQmd.js
 H3Error: ENOENT: no such file or directory, open '/Users/hf-mac/Downloads/tgpro-admin/.output/public/_nuxt/DAr-OQmd.js'
    at open (node:internal/fs/promises:641:25)
    ... 2 lines matching cause stack trace ...
    at Server.toNodeHandle (file:///Users/hf-mac/Downloads/tgpro-admin/.output/server/chunks/nitro/nitro.mjs:2230:7) {
  cause: Error: ENOENT: no such file or directory, open '/Users/hf-mac/Downloads/tgpro-admin/.output/public/_nuxt/DAr-OQmd.js'
      at open (node:internal/fs/promises:641:25)
      at Object.readFile (node:internal/fs/promises:1245:14)
      at Object.handler (file:///Users/hf-mac/Downloads/tgpro-admin/.output/server/chunks/nitro/nitro.mjs:1959:19)
      at Server.toNodeHandle (file:///Users/hf-mac/Downloads/tgpro-admin/.output/server/chunks/nitro/nitro.mjs:2230:7) {
    errno: -2,
    code: 'ENOENT',
    syscall: 'open',
    path: '/Users/hf-mac/Downloads/tgpro-admin/.output/public/_nuxt/DAr-OQmd.js'
  },
  statusCode: 500,
  fatal: false,
  unhandled: true,
  statusMessage: undefined,
  data: undefined
}
2025-11-05T02:30:48: [request error] [unhandled] [GET] http://localhost:3000/_nuxt/Bdz-sLfb.js
 H3Error: ENOENT: no such file or directory, open '/Users/hf-mac/Downloads/tgpro-admin/.output/public/_nuxt/Bdz-sLfb.js'
    at open (node:internal/fs/promises:641:25)
    ... 2 lines matching cause stack trace ...
    at Server.toNodeHandle (file:///Users/hf-mac/Downloads/tgpro-admin/.output/server/chunks/nitro/nitro.mjs:2230:7) {
  cause: Error: ENOENT: no such file or directory, open '/Users/hf-mac/Downloads/tgpro-admin/.output/public/_nuxt/Bdz-sLfb.js'
      at open (node:internal/fs/promises:641:25)
      at Object.readFile (node:internal/fs/promises:1245:14)
      at Object.handler (file:///Users/hf-mac/Downloads/tgpro-admin/.output/server/chunks/nitro/nitro.mjs:1959:19)
      at Server.toNodeHandle (file:///Users/hf-mac/Downloads/tgpro-admin/.output/server/chunks/nitro/nitro.mjs:2230:7) {
    errno: -2,
    code: 'ENOENT',
    syscall: 'open',
    path: '/Users/hf-mac/Downloads/tgpro-admin/.output/public/_nuxt/Bdz-sLfb.js'
  },
  statusCode: 500,
  fatal: false,
  unhandled: true,
  statusMessage: undefined,
  data: undefined
}
2025-11-05T02:30:48: [request error] [unhandled] [GET] http://localhost:3000/_nuxt/BTgB1rvp.js
 H3Error: ENOENT: no such file or directory, open '/Users/hf-mac/Downloads/tgpro-admin/.output/public/_nuxt/BTgB1rvp.js'
    at open (node:internal/fs/promises:641:25)
    ... 2 lines matching cause stack trace ...
    at Server.toNodeHandle (file:///Users/hf-mac/Downloads/tgpro-admin/.output/server/chunks/nitro/nitro.mjs:2230:7) {
  cause: Error: ENOENT: no such file or directory, open '/Users/hf-mac/Downloads/tgpro-admin/.output/public/_nuxt/BTgB1rvp.js'
      at open (node:internal/fs/promises:641:25)
      at Object.readFile (node:internal/fs/promises:1245:14)
      at Object.handler (file:///Users/hf-mac/Downloads/tgpro-admin/.output/server/chunks/nitro/nitro.mjs:1959:19)
      at Server.toNodeHandle (file:///Users/hf-mac/Downloads/tgpro-admin/.output/server/chunks/nitro/nitro.mjs:2230:7) {
    errno: -2,
    code: 'ENOENT',
    syscall: 'open',
    path: '/Users/hf-mac/Downloads/tgpro-admin/.output/public/_nuxt/BTgB1rvp.js'
  },
  statusCode: 500,
  fatal: false,
  unhandled: true,
  statusMessage: undefined,
  data: undefined
}
2025-11-05T02:30:48: [request error] [unhandled] [GET] http://localhost:3000/_nuxt/CXT04lNs.js
 H3Error: ENOENT: no such file or directory, open '/Users/hf-mac/Downloads/tgpro-admin/.output/public/_nuxt/CXT04lNs.js'
    at open (node:internal/fs/promises:641:25)
    ... 2 lines matching cause stack trace ...
    at Server.toNodeHandle (file:///Users/hf-mac/Downloads/tgpro-admin/.output/server/chunks/nitro/nitro.mjs:2230:7) {
  cause: Error: ENOENT: no such file or directory, open '/Users/hf-mac/Downloads/tgpro-admin/.output/public/_nuxt/CXT04lNs.js'
      at open (node:internal/fs/promises:641:25)
      at Object.readFile (node:internal/fs/promises:1245:14)
      at Object.handler (file:///Users/hf-mac/Downloads/tgpro-admin/.output/server/chunks/nitro/nitro.mjs:1959:19)
      at Server.toNodeHandle (file:///Users/hf-mac/Downloads/tgpro-admin/.output/server/chunks/nitro/nitro.mjs:2230:7) {
    errno: -2,
    code: 'ENOENT',
    syscall: 'open',
    path: '/Users/hf-mac/Downloads/tgpro-admin/.output/public/_nuxt/CXT04lNs.js'
  },
  statusCode: 500,
  fatal: false,
  unhandled: true,
  statusMessage: undefined,
  data: undefined
}
2025-11-05T02:30:48: [request error] [unhandled] [GET] http://localhost:3000/_nuxt/DcHNM1Xn.js
 H3Error: ENOENT: no such file or directory, open '/Users/hf-mac/Downloads/tgpro-admin/.output/public/_nuxt/DcHNM1Xn.js'
    at open (node:internal/fs/promises:641:25)
    ... 2 lines matching cause stack trace ...
    at Server.toNodeHandle (file:///Users/hf-mac/Downloads/tgpro-admin/.output/server/chunks/nitro/nitro.mjs:2230:7) {
  cause: Error: ENOENT: no such file or directory, open '/Users/hf-mac/Downloads/tgpro-admin/.output/public/_nuxt/DcHNM1Xn.js'
      at open (node:internal/fs/promises:641:25)
      at Object.readFile (node:internal/fs/promises:1245:14)
      at Object.handler (file:///Users/hf-mac/Downloads/tgpro-admin/.output/server/chunks/nitro/nitro.mjs:1959:19)
      at Server.toNodeHandle (file:///Users/hf-mac/Downloads/tgpro-admin/.output/server/chunks/nitro/nitro.mjs:2230:7) {
    errno: -2,
    code: 'ENOENT',
    syscall: 'open',
    path: '/Users/hf-mac/Downloads/tgpro-admin/.output/public/_nuxt/DcHNM1Xn.js'
  },
  statusCode: 500,
  fatal: false,
  unhandled: true,
  statusMessage: undefined,
  data: undefined
}
2025-11-05T02:30:48: [request error] [unhandled] [GET] http://localhost:3000/_nuxt/C4xQaJXR.js
 H3Error: ENOENT: no such file or directory, open '/Users/hf-mac/Downloads/tgpro-admin/.output/public/_nuxt/C4xQaJXR.js'
    at open (node:internal/fs/promises:641:25)
    ... 2 lines matching cause stack trace ...
    at Server.toNodeHandle (file:///Users/hf-mac/Downloads/tgpro-admin/.output/server/chunks/nitro/nitro.mjs:2230:7) {
  cause: Error: ENOENT: no such file or directory, open '/Users/hf-mac/Downloads/tgpro-admin/.output/public/_nuxt/C4xQaJXR.js'
      at open (node:internal/fs/promises:641:25)
      at Object.readFile (node:internal/fs/promises:1245:14)
      at Object.handler (file:///Users/hf-mac/Downloads/tgpro-admin/.output/server/chunks/nitro/nitro.mjs:1959:19)
      at Server.toNodeHandle (file:///Users/hf-mac/Downloads/tgpro-admin/.output/server/chunks/nitro/nitro.mjs:2230:7) {
    errno: -2,
    code: 'ENOENT',
    syscall: 'open',
    path: '/Users/hf-mac/Downloads/tgpro-admin/.output/public/_nuxt/C4xQaJXR.js'
  },
  statusCode: 500,
  fatal: false,
  unhandled: true,
  statusMessage: undefined,
  data: undefined
}
2025-11-05T02:30:48: [request error] [unhandled] [GET] http://localhost:3000/_nuxt/DbAgXtul.js
 H3Error: ENOENT: no such file or directory, open '/Users/hf-mac/Downloads/tgpro-admin/.output/public/_nuxt/DbAgXtul.js'
    at open (node:internal/fs/promises:641:25)
    ... 2 lines matching cause stack trace ...
    at Server.toNodeHandle (file:///Users/hf-mac/Downloads/tgpro-admin/.output/server/chunks/nitro/nitro.mjs:2230:7) {
  cause: Error: ENOENT: no such file or directory, open '/Users/hf-mac/Downloads/tgpro-admin/.output/public/_nuxt/DbAgXtul.js'
      at open (node:internal/fs/promises:641:25)
      at Object.readFile (node:internal/fs/promises:1245:14)
      at Object.handler (file:///Users/hf-mac/Downloads/tgpro-admin/.output/server/chunks/nitro/nitro.mjs:1959:19)
      at Server.toNodeHandle (file:///Users/hf-mac/Downloads/tgpro-admin/.output/server/chunks/nitro/nitro.mjs:2230:7) {
    errno: -2,
    code: 'ENOENT',
    syscall: 'open',
    path: '/Users/hf-mac/Downloads/tgpro-admin/.output/public/_nuxt/DbAgXtul.js'
  },
  statusCode: 500,
  fatal: false,
  unhandled: true,
  statusMessage: undefined,
  data: undefined
}
2025-11-05T02:30:48: [request error] [unhandled] [GET] http://localhost:3000/_nuxt/DpNIWReE.js
 H3Error: ENOENT: no such file or directory, open '/Users/hf-mac/Downloads/tgpro-admin/.output/public/_nuxt/DpNIWReE.js'
    at open (node:internal/fs/promises:641:25)
    ... 2 lines matching cause stack trace ...
    at Server.toNodeHandle (file:///Users/hf-mac/Downloads/tgpro-admin/.output/server/chunks/nitro/nitro.mjs:2230:7) {
  cause: Error: ENOENT: no such file or directory, open '/Users/hf-mac/Downloads/tgpro-admin/.output/public/_nuxt/DpNIWReE.js'
      at open (node:internal/fs/promises:641:25)
      at Object.readFile (node:internal/fs/promises:1245:14)
      at Object.handler (file:///Users/hf-mac/Downloads/tgpro-admin/.output/server/chunks/nitro/nitro.mjs:1959:19)
      at Server.toNodeHandle (file:///Users/hf-mac/Downloads/tgpro-admin/.output/server/chunks/nitro/nitro.mjs:2230:7) {
    errno: -2,
    code: 'ENOENT',
    syscall: 'open',
    path: '/Users/hf-mac/Downloads/tgpro-admin/.output/public/_nuxt/DpNIWReE.js'
  },
  statusCode: 500,
  fatal: false,
  unhandled: true,
  statusMessage: undefined,
  data: undefined
}
2025-11-05T02:30:48: [request error] [unhandled] [GET] http://localhost:3000/_nuxt/D_B5nL8y.js
 H3Error: ENOENT: no such file or directory, open '/Users/hf-mac/Downloads/tgpro-admin/.output/public/_nuxt/D_B5nL8y.js'
    at open (node:internal/fs/promises:641:25)
    ... 2 lines matching cause stack trace ...
    at Server.toNodeHandle (file:///Users/hf-mac/Downloads/tgpro-admin/.output/server/chunks/nitro/nitro.mjs:2230:7) {
  cause: Error: ENOENT: no such file or directory, open '/Users/hf-mac/Downloads/tgpro-admin/.output/public/_nuxt/D_B5nL8y.js'
      at open (node:internal/fs/promises:641:25)
      at Object.readFile (node:internal/fs/promises:1245:14)
      at Object.handler (file:///Users/hf-mac/Downloads/tgpro-admin/.output/server/chunks/nitro/nitro.mjs:1959:19)
      at Server.toNodeHandle (file:///Users/hf-mac/Downloads/tgpro-admin/.output/server/chunks/nitro/nitro.mjs:2230:7) {
    errno: -2,
    code: 'ENOENT',
    syscall: 'open',
    path: '/Users/hf-mac/Downloads/tgpro-admin/.output/public/_nuxt/D_B5nL8y.js'
  },
  statusCode: 500,
  fatal: false,
  unhandled: true,
  statusMessage: undefined,
  data: undefined
}
2025-11-05T02:30:48: [request error] [unhandled] [GET] http://localhost:3000/_nuxt/Bl84yrz9.js
 H3Error: ENOENT: no such file or directory, open '/Users/hf-mac/Downloads/tgpro-admin/.output/public/_nuxt/Bl84yrz9.js'
    at open (node:internal/fs/promises:641:25)
    ... 2 lines matching cause stack trace ...
    at Server.toNodeHandle (file:///Users/hf-mac/Downloads/tgpro-admin/.output/server/chunks/nitro/nitro.mjs:2230:7) {
  cause: Error: ENOENT: no such file or directory, open '/Users/hf-mac/Downloads/tgpro-admin/.output/public/_nuxt/Bl84yrz9.js'
      at open (node:internal/fs/promises:641:25)
      at Object.readFile (node:internal/fs/promises:1245:14)
      at Object.handler (file:///Users/hf-mac/Downloads/tgpro-admin/.output/server/chunks/nitro/nitro.mjs:1959:19)
      at Server.toNodeHandle (file:///Users/hf-mac/Downloads/tgpro-admin/.output/server/chunks/nitro/nitro.mjs:2230:7) {
    errno: -2,
    code: 'ENOENT',
    syscall: 'open',
    path: '/Users/hf-mac/Downloads/tgpro-admin/.output/public/_nuxt/Bl84yrz9.js'
  },
  statusCode: 500,
  fatal: false,
  unhandled: true,
  statusMessage: undefined,
  data: undefined
}
2025-11-05T02:30:48: [request error] [unhandled] [GET] http://localhost:3000/_nuxt/D974gv07.js
 H3Error: ENOENT: no such file or directory, open '/Users/hf-mac/Downloads/tgpro-admin/.output/public/_nuxt/D974gv07.js'
    at open (node:internal/fs/promises:641:25)
    ... 2 lines matching cause stack trace ...
    at Server.toNodeHandle (file:///Users/hf-mac/Downloads/tgpro-admin/.output/server/chunks/nitro/nitro.mjs:2230:7) {
  cause: Error: ENOENT: no such file or directory, open '/Users/hf-mac/Downloads/tgpro-admin/.output/public/_nuxt/D974gv07.js'
      at open (node:internal/fs/promises:641:25)
      at Object.readFile (node:internal/fs/promises:1245:14)
      at Object.handler (file:///Users/hf-mac/Downloads/tgpro-admin/.output/server/chunks/nitro/nitro.mjs:1959:19)
      at Server.toNodeHandle (file:///Users/hf-mac/Downloads/tgpro-admin/.output/server/chunks/nitro/nitro.mjs:2230:7) {
    errno: -2,
    code: 'ENOENT',
    syscall: 'open',
    path: '/Users/hf-mac/Downloads/tgpro-admin/.output/public/_nuxt/D974gv07.js'
  },
  statusCode: 500,
  fatal: false,
  unhandled: true,
  statusMessage: undefined,
  data: undefined
}
2025-11-05T02:30:48: [request error] [unhandled] [GET] http://localhost:3000/_nuxt/D32lUId-.js
 H3Error: ENOENT: no such file or directory, open '/Users/hf-mac/Downloads/tgpro-admin/.output/public/_nuxt/D32lUId-.js'
    at open (node:internal/fs/promises:641:25)
    ... 2 lines matching cause stack trace ...
    at Server.toNodeHandle (file:///Users/hf-mac/Downloads/tgpro-admin/.output/server/chunks/nitro/nitro.mjs:2230:7) {
  cause: Error: ENOENT: no such file or directory, open '/Users/hf-mac/Downloads/tgpro-admin/.output/public/_nuxt/D32lUId-.js'
      at open (node:internal/fs/promises:641:25)
      at Object.readFile (node:internal/fs/promises:1245:14)
      at Object.handler (file:///Users/hf-mac/Downloads/tgpro-admin/.output/server/chunks/nitro/nitro.mjs:1959:19)
      at Server.toNodeHandle (file:///Users/hf-mac/Downloads/tgpro-admin/.output/server/chunks/nitro/nitro.mjs:2230:7) {
    errno: -2,
    code: 'ENOENT',
    syscall: 'open',
    path: '/Users/hf-mac/Downloads/tgpro-admin/.output/public/_nuxt/D32lUId-.js'
  },
  statusCode: 500,
  fatal: false,
  unhandled: true,
  statusMessage: undefined,
  data: undefined
}
2025-11-05T02:30:49: [request error] [unhandled] [GET] http://localhost:3000/_nuxt/CetYVyQG.js
 H3Error: ENOENT: no such file or directory, open '/Users/hf-mac/Downloads/tgpro-admin/.output/public/_nuxt/CetYVyQG.js'
    at open (node:internal/fs/promises:641:25)
    ... 2 lines matching cause stack trace ...
    at Server.toNodeHandle (file:///Users/hf-mac/Downloads/tgpro-admin/.output/server/chunks/nitro/nitro.mjs:2230:7) {
  cause: Error: ENOENT: no such file or directory, open '/Users/hf-mac/Downloads/tgpro-admin/.output/public/_nuxt/CetYVyQG.js'
      at open (node:internal/fs/promises:641:25)
      at Object.readFile (node:internal/fs/promises:1245:14)
      at Object.handler (file:///Users/hf-mac/Downloads/tgpro-admin/.output/server/chunks/nitro/nitro.mjs:1959:19)
      at Server.toNodeHandle (file:///Users/hf-mac/Downloads/tgpro-admin/.output/server/chunks/nitro/nitro.mjs:2230:7) {
    errno: -2,
    code: 'ENOENT',
    syscall: 'open',
    path: '/Users/hf-mac/Downloads/tgpro-admin/.output/public/_nuxt/CetYVyQG.js'
  },
  statusCode: 500,
  fatal: false,
  unhandled: true,
  statusMessage: undefined,
  data: undefined
}
2025-11-05T02:30:49: [request error] [unhandled] [GET] http://localhost:3000/_nuxt/Db7eFA1E.js
 H3Error: ENOENT: no such file or directory, open '/Users/hf-mac/Downloads/tgpro-admin/.output/public/_nuxt/Db7eFA1E.js'
    at open (node:internal/fs/promises:641:25)
    ... 2 lines matching cause stack trace ...
    at Server.toNodeHandle (file:///Users/hf-mac/Downloads/tgpro-admin/.output/server/chunks/nitro/nitro.mjs:2230:7) {
  cause: Error: ENOENT: no such file or directory, open '/Users/hf-mac/Downloads/tgpro-admin/.output/public/_nuxt/Db7eFA1E.js'
      at open (node:internal/fs/promises:641:25)
      at Object.readFile (node:internal/fs/promises:1245:14)
      at Object.handler (file:///Users/hf-mac/Downloads/tgpro-admin/.output/server/chunks/nitro/nitro.mjs:1959:19)
      at Server.toNodeHandle (file:///Users/hf-mac/Downloads/tgpro-admin/.output/server/chunks/nitro/nitro.mjs:2230:7) {
    errno: -2,
    code: 'ENOENT',
    syscall: 'open',
    path: '/Users/hf-mac/Downloads/tgpro-admin/.output/public/_nuxt/Db7eFA1E.js'
  },
  statusCode: 500,
  fatal: false,
  unhandled: true,
  statusMessage: undefined,
  data: undefined
}
2025-11-05T02:30:49: [request error] [unhandled] [GET] http://localhost:3000/_nuxt/DAr-OQmd.js
 H3Error: ENOENT: no such file or directory, open '/Users/hf-mac/Downloads/tgpro-admin/.output/public/_nuxt/DAr-OQmd.js'
    at open (node:internal/fs/promises:641:25)
    ... 2 lines matching cause stack trace ...
    at Server.toNodeHandle (file:///Users/hf-mac/Downloads/tgpro-admin/.output/server/chunks/nitro/nitro.mjs:2230:7) {
  cause: Error: ENOENT: no such file or directory, open '/Users/hf-mac/Downloads/tgpro-admin/.output/public/_nuxt/DAr-OQmd.js'
      at open (node:internal/fs/promises:641:25)
      at Object.readFile (node:internal/fs/promises:1245:14)
      at Object.handler (file:///Users/hf-mac/Downloads/tgpro-admin/.output/server/chunks/nitro/nitro.mjs:1959:19)
      at Server.toNodeHandle (file:///Users/hf-mac/Downloads/tgpro-admin/.output/server/chunks/nitro/nitro.mjs:2230:7) {
    errno: -2,
    code: 'ENOENT',
    syscall: 'open',
    path: '/Users/hf-mac/Downloads/tgpro-admin/.output/public/_nuxt/DAr-OQmd.js'
  },
  statusCode: 500,
  fatal: false,
  unhandled: true,
  statusMessage: undefined,
  data: undefined
}
2025-11-05T02:30:49: [request error] [unhandled] [GET] http://localhost:3000/_nuxt/Bdz-sLfb.js
 H3Error: ENOENT: no such file or directory, open '/Users/hf-mac/Downloads/tgpro-admin/.output/public/_nuxt/Bdz-sLfb.js'
    at open (node:internal/fs/promises:641:25)
    ... 2 lines matching cause stack trace ...
    at Server.toNodeHandle (file:///Users/hf-mac/Downloads/tgpro-admin/.output/server/chunks/nitro/nitro.mjs:2230:7) {
  cause: Error: ENOENT: no such file or directory, open '/Users/hf-mac/Downloads/tgpro-admin/.output/public/_nuxt/Bdz-sLfb.js'
      at open (node:internal/fs/promises:641:25)
      at Object.readFile (node:internal/fs/promises:1245:14)
      at Object.handler (file:///Users/hf-mac/Downloads/tgpro-admin/.output/server/chunks/nitro/nitro.mjs:1959:19)
      at Server.toNodeHandle (file:///Users/hf-mac/Downloads/tgpro-admin/.output/server/chunks/nitro/nitro.mjs:2230:7) {
    errno: -2,
    code: 'ENOENT',
    syscall: 'open',
    path: '/Users/hf-mac/Downloads/tgpro-admin/.output/public/_nuxt/Bdz-sLfb.js'
  },
  statusCode: 500,
  fatal: false,
  unhandled: true,
  statusMessage: undefined,
  data: undefined
}
2025-11-05T02:30:49: [request error] [unhandled] [GET] http://localhost:3000/_nuxt/BTgB1rvp.js
 H3Error: ENOENT: no such file or directory, open '/Users/hf-mac/Downloads/tgpro-admin/.output/public/_nuxt/BTgB1rvp.js'
    at open (node:internal/fs/promises:641:25)
    ... 2 lines matching cause stack trace ...
    at Server.toNodeHandle (file:///Users/hf-mac/Downloads/tgpro-admin/.output/server/chunks/nitro/nitro.mjs:2230:7) {
  cause: Error: ENOENT: no such file or directory, open '/Users/hf-mac/Downloads/tgpro-admin/.output/public/_nuxt/BTgB1rvp.js'
      at open (node:internal/fs/promises:641:25)
      at Object.readFile (node:internal/fs/promises:1245:14)
      at Object.handler (file:///Users/hf-mac/Downloads/tgpro-admin/.output/server/chunks/nitro/nitro.mjs:1959:19)
      at Server.toNodeHandle (file:///Users/hf-mac/Downloads/tgpro-admin/.output/server/chunks/nitro/nitro.mjs:2230:7) {
    errno: -2,
    code: 'ENOENT',
    syscall: 'open',
    path: '/Users/hf-mac/Downloads/tgpro-admin/.output/public/_nuxt/BTgB1rvp.js'
  },
  statusCode: 500,
  fatal: false,
  unhandled: true,
  statusMessage: undefined,
  data: undefined
}
2025-11-05T02:30:49: [request error] [unhandled] [GET] http://localhost:3000/_nuxt/CXT04lNs.js
 H3Error: ENOENT: no such file or directory, open '/Users/hf-mac/Downloads/tgpro-admin/.output/public/_nuxt/CXT04lNs.js'
    at open (node:internal/fs/promises:641:25)
    ... 2 lines matching cause stack trace ...
    at Server.toNodeHandle (file:///Users/hf-mac/Downloads/tgpro-admin/.output/server/chunks/nitro/nitro.mjs:2230:7) {
  cause: Error: ENOENT: no such file or directory, open '/Users/hf-mac/Downloads/tgpro-admin/.output/public/_nuxt/CXT04lNs.js'
      at open (node:internal/fs/promises:641:25)
      at Object.readFile (node:internal/fs/promises:1245:14)
      at Object.handler (file:///Users/hf-mac/Downloads/tgpro-admin/.output/server/chunks/nitro/nitro.mjs:1959:19)
      at Server.toNodeHandle (file:///Users/hf-mac/Downloads/tgpro-admin/.output/server/chunks/nitro/nitro.mjs:2230:7) {
    errno: -2,
    code: 'ENOENT',
    syscall: 'open',
    path: '/Users/hf-mac/Downloads/tgpro-admin/.output/public/_nuxt/CXT04lNs.js'
  },
  statusCode: 500,
  fatal: false,
  unhandled: true,
  statusMessage: undefined,
  data: undefined
}
2025-11-05T02:30:49: [request error] [unhandled] [GET] http://localhost:3000/_nuxt/C4xQaJXR.js
 H3Error: ENOENT: no such file or directory, open '/Users/hf-mac/Downloads/tgpro-admin/.output/public/_nuxt/C4xQaJXR.js'
    at open (node:internal/fs/promises:641:25)
    ... 2 lines matching cause stack trace ...
    at Server.toNodeHandle (file:///Users/hf-mac/Downloads/tgpro-admin/.output/server/chunks/nitro/nitro.mjs:2230:7) {
  cause: Error: ENOENT: no such file or directory, open '/Users/hf-mac/Downloads/tgpro-admin/.output/public/_nuxt/C4xQaJXR.js'
      at open (node:internal/fs/promises:641:25)
      at Object.readFile (node:internal/fs/promises:1245:14)
      at Object.handler (file:///Users/hf-mac/Downloads/tgpro-admin/.output/server/chunks/nitro/nitro.mjs:1959:19)
      at Server.toNodeHandle (file:///Users/hf-mac/Downloads/tgpro-admin/.output/server/chunks/nitro/nitro.mjs:2230:7) {
    errno: -2,
    code: 'ENOENT',
    syscall: 'open',
    path: '/Users/hf-mac/Downloads/tgpro-admin/.output/public/_nuxt/C4xQaJXR.js'
  },
  statusCode: 500,
  fatal: false,
  unhandled: true,
  statusMessage: undefined,
  data: undefined
}
2025-11-05T02:30:49: [request error] [unhandled] [GET] http://localhost:3000/_nuxt/builds/meta/db489c3b-20ab-405c-96a2-98b632ec7da6.json
 H3Error: ENOENT: no such file or directory, open '/Users/hf-mac/Downloads/tgpro-admin/.output/public/_nuxt/builds/meta/db489c3b-20ab-405c-96a2-98b632ec7da6.json'
    at open (node:internal/fs/promises:641:25)
    ... 2 lines matching cause stack trace ...
    at Server.toNodeHandle (file:///Users/hf-mac/Downloads/tgpro-admin/.output/server/chunks/nitro/nitro.mjs:2230:7) {
  cause: Error: ENOENT: no such file or directory, open '/Users/hf-mac/Downloads/tgpro-admin/.output/public/_nuxt/builds/meta/db489c3b-20ab-405c-96a2-98b632ec7da6.json'
      at open (node:internal/fs/promises:641:25)
      at Object.readFile (node:internal/fs/promises:1245:14)
      at Object.handler (file:///Users/hf-mac/Downloads/tgpro-admin/.output/server/chunks/nitro/nitro.mjs:1959:19)
      at Server.toNodeHandle (file:///Users/hf-mac/Downloads/tgpro-admin/.output/server/chunks/nitro/nitro.mjs:2230:7) {
    errno: -2,
    code: 'ENOENT',
    syscall: 'open',
    path: '/Users/hf-mac/Downloads/tgpro-admin/.output/public/_nuxt/builds/meta/db489c3b-20ab-405c-96a2-98b632ec7da6.json'
  },
  statusCode: 500,
  fatal: false,
  unhandled: true,
  statusMessage: undefined,
  data: undefined
}
2025-11-05T02:30:49: [request error] [unhandled] [GET] http://localhost:3000/_nuxt/DbAgXtul.js
 H3Error: ENOENT: no such file or directory, open '/Users/hf-mac/Downloads/tgpro-admin/.output/public/_nuxt/DbAgXtul.js'
    at open (node:internal/fs/promises:641:25)
    ... 2 lines matching cause stack trace ...
    at Server.toNodeHandle (file:///Users/hf-mac/Downloads/tgpro-admin/.output/server/chunks/nitro/nitro.mjs:2230:7) {
  cause: Error: ENOENT: no such file or directory, open '/Users/hf-mac/Downloads/tgpro-admin/.output/public/_nuxt/DbAgXtul.js'
      at open (node:internal/fs/promises:641:25)
      at Object.readFile (node:internal/fs/promises:1245:14)
      at Object.handler (file:///Users/hf-mac/Downloads/tgpro-admin/.output/server/chunks/nitro/nitro.mjs:1959:19)
      at Server.toNodeHandle (file:///Users/hf-mac/Downloads/tgpro-admin/.output/server/chunks/nitro/nitro.mjs:2230:7) {
    errno: -2,
    code: 'ENOENT',
    syscall: 'open',
    path: '/Users/hf-mac/Downloads/tgpro-admin/.output/public/_nuxt/DbAgXtul.js'
  },
  statusCode: 500,
  fatal: false,
  unhandled: true,
  statusMessage: undefined,
  data: undefined
}
2025-11-05T02:30:49: [request error] [unhandled] [GET] http://localhost:3000/_nuxt/Bl84yrz9.js
 H3Error: ENOENT: no such file or directory, open '/Users/hf-mac/Downloads/tgpro-admin/.output/public/_nuxt/Bl84yrz9.js'
    at open (node:internal/fs/promises:641:25)
    ... 2 lines matching cause stack trace ...
    at Server.toNodeHandle (file:///Users/hf-mac/Downloads/tgpro-admin/.output/server/chunks/nitro/nitro.mjs:2230:7) {
  cause: Error: ENOENT: no such file or directory, open '/Users/hf-mac/Downloads/tgpro-admin/.output/public/_nuxt/Bl84yrz9.js'
      at open (node:internal/fs/promises:641:25)
      at Object.readFile (node:internal/fs/promises:1245:14)
      at Object.handler (file:///Users/hf-mac/Downloads/tgpro-admin/.output/server/chunks/nitro/nitro.mjs:1959:19)
      at Server.toNodeHandle (file:///Users/hf-mac/Downloads/tgpro-admin/.output/server/chunks/nitro/nitro.mjs:2230:7) {
    errno: -2,
    code: 'ENOENT',
    syscall: 'open',
    path: '/Users/hf-mac/Downloads/tgpro-admin/.output/public/_nuxt/Bl84yrz9.js'
  },
  statusCode: 500,
  fatal: false,
  unhandled: true,
  statusMessage: undefined,
  data: undefined
}
2025-11-05T02:30:49: [request error] [unhandled] [GET] http://localhost:3000/_nuxt/D_B5nL8y.js
 H3Error: ENOENT: no such file or directory, open '/Users/hf-mac/Downloads/tgpro-admin/.output/public/_nuxt/D_B5nL8y.js'
    at open (node:internal/fs/promises:641:25)
    ... 2 lines matching cause stack trace ...
    at Server.toNodeHandle (file:///Users/hf-mac/Downloads/tgpro-admin/.output/server/chunks/nitro/nitro.mjs:2230:7) {
  cause: Error: ENOENT: no such file or directory, open '/Users/hf-mac/Downloads/tgpro-admin/.output/public/_nuxt/D_B5nL8y.js'
      at open (node:internal/fs/promises:641:25)
      at Object.readFile (node:internal/fs/promises:1245:14)
      at Object.handler (file:///Users/hf-mac/Downloads/tgpro-admin/.output/server/chunks/nitro/nitro.mjs:1959:19)
      at Server.toNodeHandle (file:///Users/hf-mac/Downloads/tgpro-admin/.output/server/chunks/nitro/nitro.mjs:2230:7) {
    errno: -2,
    code: 'ENOENT',
    syscall: 'open',
    path: '/Users/hf-mac/Downloads/tgpro-admin/.output/public/_nuxt/D_B5nL8y.js'
  },
  statusCode: 500,
  fatal: false,
  unhandled: true,
  statusMessage: undefined,
  data: undefined
}
2025-11-05T02:30:49: [request error] [unhandled] [GET] http://localhost:3000/_nuxt/DpNIWReE.js
 H3Error: ENOENT: no such file or directory, open '/Users/hf-mac/Downloads/tgpro-admin/.output/public/_nuxt/DpNIWReE.js'
    at open (node:internal/fs/promises:641:25)
    ... 2 lines matching cause stack trace ...
    at Server.toNodeHandle (file:///Users/hf-mac/Downloads/tgpro-admin/.output/server/chunks/nitro/nitro.mjs:2230:7) {
  cause: Error: ENOENT: no such file or directory, open '/Users/hf-mac/Downloads/tgpro-admin/.output/public/_nuxt/DpNIWReE.js'
      at open (node:internal/fs/promises:641:25)
      at Object.readFile (node:internal/fs/promises:1245:14)
      at Object.handler (file:///Users/hf-mac/Downloads/tgpro-admin/.output/server/chunks/nitro/nitro.mjs:1959:19)
      at Server.toNodeHandle (file:///Users/hf-mac/Downloads/tgpro-admin/.output/server/chunks/nitro/nitro.mjs:2230:7) {
    errno: -2,
    code: 'ENOENT',
    syscall: 'open',
    path: '/Users/hf-mac/Downloads/tgpro-admin/.output/public/_nuxt/DpNIWReE.js'
  },
  statusCode: 500,
  fatal: false,
  unhandled: true,
  statusMessage: undefined,
  data: undefined
}
2025-11-05T02:30:49: [request error] [unhandled] [GET] http://localhost:3000/_nuxt/D974gv07.js
 H3Error: ENOENT: no such file or directory, open '/Users/hf-mac/Downloads/tgpro-admin/.output/public/_nuxt/D974gv07.js'
    at open (node:internal/fs/promises:641:25)
    ... 2 lines matching cause stack trace ...
    at Server.toNodeHandle (file:///Users/hf-mac/Downloads/tgpro-admin/.output/server/chunks/nitro/nitro.mjs:2230:7) {
  cause: Error: ENOENT: no such file or directory, open '/Users/hf-mac/Downloads/tgpro-admin/.output/public/_nuxt/D974gv07.js'
      at open (node:internal/fs/promises:641:25)
      at Object.readFile (node:internal/fs/promises:1245:14)
      at Object.handler (file:///Users/hf-mac/Downloads/tgpro-admin/.output/server/chunks/nitro/nitro.mjs:1959:19)
      at Server.toNodeHandle (file:///Users/hf-mac/Downloads/tgpro-admin/.output/server/chunks/nitro/nitro.mjs:2230:7) {
    errno: -2,
    code: 'ENOENT',
    syscall: 'open',
    path: '/Users/hf-mac/Downloads/tgpro-admin/.output/public/_nuxt/D974gv07.js'
  },
  statusCode: 500,
  fatal: false,
  unhandled: true,
  statusMessage: undefined,
  data: undefined
}
2025-11-05T02:30:49: [request error] [unhandled] [GET] http://localhost:3000/_nuxt/Bdz-sLfb.js
 H3Error: ENOENT: no such file or directory, open '/Users/hf-mac/Downloads/tgpro-admin/.output/public/_nuxt/Bdz-sLfb.js'
    at open (node:internal/fs/promises:641:25)
    ... 2 lines matching cause stack trace ...
    at Server.toNodeHandle (file:///Users/hf-mac/Downloads/tgpro-admin/.output/server/chunks/nitro/nitro.mjs:2230:7) {
  cause: Error: ENOENT: no such file or directory, open '/Users/hf-mac/Downloads/tgpro-admin/.output/public/_nuxt/Bdz-sLfb.js'
      at open (node:internal/fs/promises:641:25)
      at Object.readFile (node:internal/fs/promises:1245:14)
      at Object.handler (file:///Users/hf-mac/Downloads/tgpro-admin/.output/server/chunks/nitro/nitro.mjs:1959:19)
      at Server.toNodeHandle (file:///Users/hf-mac/Downloads/tgpro-admin/.output/server/chunks/nitro/nitro.mjs:2230:7) {
    errno: -2,
    code: 'ENOENT',
    syscall: 'open',
    path: '/Users/hf-mac/Downloads/tgpro-admin/.output/public/_nuxt/Bdz-sLfb.js'
  },
  statusCode: 500,
  fatal: false,
  unhandled: true,
  statusMessage: undefined,
  data: undefined
}
2025-11-05T02:30:49: [request error] [unhandled] [GET] http://localhost:3000/_nuxt/D32lUId-.js
 H3Error: ENOENT: no such file or directory, open '/Users/hf-mac/Downloads/tgpro-admin/.output/public/_nuxt/D32lUId-.js'
    at open (node:internal/fs/promises:641:25)
    ... 2 lines matching cause stack trace ...
    at Server.toNodeHandle (file:///Users/hf-mac/Downloads/tgpro-admin/.output/server/chunks/nitro/nitro.mjs:2230:7) {
  cause: Error: ENOENT: no such file or directory, open '/Users/hf-mac/Downloads/tgpro-admin/.output/public/_nuxt/D32lUId-.js'
      at open (node:internal/fs/promises:641:25)
      at Object.readFile (node:internal/fs/promises:1245:14)
      at Object.handler (file:///Users/hf-mac/Downloads/tgpro-admin/.output/server/chunks/nitro/nitro.mjs:1959:19)
      at Server.toNodeHandle (file:///Users/hf-mac/Downloads/tgpro-admin/.output/server/chunks/nitro/nitro.mjs:2230:7) {
    errno: -2,
    code: 'ENOENT',
    syscall: 'open',
    path: '/Users/hf-mac/Downloads/tgpro-admin/.output/public/_nuxt/D32lUId-.js'
  },
  statusCode: 500,
  fatal: false,
  unhandled: true,
  statusMessage: undefined,
  data: undefined
}
2025-11-05T02:30:49: [request error] [unhandled] [GET] http://localhost:3000/_nuxt/CetYVyQG.js
 H3Error: ENOENT: no such file or directory, open '/Users/hf-mac/Downloads/tgpro-admin/.output/public/_nuxt/CetYVyQG.js'
    at open (node:internal/fs/promises:641:25)
    ... 2 lines matching cause stack trace ...
    at Server.toNodeHandle (file:///Users/hf-mac/Downloads/tgpro-admin/.output/server/chunks/nitro/nitro.mjs:2230:7) {
  cause: Error: ENOENT: no such file or directory, open '/Users/hf-mac/Downloads/tgpro-admin/.output/public/_nuxt/CetYVyQG.js'
      at open (node:internal/fs/promises:641:25)
      at Object.readFile (node:internal/fs/promises:1245:14)
      at Object.handler (file:///Users/hf-mac/Downloads/tgpro-admin/.output/server/chunks/nitro/nitro.mjs:1959:19)
      at Server.toNodeHandle (file:///Users/hf-mac/Downloads/tgpro-admin/.output/server/chunks/nitro/nitro.mjs:2230:7) {
    errno: -2,
    code: 'ENOENT',
    syscall: 'open',
    path: '/Users/hf-mac/Downloads/tgpro-admin/.output/public/_nuxt/CetYVyQG.js'
  },
  statusCode: 500,
  fatal: false,
  unhandled: true,
  statusMessage: undefined,
  data: undefined
}
2025-11-05T02:30:49: [request error] [unhandled] [GET] http://localhost:3000/_nuxt/Db7eFA1E.js
 H3Error: ENOENT: no such file or directory, open '/Users/hf-mac/Downloads/tgpro-admin/.output/public/_nuxt/Db7eFA1E.js'
    at open (node:internal/fs/promises:641:25)
    ... 2 lines matching cause stack trace ...
    at Server.toNodeHandle (file:///Users/hf-mac/Downloads/tgpro-admin/.output/server/chunks/nitro/nitro.mjs:2230:7) {
  cause: Error: ENOENT: no such file or directory, open '/Users/hf-mac/Downloads/tgpro-admin/.output/public/_nuxt/Db7eFA1E.js'
      at open (node:internal/fs/promises:641:25)
      at Object.readFile (node:internal/fs/promises:1245:14)
      at Object.handler (file:///Users/hf-mac/Downloads/tgpro-admin/.output/server/chunks/nitro/nitro.mjs:1959:19)
      at Server.toNodeHandle (file:///Users/hf-mac/Downloads/tgpro-admin/.output/server/chunks/nitro/nitro.mjs:2230:7) {
    errno: -2,
    code: 'ENOENT',
    syscall: 'open',
    path: '/Users/hf-mac/Downloads/tgpro-admin/.output/public/_nuxt/Db7eFA1E.js'
  },
  statusCode: 500,
  fatal: false,
  unhandled: true,
  statusMessage: undefined,
  data: undefined
}
2025-11-05T02:30:49: [request error] [unhandled] [GET] http://localhost:3000/_nuxt/DAr-OQmd.js
 H3Error: ENOENT: no such file or directory, open '/Users/hf-mac/Downloads/tgpro-admin/.output/public/_nuxt/DAr-OQmd.js'
    at open (node:internal/fs/promises:641:25)
    ... 2 lines matching cause stack trace ...
    at Server.toNodeHandle (file:///Users/hf-mac/Downloads/tgpro-admin/.output/server/chunks/nitro/nitro.mjs:2230:7) {
  cause: Error: ENOENT: no such file or directory, open '/Users/hf-mac/Downloads/tgpro-admin/.output/public/_nuxt/DAr-OQmd.js'
      at open (node:internal/fs/promises:641:25)
      at Object.readFile (node:internal/fs/promises:1245:14)
      at Object.handler (file:///Users/hf-mac/Downloads/tgpro-admin/.output/server/chunks/nitro/nitro.mjs:1959:19)
      at Server.toNodeHandle (file:///Users/hf-mac/Downloads/tgpro-admin/.output/server/chunks/nitro/nitro.mjs:2230:7) {
    errno: -2,
    code: 'ENOENT',
    syscall: 'open',
    path: '/Users/hf-mac/Downloads/tgpro-admin/.output/public/_nuxt/DAr-OQmd.js'
  },
  statusCode: 500,
  fatal: false,
  unhandled: true,
  statusMessage: undefined,
  data: undefined
}
2025-11-05T02:30:49: [request error] [unhandled] [GET] http://localhost:3000/_nuxt/BTgB1rvp.js
 H3Error: ENOENT: no such file or directory, open '/Users/hf-mac/Downloads/tgpro-admin/.output/public/_nuxt/BTgB1rvp.js'
    at open (node:internal/fs/promises:641:25)
    ... 2 lines matching cause stack trace ...
    at Server.toNodeHandle (file:///Users/hf-mac/Downloads/tgpro-admin/.output/server/chunks/nitro/nitro.mjs:2230:7) {
  cause: Error: ENOENT: no such file or directory, open '/Users/hf-mac/Downloads/tgpro-admin/.output/public/_nuxt/BTgB1rvp.js'
      at open (node:internal/fs/promises:641:25)
      at Object.readFile (node:internal/fs/promises:1245:14)
      at Object.handler (file:///Users/hf-mac/Downloads/tgpro-admin/.output/server/chunks/nitro/nitro.mjs:1959:19)
      at Server.toNodeHandle (file:///Users/hf-mac/Downloads/tgpro-admin/.output/server/chunks/nitro/nitro.mjs:2230:7) {
    errno: -2,
    code: 'ENOENT',
    syscall: 'open',
    path: '/Users/hf-mac/Downloads/tgpro-admin/.output/public/_nuxt/BTgB1rvp.js'
  },
  statusCode: 500,
  fatal: false,
  unhandled: true,
  statusMessage: undefined,
  data: undefined
}
2025-11-05T02:30:49: [request error] [unhandled] [GET] http://localhost:3000/_nuxt/DbAgXtul.js
 H3Error: ENOENT: no such file or directory, open '/Users/hf-mac/Downloads/tgpro-admin/.output/public/_nuxt/DbAgXtul.js'
    at open (node:internal/fs/promises:641:25)
    ... 2 lines matching cause stack trace ...
    at Server.toNodeHandle (file:///Users/hf-mac/Downloads/tgpro-admin/.output/server/chunks/nitro/nitro.mjs:2230:7) {
  cause: Error: ENOENT: no such file or directory, open '/Users/hf-mac/Downloads/tgpro-admin/.output/public/_nuxt/DbAgXtul.js'
      at open (node:internal/fs/promises:641:25)
      at Object.readFile (node:internal/fs/promises:1245:14)
      at Object.handler (file:///Users/hf-mac/Downloads/tgpro-admin/.output/server/chunks/nitro/nitro.mjs:1959:19)
      at Server.toNodeHandle (file:///Users/hf-mac/Downloads/tgpro-admin/.output/server/chunks/nitro/nitro.mjs:2230:7) {
    errno: -2,
    code: 'ENOENT',
    syscall: 'open',
    path: '/Users/hf-mac/Downloads/tgpro-admin/.output/public/_nuxt/DbAgXtul.js'
  },
  statusCode: 500,
  fatal: false,
  unhandled: true,
  statusMessage: undefined,
  data: undefined
}
2025-11-05T02:30:49: [request error] [unhandled] [GET] http://localhost:3000/_nuxt/Bl84yrz9.js
 H3Error: ENOENT: no such file or directory, open '/Users/hf-mac/Downloads/tgpro-admin/.output/public/_nuxt/Bl84yrz9.js'
    at open (node:internal/fs/promises:641:25)
    ... 2 lines matching cause stack trace ...
    at Server.toNodeHandle (file:///Users/hf-mac/Downloads/tgpro-admin/.output/server/chunks/nitro/nitro.mjs:2230:7) {
  cause: Error: ENOENT: no such file or directory, open '/Users/hf-mac/Downloads/tgpro-admin/.output/public/_nuxt/Bl84yrz9.js'
      at open (node:internal/fs/promises:641:25)
      at Object.readFile (node:internal/fs/promises:1245:14)
      at Object.handler (file:///Users/hf-mac/Downloads/tgpro-admin/.output/server/chunks/nitro/nitro.mjs:1959:19)
      at Server.toNodeHandle (file:///Users/hf-mac/Downloads/tgpro-admin/.output/server/chunks/nitro/nitro.mjs:2230:7) {
    errno: -2,
    code: 'ENOENT',
    syscall: 'open',
    path: '/Users/hf-mac/Downloads/tgpro-admin/.output/public/_nuxt/Bl84yrz9.js'
  },
  statusCode: 500,
  fatal: false,
  unhandled: true,
  statusMessage: undefined,
  data: undefined
}
2025-11-05T02:30:49: [request error] [unhandled] [GET] http://localhost:3000/_nuxt/D_B5nL8y.js
 H3Error: ENOENT: no such file or directory, open '/Users/hf-mac/Downloads/tgpro-admin/.output/public/_nuxt/D_B5nL8y.js'
    at open (node:internal/fs/promises:641:25)
    ... 2 lines matching cause stack trace ...
    at Server.toNodeHandle (file:///Users/hf-mac/Downloads/tgpro-admin/.output/server/chunks/nitro/nitro.mjs:2230:7) {
  cause: Error: ENOENT: no such file or directory, open '/Users/hf-mac/Downloads/tgpro-admin/.output/public/_nuxt/D_B5nL8y.js'
      at open (node:internal/fs/promises:641:25)
      at Object.readFile (node:internal/fs/promises:1245:14)
      at Object.handler (file:///Users/hf-mac/Downloads/tgpro-admin/.output/server/chunks/nitro/nitro.mjs:1959:19)
      at Server.toNodeHandle (file:///Users/hf-mac/Downloads/tgpro-admin/.output/server/chunks/nitro/nitro.mjs:2230:7) {
    errno: -2,
    code: 'ENOENT',
    syscall: 'open',
    path: '/Users/hf-mac/Downloads/tgpro-admin/.output/public/_nuxt/D_B5nL8y.js'
  },
  statusCode: 500,
  fatal: false,
  unhandled: true,
  statusMessage: undefined,
  data: undefined
}
2025-11-05T02:30:49: [request error] [unhandled] [GET] http://localhost:3000/_nuxt/DpNIWReE.js
 H3Error: ENOENT: no such file or directory, open '/Users/hf-mac/Downloads/tgpro-admin/.output/public/_nuxt/DpNIWReE.js'
    at open (node:internal/fs/promises:641:25)
    ... 2 lines matching cause stack trace ...
    at Server.toNodeHandle (file:///Users/hf-mac/Downloads/tgpro-admin/.output/server/chunks/nitro/nitro.mjs:2230:7) {
  cause: Error: ENOENT: no such file or directory, open '/Users/hf-mac/Downloads/tgpro-admin/.output/public/_nuxt/DpNIWReE.js'
      at open (node:internal/fs/promises:641:25)
      at Object.readFile (node:internal/fs/promises:1245:14)
      at Object.handler (file:///Users/hf-mac/Downloads/tgpro-admin/.output/server/chunks/nitro/nitro.mjs:1959:19)
      at Server.toNodeHandle (file:///Users/hf-mac/Downloads/tgpro-admin/.output/server/chunks/nitro/nitro.mjs:2230:7) {
    errno: -2,
    code: 'ENOENT',
    syscall: 'open',
    path: '/Users/hf-mac/Downloads/tgpro-admin/.output/public/_nuxt/DpNIWReE.js'
  },
  statusCode: 500,
  fatal: false,
  unhandled: true,
  statusMessage: undefined,
  data: undefined
}
2025-11-05T02:30:49: [request error] [unhandled] [GET] http://localhost:3000/_nuxt/D974gv07.js
 H3Error: ENOENT: no such file or directory, open '/Users/hf-mac/Downloads/tgpro-admin/.output/public/_nuxt/D974gv07.js'
    at open (node:internal/fs/promises:641:25)
    ... 2 lines matching cause stack trace ...
    at Server.toNodeHandle (file:///Users/hf-mac/Downloads/tgpro-admin/.output/server/chunks/nitro/nitro.mjs:2230:7) {
  cause: Error: ENOENT: no such file or directory, open '/Users/hf-mac/Downloads/tgpro-admin/.output/public/_nuxt/D974gv07.js'
      at open (node:internal/fs/promises:641:25)
      at Object.readFile (node:internal/fs/promises:1245:14)
      at Object.handler (file:///Users/hf-mac/Downloads/tgpro-admin/.output/server/chunks/nitro/nitro.mjs:1959:19)
      at Server.toNodeHandle (file:///Users/hf-mac/Downloads/tgpro-admin/.output/server/chunks/nitro/nitro.mjs:2230:7) {
    errno: -2,
    code: 'ENOENT',
    syscall: 'open',
    path: '/Users/hf-mac/Downloads/tgpro-admin/.output/public/_nuxt/D974gv07.js'
  },
  statusCode: 500,
  fatal: false,
  unhandled: true,
  statusMessage: undefined,
  data: undefined
}
2025-11-05T02:30:49: [request error] [unhandled] [GET] http://localhost:3000/_nuxt/D32lUId-.js
 H3Error: ENOENT: no such file or directory, open '/Users/hf-mac/Downloads/tgpro-admin/.output/public/_nuxt/D32lUId-.js'
    at open (node:internal/fs/promises:641:25)
    ... 2 lines matching cause stack trace ...
    at Server.toNodeHandle (file:///Users/hf-mac/Downloads/tgpro-admin/.output/server/chunks/nitro/nitro.mjs:2230:7) {
  cause: Error: ENOENT: no such file or directory, open '/Users/hf-mac/Downloads/tgpro-admin/.output/public/_nuxt/D32lUId-.js'
      at open (node:internal/fs/promises:641:25)
      at Object.readFile (node:internal/fs/promises:1245:14)
      at Object.handler (file:///Users/hf-mac/Downloads/tgpro-admin/.output/server/chunks/nitro/nitro.mjs:1959:19)
      at Server.toNodeHandle (file:///Users/hf-mac/Downloads/tgpro-admin/.output/server/chunks/nitro/nitro.mjs:2230:7) {
    errno: -2,
    code: 'ENOENT',
    syscall: 'open',
    path: '/Users/hf-mac/Downloads/tgpro-admin/.output/public/_nuxt/D32lUId-.js'
  },
  statusCode: 500,
  fatal: false,
  unhandled: true,
  statusMessage: undefined,
  data: undefined
}
2025-11-05T02:30:49: [request error] [unhandled] [GET] http://localhost:3000/_nuxt/CetYVyQG.js
 H3Error: ENOENT: no such file or directory, open '/Users/hf-mac/Downloads/tgpro-admin/.output/public/_nuxt/CetYVyQG.js'
    at open (node:internal/fs/promises:641:25)
    ... 2 lines matching cause stack trace ...
    at Server.toNodeHandle (file:///Users/hf-mac/Downloads/tgpro-admin/.output/server/chunks/nitro/nitro.mjs:2230:7) {
  cause: Error: ENOENT: no such file or directory, open '/Users/hf-mac/Downloads/tgpro-admin/.output/public/_nuxt/CetYVyQG.js'
      at open (node:internal/fs/promises:641:25)
      at Object.readFile (node:internal/fs/promises:1245:14)
      at Object.handler (file:///Users/hf-mac/Downloads/tgpro-admin/.output/server/chunks/nitro/nitro.mjs:1959:19)
      at Server.toNodeHandle (file:///Users/hf-mac/Downloads/tgpro-admin/.output/server/chunks/nitro/nitro.mjs:2230:7) {
    errno: -2,
    code: 'ENOENT',
    syscall: 'open',
    path: '/Users/hf-mac/Downloads/tgpro-admin/.output/public/_nuxt/CetYVyQG.js'
  },
  statusCode: 500,
  fatal: false,
  unhandled: true,
  statusMessage: undefined,
  data: undefined
}
2025-11-05T02:30:49: [request error] [unhandled] [GET] http://localhost:3000/_nuxt/Bdz-sLfb.js
 H3Error: ENOENT: no such file or directory, open '/Users/hf-mac/Downloads/tgpro-admin/.output/public/_nuxt/Bdz-sLfb.js'
    at open (node:internal/fs/promises:641:25)
    ... 2 lines matching cause stack trace ...
    at Server.toNodeHandle (file:///Users/hf-mac/Downloads/tgpro-admin/.output/server/chunks/nitro/nitro.mjs:2230:7) {
  cause: Error: ENOENT: no such file or directory, open '/Users/hf-mac/Downloads/tgpro-admin/.output/public/_nuxt/Bdz-sLfb.js'
      at open (node:internal/fs/promises:641:25)
      at Object.readFile (node:internal/fs/promises:1245:14)
      at Object.handler (file:///Users/hf-mac/Downloads/tgpro-admin/.output/server/chunks/nitro/nitro.mjs:1959:19)
      at Server.toNodeHandle (file:///Users/hf-mac/Downloads/tgpro-admin/.output/server/chunks/nitro/nitro.mjs:2230:7) {
    errno: -2,
    code: 'ENOENT',
    syscall: 'open',
    path: '/Users/hf-mac/Downloads/tgpro-admin/.output/public/_nuxt/Bdz-sLfb.js'
  },
  statusCode: 500,
  fatal: false,
  unhandled: true,
  statusMessage: undefined,
  data: undefined
}
2025-11-05T02:30:49: [request error] [unhandled] [GET] http://localhost:3000/_nuxt/Db7eFA1E.js
 H3Error: ENOENT: no such file or directory, open '/Users/hf-mac/Downloads/tgpro-admin/.output/public/_nuxt/Db7eFA1E.js'
    at open (node:internal/fs/promises:641:25)
    ... 2 lines matching cause stack trace ...
    at Server.toNodeHandle (file:///Users/hf-mac/Downloads/tgpro-admin/.output/server/chunks/nitro/nitro.mjs:2230:7) {
  cause: Error: ENOENT: no such file or directory, open '/Users/hf-mac/Downloads/tgpro-admin/.output/public/_nuxt/Db7eFA1E.js'
      at open (node:internal/fs/promises:641:25)
      at Object.readFile (node:internal/fs/promises:1245:14)
      at Object.handler (file:///Users/hf-mac/Downloads/tgpro-admin/.output/server/chunks/nitro/nitro.mjs:1959:19)
      at Server.toNodeHandle (file:///Users/hf-mac/Downloads/tgpro-admin/.output/server/chunks/nitro/nitro.mjs:2230:7) {
    errno: -2,
    code: 'ENOENT',
    syscall: 'open',
    path: '/Users/hf-mac/Downloads/tgpro-admin/.output/public/_nuxt/Db7eFA1E.js'
  },
  statusCode: 500,
  fatal: false,
  unhandled: true,
  statusMessage: undefined,
  data: undefined
}
2025-11-05T02:30:49: [request error] [unhandled] [GET] http://localhost:3000/_nuxt/DAr-OQmd.js
 H3Error: ENOENT: no such file or directory, open '/Users/hf-mac/Downloads/tgpro-admin/.output/public/_nuxt/DAr-OQmd.js'
    at open (node:internal/fs/promises:641:25)
    ... 2 lines matching cause stack trace ...
    at Server.toNodeHandle (file:///Users/hf-mac/Downloads/tgpro-admin/.output/server/chunks/nitro/nitro.mjs:2230:7) {
  cause: Error: ENOENT: no such file or directory, open '/Users/hf-mac/Downloads/tgpro-admin/.output/public/_nuxt/DAr-OQmd.js'
      at open (node:internal/fs/promises:641:25)
      at Object.readFile (node:internal/fs/promises:1245:14)
      at Object.handler (file:///Users/hf-mac/Downloads/tgpro-admin/.output/server/chunks/nitro/nitro.mjs:1959:19)
      at Server.toNodeHandle (file:///Users/hf-mac/Downloads/tgpro-admin/.output/server/chunks/nitro/nitro.mjs:2230:7) {
    errno: -2,
    code: 'ENOENT',
    syscall: 'open',
    path: '/Users/hf-mac/Downloads/tgpro-admin/.output/public/_nuxt/DAr-OQmd.js'
  },
  statusCode: 500,
  fatal: false,
  unhandled: true,
  statusMessage: undefined,
  data: undefined
}
2025-11-05T02:30:49: [request error] [unhandled] [GET] http://localhost:3000/_nuxt/BTgB1rvp.js
 H3Error: ENOENT: no such file or directory, open '/Users/hf-mac/Downloads/tgpro-admin/.output/public/_nuxt/BTgB1rvp.js'
    at open (node:internal/fs/promises:641:25)
    ... 2 lines matching cause stack trace ...
    at Server.toNodeHandle (file:///Users/hf-mac/Downloads/tgpro-admin/.output/server/chunks/nitro/nitro.mjs:2230:7) {
  cause: Error: ENOENT: no such file or directory, open '/Users/hf-mac/Downloads/tgpro-admin/.output/public/_nuxt/BTgB1rvp.js'
      at open (node:internal/fs/promises:641:25)
      at Object.readFile (node:internal/fs/promises:1245:14)
      at Object.handler (file:///Users/hf-mac/Downloads/tgpro-admin/.output/server/chunks/nitro/nitro.mjs:1959:19)
      at Server.toNodeHandle (file:///Users/hf-mac/Downloads/tgpro-admin/.output/server/chunks/nitro/nitro.mjs:2230:7) {
    errno: -2,
    code: 'ENOENT',
    syscall: 'open',
    path: '/Users/hf-mac/Downloads/tgpro-admin/.output/public/_nuxt/BTgB1rvp.js'
  },
  statusCode: 500,
  fatal: false,
  unhandled: true,
  statusMessage: undefined,
  data: undefined
}
2025-11-05T02:30:49: [request error] [unhandled] [GET] http://localhost:3000/_nuxt/C4xQaJXR.js
 H3Error: ENOENT: no such file or directory, open '/Users/hf-mac/Downloads/tgpro-admin/.output/public/_nuxt/C4xQaJXR.js'
    at open (node:internal/fs/promises:641:25)
    ... 2 lines matching cause stack trace ...
    at Server.toNodeHandle (file:///Users/hf-mac/Downloads/tgpro-admin/.output/server/chunks/nitro/nitro.mjs:2230:7) {
  cause: Error: ENOENT: no such file or directory, open '/Users/hf-mac/Downloads/tgpro-admin/.output/public/_nuxt/C4xQaJXR.js'
      at open (node:internal/fs/promises:641:25)
      at Object.readFile (node:internal/fs/promises:1245:14)
      at Object.handler (file:///Users/hf-mac/Downloads/tgpro-admin/.output/server/chunks/nitro/nitro.mjs:1959:19)
      at Server.toNodeHandle (file:///Users/hf-mac/Downloads/tgpro-admin/.output/server/chunks/nitro/nitro.mjs:2230:7) {
    errno: -2,
    code: 'ENOENT',
    syscall: 'open',
    path: '/Users/hf-mac/Downloads/tgpro-admin/.output/public/_nuxt/C4xQaJXR.js'
  },
  statusCode: 500,
  fatal: false,
  unhandled: true,
  statusMessage: undefined,
  data: undefined
}
2025-11-05T02:30:49: [request error] [unhandled] [GET] http://localhost:3000/_nuxt/builds/meta/db489c3b-20ab-405c-96a2-98b632ec7da6.json
 H3Error: ENOENT: no such file or directory, open '/Users/hf-mac/Downloads/tgpro-admin/.output/public/_nuxt/builds/meta/db489c3b-20ab-405c-96a2-98b632ec7da6.json'
    at open (node:internal/fs/promises:641:25)
    ... 2 lines matching cause stack trace ...
    at Server.toNodeHandle (file:///Users/hf-mac/Downloads/tgpro-admin/.output/server/chunks/nitro/nitro.mjs:2230:7) {
  cause: Error: ENOENT: no such file or directory, open '/Users/hf-mac/Downloads/tgpro-admin/.output/public/_nuxt/builds/meta/db489c3b-20ab-405c-96a2-98b632ec7da6.json'
      at open (node:internal/fs/promises:641:25)
      at Object.readFile (node:internal/fs/promises:1245:14)
      at Object.handler (file:///Users/hf-mac/Downloads/tgpro-admin/.output/server/chunks/nitro/nitro.mjs:1959:19)
      at Server.toNodeHandle (file:///Users/hf-mac/Downloads/tgpro-admin/.output/server/chunks/nitro/nitro.mjs:2230:7) {
    errno: -2,
    code: 'ENOENT',
    syscall: 'open',
    path: '/Users/hf-mac/Downloads/tgpro-admin/.output/public/_nuxt/builds/meta/db489c3b-20ab-405c-96a2-98b632ec7da6.json'
  },
  statusCode: 500,
  fatal: false,
  unhandled: true,
  statusMessage: undefined,
  data: undefined
}
2025-11-05T02:30:49: [request error] [unhandled] [GET] http://localhost:3000/_nuxt/DbAgXtul.js
 H3Error: ENOENT: no such file or directory, open '/Users/hf-mac/Downloads/tgpro-admin/.output/public/_nuxt/DbAgXtul.js'
    at open (node:internal/fs/promises:641:25)
    ... 2 lines matching cause stack trace ...
    at Server.toNodeHandle (file:///Users/hf-mac/Downloads/tgpro-admin/.output/server/chunks/nitro/nitro.mjs:2230:7) {
  cause: Error: ENOENT: no such file or directory, open '/Users/hf-mac/Downloads/tgpro-admin/.output/public/_nuxt/DbAgXtul.js'
      at open (node:internal/fs/promises:641:25)
      at Object.readFile (node:internal/fs/promises:1245:14)
      at Object.handler (file:///Users/hf-mac/Downloads/tgpro-admin/.output/server/chunks/nitro/nitro.mjs:1959:19)
      at Server.toNodeHandle (file:///Users/hf-mac/Downloads/tgpro-admin/.output/server/chunks/nitro/nitro.mjs:2230:7) {
    errno: -2,
    code: 'ENOENT',
    syscall: 'open',
    path: '/Users/hf-mac/Downloads/tgpro-admin/.output/public/_nuxt/DbAgXtul.js'
  },
  statusCode: 500,
  fatal: false,
  unhandled: true,
  statusMessage: undefined,
  data: undefined
}
2025-11-05T02:30:49: [request error] [unhandled] [GET] http://localhost:3000/_nuxt/Bl84yrz9.js
 H3Error: ENOENT: no such file or directory, open '/Users/hf-mac/Downloads/tgpro-admin/.output/public/_nuxt/Bl84yrz9.js'
    at open (node:internal/fs/promises:641:25)
    ... 2 lines matching cause stack trace ...
    at Server.toNodeHandle (file:///Users/hf-mac/Downloads/tgpro-admin/.output/server/chunks/nitro/nitro.mjs:2230:7) {
  cause: Error: ENOENT: no such file or directory, open '/Users/hf-mac/Downloads/tgpro-admin/.output/public/_nuxt/Bl84yrz9.js'
      at open (node:internal/fs/promises:641:25)
      at Object.readFile (node:internal/fs/promises:1245:14)
      at Object.handler (file:///Users/hf-mac/Downloads/tgpro-admin/.output/server/chunks/nitro/nitro.mjs:1959:19)
      at Server.toNodeHandle (file:///Users/hf-mac/Downloads/tgpro-admin/.output/server/chunks/nitro/nitro.mjs:2230:7) {
    errno: -2,
    code: 'ENOENT',
    syscall: 'open',
    path: '/Users/hf-mac/Downloads/tgpro-admin/.output/public/_nuxt/Bl84yrz9.js'
  },
  statusCode: 500,
  fatal: false,
  unhandled: true,
  statusMessage: undefined,
  data: undefined
}
2025-11-05T02:30:49: [request error] [unhandled] [GET] http://localhost:3000/_nuxt/D_B5nL8y.js
 H3Error: ENOENT: no such file or directory, open '/Users/hf-mac/Downloads/tgpro-admin/.output/public/_nuxt/D_B5nL8y.js'
    at open (node:internal/fs/promises:641:25)
    ... 2 lines matching cause stack trace ...
    at Server.toNodeHandle (file:///Users/hf-mac/Downloads/tgpro-admin/.output/server/chunks/nitro/nitro.mjs:2230:7) {
  cause: Error: ENOENT: no such file or directory, open '/Users/hf-mac/Downloads/tgpro-admin/.output/public/_nuxt/D_B5nL8y.js'
      at open (node:internal/fs/promises:641:25)
      at Object.readFile (node:internal/fs/promises:1245:14)
      at Object.handler (file:///Users/hf-mac/Downloads/tgpro-admin/.output/server/chunks/nitro/nitro.mjs:1959:19)
      at Server.toNodeHandle (file:///Users/hf-mac/Downloads/tgpro-admin/.output/server/chunks/nitro/nitro.mjs:2230:7) {
    errno: -2,
    code: 'ENOENT',
    syscall: 'open',
    path: '/Users/hf-mac/Downloads/tgpro-admin/.output/public/_nuxt/D_B5nL8y.js'
  },
  statusCode: 500,
  fatal: false,
  unhandled: true,
  statusMessage: undefined,
  data: undefined
}
2025-11-05T02:30:49: [request error] [unhandled] [GET] http://localhost:3000/_nuxt/DpNIWReE.js
 H3Error: ENOENT: no such file or directory, open '/Users/hf-mac/Downloads/tgpro-admin/.output/public/_nuxt/DpNIWReE.js'
    at open (node:internal/fs/promises:641:25)
    ... 2 lines matching cause stack trace ...
    at Server.toNodeHandle (file:///Users/hf-mac/Downloads/tgpro-admin/.output/server/chunks/nitro/nitro.mjs:2230:7) {
  cause: Error: ENOENT: no such file or directory, open '/Users/hf-mac/Downloads/tgpro-admin/.output/public/_nuxt/DpNIWReE.js'
      at open (node:internal/fs/promises:641:25)
      at Object.readFile (node:internal/fs/promises:1245:14)
      at Object.handler (file:///Users/hf-mac/Downloads/tgpro-admin/.output/server/chunks/nitro/nitro.mjs:1959:19)
      at Server.toNodeHandle (file:///Users/hf-mac/Downloads/tgpro-admin/.output/server/chunks/nitro/nitro.mjs:2230:7) {
    errno: -2,
    code: 'ENOENT',
    syscall: 'open',
    path: '/Users/hf-mac/Downloads/tgpro-admin/.output/public/_nuxt/DpNIWReE.js'
  },
  statusCode: 500,
  fatal: false,
  unhandled: true,
  statusMessage: undefined,
  data: undefined
}
2025-11-05T02:30:49: [request error] [unhandled] [GET] http://localhost:3000/_nuxt/D974gv07.js
 H3Error: ENOENT: no such file or directory, open '/Users/hf-mac/Downloads/tgpro-admin/.output/public/_nuxt/D974gv07.js'
    at open (node:internal/fs/promises:641:25)
    ... 2 lines matching cause stack trace ...
    at Server.toNodeHandle (file:///Users/hf-mac/Downloads/tgpro-admin/.output/server/chunks/nitro/nitro.mjs:2230:7) {
  cause: Error: ENOENT: no such file or directory, open '/Users/hf-mac/Downloads/tgpro-admin/.output/public/_nuxt/D974gv07.js'
      at open (node:internal/fs/promises:641:25)
      at Object.readFile (node:internal/fs/promises:1245:14)
      at Object.handler (file:///Users/hf-mac/Downloads/tgpro-admin/.output/server/chunks/nitro/nitro.mjs:1959:19)
      at Server.toNodeHandle (file:///Users/hf-mac/Downloads/tgpro-admin/.output/server/chunks/nitro/nitro.mjs:2230:7) {
    errno: -2,
    code: 'ENOENT',
    syscall: 'open',
    path: '/Users/hf-mac/Downloads/tgpro-admin/.output/public/_nuxt/D974gv07.js'
  },
  statusCode: 500,
  fatal: false,
  unhandled: true,
  statusMessage: undefined,
  data: undefined
}
2025-11-05T02:30:49: [request error] [unhandled] [GET] http://localhost:3000/_nuxt/D32lUId-.js
 H3Error: ENOENT: no such file or directory, open '/Users/hf-mac/Downloads/tgpro-admin/.output/public/_nuxt/D32lUId-.js'
    at open (node:internal/fs/promises:641:25)
    ... 2 lines matching cause stack trace ...
    at Server.toNodeHandle (file:///Users/hf-mac/Downloads/tgpro-admin/.output/server/chunks/nitro/nitro.mjs:2230:7) {
  cause: Error: ENOENT: no such file or directory, open '/Users/hf-mac/Downloads/tgpro-admin/.output/public/_nuxt/D32lUId-.js'
      at open (node:internal/fs/promises:641:25)
      at Object.readFile (node:internal/fs/promises:1245:14)
      at Object.handler (file:///Users/hf-mac/Downloads/tgpro-admin/.output/server/chunks/nitro/nitro.mjs:1959:19)
      at Server.toNodeHandle (file:///Users/hf-mac/Downloads/tgpro-admin/.output/server/chunks/nitro/nitro.mjs:2230:7) {
    errno: -2,
    code: 'ENOENT',
    syscall: 'open',
    path: '/Users/hf-mac/Downloads/tgpro-admin/.output/public/_nuxt/D32lUId-.js'
  },
  statusCode: 500,
  fatal: false,
  unhandled: true,
  statusMessage: undefined,
  data: undefined
}
2025-11-05T02:30:49: [request error] [unhandled] [GET] http://localhost:3000/_nuxt/CetYVyQG.js
 H3Error: ENOENT: no such file or directory, open '/Users/hf-mac/Downloads/tgpro-admin/.output/public/_nuxt/CetYVyQG.js'
    at open (node:internal/fs/promises:641:25)
    ... 2 lines matching cause stack trace ...
    at Server.toNodeHandle (file:///Users/hf-mac/Downloads/tgpro-admin/.output/server/chunks/nitro/nitro.mjs:2230:7) {
  cause: Error: ENOENT: no such file or directory, open '/Users/hf-mac/Downloads/tgpro-admin/.output/public/_nuxt/CetYVyQG.js'
      at open (node:internal/fs/promises:641:25)
      at Object.readFile (node:internal/fs/promises:1245:14)
      at Object.handler (file:///Users/hf-mac/Downloads/tgpro-admin/.output/server/chunks/nitro/nitro.mjs:1959:19)
      at Server.toNodeHandle (file:///Users/hf-mac/Downloads/tgpro-admin/.output/server/chunks/nitro/nitro.mjs:2230:7) {
    errno: -2,
    code: 'ENOENT',
    syscall: 'open',
    path: '/Users/hf-mac/Downloads/tgpro-admin/.output/public/_nuxt/CetYVyQG.js'
  },
  statusCode: 500,
  fatal: false,
  unhandled: true,
  statusMessage: undefined,
  data: undefined
}
2025-11-05T02:30:49: [request error] [unhandled] [GET] http://localhost:3000/_nuxt/Db7eFA1E.js
 H3Error: ENOENT: no such file or directory, open '/Users/hf-mac/Downloads/tgpro-admin/.output/public/_nuxt/Db7eFA1E.js'
    at open (node:internal/fs/promises:641:25)
    ... 2 lines matching cause stack trace ...
    at Server.toNodeHandle (file:///Users/hf-mac/Downloads/tgpro-admin/.output/server/chunks/nitro/nitro.mjs:2230:7) {
  cause: Error: ENOENT: no such file or directory, open '/Users/hf-mac/Downloads/tgpro-admin/.output/public/_nuxt/Db7eFA1E.js'
      at open (node:internal/fs/promises:641:25)
      at Object.readFile (node:internal/fs/promises:1245:14)
      at Object.handler (file:///Users/hf-mac/Downloads/tgpro-admin/.output/server/chunks/nitro/nitro.mjs:1959:19)
      at Server.toNodeHandle (file:///Users/hf-mac/Downloads/tgpro-admin/.output/server/chunks/nitro/nitro.mjs:2230:7) {
    errno: -2,
    code: 'ENOENT',
    syscall: 'open',
    path: '/Users/hf-mac/Downloads/tgpro-admin/.output/public/_nuxt/Db7eFA1E.js'
  },
  statusCode: 500,
  fatal: false,
  unhandled: true,
  statusMessage: undefined,
  data: undefined
}
2025-11-05T02:30:49: [request error] [unhandled] [GET] http://localhost:3000/_nuxt/DAr-OQmd.js
 H3Error: ENOENT: no such file or directory, open '/Users/hf-mac/Downloads/tgpro-admin/.output/public/_nuxt/DAr-OQmd.js'
    at open (node:internal/fs/promises:641:25)
    ... 2 lines matching cause stack trace ...
    at Server.toNodeHandle (file:///Users/hf-mac/Downloads/tgpro-admin/.output/server/chunks/nitro/nitro.mjs:2230:7) {
  cause: Error: ENOENT: no such file or directory, open '/Users/hf-mac/Downloads/tgpro-admin/.output/public/_nuxt/DAr-OQmd.js'
      at open (node:internal/fs/promises:641:25)
      at Object.readFile (node:internal/fs/promises:1245:14)
      at Object.handler (file:///Users/hf-mac/Downloads/tgpro-admin/.output/server/chunks/nitro/nitro.mjs:1959:19)
      at Server.toNodeHandle (file:///Users/hf-mac/Downloads/tgpro-admin/.output/server/chunks/nitro/nitro.mjs:2230:7) {
    errno: -2,
    code: 'ENOENT',
    syscall: 'open',
    path: '/Users/hf-mac/Downloads/tgpro-admin/.output/public/_nuxt/DAr-OQmd.js'
  },
  statusCode: 500,
  fatal: false,
  unhandled: true,
  statusMessage: undefined,
  data: undefined
}
2025-11-05T02:30:49: [request error] [unhandled] [GET] http://localhost:3000/_nuxt/Bdz-sLfb.js
 H3Error: ENOENT: no such file or directory, open '/Users/hf-mac/Downloads/tgpro-admin/.output/public/_nuxt/Bdz-sLfb.js'
    at open (node:internal/fs/promises:641:25)
    ... 2 lines matching cause stack trace ...
    at Server.toNodeHandle (file:///Users/hf-mac/Downloads/tgpro-admin/.output/server/chunks/nitro/nitro.mjs:2230:7) {
  cause: Error: ENOENT: no such file or directory, open '/Users/hf-mac/Downloads/tgpro-admin/.output/public/_nuxt/Bdz-sLfb.js'
      at open (node:internal/fs/promises:641:25)
      at Object.readFile (node:internal/fs/promises:1245:14)
      at Object.handler (file:///Users/hf-mac/Downloads/tgpro-admin/.output/server/chunks/nitro/nitro.mjs:1959:19)
      at Server.toNodeHandle (file:///Users/hf-mac/Downloads/tgpro-admin/.output/server/chunks/nitro/nitro.mjs:2230:7) {
    errno: -2,
    code: 'ENOENT',
    syscall: 'open',
    path: '/Users/hf-mac/Downloads/tgpro-admin/.output/public/_nuxt/Bdz-sLfb.js'
  },
  statusCode: 500,
  fatal: false,
  unhandled: true,
  statusMessage: undefined,
  data: undefined
}
2025-11-05T02:30:49: [request error] [unhandled] [GET] http://localhost:3000/_nuxt/BTgB1rvp.js
 H3Error: ENOENT: no such file or directory, open '/Users/hf-mac/Downloads/tgpro-admin/.output/public/_nuxt/BTgB1rvp.js'
    at open (node:internal/fs/promises:641:25)
    ... 2 lines matching cause stack trace ...
    at Server.toNodeHandle (file:///Users/hf-mac/Downloads/tgpro-admin/.output/server/chunks/nitro/nitro.mjs:2230:7) {
  cause: Error: ENOENT: no such file or directory, open '/Users/hf-mac/Downloads/tgpro-admin/.output/public/_nuxt/BTgB1rvp.js'
      at open (node:internal/fs/promises:641:25)
      at Object.readFile (node:internal/fs/promises:1245:14)
      at Object.handler (file:///Users/hf-mac/Downloads/tgpro-admin/.output/server/chunks/nitro/nitro.mjs:1959:19)
      at Server.toNodeHandle (file:///Users/hf-mac/Downloads/tgpro-admin/.output/server/chunks/nitro/nitro.mjs:2230:7) {
    errno: -2,
    code: 'ENOENT',
    syscall: 'open',
    path: '/Users/hf-mac/Downloads/tgpro-admin/.output/public/_nuxt/BTgB1rvp.js'
  },
  statusCode: 500,
  fatal: false,
  unhandled: true,
  statusMessage: undefined,
  data: undefined
}
2025-11-05T02:30:49: [request error] [unhandled] [GET] http://localhost:3000/_nuxt/C4xQaJXR.js
 H3Error: ENOENT: no such file or directory, open '/Users/hf-mac/Downloads/tgpro-admin/.output/public/_nuxt/C4xQaJXR.js'
    at open (node:internal/fs/promises:641:25)
    ... 2 lines matching cause stack trace ...
    at Server.toNodeHandle (file:///Users/hf-mac/Downloads/tgpro-admin/.output/server/chunks/nitro/nitro.mjs:2230:7) {
  cause: Error: ENOENT: no such file or directory, open '/Users/hf-mac/Downloads/tgpro-admin/.output/public/_nuxt/C4xQaJXR.js'
      at open (node:internal/fs/promises:641:25)
      at Object.readFile (node:internal/fs/promises:1245:14)
      at Object.handler (file:///Users/hf-mac/Downloads/tgpro-admin/.output/server/chunks/nitro/nitro.mjs:1959:19)
      at Server.toNodeHandle (file:///Users/hf-mac/Downloads/tgpro-admin/.output/server/chunks/nitro/nitro.mjs:2230:7) {
    errno: -2,
    code: 'ENOENT',
    syscall: 'open',
    path: '/Users/hf-mac/Downloads/tgpro-admin/.output/public/_nuxt/C4xQaJXR.js'
  },
  statusCode: 500,
  fatal: false,
  unhandled: true,
  statusMessage: undefined,
  data: undefined
}
2025-11-05T02:30:49: [request error] [unhandled] [GET] http://localhost:3000/_nuxt/CXT04lNs.js
 H3Error: ENOENT: no such file or directory, open '/Users/hf-mac/Downloads/tgpro-admin/.output/public/_nuxt/CXT04lNs.js'
    at open (node:internal/fs/promises:641:25)
    ... 2 lines matching cause stack trace ...
    at Server.toNodeHandle (file:///Users/hf-mac/Downloads/tgpro-admin/.output/server/chunks/nitro/nitro.mjs:2230:7) {
  cause: Error: ENOENT: no such file or directory, open '/Users/hf-mac/Downloads/tgpro-admin/.output/public/_nuxt/CXT04lNs.js'
      at open (node:internal/fs/promises:641:25)
      at Object.readFile (node:internal/fs/promises:1245:14)
      at Object.handler (file:///Users/hf-mac/Downloads/tgpro-admin/.output/server/chunks/nitro/nitro.mjs:1959:19)
      at Server.toNodeHandle (file:///Users/hf-mac/Downloads/tgpro-admin/.output/server/chunks/nitro/nitro.mjs:2230:7) {
    errno: -2,
    code: 'ENOENT',
    syscall: 'open',
    path: '/Users/hf-mac/Downloads/tgpro-admin/.output/public/_nuxt/CXT04lNs.js'
  },
  statusCode: 500,
  fatal: false,
  unhandled: true,
  statusMessage: undefined,
  data: undefined
}
2025-11-05T02:30:49: [request error] [unhandled] [GET] http://localhost:3000/_nuxt/DcHNM1Xn.js
 H3Error: ENOENT: no such file or directory, open '/Users/hf-mac/Downloads/tgpro-admin/.output/public/_nuxt/DcHNM1Xn.js'
    at open (node:internal/fs/promises:641:25)
    ... 2 lines matching cause stack trace ...
    at Server.toNodeHandle (file:///Users/hf-mac/Downloads/tgpro-admin/.output/server/chunks/nitro/nitro.mjs:2230:7) {
  cause: Error: ENOENT: no such file or directory, open '/Users/hf-mac/Downloads/tgpro-admin/.output/public/_nuxt/DcHNM1Xn.js'
      at open (node:internal/fs/promises:641:25)
      at Object.readFile (node:internal/fs/promises:1245:14)
      at Object.handler (file:///Users/hf-mac/Downloads/tgpro-admin/.output/server/chunks/nitro/nitro.mjs:1959:19)
      at Server.toNodeHandle (file:///Users/hf-mac/Downloads/tgpro-admin/.output/server/chunks/nitro/nitro.mjs:2230:7) {
    errno: -2,
    code: 'ENOENT',
    syscall: 'open',
    path: '/Users/hf-mac/Downloads/tgpro-admin/.output/public/_nuxt/DcHNM1Xn.js'
  },
  statusCode: 500,
  fatal: false,
  unhandled: true,
  statusMessage: undefined,
  data: undefined
}
2025-11-05T02:30:49: [request error] [unhandled] [GET] http://localhost:3000/_nuxt/DbAgXtul.js
 H3Error: ENOENT: no such file or directory, open '/Users/hf-mac/Downloads/tgpro-admin/.output/public/_nuxt/DbAgXtul.js'
    at open (node:internal/fs/promises:641:25)
    ... 2 lines matching cause stack trace ...
    at Server.toNodeHandle (file:///Users/hf-mac/Downloads/tgpro-admin/.output/server/chunks/nitro/nitro.mjs:2230:7) {
  cause: Error: ENOENT: no such file or directory, open '/Users/hf-mac/Downloads/tgpro-admin/.output/public/_nuxt/DbAgXtul.js'
      at open (node:internal/fs/promises:641:25)
      at Object.readFile (node:internal/fs/promises:1245:14)
      at Object.handler (file:///Users/hf-mac/Downloads/tgpro-admin/.output/server/chunks/nitro/nitro.mjs:1959:19)
      at Server.toNodeHandle (file:///Users/hf-mac/Downloads/tgpro-admin/.output/server/chunks/nitro/nitro.mjs:2230:7) {
    errno: -2,
    code: 'ENOENT',
    syscall: 'open',
    path: '/Users/hf-mac/Downloads/tgpro-admin/.output/public/_nuxt/DbAgXtul.js'
  },
  statusCode: 500,
  fatal: false,
  unhandled: true,
  statusMessage: undefined,
  data: undefined
}
2025-11-05T02:30:49: [request error] [unhandled] [GET] http://localhost:3000/_nuxt/D_B5nL8y.js
 H3Error: ENOENT: no such file or directory, open '/Users/hf-mac/Downloads/tgpro-admin/.output/public/_nuxt/D_B5nL8y.js'
    at open (node:internal/fs/promises:641:25)
    ... 2 lines matching cause stack trace ...
    at Server.toNodeHandle (file:///Users/hf-mac/Downloads/tgpro-admin/.output/server/chunks/nitro/nitro.mjs:2230:7) {
  cause: Error: ENOENT: no such file or directory, open '/Users/hf-mac/Downloads/tgpro-admin/.output/public/_nuxt/D_B5nL8y.js'
      at open (node:internal/fs/promises:641:25)
      at Object.readFile (node:internal/fs/promises:1245:14)
      at Object.handler (file:///Users/hf-mac/Downloads/tgpro-admin/.output/server/chunks/nitro/nitro.mjs:1959:19)
      at Server.toNodeHandle (file:///Users/hf-mac/Downloads/tgpro-admin/.output/server/chunks/nitro/nitro.mjs:2230:7) {
    errno: -2,
    code: 'ENOENT',
    syscall: 'open',
    path: '/Users/hf-mac/Downloads/tgpro-admin/.output/public/_nuxt/D_B5nL8y.js'
  },
  statusCode: 500,
  fatal: false,
  unhandled: true,
  statusMessage: undefined,
  data: undefined
}
2025-11-05T02:30:49: [request error] [unhandled] [GET] http://localhost:3000/_nuxt/Bl84yrz9.js
 H3Error: ENOENT: no such file or directory, open '/Users/hf-mac/Downloads/tgpro-admin/.output/public/_nuxt/Bl84yrz9.js'
    at open (node:internal/fs/promises:641:25)
    ... 2 lines matching cause stack trace ...
    at Server.toNodeHandle (file:///Users/hf-mac/Downloads/tgpro-admin/.output/server/chunks/nitro/nitro.mjs:2230:7) {
  cause: Error: ENOENT: no such file or directory, open '/Users/hf-mac/Downloads/tgpro-admin/.output/public/_nuxt/Bl84yrz9.js'
      at open (node:internal/fs/promises:641:25)
      at Object.readFile (node:internal/fs/promises:1245:14)
      at Object.handler (file:///Users/hf-mac/Downloads/tgpro-admin/.output/server/chunks/nitro/nitro.mjs:1959:19)
      at Server.toNodeHandle (file:///Users/hf-mac/Downloads/tgpro-admin/.output/server/chunks/nitro/nitro.mjs:2230:7) {
    errno: -2,
    code: 'ENOENT',
    syscall: 'open',
    path: '/Users/hf-mac/Downloads/tgpro-admin/.output/public/_nuxt/Bl84yrz9.js'
  },
  statusCode: 500,
  fatal: false,
  unhandled: true,
  statusMessage: undefined,
  data: undefined
}
2025-11-05T02:30:49: [request error] [unhandled] [GET] http://localhost:3000/_nuxt/DpNIWReE.js
 H3Error: ENOENT: no such file or directory, open '/Users/hf-mac/Downloads/tgpro-admin/.output/public/_nuxt/DpNIWReE.js'
    at open (node:internal/fs/promises:641:25)
    ... 2 lines matching cause stack trace ...
    at Server.toNodeHandle (file:///Users/hf-mac/Downloads/tgpro-admin/.output/server/chunks/nitro/nitro.mjs:2230:7) {
  cause: Error: ENOENT: no such file or directory, open '/Users/hf-mac/Downloads/tgpro-admin/.output/public/_nuxt/DpNIWReE.js'
      at open (node:internal/fs/promises:641:25)
      at Object.readFile (node:internal/fs/promises:1245:14)
      at Object.handler (file:///Users/hf-mac/Downloads/tgpro-admin/.output/server/chunks/nitro/nitro.mjs:1959:19)
      at Server.toNodeHandle (file:///Users/hf-mac/Downloads/tgpro-admin/.output/server/chunks/nitro/nitro.mjs:2230:7) {
    errno: -2,
    code: 'ENOENT',
    syscall: 'open',
    path: '/Users/hf-mac/Downloads/tgpro-admin/.output/public/_nuxt/DpNIWReE.js'
  },
  statusCode: 500,
  fatal: false,
  unhandled: true,
  statusMessage: undefined,
  data: undefined
}
2025-11-05T02:30:49: [request error] [unhandled] [GET] http://localhost:3000/_nuxt/D974gv07.js
 H3Error: ENOENT: no such file or directory, open '/Users/hf-mac/Downloads/tgpro-admin/.output/public/_nuxt/D974gv07.js'
    at open (node:internal/fs/promises:641:25)
    ... 2 lines matching cause stack trace ...
    at Server.toNodeHandle (file:///Users/hf-mac/Downloads/tgpro-admin/.output/server/chunks/nitro/nitro.mjs:2230:7) {
  cause: Error: ENOENT: no such file or directory, open '/Users/hf-mac/Downloads/tgpro-admin/.output/public/_nuxt/D974gv07.js'
      at open (node:internal/fs/promises:641:25)
      at Object.readFile (node:internal/fs/promises:1245:14)
      at Object.handler (file:///Users/hf-mac/Downloads/tgpro-admin/.output/server/chunks/nitro/nitro.mjs:1959:19)
      at Server.toNodeHandle (file:///Users/hf-mac/Downloads/tgpro-admin/.output/server/chunks/nitro/nitro.mjs:2230:7) {
    errno: -2,
    code: 'ENOENT',
    syscall: 'open',
    path: '/Users/hf-mac/Downloads/tgpro-admin/.output/public/_nuxt/D974gv07.js'
  },
  statusCode: 500,
  fatal: false,
  unhandled: true,
  statusMessage: undefined,
  data: undefined
}
2025-11-05T02:30:49: [request error] [unhandled] [GET] http://localhost:3000/_nuxt/D32lUId-.js
 H3Error: ENOENT: no such file or directory, open '/Users/hf-mac/Downloads/tgpro-admin/.output/public/_nuxt/D32lUId-.js'
    at open (node:internal/fs/promises:641:25)
    ... 2 lines matching cause stack trace ...
    at Server.toNodeHandle (file:///Users/hf-mac/Downloads/tgpro-admin/.output/server/chunks/nitro/nitro.mjs:2230:7) {
  cause: Error: ENOENT: no such file or directory, open '/Users/hf-mac/Downloads/tgpro-admin/.output/public/_nuxt/D32lUId-.js'
      at open (node:internal/fs/promises:641:25)
      at Object.readFile (node:internal/fs/promises:1245:14)
      at Object.handler (file:///Users/hf-mac/Downloads/tgpro-admin/.output/server/chunks/nitro/nitro.mjs:1959:19)
      at Server.toNodeHandle (file:///Users/hf-mac/Downloads/tgpro-admin/.output/server/chunks/nitro/nitro.mjs:2230:7) {
    errno: -2,
    code: 'ENOENT',
    syscall: 'open',
    path: '/Users/hf-mac/Downloads/tgpro-admin/.output/public/_nuxt/D32lUId-.js'
  },
  statusCode: 500,
  fatal: false,
  unhandled: true,
  statusMessage: undefined,
  data: undefined
}
2025-11-05T02:30:49: [request error] [unhandled] [GET] http://localhost:3000/_nuxt/Bdz-sLfb.js
 H3Error: ENOENT: no such file or directory, open '/Users/hf-mac/Downloads/tgpro-admin/.output/public/_nuxt/Bdz-sLfb.js'
    at open (node:internal/fs/promises:641:25)
    ... 2 lines matching cause stack trace ...
    at Server.toNodeHandle (file:///Users/hf-mac/Downloads/tgpro-admin/.output/server/chunks/nitro/nitro.mjs:2230:7) {
  cause: Error: ENOENT: no such file or directory, open '/Users/hf-mac/Downloads/tgpro-admin/.output/public/_nuxt/Bdz-sLfb.js'
      at open (node:internal/fs/promises:641:25)
      at Object.readFile (node:internal/fs/promises:1245:14)
      at Object.handler (file:///Users/hf-mac/Downloads/tgpro-admin/.output/server/chunks/nitro/nitro.mjs:1959:19)
      at Server.toNodeHandle (file:///Users/hf-mac/Downloads/tgpro-admin/.output/server/chunks/nitro/nitro.mjs:2230:7) {
    errno: -2,
    code: 'ENOENT',
    syscall: 'open',
    path: '/Users/hf-mac/Downloads/tgpro-admin/.output/public/_nuxt/Bdz-sLfb.js'
  },
  statusCode: 500,
  fatal: false,
  unhandled: true,
  statusMessage: undefined,
  data: undefined
}
2025-11-05T02:30:49: [request error] [unhandled] [GET] http://localhost:3000/_nuxt/CetYVyQG.js
 H3Error: ENOENT: no such file or directory, open '/Users/hf-mac/Downloads/tgpro-admin/.output/public/_nuxt/CetYVyQG.js'
    at open (node:internal/fs/promises:641:25)
    ... 2 lines matching cause stack trace ...
    at Server.toNodeHandle (file:///Users/hf-mac/Downloads/tgpro-admin/.output/server/chunks/nitro/nitro.mjs:2230:7) {
  cause: Error: ENOENT: no such file or directory, open '/Users/hf-mac/Downloads/tgpro-admin/.output/public/_nuxt/CetYVyQG.js'
      at open (node:internal/fs/promises:641:25)
      at Object.readFile (node:internal/fs/promises:1245:14)
      at Object.handler (file:///Users/hf-mac/Downloads/tgpro-admin/.output/server/chunks/nitro/nitro.mjs:1959:19)
      at Server.toNodeHandle (file:///Users/hf-mac/Downloads/tgpro-admin/.output/server/chunks/nitro/nitro.mjs:2230:7) {
    errno: -2,
    code: 'ENOENT',
    syscall: 'open',
    path: '/Users/hf-mac/Downloads/tgpro-admin/.output/public/_nuxt/CetYVyQG.js'
  },
  statusCode: 500,
  fatal: false,
  unhandled: true,
  statusMessage: undefined,
  data: undefined
}
2025-11-05T02:30:49: [request error] [unhandled] [GET] http://localhost:3000/_nuxt/Db7eFA1E.js
 H3Error: ENOENT: no such file or directory, open '/Users/hf-mac/Downloads/tgpro-admin/.output/public/_nuxt/Db7eFA1E.js'
    at open (node:internal/fs/promises:641:25)
    ... 2 lines matching cause stack trace ...
    at Server.toNodeHandle (file:///Users/hf-mac/Downloads/tgpro-admin/.output/server/chunks/nitro/nitro.mjs:2230:7) {
  cause: Error: ENOENT: no such file or directory, open '/Users/hf-mac/Downloads/tgpro-admin/.output/public/_nuxt/Db7eFA1E.js'
      at open (node:internal/fs/promises:641:25)
      at Object.readFile (node:internal/fs/promises:1245:14)
      at Object.handler (file:///Users/hf-mac/Downloads/tgpro-admin/.output/server/chunks/nitro/nitro.mjs:1959:19)
      at Server.toNodeHandle (file:///Users/hf-mac/Downloads/tgpro-admin/.output/server/chunks/nitro/nitro.mjs:2230:7) {
    errno: -2,
    code: 'ENOENT',
    syscall: 'open',
    path: '/Users/hf-mac/Downloads/tgpro-admin/.output/public/_nuxt/Db7eFA1E.js'
  },
  statusCode: 500,
  fatal: false,
  unhandled: true,
  statusMessage: undefined,
  data: undefined
}
2025-11-05T02:30:49: [request error] [unhandled] [GET] http://localhost:3000/_nuxt/DAr-OQmd.js
 H3Error: ENOENT: no such file or directory, open '/Users/hf-mac/Downloads/tgpro-admin/.output/public/_nuxt/DAr-OQmd.js'
    at open (node:internal/fs/promises:641:25)
    ... 2 lines matching cause stack trace ...
    at Server.toNodeHandle (file:///Users/hf-mac/Downloads/tgpro-admin/.output/server/chunks/nitro/nitro.mjs:2230:7) {
  cause: Error: ENOENT: no such file or directory, open '/Users/hf-mac/Downloads/tgpro-admin/.output/public/_nuxt/DAr-OQmd.js'
      at open (node:internal/fs/promises:641:25)
      at Object.readFile (node:internal/fs/promises:1245:14)
      at Object.handler (file:///Users/hf-mac/Downloads/tgpro-admin/.output/server/chunks/nitro/nitro.mjs:1959:19)
      at Server.toNodeHandle (file:///Users/hf-mac/Downloads/tgpro-admin/.output/server/chunks/nitro/nitro.mjs:2230:7) {
    errno: -2,
    code: 'ENOENT',
    syscall: 'open',
    path: '/Users/hf-mac/Downloads/tgpro-admin/.output/public/_nuxt/DAr-OQmd.js'
  },
  statusCode: 500,
  fatal: false,
  unhandled: true,
  statusMessage: undefined,
  data: undefined
}
2025-11-05T02:30:49: [request error] [unhandled] [GET] http://localhost:3000/_nuxt/CXT04lNs.js
 H3Error: ENOENT: no such file or directory, open '/Users/hf-mac/Downloads/tgpro-admin/.output/public/_nuxt/CXT04lNs.js'
    at open (node:internal/fs/promises:641:25)
    ... 2 lines matching cause stack trace ...
    at Server.toNodeHandle (file:///Users/hf-mac/Downloads/tgpro-admin/.output/server/chunks/nitro/nitro.mjs:2230:7) {
  cause: Error: ENOENT: no such file or directory, open '/Users/hf-mac/Downloads/tgpro-admin/.output/public/_nuxt/CXT04lNs.js'
      at open (node:internal/fs/promises:641:25)
      at Object.readFile (node:internal/fs/promises:1245:14)
      at Object.handler (file:///Users/hf-mac/Downloads/tgpro-admin/.output/server/chunks/nitro/nitro.mjs:1959:19)
      at Server.toNodeHandle (file:///Users/hf-mac/Downloads/tgpro-admin/.output/server/chunks/nitro/nitro.mjs:2230:7) {
    errno: -2,
    code: 'ENOENT',
    syscall: 'open',
    path: '/Users/hf-mac/Downloads/tgpro-admin/.output/public/_nuxt/CXT04lNs.js'
  },
  statusCode: 500,
  fatal: false,
  unhandled: true,
  statusMessage: undefined,
  data: undefined
}
2025-11-05T02:30:49: [request error] [unhandled] [GET] http://localhost:3000/_nuxt/C4xQaJXR.js
 H3Error: ENOENT: no such file or directory, open '/Users/hf-mac/Downloads/tgpro-admin/.output/public/_nuxt/C4xQaJXR.js'
    at open (node:internal/fs/promises:641:25)
    ... 2 lines matching cause stack trace ...
    at Server.toNodeHandle (file:///Users/hf-mac/Downloads/tgpro-admin/.output/server/chunks/nitro/nitro.mjs:2230:7) {
  cause: Error: ENOENT: no such file or directory, open '/Users/hf-mac/Downloads/tgpro-admin/.output/public/_nuxt/C4xQaJXR.js'
      at open (node:internal/fs/promises:641:25)
      at Object.readFile (node:internal/fs/promises:1245:14)
      at Object.handler (file:///Users/hf-mac/Downloads/tgpro-admin/.output/server/chunks/nitro/nitro.mjs:1959:19)
      at Server.toNodeHandle (file:///Users/hf-mac/Downloads/tgpro-admin/.output/server/chunks/nitro/nitro.mjs:2230:7) {
    errno: -2,
    code: 'ENOENT',
    syscall: 'open',
    path: '/Users/hf-mac/Downloads/tgpro-admin/.output/public/_nuxt/C4xQaJXR.js'
  },
  statusCode: 500,
  fatal: false,
  unhandled: true,
  statusMessage: undefined,
  data: undefined
}
2025-11-05T02:30:49: [request error] [unhandled] [GET] http://localhost:3000/_nuxt/DbAgXtul.js
 H3Error: ENOENT: no such file or directory, open '/Users/hf-mac/Downloads/tgpro-admin/.output/public/_nuxt/DbAgXtul.js'
    at open (node:internal/fs/promises:641:25)
    ... 2 lines matching cause stack trace ...
    at Server.toNodeHandle (file:///Users/hf-mac/Downloads/tgpro-admin/.output/server/chunks/nitro/nitro.mjs:2230:7) {
  cause: Error: ENOENT: no such file or directory, open '/Users/hf-mac/Downloads/tgpro-admin/.output/public/_nuxt/DbAgXtul.js'
      at open (node:internal/fs/promises:641:25)
      at Object.readFile (node:internal/fs/promises:1245:14)
      at Object.handler (file:///Users/hf-mac/Downloads/tgpro-admin/.output/server/chunks/nitro/nitro.mjs:1959:19)
      at Server.toNodeHandle (file:///Users/hf-mac/Downloads/tgpro-admin/.output/server/chunks/nitro/nitro.mjs:2230:7) {
    errno: -2,
    code: 'ENOENT',
    syscall: 'open',
    path: '/Users/hf-mac/Downloads/tgpro-admin/.output/public/_nuxt/DbAgXtul.js'
  },
  statusCode: 500,
  fatal: false,
  unhandled: true,
  statusMessage: undefined,
  data: undefined
}
2025-11-05T02:30:49: [request error] [unhandled] [GET] http://localhost:3000/_nuxt/Bl84yrz9.js
 H3Error: ENOENT: no such file or directory, open '/Users/hf-mac/Downloads/tgpro-admin/.output/public/_nuxt/Bl84yrz9.js'
    at open (node:internal/fs/promises:641:25)
    ... 2 lines matching cause stack trace ...
    at Server.toNodeHandle (file:///Users/hf-mac/Downloads/tgpro-admin/.output/server/chunks/nitro/nitro.mjs:2230:7) {
  cause: Error: ENOENT: no such file or directory, open '/Users/hf-mac/Downloads/tgpro-admin/.output/public/_nuxt/Bl84yrz9.js'
      at open (node:internal/fs/promises:641:25)
      at Object.readFile (node:internal/fs/promises:1245:14)
      at Object.handler (file:///Users/hf-mac/Downloads/tgpro-admin/.output/server/chunks/nitro/nitro.mjs:1959:19)
      at Server.toNodeHandle (file:///Users/hf-mac/Downloads/tgpro-admin/.output/server/chunks/nitro/nitro.mjs:2230:7) {
    errno: -2,
    code: 'ENOENT',
    syscall: 'open',
    path: '/Users/hf-mac/Downloads/tgpro-admin/.output/public/_nuxt/Bl84yrz9.js'
  },
  statusCode: 500,
  fatal: false,
  unhandled: true,
  statusMessage: undefined,
  data: undefined
}
2025-11-05T02:30:49: [request error] [unhandled] [GET] http://localhost:3000/_nuxt/D_B5nL8y.js
 H3Error: ENOENT: no such file or directory, open '/Users/hf-mac/Downloads/tgpro-admin/.output/public/_nuxt/D_B5nL8y.js'
    at open (node:internal/fs/promises:641:25)
    ... 2 lines matching cause stack trace ...
    at Server.toNodeHandle (file:///Users/hf-mac/Downloads/tgpro-admin/.output/server/chunks/nitro/nitro.mjs:2230:7) {
  cause: Error: ENOENT: no such file or directory, open '/Users/hf-mac/Downloads/tgpro-admin/.output/public/_nuxt/D_B5nL8y.js'
      at open (node:internal/fs/promises:641:25)
      at Object.readFile (node:internal/fs/promises:1245:14)
      at Object.handler (file:///Users/hf-mac/Downloads/tgpro-admin/.output/server/chunks/nitro/nitro.mjs:1959:19)
      at Server.toNodeHandle (file:///Users/hf-mac/Downloads/tgpro-admin/.output/server/chunks/nitro/nitro.mjs:2230:7) {
    errno: -2,
    code: 'ENOENT',
    syscall: 'open',
    path: '/Users/hf-mac/Downloads/tgpro-admin/.output/public/_nuxt/D_B5nL8y.js'
  },
  statusCode: 500,
  fatal: false,
  unhandled: true,
  statusMessage: undefined,
  data: undefined
}
2025-11-05T02:30:49: [request error] [unhandled] [GET] http://localhost:3000/_nuxt/DpNIWReE.js
 H3Error: ENOENT: no such file or directory, open '/Users/hf-mac/Downloads/tgpro-admin/.output/public/_nuxt/DpNIWReE.js'
    at open (node:internal/fs/promises:641:25)
    ... 2 lines matching cause stack trace ...
    at Server.toNodeHandle (file:///Users/hf-mac/Downloads/tgpro-admin/.output/server/chunks/nitro/nitro.mjs:2230:7) {
  cause: Error: ENOENT: no such file or directory, open '/Users/hf-mac/Downloads/tgpro-admin/.output/public/_nuxt/DpNIWReE.js'
      at open (node:internal/fs/promises:641:25)
      at Object.readFile (node:internal/fs/promises:1245:14)
      at Object.handler (file:///Users/hf-mac/Downloads/tgpro-admin/.output/server/chunks/nitro/nitro.mjs:1959:19)
      at Server.toNodeHandle (file:///Users/hf-mac/Downloads/tgpro-admin/.output/server/chunks/nitro/nitro.mjs:2230:7) {
    errno: -2,
    code: 'ENOENT',
    syscall: 'open',
    path: '/Users/hf-mac/Downloads/tgpro-admin/.output/public/_nuxt/DpNIWReE.js'
  },
  statusCode: 500,
  fatal: false,
  unhandled: true,
  statusMessage: undefined,
  data: undefined
}
2025-11-05T02:30:49: [request error] [unhandled] [GET] http://localhost:3000/_nuxt/D974gv07.js
 H3Error: ENOENT: no such file or directory, open '/Users/hf-mac/Downloads/tgpro-admin/.output/public/_nuxt/D974gv07.js'
    at open (node:internal/fs/promises:641:25)
    ... 2 lines matching cause stack trace ...
    at Server.toNodeHandle (file:///Users/hf-mac/Downloads/tgpro-admin/.output/server/chunks/nitro/nitro.mjs:2230:7) {
  cause: Error: ENOENT: no such file or directory, open '/Users/hf-mac/Downloads/tgpro-admin/.output/public/_nuxt/D974gv07.js'
      at open (node:internal/fs/promises:641:25)
      at Object.readFile (node:internal/fs/promises:1245:14)
      at Object.handler (file:///Users/hf-mac/Downloads/tgpro-admin/.output/server/chunks/nitro/nitro.mjs:1959:19)
      at Server.toNodeHandle (file:///Users/hf-mac/Downloads/tgpro-admin/.output/server/chunks/nitro/nitro.mjs:2230:7) {
    errno: -2,
    code: 'ENOENT',
    syscall: 'open',
    path: '/Users/hf-mac/Downloads/tgpro-admin/.output/public/_nuxt/D974gv07.js'
  },
  statusCode: 500,
  fatal: false,
  unhandled: true,
  statusMessage: undefined,
  data: undefined
}
2025-11-05T02:30:49: [request error] [unhandled] [GET] http://localhost:3000/_nuxt/D32lUId-.js
 H3Error: ENOENT: no such file or directory, open '/Users/hf-mac/Downloads/tgpro-admin/.output/public/_nuxt/D32lUId-.js'
    at open (node:internal/fs/promises:641:25)
    ... 2 lines matching cause stack trace ...
    at Server.toNodeHandle (file:///Users/hf-mac/Downloads/tgpro-admin/.output/server/chunks/nitro/nitro.mjs:2230:7) {
  cause: Error: ENOENT: no such file or directory, open '/Users/hf-mac/Downloads/tgpro-admin/.output/public/_nuxt/D32lUId-.js'
      at open (node:internal/fs/promises:641:25)
      at Object.readFile (node:internal/fs/promises:1245:14)
      at Object.handler (file:///Users/hf-mac/Downloads/tgpro-admin/.output/server/chunks/nitro/nitro.mjs:1959:19)
      at Server.toNodeHandle (file:///Users/hf-mac/Downloads/tgpro-admin/.output/server/chunks/nitro/nitro.mjs:2230:7) {
    errno: -2,
    code: 'ENOENT',
    syscall: 'open',
    path: '/Users/hf-mac/Downloads/tgpro-admin/.output/public/_nuxt/D32lUId-.js'
  },
  statusCode: 500,
  fatal: false,
  unhandled: true,
  statusMessage: undefined,
  data: undefined
}
2025-11-05T02:30:49: [request error] [unhandled] [GET] http://localhost:3000/_nuxt/CetYVyQG.js
 H3Error: ENOENT: no such file or directory, open '/Users/hf-mac/Downloads/tgpro-admin/.output/public/_nuxt/CetYVyQG.js'
    at open (node:internal/fs/promises:641:25)
    ... 2 lines matching cause stack trace ...
    at Server.toNodeHandle (file:///Users/hf-mac/Downloads/tgpro-admin/.output/server/chunks/nitro/nitro.mjs:2230:7) {
  cause: Error: ENOENT: no such file or directory, open '/Users/hf-mac/Downloads/tgpro-admin/.output/public/_nuxt/CetYVyQG.js'
      at open (node:internal/fs/promises:641:25)
      at Object.readFile (node:internal/fs/promises:1245:14)
      at Object.handler (file:///Users/hf-mac/Downloads/tgpro-admin/.output/server/chunks/nitro/nitro.mjs:1959:19)
      at Server.toNodeHandle (file:///Users/hf-mac/Downloads/tgpro-admin/.output/server/chunks/nitro/nitro.mjs:2230:7) {
    errno: -2,
    code: 'ENOENT',
    syscall: 'open',
    path: '/Users/hf-mac/Downloads/tgpro-admin/.output/public/_nuxt/CetYVyQG.js'
  },
  statusCode: 500,
  fatal: false,
  unhandled: true,
  statusMessage: undefined,
  data: undefined
}
2025-11-05T02:30:49: [request error] [unhandled] [GET] http://localhost:3000/_nuxt/Bdz-sLfb.js
 H3Error: ENOENT: no such file or directory, open '/Users/hf-mac/Downloads/tgpro-admin/.output/public/_nuxt/Bdz-sLfb.js'
    at open (node:internal/fs/promises:641:25)
    ... 2 lines matching cause stack trace ...
    at Server.toNodeHandle (file:///Users/hf-mac/Downloads/tgpro-admin/.output/server/chunks/nitro/nitro.mjs:2230:7) {
  cause: Error: ENOENT: no such file or directory, open '/Users/hf-mac/Downloads/tgpro-admin/.output/public/_nuxt/Bdz-sLfb.js'
      at open (node:internal/fs/promises:641:25)
      at Object.readFile (node:internal/fs/promises:1245:14)
      at Object.handler (file:///Users/hf-mac/Downloads/tgpro-admin/.output/server/chunks/nitro/nitro.mjs:1959:19)
      at Server.toNodeHandle (file:///Users/hf-mac/Downloads/tgpro-admin/.output/server/chunks/nitro/nitro.mjs:2230:7) {
    errno: -2,
    code: 'ENOENT',
    syscall: 'open',
    path: '/Users/hf-mac/Downloads/tgpro-admin/.output/public/_nuxt/Bdz-sLfb.js'
  },
  statusCode: 500,
  fatal: false,
  unhandled: true,
  statusMessage: undefined,
  data: undefined
}
2025-11-05T02:30:49: [request error] [unhandled] [GET] http://localhost:3000/_nuxt/Db7eFA1E.js
 H3Error: ENOENT: no such file or directory, open '/Users/hf-mac/Downloads/tgpro-admin/.output/public/_nuxt/Db7eFA1E.js'
    at open (node:internal/fs/promises:641:25)
    ... 2 lines matching cause stack trace ...
    at Server.toNodeHandle (file:///Users/hf-mac/Downloads/tgpro-admin/.output/server/chunks/nitro/nitro.mjs:2230:7) {
  cause: Error: ENOENT: no such file or directory, open '/Users/hf-mac/Downloads/tgpro-admin/.output/public/_nuxt/Db7eFA1E.js'
      at open (node:internal/fs/promises:641:25)
      at Object.readFile (node:internal/fs/promises:1245:14)
      at Object.handler (file:///Users/hf-mac/Downloads/tgpro-admin/.output/server/chunks/nitro/nitro.mjs:1959:19)
      at Server.toNodeHandle (file:///Users/hf-mac/Downloads/tgpro-admin/.output/server/chunks/nitro/nitro.mjs:2230:7) {
    errno: -2,
    code: 'ENOENT',
    syscall: 'open',
    path: '/Users/hf-mac/Downloads/tgpro-admin/.output/public/_nuxt/Db7eFA1E.js'
  },
  statusCode: 500,
  fatal: false,
  unhandled: true,
  statusMessage: undefined,
  data: undefined
}
2025-11-05T02:30:49: [request error] [unhandled] [GET] http://localhost:3000/_nuxt/DAr-OQmd.js
 H3Error: ENOENT: no such file or directory, open '/Users/hf-mac/Downloads/tgpro-admin/.output/public/_nuxt/DAr-OQmd.js'
    at open (node:internal/fs/promises:641:25)
    ... 2 lines matching cause stack trace ...
    at Server.toNodeHandle (file:///Users/hf-mac/Downloads/tgpro-admin/.output/server/chunks/nitro/nitro.mjs:2230:7) {
  cause: Error: ENOENT: no such file or directory, open '/Users/hf-mac/Downloads/tgpro-admin/.output/public/_nuxt/DAr-OQmd.js'
      at open (node:internal/fs/promises:641:25)
      at Object.readFile (node:internal/fs/promises:1245:14)
      at Object.handler (file:///Users/hf-mac/Downloads/tgpro-admin/.output/server/chunks/nitro/nitro.mjs:1959:19)
      at Server.toNodeHandle (file:///Users/hf-mac/Downloads/tgpro-admin/.output/server/chunks/nitro/nitro.mjs:2230:7) {
    errno: -2,
    code: 'ENOENT',
    syscall: 'open',
    path: '/Users/hf-mac/Downloads/tgpro-admin/.output/public/_nuxt/DAr-OQmd.js'
  },
  statusCode: 500,
  fatal: false,
  unhandled: true,
  statusMessage: undefined,
  data: undefined
}
2025-11-05T02:30:49: [request error] [unhandled] [GET] http://localhost:3000/_nuxt/BTgB1rvp.js
 H3Error: ENOENT: no such file or directory, open '/Users/hf-mac/Downloads/tgpro-admin/.output/public/_nuxt/BTgB1rvp.js'
    at open (node:internal/fs/promises:641:25)
    ... 2 lines matching cause stack trace ...
    at Server.toNodeHandle (file:///Users/hf-mac/Downloads/tgpro-admin/.output/server/chunks/nitro/nitro.mjs:2230:7) {
  cause: Error: ENOENT: no such file or directory, open '/Users/hf-mac/Downloads/tgpro-admin/.output/public/_nuxt/BTgB1rvp.js'
      at open (node:internal/fs/promises:641:25)
      at Object.readFile (node:internal/fs/promises:1245:14)
      at Object.handler (file:///Users/hf-mac/Downloads/tgpro-admin/.output/server/chunks/nitro/nitro.mjs:1959:19)
      at Server.toNodeHandle (file:///Users/hf-mac/Downloads/tgpro-admin/.output/server/chunks/nitro/nitro.mjs:2230:7) {
    errno: -2,
    code: 'ENOENT',
    syscall: 'open',
    path: '/Users/hf-mac/Downloads/tgpro-admin/.output/public/_nuxt/BTgB1rvp.js'
  },
  statusCode: 500,
  fatal: false,
  unhandled: true,
  statusMessage: undefined,
  data: undefined
}
2025-11-05T02:30:50: [request error] [unhandled] [GET] http://localhost:3000/_nuxt/DcHNM1Xn.js
 H3Error: ENOENT: no such file or directory, open '/Users/hf-mac/Downloads/tgpro-admin/.output/public/_nuxt/DcHNM1Xn.js'
    at open (node:internal/fs/promises:641:25)
    ... 2 lines matching cause stack trace ...
    at Server.toNodeHandle (file:///Users/hf-mac/Downloads/tgpro-admin/.output/server/chunks/nitro/nitro.mjs:2230:7) {
  cause: Error: ENOENT: no such file or directory, open '/Users/hf-mac/Downloads/tgpro-admin/.output/public/_nuxt/DcHNM1Xn.js'
      at open (node:internal/fs/promises:641:25)
      at Object.readFile (node:internal/fs/promises:1245:14)
      at Object.handler (file:///Users/hf-mac/Downloads/tgpro-admin/.output/server/chunks/nitro/nitro.mjs:1959:19)
      at Server.toNodeHandle (file:///Users/hf-mac/Downloads/tgpro-admin/.output/server/chunks/nitro/nitro.mjs:2230:7) {
    errno: -2,
    code: 'ENOENT',
    syscall: 'open',
    path: '/Users/hf-mac/Downloads/tgpro-admin/.output/public/_nuxt/DcHNM1Xn.js'
  },
  statusCode: 500,
  fatal: false,
  unhandled: true,
  statusMessage: undefined,
  data: undefined
}
2025-11-05T02:30:50: [request error] [unhandled] [GET] http://localhost:3000/_nuxt/DbAgXtul.js
 H3Error: ENOENT: no such file or directory, open '/Users/hf-mac/Downloads/tgpro-admin/.output/public/_nuxt/DbAgXtul.js'
    at open (node:internal/fs/promises:641:25)
    ... 2 lines matching cause stack trace ...
    at Server.toNodeHandle (file:///Users/hf-mac/Downloads/tgpro-admin/.output/server/chunks/nitro/nitro.mjs:2230:7) {
  cause: Error: ENOENT: no such file or directory, open '/Users/hf-mac/Downloads/tgpro-admin/.output/public/_nuxt/DbAgXtul.js'
      at open (node:internal/fs/promises:641:25)
      at Object.readFile (node:internal/fs/promises:1245:14)
      at Object.handler (file:///Users/hf-mac/Downloads/tgpro-admin/.output/server/chunks/nitro/nitro.mjs:1959:19)
      at Server.toNodeHandle (file:///Users/hf-mac/Downloads/tgpro-admin/.output/server/chunks/nitro/nitro.mjs:2230:7) {
    errno: -2,
    code: 'ENOENT',
    syscall: 'open',
    path: '/Users/hf-mac/Downloads/tgpro-admin/.output/public/_nuxt/DbAgXtul.js'
  },
  statusCode: 500,
  fatal: false,
  unhandled: true,
  statusMessage: undefined,
  data: undefined
}
2025-11-05T02:30:50: [request error] [unhandled] [GET] http://localhost:3000/_nuxt/Bl84yrz9.js
 H3Error: ENOENT: no such file or directory, open '/Users/hf-mac/Downloads/tgpro-admin/.output/public/_nuxt/Bl84yrz9.js'
    at open (node:internal/fs/promises:641:25)
    ... 2 lines matching cause stack trace ...
    at Server.toNodeHandle (file:///Users/hf-mac/Downloads/tgpro-admin/.output/server/chunks/nitro/nitro.mjs:2230:7) {
  cause: Error: ENOENT: no such file or directory, open '/Users/hf-mac/Downloads/tgpro-admin/.output/public/_nuxt/Bl84yrz9.js'
      at open (node:internal/fs/promises:641:25)
      at Object.readFile (node:internal/fs/promises:1245:14)
      at Object.handler (file:///Users/hf-mac/Downloads/tgpro-admin/.output/server/chunks/nitro/nitro.mjs:1959:19)
      at Server.toNodeHandle (file:///Users/hf-mac/Downloads/tgpro-admin/.output/server/chunks/nitro/nitro.mjs:2230:7) {
    errno: -2,
    code: 'ENOENT',
    syscall: 'open',
    path: '/Users/hf-mac/Downloads/tgpro-admin/.output/public/_nuxt/Bl84yrz9.js'
  },
  statusCode: 500,
  fatal: false,
  unhandled: true,
  statusMessage: undefined,
  data: undefined
}
2025-11-05T02:30:50: [request error] [unhandled] [GET] http://localhost:3000/_nuxt/D_B5nL8y.js
 H3Error: ENOENT: no such file or directory, open '/Users/hf-mac/Downloads/tgpro-admin/.output/public/_nuxt/D_B5nL8y.js'
    at open (node:internal/fs/promises:641:25)
    ... 2 lines matching cause stack trace ...
    at Server.toNodeHandle (file:///Users/hf-mac/Downloads/tgpro-admin/.output/server/chunks/nitro/nitro.mjs:2230:7) {
  cause: Error: ENOENT: no such file or directory, open '/Users/hf-mac/Downloads/tgpro-admin/.output/public/_nuxt/D_B5nL8y.js'
      at open (node:internal/fs/promises:641:25)
      at Object.readFile (node:internal/fs/promises:1245:14)
      at Object.handler (file:///Users/hf-mac/Downloads/tgpro-admin/.output/server/chunks/nitro/nitro.mjs:1959:19)
      at Server.toNodeHandle (file:///Users/hf-mac/Downloads/tgpro-admin/.output/server/chunks/nitro/nitro.mjs:2230:7) {
    errno: -2,
    code: 'ENOENT',
    syscall: 'open',
    path: '/Users/hf-mac/Downloads/tgpro-admin/.output/public/_nuxt/D_B5nL8y.js'
  },
  statusCode: 500,
  fatal: false,
  unhandled: true,
  statusMessage: undefined,
  data: undefined
}
2025-11-05T02:30:50: [request error] [unhandled] [GET] http://localhost:3000/_nuxt/DpNIWReE.js
 H3Error: ENOENT: no such file or directory, open '/Users/hf-mac/Downloads/tgpro-admin/.output/public/_nuxt/DpNIWReE.js'
    at open (node:internal/fs/promises:641:25)
    ... 2 lines matching cause stack trace ...
    at Server.toNodeHandle (file:///Users/hf-mac/Downloads/tgpro-admin/.output/server/chunks/nitro/nitro.mjs:2230:7) {
  cause: Error: ENOENT: no such file or directory, open '/Users/hf-mac/Downloads/tgpro-admin/.output/public/_nuxt/DpNIWReE.js'
      at open (node:internal/fs/promises:641:25)
      at Object.readFile (node:internal/fs/promises:1245:14)
      at Object.handler (file:///Users/hf-mac/Downloads/tgpro-admin/.output/server/chunks/nitro/nitro.mjs:1959:19)
      at Server.toNodeHandle (file:///Users/hf-mac/Downloads/tgpro-admin/.output/server/chunks/nitro/nitro.mjs:2230:7) {
    errno: -2,
    code: 'ENOENT',
    syscall: 'open',
    path: '/Users/hf-mac/Downloads/tgpro-admin/.output/public/_nuxt/DpNIWReE.js'
  },
  statusCode: 500,
  fatal: false,
  unhandled: true,
  statusMessage: undefined,
  data: undefined
}
2025-11-05T02:30:50: [request error] [unhandled] [GET] http://localhost:3000/_nuxt/D974gv07.js
 H3Error: ENOENT: no such file or directory, open '/Users/hf-mac/Downloads/tgpro-admin/.output/public/_nuxt/D974gv07.js'
    at open (node:internal/fs/promises:641:25)
    ... 2 lines matching cause stack trace ...
    at Server.toNodeHandle (file:///Users/hf-mac/Downloads/tgpro-admin/.output/server/chunks/nitro/nitro.mjs:2230:7) {
  cause: Error: ENOENT: no such file or directory, open '/Users/hf-mac/Downloads/tgpro-admin/.output/public/_nuxt/D974gv07.js'
      at open (node:internal/fs/promises:641:25)
      at Object.readFile (node:internal/fs/promises:1245:14)
      at Object.handler (file:///Users/hf-mac/Downloads/tgpro-admin/.output/server/chunks/nitro/nitro.mjs:1959:19)
      at Server.toNodeHandle (file:///Users/hf-mac/Downloads/tgpro-admin/.output/server/chunks/nitro/nitro.mjs:2230:7) {
    errno: -2,
    code: 'ENOENT',
    syscall: 'open',
    path: '/Users/hf-mac/Downloads/tgpro-admin/.output/public/_nuxt/D974gv07.js'
  },
  statusCode: 500,
  fatal: false,
  unhandled: true,
  statusMessage: undefined,
  data: undefined
}
2025-11-05T02:30:50: [request error] [unhandled] [GET] http://localhost:3000/_nuxt/D32lUId-.js
 H3Error: ENOENT: no such file or directory, open '/Users/hf-mac/Downloads/tgpro-admin/.output/public/_nuxt/D32lUId-.js'
    at open (node:internal/fs/promises:641:25)
    ... 2 lines matching cause stack trace ...
    at Server.toNodeHandle (file:///Users/hf-mac/Downloads/tgpro-admin/.output/server/chunks/nitro/nitro.mjs:2230:7) {
  cause: Error: ENOENT: no such file or directory, open '/Users/hf-mac/Downloads/tgpro-admin/.output/public/_nuxt/D32lUId-.js'
      at open (node:internal/fs/promises:641:25)
      at Object.readFile (node:internal/fs/promises:1245:14)
      at Object.handler (file:///Users/hf-mac/Downloads/tgpro-admin/.output/server/chunks/nitro/nitro.mjs:1959:19)
      at Server.toNodeHandle (file:///Users/hf-mac/Downloads/tgpro-admin/.output/server/chunks/nitro/nitro.mjs:2230:7) {
    errno: -2,
    code: 'ENOENT',
    syscall: 'open',
    path: '/Users/hf-mac/Downloads/tgpro-admin/.output/public/_nuxt/D32lUId-.js'
  },
  statusCode: 500,
  fatal: false,
  unhandled: true,
  statusMessage: undefined,
  data: undefined
}
2025-11-05T02:30:50: [request error] [unhandled] [GET] http://localhost:3000/_nuxt/CetYVyQG.js
 H3Error: ENOENT: no such file or directory, open '/Users/hf-mac/Downloads/tgpro-admin/.output/public/_nuxt/CetYVyQG.js'
    at open (node:internal/fs/promises:641:25)
    ... 2 lines matching cause stack trace ...
    at Server.toNodeHandle (file:///Users/hf-mac/Downloads/tgpro-admin/.output/server/chunks/nitro/nitro.mjs:2230:7) {
  cause: Error: ENOENT: no such file or directory, open '/Users/hf-mac/Downloads/tgpro-admin/.output/public/_nuxt/CetYVyQG.js'
      at open (node:internal/fs/promises:641:25)
      at Object.readFile (node:internal/fs/promises:1245:14)
      at Object.handler (file:///Users/hf-mac/Downloads/tgpro-admin/.output/server/chunks/nitro/nitro.mjs:1959:19)
      at Server.toNodeHandle (file:///Users/hf-mac/Downloads/tgpro-admin/.output/server/chunks/nitro/nitro.mjs:2230:7) {
    errno: -2,
    code: 'ENOENT',
    syscall: 'open',
    path: '/Users/hf-mac/Downloads/tgpro-admin/.output/public/_nuxt/CetYVyQG.js'
  },
  statusCode: 500,
  fatal: false,
  unhandled: true,
  statusMessage: undefined,
  data: undefined
}
2025-11-05T02:30:50: [request error] [unhandled] [GET] http://localhost:3000/_nuxt/Bdz-sLfb.js
 H3Error: ENOENT: no such file or directory, open '/Users/hf-mac/Downloads/tgpro-admin/.output/public/_nuxt/Bdz-sLfb.js'
    at open (node:internal/fs/promises:641:25)
    ... 2 lines matching cause stack trace ...
    at Server.toNodeHandle (file:///Users/hf-mac/Downloads/tgpro-admin/.output/server/chunks/nitro/nitro.mjs:2230:7) {
  cause: Error: ENOENT: no such file or directory, open '/Users/hf-mac/Downloads/tgpro-admin/.output/public/_nuxt/Bdz-sLfb.js'
      at open (node:internal/fs/promises:641:25)
      at Object.readFile (node:internal/fs/promises:1245:14)
      at Object.handler (file:///Users/hf-mac/Downloads/tgpro-admin/.output/server/chunks/nitro/nitro.mjs:1959:19)
      at Server.toNodeHandle (file:///Users/hf-mac/Downloads/tgpro-admin/.output/server/chunks/nitro/nitro.mjs:2230:7) {
    errno: -2,
    code: 'ENOENT',
    syscall: 'open',
    path: '/Users/hf-mac/Downloads/tgpro-admin/.output/public/_nuxt/Bdz-sLfb.js'
  },
  statusCode: 500,
  fatal: false,
  unhandled: true,
  statusMessage: undefined,
  data: undefined
}
2025-11-05T02:30:50: [request error] [unhandled] [GET] http://localhost:3000/_nuxt/Db7eFA1E.js
 H3Error: ENOENT: no such file or directory, open '/Users/hf-mac/Downloads/tgpro-admin/.output/public/_nuxt/Db7eFA1E.js'
    at open (node:internal/fs/promises:641:25)
    ... 2 lines matching cause stack trace ...
    at Server.toNodeHandle (file:///Users/hf-mac/Downloads/tgpro-admin/.output/server/chunks/nitro/nitro.mjs:2230:7) {
  cause: Error: ENOENT: no such file or directory, open '/Users/hf-mac/Downloads/tgpro-admin/.output/public/_nuxt/Db7eFA1E.js'
      at open (node:internal/fs/promises:641:25)
      at Object.readFile (node:internal/fs/promises:1245:14)
      at Object.handler (file:///Users/hf-mac/Downloads/tgpro-admin/.output/server/chunks/nitro/nitro.mjs:1959:19)
      at Server.toNodeHandle (file:///Users/hf-mac/Downloads/tgpro-admin/.output/server/chunks/nitro/nitro.mjs:2230:7) {
    errno: -2,
    code: 'ENOENT',
    syscall: 'open',
    path: '/Users/hf-mac/Downloads/tgpro-admin/.output/public/_nuxt/Db7eFA1E.js'
  },
  statusCode: 500,
  fatal: false,
  unhandled: true,
  statusMessage: undefined,
  data: undefined
}
2025-11-05T02:30:50: [request error] [unhandled] [GET] http://localhost:3000/_nuxt/DAr-OQmd.js
 H3Error: ENOENT: no such file or directory, open '/Users/hf-mac/Downloads/tgpro-admin/.output/public/_nuxt/DAr-OQmd.js'
    at open (node:internal/fs/promises:641:25)
    ... 2 lines matching cause stack trace ...
    at Server.toNodeHandle (file:///Users/hf-mac/Downloads/tgpro-admin/.output/server/chunks/nitro/nitro.mjs:2230:7) {
  cause: Error: ENOENT: no such file or directory, open '/Users/hf-mac/Downloads/tgpro-admin/.output/public/_nuxt/DAr-OQmd.js'
      at open (node:internal/fs/promises:641:25)
      at Object.readFile (node:internal/fs/promises:1245:14)
      at Object.handler (file:///Users/hf-mac/Downloads/tgpro-admin/.output/server/chunks/nitro/nitro.mjs:1959:19)
      at Server.toNodeHandle (file:///Users/hf-mac/Downloads/tgpro-admin/.output/server/chunks/nitro/nitro.mjs:2230:7) {
    errno: -2,
    code: 'ENOENT',
    syscall: 'open',
    path: '/Users/hf-mac/Downloads/tgpro-admin/.output/public/_nuxt/DAr-OQmd.js'
  },
  statusCode: 500,
  fatal: false,
  unhandled: true,
  statusMessage: undefined,
  data: undefined
}
2025-11-05T02:30:50: [request error] [unhandled] [GET] http://localhost:3000/_nuxt/BTgB1rvp.js
 H3Error: ENOENT: no such file or directory, open '/Users/hf-mac/Downloads/tgpro-admin/.output/public/_nuxt/BTgB1rvp.js'
    at open (node:internal/fs/promises:641:25)
    ... 2 lines matching cause stack trace ...
    at Server.toNodeHandle (file:///Users/hf-mac/Downloads/tgpro-admin/.output/server/chunks/nitro/nitro.mjs:2230:7) {
  cause: Error: ENOENT: no such file or directory, open '/Users/hf-mac/Downloads/tgpro-admin/.output/public/_nuxt/BTgB1rvp.js'
      at open (node:internal/fs/promises:641:25)
      at Object.readFile (node:internal/fs/promises:1245:14)
      at Object.handler (file:///Users/hf-mac/Downloads/tgpro-admin/.output/server/chunks/nitro/nitro.mjs:1959:19)
      at Server.toNodeHandle (file:///Users/hf-mac/Downloads/tgpro-admin/.output/server/chunks/nitro/nitro.mjs:2230:7) {
    errno: -2,
    code: 'ENOENT',
    syscall: 'open',
    path: '/Users/hf-mac/Downloads/tgpro-admin/.output/public/_nuxt/BTgB1rvp.js'
  },
  statusCode: 500,
  fatal: false,
  unhandled: true,
  statusMessage: undefined,
  data: undefined
}
2025-11-05T02:30:50: [request error] [unhandled] [GET] http://localhost:3000/_nuxt/CXT04lNs.js
 H3Error: ENOENT: no such file or directory, open '/Users/hf-mac/Downloads/tgpro-admin/.output/public/_nuxt/CXT04lNs.js'
    at open (node:internal/fs/promises:641:25)
    ... 2 lines matching cause stack trace ...
    at Server.toNodeHandle (file:///Users/hf-mac/Downloads/tgpro-admin/.output/server/chunks/nitro/nitro.mjs:2230:7) {
  cause: Error: ENOENT: no such file or directory, open '/Users/hf-mac/Downloads/tgpro-admin/.output/public/_nuxt/CXT04lNs.js'
      at open (node:internal/fs/promises:641:25)
      at Object.readFile (node:internal/fs/promises:1245:14)
      at Object.handler (file:///Users/hf-mac/Downloads/tgpro-admin/.output/server/chunks/nitro/nitro.mjs:1959:19)
      at Server.toNodeHandle (file:///Users/hf-mac/Downloads/tgpro-admin/.output/server/chunks/nitro/nitro.mjs:2230:7) {
    errno: -2,
    code: 'ENOENT',
    syscall: 'open',
    path: '/Users/hf-mac/Downloads/tgpro-admin/.output/public/_nuxt/CXT04lNs.js'
  },
  statusCode: 500,
  fatal: false,
  unhandled: true,
  statusMessage: undefined,
  data: undefined
}
2025-11-05T02:30:50: [request error] [unhandled] [GET] http://localhost:3000/_nuxt/DcHNM1Xn.js
 H3Error: ENOENT: no such file or directory, open '/Users/hf-mac/Downloads/tgpro-admin/.output/public/_nuxt/DcHNM1Xn.js'
    at open (node:internal/fs/promises:641:25)
    ... 2 lines matching cause stack trace ...
    at Server.toNodeHandle (file:///Users/hf-mac/Downloads/tgpro-admin/.output/server/chunks/nitro/nitro.mjs:2230:7) {
  cause: Error: ENOENT: no such file or directory, open '/Users/hf-mac/Downloads/tgpro-admin/.output/public/_nuxt/DcHNM1Xn.js'
      at open (node:internal/fs/promises:641:25)
      at Object.readFile (node:internal/fs/promises:1245:14)
      at Object.handler (file:///Users/hf-mac/Downloads/tgpro-admin/.output/server/chunks/nitro/nitro.mjs:1959:19)
      at Server.toNodeHandle (file:///Users/hf-mac/Downloads/tgpro-admin/.output/server/chunks/nitro/nitro.mjs:2230:7) {
    errno: -2,
    code: 'ENOENT',
    syscall: 'open',
    path: '/Users/hf-mac/Downloads/tgpro-admin/.output/public/_nuxt/DcHNM1Xn.js'
  },
  statusCode: 500,
  fatal: false,
  unhandled: true,
  statusMessage: undefined,
  data: undefined
}
2025-11-05T02:30:50: [request error] [unhandled] [GET] http://localhost:3000/_nuxt/C4xQaJXR.js
 H3Error: ENOENT: no such file or directory, open '/Users/hf-mac/Downloads/tgpro-admin/.output/public/_nuxt/C4xQaJXR.js'
    at open (node:internal/fs/promises:641:25)
    ... 2 lines matching cause stack trace ...
    at Server.toNodeHandle (file:///Users/hf-mac/Downloads/tgpro-admin/.output/server/chunks/nitro/nitro.mjs:2230:7) {
  cause: Error: ENOENT: no such file or directory, open '/Users/hf-mac/Downloads/tgpro-admin/.output/public/_nuxt/C4xQaJXR.js'
      at open (node:internal/fs/promises:641:25)
      at Object.readFile (node:internal/fs/promises:1245:14)
      at Object.handler (file:///Users/hf-mac/Downloads/tgpro-admin/.output/server/chunks/nitro/nitro.mjs:1959:19)
      at Server.toNodeHandle (file:///Users/hf-mac/Downloads/tgpro-admin/.output/server/chunks/nitro/nitro.mjs:2230:7) {
    errno: -2,
    code: 'ENOENT',
    syscall: 'open',
    path: '/Users/hf-mac/Downloads/tgpro-admin/.output/public/_nuxt/C4xQaJXR.js'
  },
  statusCode: 500,
  fatal: false,
  unhandled: true,
  statusMessage: undefined,
  data: undefined
}
2025-11-05T02:30:50: [request error] [unhandled] [GET] http://localhost:3000/_nuxt/D_B5nL8y.js
 H3Error: ENOENT: no such file or directory, open '/Users/hf-mac/Downloads/tgpro-admin/.output/public/_nuxt/D_B5nL8y.js'
    at open (node:internal/fs/promises:641:25)
    ... 2 lines matching cause stack trace ...
    at Server.toNodeHandle (file:///Users/hf-mac/Downloads/tgpro-admin/.output/server/chunks/nitro/nitro.mjs:2230:7) {
  cause: Error: ENOENT: no such file or directory, open '/Users/hf-mac/Downloads/tgpro-admin/.output/public/_nuxt/D_B5nL8y.js'
      at open (node:internal/fs/promises:641:25)
      at Object.readFile (node:internal/fs/promises:1245:14)
      at Object.handler (file:///Users/hf-mac/Downloads/tgpro-admin/.output/server/chunks/nitro/nitro.mjs:1959:19)
      at Server.toNodeHandle (file:///Users/hf-mac/Downloads/tgpro-admin/.output/server/chunks/nitro/nitro.mjs:2230:7) {
    errno: -2,
    code: 'ENOENT',
    syscall: 'open',
    path: '/Users/hf-mac/Downloads/tgpro-admin/.output/public/_nuxt/D_B5nL8y.js'
  },
  statusCode: 500,
  fatal: false,
  unhandled: true,
  statusMessage: undefined,
  data: undefined
}
2025-11-05T02:30:50: [request error] [unhandled] [GET] http://localhost:3000/_nuxt/Bl84yrz9.js
 H3Error: ENOENT: no such file or directory, open '/Users/hf-mac/Downloads/tgpro-admin/.output/public/_nuxt/Bl84yrz9.js'
    at open (node:internal/fs/promises:641:25)
    ... 2 lines matching cause stack trace ...
    at Server.toNodeHandle (file:///Users/hf-mac/Downloads/tgpro-admin/.output/server/chunks/nitro/nitro.mjs:2230:7) {
  cause: Error: ENOENT: no such file or directory, open '/Users/hf-mac/Downloads/tgpro-admin/.output/public/_nuxt/Bl84yrz9.js'
      at open (node:internal/fs/promises:641:25)
      at Object.readFile (node:internal/fs/promises:1245:14)
      at Object.handler (file:///Users/hf-mac/Downloads/tgpro-admin/.output/server/chunks/nitro/nitro.mjs:1959:19)
      at Server.toNodeHandle (file:///Users/hf-mac/Downloads/tgpro-admin/.output/server/chunks/nitro/nitro.mjs:2230:7) {
    errno: -2,
    code: 'ENOENT',
    syscall: 'open',
    path: '/Users/hf-mac/Downloads/tgpro-admin/.output/public/_nuxt/Bl84yrz9.js'
  },
  statusCode: 500,
  fatal: false,
  unhandled: true,
  statusMessage: undefined,
  data: undefined
}
2025-11-05T02:30:50: [request error] [unhandled] [GET] http://localhost:3000/_nuxt/DbAgXtul.js
 H3Error: ENOENT: no such file or directory, open '/Users/hf-mac/Downloads/tgpro-admin/.output/public/_nuxt/DbAgXtul.js'
    at open (node:internal/fs/promises:641:25)
    ... 2 lines matching cause stack trace ...
    at Server.toNodeHandle (file:///Users/hf-mac/Downloads/tgpro-admin/.output/server/chunks/nitro/nitro.mjs:2230:7) {
  cause: Error: ENOENT: no such file or directory, open '/Users/hf-mac/Downloads/tgpro-admin/.output/public/_nuxt/DbAgXtul.js'
      at open (node:internal/fs/promises:641:25)
      at Object.readFile (node:internal/fs/promises:1245:14)
      at Object.handler (file:///Users/hf-mac/Downloads/tgpro-admin/.output/server/chunks/nitro/nitro.mjs:1959:19)
      at Server.toNodeHandle (file:///Users/hf-mac/Downloads/tgpro-admin/.output/server/chunks/nitro/nitro.mjs:2230:7) {
    errno: -2,
    code: 'ENOENT',
    syscall: 'open',
    path: '/Users/hf-mac/Downloads/tgpro-admin/.output/public/_nuxt/DbAgXtul.js'
  },
  statusCode: 500,
  fatal: false,
  unhandled: true,
  statusMessage: undefined,
  data: undefined
}
2025-11-05T02:30:50: [request error] [unhandled] [GET] http://localhost:3000/_nuxt/DpNIWReE.js
 H3Error: ENOENT: no such file or directory, open '/Users/hf-mac/Downloads/tgpro-admin/.output/public/_nuxt/DpNIWReE.js'
    at open (node:internal/fs/promises:641:25)
    ... 2 lines matching cause stack trace ...
    at Server.toNodeHandle (file:///Users/hf-mac/Downloads/tgpro-admin/.output/server/chunks/nitro/nitro.mjs:2230:7) {
  cause: Error: ENOENT: no such file or directory, open '/Users/hf-mac/Downloads/tgpro-admin/.output/public/_nuxt/DpNIWReE.js'
      at open (node:internal/fs/promises:641:25)
      at Object.readFile (node:internal/fs/promises:1245:14)
      at Object.handler (file:///Users/hf-mac/Downloads/tgpro-admin/.output/server/chunks/nitro/nitro.mjs:1959:19)
      at Server.toNodeHandle (file:///Users/hf-mac/Downloads/tgpro-admin/.output/server/chunks/nitro/nitro.mjs:2230:7) {
    errno: -2,
    code: 'ENOENT',
    syscall: 'open',
    path: '/Users/hf-mac/Downloads/tgpro-admin/.output/public/_nuxt/DpNIWReE.js'
  },
  statusCode: 500,
  fatal: false,
  unhandled: true,
  statusMessage: undefined,
  data: undefined
}
2025-11-05T02:30:50: [request error] [unhandled] [GET] http://localhost:3000/_nuxt/D974gv07.js
 H3Error: ENOENT: no such file or directory, open '/Users/hf-mac/Downloads/tgpro-admin/.output/public/_nuxt/D974gv07.js'
    at open (node:internal/fs/promises:641:25)
    ... 2 lines matching cause stack trace ...
    at Server.toNodeHandle (file:///Users/hf-mac/Downloads/tgpro-admin/.output/server/chunks/nitro/nitro.mjs:2230:7) {
  cause: Error: ENOENT: no such file or directory, open '/Users/hf-mac/Downloads/tgpro-admin/.output/public/_nuxt/D974gv07.js'
      at open (node:internal/fs/promises:641:25)
      at Object.readFile (node:internal/fs/promises:1245:14)
      at Object.handler (file:///Users/hf-mac/Downloads/tgpro-admin/.output/server/chunks/nitro/nitro.mjs:1959:19)
      at Server.toNodeHandle (file:///Users/hf-mac/Downloads/tgpro-admin/.output/server/chunks/nitro/nitro.mjs:2230:7) {
    errno: -2,
    code: 'ENOENT',
    syscall: 'open',
    path: '/Users/hf-mac/Downloads/tgpro-admin/.output/public/_nuxt/D974gv07.js'
  },
  statusCode: 500,
  fatal: false,
  unhandled: true,
  statusMessage: undefined,
  data: undefined
}
2025-11-05T02:30:50: [request error] [unhandled] [GET] http://localhost:3000/_nuxt/D32lUId-.js
 H3Error: ENOENT: no such file or directory, open '/Users/hf-mac/Downloads/tgpro-admin/.output/public/_nuxt/D32lUId-.js'
    at open (node:internal/fs/promises:641:25)
    ... 2 lines matching cause stack trace ...
    at Server.toNodeHandle (file:///Users/hf-mac/Downloads/tgpro-admin/.output/server/chunks/nitro/nitro.mjs:2230:7) {
  cause: Error: ENOENT: no such file or directory, open '/Users/hf-mac/Downloads/tgpro-admin/.output/public/_nuxt/D32lUId-.js'
      at open (node:internal/fs/promises:641:25)
      at Object.readFile (node:internal/fs/promises:1245:14)
      at Object.handler (file:///Users/hf-mac/Downloads/tgpro-admin/.output/server/chunks/nitro/nitro.mjs:1959:19)
      at Server.toNodeHandle (file:///Users/hf-mac/Downloads/tgpro-admin/.output/server/chunks/nitro/nitro.mjs:2230:7) {
    errno: -2,
    code: 'ENOENT',
    syscall: 'open',
    path: '/Users/hf-mac/Downloads/tgpro-admin/.output/public/_nuxt/D32lUId-.js'
  },
  statusCode: 500,
  fatal: false,
  unhandled: true,
  statusMessage: undefined,
  data: undefined
}
2025-11-05T02:30:50: [request error] [unhandled] [GET] http://localhost:3000/_nuxt/Bdz-sLfb.js
 H3Error: ENOENT: no such file or directory, open '/Users/hf-mac/Downloads/tgpro-admin/.output/public/_nuxt/Bdz-sLfb.js'
    at open (node:internal/fs/promises:641:25)
    ... 2 lines matching cause stack trace ...
    at Server.toNodeHandle (file:///Users/hf-mac/Downloads/tgpro-admin/.output/server/chunks/nitro/nitro.mjs:2230:7) {
  cause: Error: ENOENT: no such file or directory, open '/Users/hf-mac/Downloads/tgpro-admin/.output/public/_nuxt/Bdz-sLfb.js'
      at open (node:internal/fs/promises:641:25)
      at Object.readFile (node:internal/fs/promises:1245:14)
      at Object.handler (file:///Users/hf-mac/Downloads/tgpro-admin/.output/server/chunks/nitro/nitro.mjs:1959:19)
      at Server.toNodeHandle (file:///Users/hf-mac/Downloads/tgpro-admin/.output/server/chunks/nitro/nitro.mjs:2230:7) {
    errno: -2,
    code: 'ENOENT',
    syscall: 'open',
    path: '/Users/hf-mac/Downloads/tgpro-admin/.output/public/_nuxt/Bdz-sLfb.js'
  },
  statusCode: 500,
  fatal: false,
  unhandled: true,
  statusMessage: undefined,
  data: undefined
}
2025-11-05T02:30:50: [request error] [unhandled] [GET] http://localhost:3000/_nuxt/CetYVyQG.js
 H3Error: ENOENT: no such file or directory, open '/Users/hf-mac/Downloads/tgpro-admin/.output/public/_nuxt/CetYVyQG.js'
    at open (node:internal/fs/promises:641:25)
    ... 2 lines matching cause stack trace ...
    at Server.toNodeHandle (file:///Users/hf-mac/Downloads/tgpro-admin/.output/server/chunks/nitro/nitro.mjs:2230:7) {
  cause: Error: ENOENT: no such file or directory, open '/Users/hf-mac/Downloads/tgpro-admin/.output/public/_nuxt/CetYVyQG.js'
      at open (node:internal/fs/promises:641:25)
      at Object.readFile (node:internal/fs/promises:1245:14)
      at Object.handler (file:///Users/hf-mac/Downloads/tgpro-admin/.output/server/chunks/nitro/nitro.mjs:1959:19)
      at Server.toNodeHandle (file:///Users/hf-mac/Downloads/tgpro-admin/.output/server/chunks/nitro/nitro.mjs:2230:7) {
    errno: -2,
    code: 'ENOENT',
    syscall: 'open',
    path: '/Users/hf-mac/Downloads/tgpro-admin/.output/public/_nuxt/CetYVyQG.js'
  },
  statusCode: 500,
  fatal: false,
  unhandled: true,
  statusMessage: undefined,
  data: undefined
}
2025-11-05T02:30:50: [request error] [unhandled] [GET] http://localhost:3000/_nuxt/Db7eFA1E.js
 H3Error: ENOENT: no such file or directory, open '/Users/hf-mac/Downloads/tgpro-admin/.output/public/_nuxt/Db7eFA1E.js'
    at open (node:internal/fs/promises:641:25)
    ... 2 lines matching cause stack trace ...
    at Server.toNodeHandle (file:///Users/hf-mac/Downloads/tgpro-admin/.output/server/chunks/nitro/nitro.mjs:2230:7) {
  cause: Error: ENOENT: no such file or directory, open '/Users/hf-mac/Downloads/tgpro-admin/.output/public/_nuxt/Db7eFA1E.js'
      at open (node:internal/fs/promises:641:25)
      at Object.readFile (node:internal/fs/promises:1245:14)
      at Object.handler (file:///Users/hf-mac/Downloads/tgpro-admin/.output/server/chunks/nitro/nitro.mjs:1959:19)
      at Server.toNodeHandle (file:///Users/hf-mac/Downloads/tgpro-admin/.output/server/chunks/nitro/nitro.mjs:2230:7) {
    errno: -2,
    code: 'ENOENT',
    syscall: 'open',
    path: '/Users/hf-mac/Downloads/tgpro-admin/.output/public/_nuxt/Db7eFA1E.js'
  },
  statusCode: 500,
  fatal: false,
  unhandled: true,
  statusMessage: undefined,
  data: undefined
}
2025-11-05T02:30:50: [request error] [unhandled] [GET] http://localhost:3000/_nuxt/DAr-OQmd.js
 H3Error: ENOENT: no such file or directory, open '/Users/hf-mac/Downloads/tgpro-admin/.output/public/_nuxt/DAr-OQmd.js'
    at open (node:internal/fs/promises:641:25)
    ... 2 lines matching cause stack trace ...
    at Server.toNodeHandle (file:///Users/hf-mac/Downloads/tgpro-admin/.output/server/chunks/nitro/nitro.mjs:2230:7) {
  cause: Error: ENOENT: no such file or directory, open '/Users/hf-mac/Downloads/tgpro-admin/.output/public/_nuxt/DAr-OQmd.js'
      at open (node:internal/fs/promises:641:25)
      at Object.readFile (node:internal/fs/promises:1245:14)
      at Object.handler (file:///Users/hf-mac/Downloads/tgpro-admin/.output/server/chunks/nitro/nitro.mjs:1959:19)
      at Server.toNodeHandle (file:///Users/hf-mac/Downloads/tgpro-admin/.output/server/chunks/nitro/nitro.mjs:2230:7) {
    errno: -2,
    code: 'ENOENT',
    syscall: 'open',
    path: '/Users/hf-mac/Downloads/tgpro-admin/.output/public/_nuxt/DAr-OQmd.js'
  },
  statusCode: 500,
  fatal: false,
  unhandled: true,
  statusMessage: undefined,
  data: undefined
}
2025-11-05T02:30:50: [request error] [unhandled] [GET] http://localhost:3000/_nuxt/BTgB1rvp.js
 H3Error: ENOENT: no such file or directory, open '/Users/hf-mac/Downloads/tgpro-admin/.output/public/_nuxt/BTgB1rvp.js'
    at open (node:internal/fs/promises:641:25)
    ... 2 lines matching cause stack trace ...
    at Server.toNodeHandle (file:///Users/hf-mac/Downloads/tgpro-admin/.output/server/chunks/nitro/nitro.mjs:2230:7) {
  cause: Error: ENOENT: no such file or directory, open '/Users/hf-mac/Downloads/tgpro-admin/.output/public/_nuxt/BTgB1rvp.js'
      at open (node:internal/fs/promises:641:25)
      at Object.readFile (node:internal/fs/promises:1245:14)
      at Object.handler (file:///Users/hf-mac/Downloads/tgpro-admin/.output/server/chunks/nitro/nitro.mjs:1959:19)
      at Server.toNodeHandle (file:///Users/hf-mac/Downloads/tgpro-admin/.output/server/chunks/nitro/nitro.mjs:2230:7) {
    errno: -2,
    code: 'ENOENT',
    syscall: 'open',
    path: '/Users/hf-mac/Downloads/tgpro-admin/.output/public/_nuxt/BTgB1rvp.js'
  },
  statusCode: 500,
  fatal: false,
  unhandled: true,
  statusMessage: undefined,
  data: undefined
}
2025-11-05T02:30:50: [request error] [unhandled] [GET] http://localhost:3000/_nuxt/DcHNM1Xn.js
 H3Error: ENOENT: no such file or directory, open '/Users/hf-mac/Downloads/tgpro-admin/.output/public/_nuxt/DcHNM1Xn.js'
    at open (node:internal/fs/promises:641:25)
    ... 2 lines matching cause stack trace ...
    at Server.toNodeHandle (file:///Users/hf-mac/Downloads/tgpro-admin/.output/server/chunks/nitro/nitro.mjs:2230:7) {
  cause: Error: ENOENT: no such file or directory, open '/Users/hf-mac/Downloads/tgpro-admin/.output/public/_nuxt/DcHNM1Xn.js'
      at open (node:internal/fs/promises:641:25)
      at Object.readFile (node:internal/fs/promises:1245:14)
      at Object.handler (file:///Users/hf-mac/Downloads/tgpro-admin/.output/server/chunks/nitro/nitro.mjs:1959:19)
      at Server.toNodeHandle (file:///Users/hf-mac/Downloads/tgpro-admin/.output/server/chunks/nitro/nitro.mjs:2230:7) {
    errno: -2,
    code: 'ENOENT',
    syscall: 'open',
    path: '/Users/hf-mac/Downloads/tgpro-admin/.output/public/_nuxt/DcHNM1Xn.js'
  },
  statusCode: 500,
  fatal: false,
  unhandled: true,
  statusMessage: undefined,
  data: undefined
}
2025-11-05T02:30:50: [request error] [unhandled] [GET] http://localhost:3000/_nuxt/C4xQaJXR.js
 H3Error: ENOENT: no such file or directory, open '/Users/hf-mac/Downloads/tgpro-admin/.output/public/_nuxt/C4xQaJXR.js'
    at open (node:internal/fs/promises:641:25)
    ... 2 lines matching cause stack trace ...
    at Server.toNodeHandle (file:///Users/hf-mac/Downloads/tgpro-admin/.output/server/chunks/nitro/nitro.mjs:2230:7) {
  cause: Error: ENOENT: no such file or directory, open '/Users/hf-mac/Downloads/tgpro-admin/.output/public/_nuxt/C4xQaJXR.js'
      at open (node:internal/fs/promises:641:25)
      at Object.readFile (node:internal/fs/promises:1245:14)
      at Object.handler (file:///Users/hf-mac/Downloads/tgpro-admin/.output/server/chunks/nitro/nitro.mjs:1959:19)
      at Server.toNodeHandle (file:///Users/hf-mac/Downloads/tgpro-admin/.output/server/chunks/nitro/nitro.mjs:2230:7) {
    errno: -2,
    code: 'ENOENT',
    syscall: 'open',
    path: '/Users/hf-mac/Downloads/tgpro-admin/.output/public/_nuxt/C4xQaJXR.js'
  },
  statusCode: 500,
  fatal: false,
  unhandled: true,
  statusMessage: undefined,
  data: undefined
}
2025-11-05T02:30:50: [request error] [unhandled] [GET] http://localhost:3000/_nuxt/builds/meta/db489c3b-20ab-405c-96a2-98b632ec7da6.json
 H3Error: ENOENT: no such file or directory, open '/Users/hf-mac/Downloads/tgpro-admin/.output/public/_nuxt/builds/meta/db489c3b-20ab-405c-96a2-98b632ec7da6.json'
    at open (node:internal/fs/promises:641:25)
    ... 2 lines matching cause stack trace ...
    at Server.toNodeHandle (file:///Users/hf-mac/Downloads/tgpro-admin/.output/server/chunks/nitro/nitro.mjs:2230:7) {
  cause: Error: ENOENT: no such file or directory, open '/Users/hf-mac/Downloads/tgpro-admin/.output/public/_nuxt/builds/meta/db489c3b-20ab-405c-96a2-98b632ec7da6.json'
      at open (node:internal/fs/promises:641:25)
      at Object.readFile (node:internal/fs/promises:1245:14)
      at Object.handler (file:///Users/hf-mac/Downloads/tgpro-admin/.output/server/chunks/nitro/nitro.mjs:1959:19)
      at Server.toNodeHandle (file:///Users/hf-mac/Downloads/tgpro-admin/.output/server/chunks/nitro/nitro.mjs:2230:7) {
    errno: -2,
    code: 'ENOENT',
    syscall: 'open',
    path: '/Users/hf-mac/Downloads/tgpro-admin/.output/public/_nuxt/builds/meta/db489c3b-20ab-405c-96a2-98b632ec7da6.json'
  },
  statusCode: 500,
  fatal: false,
  unhandled: true,
  statusMessage: undefined,
  data: undefined
}
2025-11-05T02:30:50: [request error] [unhandled] [GET] http://localhost:3000/_nuxt/DbAgXtul.js
 H3Error: ENOENT: no such file or directory, open '/Users/hf-mac/Downloads/tgpro-admin/.output/public/_nuxt/DbAgXtul.js'
    at open (node:internal/fs/promises:641:25)
    ... 2 lines matching cause stack trace ...
    at Server.toNodeHandle (file:///Users/hf-mac/Downloads/tgpro-admin/.output/server/chunks/nitro/nitro.mjs:2230:7) {
  cause: Error: ENOENT: no such file or directory, open '/Users/hf-mac/Downloads/tgpro-admin/.output/public/_nuxt/DbAgXtul.js'
      at open (node:internal/fs/promises:641:25)
      at Object.readFile (node:internal/fs/promises:1245:14)
      at Object.handler (file:///Users/hf-mac/Downloads/tgpro-admin/.output/server/chunks/nitro/nitro.mjs:1959:19)
      at Server.toNodeHandle (file:///Users/hf-mac/Downloads/tgpro-admin/.output/server/chunks/nitro/nitro.mjs:2230:7) {
    errno: -2,
    code: 'ENOENT',
    syscall: 'open',
    path: '/Users/hf-mac/Downloads/tgpro-admin/.output/public/_nuxt/DbAgXtul.js'
  },
  statusCode: 500,
  fatal: false,
  unhandled: true,
  statusMessage: undefined,
  data: undefined
}
2025-11-05T02:30:50: [request error] [unhandled] [GET] http://localhost:3000/_nuxt/Bl84yrz9.js
 H3Error: ENOENT: no such file or directory, open '/Users/hf-mac/Downloads/tgpro-admin/.output/public/_nuxt/Bl84yrz9.js'
    at open (node:internal/fs/promises:641:25)
    ... 2 lines matching cause stack trace ...
    at Server.toNodeHandle (file:///Users/hf-mac/Downloads/tgpro-admin/.output/server/chunks/nitro/nitro.mjs:2230:7) {
  cause: Error: ENOENT: no such file or directory, open '/Users/hf-mac/Downloads/tgpro-admin/.output/public/_nuxt/Bl84yrz9.js'
      at open (node:internal/fs/promises:641:25)
      at Object.readFile (node:internal/fs/promises:1245:14)
      at Object.handler (file:///Users/hf-mac/Downloads/tgpro-admin/.output/server/chunks/nitro/nitro.mjs:1959:19)
      at Server.toNodeHandle (file:///Users/hf-mac/Downloads/tgpro-admin/.output/server/chunks/nitro/nitro.mjs:2230:7) {
    errno: -2,
    code: 'ENOENT',
    syscall: 'open',
    path: '/Users/hf-mac/Downloads/tgpro-admin/.output/public/_nuxt/Bl84yrz9.js'
  },
  statusCode: 500,
  fatal: false,
  unhandled: true,
  statusMessage: undefined,
  data: undefined
}
2025-11-05T02:30:50: [request error] [unhandled] [GET] http://localhost:3000/_nuxt/D_B5nL8y.js
 H3Error: ENOENT: no such file or directory, open '/Users/hf-mac/Downloads/tgpro-admin/.output/public/_nuxt/D_B5nL8y.js'
    at open (node:internal/fs/promises:641:25)
    ... 2 lines matching cause stack trace ...
    at Server.toNodeHandle (file:///Users/hf-mac/Downloads/tgpro-admin/.output/server/chunks/nitro/nitro.mjs:2230:7) {
  cause: Error: ENOENT: no such file or directory, open '/Users/hf-mac/Downloads/tgpro-admin/.output/public/_nuxt/D_B5nL8y.js'
      at open (node:internal/fs/promises:641:25)
      at Object.readFile (node:internal/fs/promises:1245:14)
      at Object.handler (file:///Users/hf-mac/Downloads/tgpro-admin/.output/server/chunks/nitro/nitro.mjs:1959:19)
      at Server.toNodeHandle (file:///Users/hf-mac/Downloads/tgpro-admin/.output/server/chunks/nitro/nitro.mjs:2230:7) {
    errno: -2,
    code: 'ENOENT',
    syscall: 'open',
    path: '/Users/hf-mac/Downloads/tgpro-admin/.output/public/_nuxt/D_B5nL8y.js'
  },
  statusCode: 500,
  fatal: false,
  unhandled: true,
  statusMessage: undefined,
  data: undefined
}
2025-11-05T02:30:50: [request error] [unhandled] [GET] http://localhost:3000/_nuxt/DpNIWReE.js
 H3Error: ENOENT: no such file or directory, open '/Users/hf-mac/Downloads/tgpro-admin/.output/public/_nuxt/DpNIWReE.js'
    at open (node:internal/fs/promises:641:25)
    ... 2 lines matching cause stack trace ...
    at Server.toNodeHandle (file:///Users/hf-mac/Downloads/tgpro-admin/.output/server/chunks/nitro/nitro.mjs:2230:7) {
  cause: Error: ENOENT: no such file or directory, open '/Users/hf-mac/Downloads/tgpro-admin/.output/public/_nuxt/DpNIWReE.js'
      at open (node:internal/fs/promises:641:25)
      at Object.readFile (node:internal/fs/promises:1245:14)
      at Object.handler (file:///Users/hf-mac/Downloads/tgpro-admin/.output/server/chunks/nitro/nitro.mjs:1959:19)
      at Server.toNodeHandle (file:///Users/hf-mac/Downloads/tgpro-admin/.output/server/chunks/nitro/nitro.mjs:2230:7) {
    errno: -2,
    code: 'ENOENT',
    syscall: 'open',
    path: '/Users/hf-mac/Downloads/tgpro-admin/.output/public/_nuxt/DpNIWReE.js'
  },
  statusCode: 500,
  fatal: false,
  unhandled: true,
  statusMessage: undefined,
  data: undefined
}
2025-11-05T02:30:50: [request error] [unhandled] [GET] http://localhost:3000/_nuxt/D974gv07.js
 H3Error: ENOENT: no such file or directory, open '/Users/hf-mac/Downloads/tgpro-admin/.output/public/_nuxt/D974gv07.js'
    at open (node:internal/fs/promises:641:25)
    ... 2 lines matching cause stack trace ...
    at Server.toNodeHandle (file:///Users/hf-mac/Downloads/tgpro-admin/.output/server/chunks/nitro/nitro.mjs:2230:7) {
  cause: Error: ENOENT: no such file or directory, open '/Users/hf-mac/Downloads/tgpro-admin/.output/public/_nuxt/D974gv07.js'
      at open (node:internal/fs/promises:641:25)
      at Object.readFile (node:internal/fs/promises:1245:14)
      at Object.handler (file:///Users/hf-mac/Downloads/tgpro-admin/.output/server/chunks/nitro/nitro.mjs:1959:19)
      at Server.toNodeHandle (file:///Users/hf-mac/Downloads/tgpro-admin/.output/server/chunks/nitro/nitro.mjs:2230:7) {
    errno: -2,
    code: 'ENOENT',
    syscall: 'open',
    path: '/Users/hf-mac/Downloads/tgpro-admin/.output/public/_nuxt/D974gv07.js'
  },
  statusCode: 500,
  fatal: false,
  unhandled: true,
  statusMessage: undefined,
  data: undefined
}
2025-11-05T02:30:50: [request error] [unhandled] [GET] http://localhost:3000/_nuxt/D32lUId-.js
 H3Error: ENOENT: no such file or directory, open '/Users/hf-mac/Downloads/tgpro-admin/.output/public/_nuxt/D32lUId-.js'
    at open (node:internal/fs/promises:641:25)
    ... 2 lines matching cause stack trace ...
    at Server.toNodeHandle (file:///Users/hf-mac/Downloads/tgpro-admin/.output/server/chunks/nitro/nitro.mjs:2230:7) {
  cause: Error: ENOENT: no such file or directory, open '/Users/hf-mac/Downloads/tgpro-admin/.output/public/_nuxt/D32lUId-.js'
      at open (node:internal/fs/promises:641:25)
      at Object.readFile (node:internal/fs/promises:1245:14)
      at Object.handler (file:///Users/hf-mac/Downloads/tgpro-admin/.output/server/chunks/nitro/nitro.mjs:1959:19)
      at Server.toNodeHandle (file:///Users/hf-mac/Downloads/tgpro-admin/.output/server/chunks/nitro/nitro.mjs:2230:7) {
    errno: -2,
    code: 'ENOENT',
    syscall: 'open',
    path: '/Users/hf-mac/Downloads/tgpro-admin/.output/public/_nuxt/D32lUId-.js'
  },
  statusCode: 500,
  fatal: false,
  unhandled: true,
  statusMessage: undefined,
  data: undefined
}
2025-11-05T02:30:50: [request error] [unhandled] [GET] http://localhost:3000/_nuxt/CetYVyQG.js
 H3Error: ENOENT: no such file or directory, open '/Users/hf-mac/Downloads/tgpro-admin/.output/public/_nuxt/CetYVyQG.js'
    at open (node:internal/fs/promises:641:25)
    ... 2 lines matching cause stack trace ...
    at Server.toNodeHandle (file:///Users/hf-mac/Downloads/tgpro-admin/.output/server/chunks/nitro/nitro.mjs:2230:7) {
  cause: Error: ENOENT: no such file or directory, open '/Users/hf-mac/Downloads/tgpro-admin/.output/public/_nuxt/CetYVyQG.js'
      at open (node:internal/fs/promises:641:25)
      at Object.readFile (node:internal/fs/promises:1245:14)
      at Object.handler (file:///Users/hf-mac/Downloads/tgpro-admin/.output/server/chunks/nitro/nitro.mjs:1959:19)
      at Server.toNodeHandle (file:///Users/hf-mac/Downloads/tgpro-admin/.output/server/chunks/nitro/nitro.mjs:2230:7) {
    errno: -2,
    code: 'ENOENT',
    syscall: 'open',
    path: '/Users/hf-mac/Downloads/tgpro-admin/.output/public/_nuxt/CetYVyQG.js'
  },
  statusCode: 500,
  fatal: false,
  unhandled: true,
  statusMessage: undefined,
  data: undefined
}
2025-11-05T02:30:50: [request error] [unhandled] [GET] http://localhost:3000/_nuxt/Db7eFA1E.js
 H3Error: ENOENT: no such file or directory, open '/Users/hf-mac/Downloads/tgpro-admin/.output/public/_nuxt/Db7eFA1E.js'
    at open (node:internal/fs/promises:641:25)
    ... 2 lines matching cause stack trace ...
    at Server.toNodeHandle (file:///Users/hf-mac/Downloads/tgpro-admin/.output/server/chunks/nitro/nitro.mjs:2230:7) {
  cause: Error: ENOENT: no such file or directory, open '/Users/hf-mac/Downloads/tgpro-admin/.output/public/_nuxt/Db7eFA1E.js'
      at open (node:internal/fs/promises:641:25)
      at Object.readFile (node:internal/fs/promises:1245:14)
      at Object.handler (file:///Users/hf-mac/Downloads/tgpro-admin/.output/server/chunks/nitro/nitro.mjs:1959:19)
      at Server.toNodeHandle (file:///Users/hf-mac/Downloads/tgpro-admin/.output/server/chunks/nitro/nitro.mjs:2230:7) {
    errno: -2,
    code: 'ENOENT',
    syscall: 'open',
    path: '/Users/hf-mac/Downloads/tgpro-admin/.output/public/_nuxt/Db7eFA1E.js'
  },
  statusCode: 500,
  fatal: false,
  unhandled: true,
  statusMessage: undefined,
  data: undefined
}
2025-11-05T02:30:50: [request error] [unhandled] [GET] http://localhost:3000/_nuxt/DAr-OQmd.js
 H3Error: ENOENT: no such file or directory, open '/Users/hf-mac/Downloads/tgpro-admin/.output/public/_nuxt/DAr-OQmd.js'
    at open (node:internal/fs/promises:641:25)
    ... 2 lines matching cause stack trace ...
    at Server.toNodeHandle (file:///Users/hf-mac/Downloads/tgpro-admin/.output/server/chunks/nitro/nitro.mjs:2230:7) {
  cause: Error: ENOENT: no such file or directory, open '/Users/hf-mac/Downloads/tgpro-admin/.output/public/_nuxt/DAr-OQmd.js'
      at open (node:internal/fs/promises:641:25)
      at Object.readFile (node:internal/fs/promises:1245:14)
      at Object.handler (file:///Users/hf-mac/Downloads/tgpro-admin/.output/server/chunks/nitro/nitro.mjs:1959:19)
      at Server.toNodeHandle (file:///Users/hf-mac/Downloads/tgpro-admin/.output/server/chunks/nitro/nitro.mjs:2230:7) {
    errno: -2,
    code: 'ENOENT',
    syscall: 'open',
    path: '/Users/hf-mac/Downloads/tgpro-admin/.output/public/_nuxt/DAr-OQmd.js'
  },
  statusCode: 500,
  fatal: false,
  unhandled: true,
  statusMessage: undefined,
  data: undefined
}
2025-11-05T02:30:50: [request error] [unhandled] [GET] http://localhost:3000/_nuxt/Bdz-sLfb.js
 H3Error: ENOENT: no such file or directory, open '/Users/hf-mac/Downloads/tgpro-admin/.output/public/_nuxt/Bdz-sLfb.js'
    at open (node:internal/fs/promises:641:25)
    ... 2 lines matching cause stack trace ...
    at Server.toNodeHandle (file:///Users/hf-mac/Downloads/tgpro-admin/.output/server/chunks/nitro/nitro.mjs:2230:7) {
  cause: Error: ENOENT: no such file or directory, open '/Users/hf-mac/Downloads/tgpro-admin/.output/public/_nuxt/Bdz-sLfb.js'
      at open (node:internal/fs/promises:641:25)
      at Object.readFile (node:internal/fs/promises:1245:14)
      at Object.handler (file:///Users/hf-mac/Downloads/tgpro-admin/.output/server/chunks/nitro/nitro.mjs:1959:19)
      at Server.toNodeHandle (file:///Users/hf-mac/Downloads/tgpro-admin/.output/server/chunks/nitro/nitro.mjs:2230:7) {
    errno: -2,
    code: 'ENOENT',
    syscall: 'open',
    path: '/Users/hf-mac/Downloads/tgpro-admin/.output/public/_nuxt/Bdz-sLfb.js'
  },
  statusCode: 500,
  fatal: false,
  unhandled: true,
  statusMessage: undefined,
  data: undefined
}
2025-11-05T02:30:50: [request error] [unhandled] [GET] http://localhost:3000/_nuxt/BTgB1rvp.js
 H3Error: ENOENT: no such file or directory, open '/Users/hf-mac/Downloads/tgpro-admin/.output/public/_nuxt/BTgB1rvp.js'
    at open (node:internal/fs/promises:641:25)
    ... 2 lines matching cause stack trace ...
    at Server.toNodeHandle (file:///Users/hf-mac/Downloads/tgpro-admin/.output/server/chunks/nitro/nitro.mjs:2230:7) {
  cause: Error: ENOENT: no such file or directory, open '/Users/hf-mac/Downloads/tgpro-admin/.output/public/_nuxt/BTgB1rvp.js'
      at open (node:internal/fs/promises:641:25)
      at Object.readFile (node:internal/fs/promises:1245:14)
      at Object.handler (file:///Users/hf-mac/Downloads/tgpro-admin/.output/server/chunks/nitro/nitro.mjs:1959:19)
      at Server.toNodeHandle (file:///Users/hf-mac/Downloads/tgpro-admin/.output/server/chunks/nitro/nitro.mjs:2230:7) {
    errno: -2,
    code: 'ENOENT',
    syscall: 'open',
    path: '/Users/hf-mac/Downloads/tgpro-admin/.output/public/_nuxt/BTgB1rvp.js'
  },
  statusCode: 500,
  fatal: false,
  unhandled: true,
  statusMessage: undefined,
  data: undefined
}
2025-11-05T02:30:50: [request error] [unhandled] [GET] http://localhost:3000/_nuxt/CXT04lNs.js
 H3Error: ENOENT: no such file or directory, open '/Users/hf-mac/Downloads/tgpro-admin/.output/public/_nuxt/CXT04lNs.js'
    at open (node:internal/fs/promises:641:25)
    ... 2 lines matching cause stack trace ...
    at Server.toNodeHandle (file:///Users/hf-mac/Downloads/tgpro-admin/.output/server/chunks/nitro/nitro.mjs:2230:7) {
  cause: Error: ENOENT: no such file or directory, open '/Users/hf-mac/Downloads/tgpro-admin/.output/public/_nuxt/CXT04lNs.js'
      at open (node:internal/fs/promises:641:25)
      at Object.readFile (node:internal/fs/promises:1245:14)
      at Object.handler (file:///Users/hf-mac/Downloads/tgpro-admin/.output/server/chunks/nitro/nitro.mjs:1959:19)
      at Server.toNodeHandle (file:///Users/hf-mac/Downloads/tgpro-admin/.output/server/chunks/nitro/nitro.mjs:2230:7) {
    errno: -2,
    code: 'ENOENT',
    syscall: 'open',
    path: '/Users/hf-mac/Downloads/tgpro-admin/.output/public/_nuxt/CXT04lNs.js'
  },
  statusCode: 500,
  fatal: false,
  unhandled: true,
  statusMessage: undefined,
  data: undefined
}
2025-11-05T02:30:50: [request error] [unhandled] [GET] http://localhost:3000/_nuxt/C4xQaJXR.js
 H3Error: ENOENT: no such file or directory, open '/Users/hf-mac/Downloads/tgpro-admin/.output/public/_nuxt/C4xQaJXR.js'
    at open (node:internal/fs/promises:641:25)
    ... 2 lines matching cause stack trace ...
    at Server.toNodeHandle (file:///Users/hf-mac/Downloads/tgpro-admin/.output/server/chunks/nitro/nitro.mjs:2230:7) {
  cause: Error: ENOENT: no such file or directory, open '/Users/hf-mac/Downloads/tgpro-admin/.output/public/_nuxt/C4xQaJXR.js'
      at open (node:internal/fs/promises:641:25)
      at Object.readFile (node:internal/fs/promises:1245:14)
      at Object.handler (file:///Users/hf-mac/Downloads/tgpro-admin/.output/server/chunks/nitro/nitro.mjs:1959:19)
      at Server.toNodeHandle (file:///Users/hf-mac/Downloads/tgpro-admin/.output/server/chunks/nitro/nitro.mjs:2230:7) {
    errno: -2,
    code: 'ENOENT',
    syscall: 'open',
    path: '/Users/hf-mac/Downloads/tgpro-admin/.output/public/_nuxt/C4xQaJXR.js'
  },
  statusCode: 500,
  fatal: false,
  unhandled: true,
  statusMessage: undefined,
  data: undefined
}
2025-11-05T02:30:50: [request error] [unhandled] [GET] http://localhost:3000/_nuxt/DcHNM1Xn.js
 H3Error: ENOENT: no such file or directory, open '/Users/hf-mac/Downloads/tgpro-admin/.output/public/_nuxt/DcHNM1Xn.js'
    at open (node:internal/fs/promises:641:25)
    ... 2 lines matching cause stack trace ...
    at Server.toNodeHandle (file:///Users/hf-mac/Downloads/tgpro-admin/.output/server/chunks/nitro/nitro.mjs:2230:7) {
  cause: Error: ENOENT: no such file or directory, open '/Users/hf-mac/Downloads/tgpro-admin/.output/public/_nuxt/DcHNM1Xn.js'
      at open (node:internal/fs/promises:641:25)
      at Object.readFile (node:internal/fs/promises:1245:14)
      at Object.handler (file:///Users/hf-mac/Downloads/tgpro-admin/.output/server/chunks/nitro/nitro.mjs:1959:19)
      at Server.toNodeHandle (file:///Users/hf-mac/Downloads/tgpro-admin/.output/server/chunks/nitro/nitro.mjs:2230:7) {
    errno: -2,
    code: 'ENOENT',
    syscall: 'open',
    path: '/Users/hf-mac/Downloads/tgpro-admin/.output/public/_nuxt/DcHNM1Xn.js'
  },
  statusCode: 500,
  fatal: false,
  unhandled: true,
  statusMessage: undefined,
  data: undefined
}
2025-11-05T02:30:50: [request error] [unhandled] [GET] http://localhost:3000/_nuxt/builds/meta/db489c3b-20ab-405c-96a2-98b632ec7da6.json
 H3Error: ENOENT: no such file or directory, open '/Users/hf-mac/Downloads/tgpro-admin/.output/public/_nuxt/builds/meta/db489c3b-20ab-405c-96a2-98b632ec7da6.json'
    at open (node:internal/fs/promises:641:25)
    ... 2 lines matching cause stack trace ...
    at Server.toNodeHandle (file:///Users/hf-mac/Downloads/tgpro-admin/.output/server/chunks/nitro/nitro.mjs:2230:7) {
  cause: Error: ENOENT: no such file or directory, open '/Users/hf-mac/Downloads/tgpro-admin/.output/public/_nuxt/builds/meta/db489c3b-20ab-405c-96a2-98b632ec7da6.json'
      at open (node:internal/fs/promises:641:25)
      at Object.readFile (node:internal/fs/promises:1245:14)
      at Object.handler (file:///Users/hf-mac/Downloads/tgpro-admin/.output/server/chunks/nitro/nitro.mjs:1959:19)
      at Server.toNodeHandle (file:///Users/hf-mac/Downloads/tgpro-admin/.output/server/chunks/nitro/nitro.mjs:2230:7) {
    errno: -2,
    code: 'ENOENT',
    syscall: 'open',
    path: '/Users/hf-mac/Downloads/tgpro-admin/.output/public/_nuxt/builds/meta/db489c3b-20ab-405c-96a2-98b632ec7da6.json'
  },
  statusCode: 500,
  fatal: false,
  unhandled: true,
  statusMessage: undefined,
  data: undefined
}
2025-11-05T02:30:50: [request error] [unhandled] [GET] http://localhost:3000/_nuxt/DbAgXtul.js
 H3Error: ENOENT: no such file or directory, open '/Users/hf-mac/Downloads/tgpro-admin/.output/public/_nuxt/DbAgXtul.js'
    at open (node:internal/fs/promises:641:25)
    ... 2 lines matching cause stack trace ...
    at Server.toNodeHandle (file:///Users/hf-mac/Downloads/tgpro-admin/.output/server/chunks/nitro/nitro.mjs:2230:7) {
  cause: Error: ENOENT: no such file or directory, open '/Users/hf-mac/Downloads/tgpro-admin/.output/public/_nuxt/DbAgXtul.js'
      at open (node:internal/fs/promises:641:25)
      at Object.readFile (node:internal/fs/promises:1245:14)
      at Object.handler (file:///Users/hf-mac/Downloads/tgpro-admin/.output/server/chunks/nitro/nitro.mjs:1959:19)
      at Server.toNodeHandle (file:///Users/hf-mac/Downloads/tgpro-admin/.output/server/chunks/nitro/nitro.mjs:2230:7) {
    errno: -2,
    code: 'ENOENT',
    syscall: 'open',
    path: '/Users/hf-mac/Downloads/tgpro-admin/.output/public/_nuxt/DbAgXtul.js'
  },
  statusCode: 500,
  fatal: false,
  unhandled: true,
  statusMessage: undefined,
  data: undefined
}
2025-11-05T02:30:50: [request error] [unhandled] [GET] http://localhost:3000/_nuxt/Bl84yrz9.js
 H3Error: ENOENT: no such file or directory, open '/Users/hf-mac/Downloads/tgpro-admin/.output/public/_nuxt/Bl84yrz9.js'
    at open (node:internal/fs/promises:641:25)
    ... 2 lines matching cause stack trace ...
    at Server.toNodeHandle (file:///Users/hf-mac/Downloads/tgpro-admin/.output/server/chunks/nitro/nitro.mjs:2230:7) {
  cause: Error: ENOENT: no such file or directory, open '/Users/hf-mac/Downloads/tgpro-admin/.output/public/_nuxt/Bl84yrz9.js'
      at open (node:internal/fs/promises:641:25)
      at Object.readFile (node:internal/fs/promises:1245:14)
      at Object.handler (file:///Users/hf-mac/Downloads/tgpro-admin/.output/server/chunks/nitro/nitro.mjs:1959:19)
      at Server.toNodeHandle (file:///Users/hf-mac/Downloads/tgpro-admin/.output/server/chunks/nitro/nitro.mjs:2230:7) {
    errno: -2,
    code: 'ENOENT',
    syscall: 'open',
    path: '/Users/hf-mac/Downloads/tgpro-admin/.output/public/_nuxt/Bl84yrz9.js'
  },
  statusCode: 500,
  fatal: false,
  unhandled: true,
  statusMessage: undefined,
  data: undefined
}
2025-11-05T02:30:50: [request error] [unhandled] [GET] http://localhost:3000/_nuxt/D_B5nL8y.js
 H3Error: ENOENT: no such file or directory, open '/Users/hf-mac/Downloads/tgpro-admin/.output/public/_nuxt/D_B5nL8y.js'
    at open (node:internal/fs/promises:641:25)
    ... 2 lines matching cause stack trace ...
    at Server.toNodeHandle (file:///Users/hf-mac/Downloads/tgpro-admin/.output/server/chunks/nitro/nitro.mjs:2230:7) {
  cause: Error: ENOENT: no such file or directory, open '/Users/hf-mac/Downloads/tgpro-admin/.output/public/_nuxt/D_B5nL8y.js'
      at open (node:internal/fs/promises:641:25)
      at Object.readFile (node:internal/fs/promises:1245:14)
      at Object.handler (file:///Users/hf-mac/Downloads/tgpro-admin/.output/server/chunks/nitro/nitro.mjs:1959:19)
      at Server.toNodeHandle (file:///Users/hf-mac/Downloads/tgpro-admin/.output/server/chunks/nitro/nitro.mjs:2230:7) {
    errno: -2,
    code: 'ENOENT',
    syscall: 'open',
    path: '/Users/hf-mac/Downloads/tgpro-admin/.output/public/_nuxt/D_B5nL8y.js'
  },
  statusCode: 500,
  fatal: false,
  unhandled: true,
  statusMessage: undefined,
  data: undefined
}
2025-11-05T02:30:50: [request error] [unhandled] [GET] http://localhost:3000/_nuxt/DpNIWReE.js
 H3Error: ENOENT: no such file or directory, open '/Users/hf-mac/Downloads/tgpro-admin/.output/public/_nuxt/DpNIWReE.js'
    at open (node:internal/fs/promises:641:25)
    ... 2 lines matching cause stack trace ...
    at Server.toNodeHandle (file:///Users/hf-mac/Downloads/tgpro-admin/.output/server/chunks/nitro/nitro.mjs:2230:7) {
  cause: Error: ENOENT: no such file or directory, open '/Users/hf-mac/Downloads/tgpro-admin/.output/public/_nuxt/DpNIWReE.js'
      at open (node:internal/fs/promises:641:25)
      at Object.readFile (node:internal/fs/promises:1245:14)
      at Object.handler (file:///Users/hf-mac/Downloads/tgpro-admin/.output/server/chunks/nitro/nitro.mjs:1959:19)
      at Server.toNodeHandle (file:///Users/hf-mac/Downloads/tgpro-admin/.output/server/chunks/nitro/nitro.mjs:2230:7) {
    errno: -2,
    code: 'ENOENT',
    syscall: 'open',
    path: '/Users/hf-mac/Downloads/tgpro-admin/.output/public/_nuxt/DpNIWReE.js'
  },
  statusCode: 500,
  fatal: false,
  unhandled: true,
  statusMessage: undefined,
  data: undefined
}
2025-11-05T02:30:50: [request error] [unhandled] [GET] http://localhost:3000/_nuxt/D974gv07.js
 H3Error: ENOENT: no such file or directory, open '/Users/hf-mac/Downloads/tgpro-admin/.output/public/_nuxt/D974gv07.js'
    at open (node:internal/fs/promises:641:25)
    ... 2 lines matching cause stack trace ...
    at Server.toNodeHandle (file:///Users/hf-mac/Downloads/tgpro-admin/.output/server/chunks/nitro/nitro.mjs:2230:7) {
  cause: Error: ENOENT: no such file or directory, open '/Users/hf-mac/Downloads/tgpro-admin/.output/public/_nuxt/D974gv07.js'
      at open (node:internal/fs/promises:641:25)
      at Object.readFile (node:internal/fs/promises:1245:14)
      at Object.handler (file:///Users/hf-mac/Downloads/tgpro-admin/.output/server/chunks/nitro/nitro.mjs:1959:19)
      at Server.toNodeHandle (file:///Users/hf-mac/Downloads/tgpro-admin/.output/server/chunks/nitro/nitro.mjs:2230:7) {
    errno: -2,
    code: 'ENOENT',
    syscall: 'open',
    path: '/Users/hf-mac/Downloads/tgpro-admin/.output/public/_nuxt/D974gv07.js'
  },
  statusCode: 500,
  fatal: false,
  unhandled: true,
  statusMessage: undefined,
  data: undefined
}
2025-11-05T02:30:50: [request error] [unhandled] [GET] http://localhost:3000/_nuxt/D32lUId-.js
 H3Error: ENOENT: no such file or directory, open '/Users/hf-mac/Downloads/tgpro-admin/.output/public/_nuxt/D32lUId-.js'
    at open (node:internal/fs/promises:641:25)
    ... 2 lines matching cause stack trace ...
    at Server.toNodeHandle (file:///Users/hf-mac/Downloads/tgpro-admin/.output/server/chunks/nitro/nitro.mjs:2230:7) {
  cause: Error: ENOENT: no such file or directory, open '/Users/hf-mac/Downloads/tgpro-admin/.output/public/_nuxt/D32lUId-.js'
      at open (node:internal/fs/promises:641:25)
      at Object.readFile (node:internal/fs/promises:1245:14)
      at Object.handler (file:///Users/hf-mac/Downloads/tgpro-admin/.output/server/chunks/nitro/nitro.mjs:1959:19)
      at Server.toNodeHandle (file:///Users/hf-mac/Downloads/tgpro-admin/.output/server/chunks/nitro/nitro.mjs:2230:7) {
    errno: -2,
    code: 'ENOENT',
    syscall: 'open',
    path: '/Users/hf-mac/Downloads/tgpro-admin/.output/public/_nuxt/D32lUId-.js'
  },
  statusCode: 500,
  fatal: false,
  unhandled: true,
  statusMessage: undefined,
  data: undefined
}
2025-11-05T02:30:50: [request error] [unhandled] [GET] http://localhost:3000/_nuxt/CetYVyQG.js
 H3Error: ENOENT: no such file or directory, open '/Users/hf-mac/Downloads/tgpro-admin/.output/public/_nuxt/CetYVyQG.js'
    at open (node:internal/fs/promises:641:25)
    ... 2 lines matching cause stack trace ...
    at Server.toNodeHandle (file:///Users/hf-mac/Downloads/tgpro-admin/.output/server/chunks/nitro/nitro.mjs:2230:7) {
  cause: Error: ENOENT: no such file or directory, open '/Users/hf-mac/Downloads/tgpro-admin/.output/public/_nuxt/CetYVyQG.js'
      at open (node:internal/fs/promises:641:25)
      at Object.readFile (node:internal/fs/promises:1245:14)
      at Object.handler (file:///Users/hf-mac/Downloads/tgpro-admin/.output/server/chunks/nitro/nitro.mjs:1959:19)
      at Server.toNodeHandle (file:///Users/hf-mac/Downloads/tgpro-admin/.output/server/chunks/nitro/nitro.mjs:2230:7) {
    errno: -2,
    code: 'ENOENT',
    syscall: 'open',
    path: '/Users/hf-mac/Downloads/tgpro-admin/.output/public/_nuxt/CetYVyQG.js'
  },
  statusCode: 500,
  fatal: false,
  unhandled: true,
  statusMessage: undefined,
  data: undefined
}
2025-11-05T02:30:50: [request error] [unhandled] [GET] http://localhost:3000/_nuxt/Db7eFA1E.js
 H3Error: ENOENT: no such file or directory, open '/Users/hf-mac/Downloads/tgpro-admin/.output/public/_nuxt/Db7eFA1E.js'
    at open (node:internal/fs/promises:641:25)
    ... 2 lines matching cause stack trace ...
    at Server.toNodeHandle (file:///Users/hf-mac/Downloads/tgpro-admin/.output/server/chunks/nitro/nitro.mjs:2230:7) {
  cause: Error: ENOENT: no such file or directory, open '/Users/hf-mac/Downloads/tgpro-admin/.output/public/_nuxt/Db7eFA1E.js'
      at open (node:internal/fs/promises:641:25)
      at Object.readFile (node:internal/fs/promises:1245:14)
      at Object.handler (file:///Users/hf-mac/Downloads/tgpro-admin/.output/server/chunks/nitro/nitro.mjs:1959:19)
      at Server.toNodeHandle (file:///Users/hf-mac/Downloads/tgpro-admin/.output/server/chunks/nitro/nitro.mjs:2230:7) {
    errno: -2,
    code: 'ENOENT',
    syscall: 'open',
    path: '/Users/hf-mac/Downloads/tgpro-admin/.output/public/_nuxt/Db7eFA1E.js'
  },
  statusCode: 500,
  fatal: false,
  unhandled: true,
  statusMessage: undefined,
  data: undefined
}
2025-11-05T02:30:50: [request error] [unhandled] [GET] http://localhost:3000/_nuxt/Bdz-sLfb.js
 H3Error: ENOENT: no such file or directory, open '/Users/hf-mac/Downloads/tgpro-admin/.output/public/_nuxt/Bdz-sLfb.js'
    at open (node:internal/fs/promises:641:25)
    ... 2 lines matching cause stack trace ...
    at Server.toNodeHandle (file:///Users/hf-mac/Downloads/tgpro-admin/.output/server/chunks/nitro/nitro.mjs:2230:7) {
  cause: Error: ENOENT: no such file or directory, open '/Users/hf-mac/Downloads/tgpro-admin/.output/public/_nuxt/Bdz-sLfb.js'
      at open (node:internal/fs/promises:641:25)
      at Object.readFile (node:internal/fs/promises:1245:14)
      at Object.handler (file:///Users/hf-mac/Downloads/tgpro-admin/.output/server/chunks/nitro/nitro.mjs:1959:19)
      at Server.toNodeHandle (file:///Users/hf-mac/Downloads/tgpro-admin/.output/server/chunks/nitro/nitro.mjs:2230:7) {
    errno: -2,
    code: 'ENOENT',
    syscall: 'open',
    path: '/Users/hf-mac/Downloads/tgpro-admin/.output/public/_nuxt/Bdz-sLfb.js'
  },
  statusCode: 500,
  fatal: false,
  unhandled: true,
  statusMessage: undefined,
  data: undefined
}
2025-11-05T02:30:50: [request error] [unhandled] [GET] http://localhost:3000/_nuxt/DAr-OQmd.js
 H3Error: ENOENT: no such file or directory, open '/Users/hf-mac/Downloads/tgpro-admin/.output/public/_nuxt/DAr-OQmd.js'
    at open (node:internal/fs/promises:641:25)
    ... 2 lines matching cause stack trace ...
    at Server.toNodeHandle (file:///Users/hf-mac/Downloads/tgpro-admin/.output/server/chunks/nitro/nitro.mjs:2230:7) {
  cause: Error: ENOENT: no such file or directory, open '/Users/hf-mac/Downloads/tgpro-admin/.output/public/_nuxt/DAr-OQmd.js'
      at open (node:internal/fs/promises:641:25)
      at Object.readFile (node:internal/fs/promises:1245:14)
      at Object.handler (file:///Users/hf-mac/Downloads/tgpro-admin/.output/server/chunks/nitro/nitro.mjs:1959:19)
      at Server.toNodeHandle (file:///Users/hf-mac/Downloads/tgpro-admin/.output/server/chunks/nitro/nitro.mjs:2230:7) {
    errno: -2,
    code: 'ENOENT',
    syscall: 'open',
    path: '/Users/hf-mac/Downloads/tgpro-admin/.output/public/_nuxt/DAr-OQmd.js'
  },
  statusCode: 500,
  fatal: false,
  unhandled: true,
  statusMessage: undefined,
  data: undefined
}
2025-11-05T02:30:50: [request error] [unhandled] [GET] http://localhost:3000/_nuxt/DcHNM1Xn.js
 H3Error: ENOENT: no such file or directory, open '/Users/hf-mac/Downloads/tgpro-admin/.output/public/_nuxt/DcHNM1Xn.js'
    at open (node:internal/fs/promises:641:25)
    ... 2 lines matching cause stack trace ...
    at Server.toNodeHandle (file:///Users/hf-mac/Downloads/tgpro-admin/.output/server/chunks/nitro/nitro.mjs:2230:7) {
  cause: Error: ENOENT: no such file or directory, open '/Users/hf-mac/Downloads/tgpro-admin/.output/public/_nuxt/DcHNM1Xn.js'
      at open (node:internal/fs/promises:641:25)
      at Object.readFile (node:internal/fs/promises:1245:14)
      at Object.handler (file:///Users/hf-mac/Downloads/tgpro-admin/.output/server/chunks/nitro/nitro.mjs:1959:19)
      at Server.toNodeHandle (file:///Users/hf-mac/Downloads/tgpro-admin/.output/server/chunks/nitro/nitro.mjs:2230:7) {
    errno: -2,
    code: 'ENOENT',
    syscall: 'open',
    path: '/Users/hf-mac/Downloads/tgpro-admin/.output/public/_nuxt/DcHNM1Xn.js'
  },
  statusCode: 500,
  fatal: false,
  unhandled: true,
  statusMessage: undefined,
  data: undefined
}
2025-11-05T02:30:50: [request error] [unhandled] [GET] http://localhost:3000/_nuxt/builds/meta/db489c3b-20ab-405c-96a2-98b632ec7da6.json
 H3Error: ENOENT: no such file or directory, open '/Users/hf-mac/Downloads/tgpro-admin/.output/public/_nuxt/builds/meta/db489c3b-20ab-405c-96a2-98b632ec7da6.json'
    at open (node:internal/fs/promises:641:25)
    ... 2 lines matching cause stack trace ...
    at Server.toNodeHandle (file:///Users/hf-mac/Downloads/tgpro-admin/.output/server/chunks/nitro/nitro.mjs:2230:7) {
  cause: Error: ENOENT: no such file or directory, open '/Users/hf-mac/Downloads/tgpro-admin/.output/public/_nuxt/builds/meta/db489c3b-20ab-405c-96a2-98b632ec7da6.json'
      at open (node:internal/fs/promises:641:25)
      at Object.readFile (node:internal/fs/promises:1245:14)
      at Object.handler (file:///Users/hf-mac/Downloads/tgpro-admin/.output/server/chunks/nitro/nitro.mjs:1959:19)
      at Server.toNodeHandle (file:///Users/hf-mac/Downloads/tgpro-admin/.output/server/chunks/nitro/nitro.mjs:2230:7) {
    errno: -2,
    code: 'ENOENT',
    syscall: 'open',
    path: '/Users/hf-mac/Downloads/tgpro-admin/.output/public/_nuxt/builds/meta/db489c3b-20ab-405c-96a2-98b632ec7da6.json'
  },
  statusCode: 500,
  fatal: false,
  unhandled: true,
  statusMessage: undefined,
  data: undefined
}
2025-11-05T02:30:50: [request error] [unhandled] [GET] http://localhost:3000/_nuxt/DbAgXtul.js
 H3Error: ENOENT: no such file or directory, open '/Users/hf-mac/Downloads/tgpro-admin/.output/public/_nuxt/DbAgXtul.js'
    at open (node:internal/fs/promises:641:25)
    ... 2 lines matching cause stack trace ...
    at Server.toNodeHandle (file:///Users/hf-mac/Downloads/tgpro-admin/.output/server/chunks/nitro/nitro.mjs:2230:7) {
  cause: Error: ENOENT: no such file or directory, open '/Users/hf-mac/Downloads/tgpro-admin/.output/public/_nuxt/DbAgXtul.js'
      at open (node:internal/fs/promises:641:25)
      at Object.readFile (node:internal/fs/promises:1245:14)
      at Object.handler (file:///Users/hf-mac/Downloads/tgpro-admin/.output/server/chunks/nitro/nitro.mjs:1959:19)
      at Server.toNodeHandle (file:///Users/hf-mac/Downloads/tgpro-admin/.output/server/chunks/nitro/nitro.mjs:2230:7) {
    errno: -2,
    code: 'ENOENT',
    syscall: 'open',
    path: '/Users/hf-mac/Downloads/tgpro-admin/.output/public/_nuxt/DbAgXtul.js'
  },
  statusCode: 500,
  fatal: false,
  unhandled: true,
  statusMessage: undefined,
  data: undefined
}
2025-11-05T02:30:50: [request error] [unhandled] [GET] http://localhost:3000/_nuxt/D_B5nL8y.js
 H3Error: ENOENT: no such file or directory, open '/Users/hf-mac/Downloads/tgpro-admin/.output/public/_nuxt/D_B5nL8y.js'
    at open (node:internal/fs/promises:641:25)
    ... 2 lines matching cause stack trace ...
    at Server.toNodeHandle (file:///Users/hf-mac/Downloads/tgpro-admin/.output/server/chunks/nitro/nitro.mjs:2230:7) {
  cause: Error: ENOENT: no such file or directory, open '/Users/hf-mac/Downloads/tgpro-admin/.output/public/_nuxt/D_B5nL8y.js'
      at open (node:internal/fs/promises:641:25)
      at Object.readFile (node:internal/fs/promises:1245:14)
      at Object.handler (file:///Users/hf-mac/Downloads/tgpro-admin/.output/server/chunks/nitro/nitro.mjs:1959:19)
      at Server.toNodeHandle (file:///Users/hf-mac/Downloads/tgpro-admin/.output/server/chunks/nitro/nitro.mjs:2230:7) {
    errno: -2,
    code: 'ENOENT',
    syscall: 'open',
    path: '/Users/hf-mac/Downloads/tgpro-admin/.output/public/_nuxt/D_B5nL8y.js'
  },
  statusCode: 500,
  fatal: false,
  unhandled: true,
  statusMessage: undefined,
  data: undefined
}
2025-11-05T02:30:50: [request error] [unhandled] [GET] http://localhost:3000/_nuxt/Bl84yrz9.js
 H3Error: ENOENT: no such file or directory, open '/Users/hf-mac/Downloads/tgpro-admin/.output/public/_nuxt/Bl84yrz9.js'
    at open (node:internal/fs/promises:641:25)
    ... 2 lines matching cause stack trace ...
    at Server.toNodeHandle (file:///Users/hf-mac/Downloads/tgpro-admin/.output/server/chunks/nitro/nitro.mjs:2230:7) {
  cause: Error: ENOENT: no such file or directory, open '/Users/hf-mac/Downloads/tgpro-admin/.output/public/_nuxt/Bl84yrz9.js'
      at open (node:internal/fs/promises:641:25)
      at Object.readFile (node:internal/fs/promises:1245:14)
      at Object.handler (file:///Users/hf-mac/Downloads/tgpro-admin/.output/server/chunks/nitro/nitro.mjs:1959:19)
      at Server.toNodeHandle (file:///Users/hf-mac/Downloads/tgpro-admin/.output/server/chunks/nitro/nitro.mjs:2230:7) {
    errno: -2,
    code: 'ENOENT',
    syscall: 'open',
    path: '/Users/hf-mac/Downloads/tgpro-admin/.output/public/_nuxt/Bl84yrz9.js'
  },
  statusCode: 500,
  fatal: false,
  unhandled: true,
  statusMessage: undefined,
  data: undefined
}
2025-11-05T02:30:50: [request error] [unhandled] [GET] http://localhost:3000/_nuxt/DpNIWReE.js
 H3Error: ENOENT: no such file or directory, open '/Users/hf-mac/Downloads/tgpro-admin/.output/public/_nuxt/DpNIWReE.js'
    at open (node:internal/fs/promises:641:25)
    ... 2 lines matching cause stack trace ...
    at Server.toNodeHandle (file:///Users/hf-mac/Downloads/tgpro-admin/.output/server/chunks/nitro/nitro.mjs:2230:7) {
  cause: Error: ENOENT: no such file or directory, open '/Users/hf-mac/Downloads/tgpro-admin/.output/public/_nuxt/DpNIWReE.js'
      at open (node:internal/fs/promises:641:25)
      at Object.readFile (node:internal/fs/promises:1245:14)
      at Object.handler (file:///Users/hf-mac/Downloads/tgpro-admin/.output/server/chunks/nitro/nitro.mjs:1959:19)
      at Server.toNodeHandle (file:///Users/hf-mac/Downloads/tgpro-admin/.output/server/chunks/nitro/nitro.mjs:2230:7) {
    errno: -2,
    code: 'ENOENT',
    syscall: 'open',
    path: '/Users/hf-mac/Downloads/tgpro-admin/.output/public/_nuxt/DpNIWReE.js'
  },
  statusCode: 500,
  fatal: false,
  unhandled: true,
  statusMessage: undefined,
  data: undefined
}
2025-11-05T02:30:50: [request error] [unhandled] [GET] http://localhost:3000/_nuxt/D974gv07.js
 H3Error: ENOENT: no such file or directory, open '/Users/hf-mac/Downloads/tgpro-admin/.output/public/_nuxt/D974gv07.js'
    at open (node:internal/fs/promises:641:25)
    ... 2 lines matching cause stack trace ...
    at Server.toNodeHandle (file:///Users/hf-mac/Downloads/tgpro-admin/.output/server/chunks/nitro/nitro.mjs:2230:7) {
  cause: Error: ENOENT: no such file or directory, open '/Users/hf-mac/Downloads/tgpro-admin/.output/public/_nuxt/D974gv07.js'
      at open (node:internal/fs/promises:641:25)
      at Object.readFile (node:internal/fs/promises:1245:14)
      at Object.handler (file:///Users/hf-mac/Downloads/tgpro-admin/.output/server/chunks/nitro/nitro.mjs:1959:19)
      at Server.toNodeHandle (file:///Users/hf-mac/Downloads/tgpro-admin/.output/server/chunks/nitro/nitro.mjs:2230:7) {
    errno: -2,
    code: 'ENOENT',
    syscall: 'open',
    path: '/Users/hf-mac/Downloads/tgpro-admin/.output/public/_nuxt/D974gv07.js'
  },
  statusCode: 500,
  fatal: false,
  unhandled: true,
  statusMessage: undefined,
  data: undefined
}
2025-11-05T02:30:50: [request error] [unhandled] [GET] http://localhost:3000/_nuxt/D32lUId-.js
 H3Error: ENOENT: no such file or directory, open '/Users/hf-mac/Downloads/tgpro-admin/.output/public/_nuxt/D32lUId-.js'
    at open (node:internal/fs/promises:641:25)
    ... 2 lines matching cause stack trace ...
    at Server.toNodeHandle (file:///Users/hf-mac/Downloads/tgpro-admin/.output/server/chunks/nitro/nitro.mjs:2230:7) {
  cause: Error: ENOENT: no such file or directory, open '/Users/hf-mac/Downloads/tgpro-admin/.output/public/_nuxt/D32lUId-.js'
      at open (node:internal/fs/promises:641:25)
      at Object.readFile (node:internal/fs/promises:1245:14)
      at Object.handler (file:///Users/hf-mac/Downloads/tgpro-admin/.output/server/chunks/nitro/nitro.mjs:1959:19)
      at Server.toNodeHandle (file:///Users/hf-mac/Downloads/tgpro-admin/.output/server/chunks/nitro/nitro.mjs:2230:7) {
    errno: -2,
    code: 'ENOENT',
    syscall: 'open',
    path: '/Users/hf-mac/Downloads/tgpro-admin/.output/public/_nuxt/D32lUId-.js'
  },
  statusCode: 500,
  fatal: false,
  unhandled: true,
  statusMessage: undefined,
  data: undefined
}
2025-11-05T02:30:50: [request error] [unhandled] [GET] http://localhost:3000/_nuxt/CetYVyQG.js
 H3Error: ENOENT: no such file or directory, open '/Users/hf-mac/Downloads/tgpro-admin/.output/public/_nuxt/CetYVyQG.js'
    at open (node:internal/fs/promises:641:25)
    ... 2 lines matching cause stack trace ...
    at Server.toNodeHandle (file:///Users/hf-mac/Downloads/tgpro-admin/.output/server/chunks/nitro/nitro.mjs:2230:7) {
  cause: Error: ENOENT: no such file or directory, open '/Users/hf-mac/Downloads/tgpro-admin/.output/public/_nuxt/CetYVyQG.js'
      at open (node:internal/fs/promises:641:25)
      at Object.readFile (node:internal/fs/promises:1245:14)
      at Object.handler (file:///Users/hf-mac/Downloads/tgpro-admin/.output/server/chunks/nitro/nitro.mjs:1959:19)
      at Server.toNodeHandle (file:///Users/hf-mac/Downloads/tgpro-admin/.output/server/chunks/nitro/nitro.mjs:2230:7) {
    errno: -2,
    code: 'ENOENT',
    syscall: 'open',
    path: '/Users/hf-mac/Downloads/tgpro-admin/.output/public/_nuxt/CetYVyQG.js'
  },
  statusCode: 500,
  fatal: false,
  unhandled: true,
  statusMessage: undefined,
  data: undefined
}
2025-11-05T02:30:50: [request error] [unhandled] [GET] http://localhost:3000/_nuxt/Db7eFA1E.js
 H3Error: ENOENT: no such file or directory, open '/Users/hf-mac/Downloads/tgpro-admin/.output/public/_nuxt/Db7eFA1E.js'
    at open (node:internal/fs/promises:641:25)
    ... 2 lines matching cause stack trace ...
    at Server.toNodeHandle (file:///Users/hf-mac/Downloads/tgpro-admin/.output/server/chunks/nitro/nitro.mjs:2230:7) {
  cause: Error: ENOENT: no such file or directory, open '/Users/hf-mac/Downloads/tgpro-admin/.output/public/_nuxt/Db7eFA1E.js'
      at open (node:internal/fs/promises:641:25)
      at Object.readFile (node:internal/fs/promises:1245:14)
      at Object.handler (file:///Users/hf-mac/Downloads/tgpro-admin/.output/server/chunks/nitro/nitro.mjs:1959:19)
      at Server.toNodeHandle (file:///Users/hf-mac/Downloads/tgpro-admin/.output/server/chunks/nitro/nitro.mjs:2230:7) {
    errno: -2,
    code: 'ENOENT',
    syscall: 'open',
    path: '/Users/hf-mac/Downloads/tgpro-admin/.output/public/_nuxt/Db7eFA1E.js'
  },
  statusCode: 500,
  fatal: false,
  unhandled: true,
  statusMessage: undefined,
  data: undefined
}
2025-11-05T02:30:50: [request error] [unhandled] [GET] http://localhost:3000/_nuxt/Bdz-sLfb.js
 H3Error: ENOENT: no such file or directory, open '/Users/hf-mac/Downloads/tgpro-admin/.output/public/_nuxt/Bdz-sLfb.js'
    at open (node:internal/fs/promises:641:25)
    ... 2 lines matching cause stack trace ...
    at Server.toNodeHandle (file:///Users/hf-mac/Downloads/tgpro-admin/.output/server/chunks/nitro/nitro.mjs:2230:7) {
  cause: Error: ENOENT: no such file or directory, open '/Users/hf-mac/Downloads/tgpro-admin/.output/public/_nuxt/Bdz-sLfb.js'
      at open (node:internal/fs/promises:641:25)
      at Object.readFile (node:internal/fs/promises:1245:14)
      at Object.handler (file:///Users/hf-mac/Downloads/tgpro-admin/.output/server/chunks/nitro/nitro.mjs:1959:19)
      at Server.toNodeHandle (file:///Users/hf-mac/Downloads/tgpro-admin/.output/server/chunks/nitro/nitro.mjs:2230:7) {
    errno: -2,
    code: 'ENOENT',
    syscall: 'open',
    path: '/Users/hf-mac/Downloads/tgpro-admin/.output/public/_nuxt/Bdz-sLfb.js'
  },
  statusCode: 500,
  fatal: false,
  unhandled: true,
  statusMessage: undefined,
  data: undefined
}
2025-11-05T02:30:50: [request error] [unhandled] [GET] http://localhost:3000/_nuxt/DAr-OQmd.js
 H3Error: ENOENT: no such file or directory, open '/Users/hf-mac/Downloads/tgpro-admin/.output/public/_nuxt/DAr-OQmd.js'
    at open (node:internal/fs/promises:641:25)
    ... 2 lines matching cause stack trace ...
    at Server.toNodeHandle (file:///Users/hf-mac/Downloads/tgpro-admin/.output/server/chunks/nitro/nitro.mjs:2230:7) {
  cause: Error: ENOENT: no such file or directory, open '/Users/hf-mac/Downloads/tgpro-admin/.output/public/_nuxt/DAr-OQmd.js'
      at open (node:internal/fs/promises:641:25)
      at Object.readFile (node:internal/fs/promises:1245:14)
      at Object.handler (file:///Users/hf-mac/Downloads/tgpro-admin/.output/server/chunks/nitro/nitro.mjs:1959:19)
      at Server.toNodeHandle (file:///Users/hf-mac/Downloads/tgpro-admin/.output/server/chunks/nitro/nitro.mjs:2230:7) {
    errno: -2,
    code: 'ENOENT',
    syscall: 'open',
    path: '/Users/hf-mac/Downloads/tgpro-admin/.output/public/_nuxt/DAr-OQmd.js'
  },
  statusCode: 500,
  fatal: false,
  unhandled: true,
  statusMessage: undefined,
  data: undefined
}
2025-11-05T02:30:50: [request error] [unhandled] [GET] http://localhost:3000/_nuxt/BTgB1rvp.js
 H3Error: ENOENT: no such file or directory, open '/Users/hf-mac/Downloads/tgpro-admin/.output/public/_nuxt/BTgB1rvp.js'
    at open (node:internal/fs/promises:641:25)
    ... 2 lines matching cause stack trace ...
    at Server.toNodeHandle (file:///Users/hf-mac/Downloads/tgpro-admin/.output/server/chunks/nitro/nitro.mjs:2230:7) {
  cause: Error: ENOENT: no such file or directory, open '/Users/hf-mac/Downloads/tgpro-admin/.output/public/_nuxt/BTgB1rvp.js'
      at open (node:internal/fs/promises:641:25)
      at Object.readFile (node:internal/fs/promises:1245:14)
      at Object.handler (file:///Users/hf-mac/Downloads/tgpro-admin/.output/server/chunks/nitro/nitro.mjs:1959:19)
      at Server.toNodeHandle (file:///Users/hf-mac/Downloads/tgpro-admin/.output/server/chunks/nitro/nitro.mjs:2230:7) {
    errno: -2,
    code: 'ENOENT',
    syscall: 'open',
    path: '/Users/hf-mac/Downloads/tgpro-admin/.output/public/_nuxt/BTgB1rvp.js'
  },
  statusCode: 500,
  fatal: false,
  unhandled: true,
  statusMessage: undefined,
  data: undefined
}
2025-11-05T02:30:50: [request error] [unhandled] [GET] http://localhost:3000/_nuxt/CXT04lNs.js
 H3Error: ENOENT: no such file or directory, open '/Users/hf-mac/Downloads/tgpro-admin/.output/public/_nuxt/CXT04lNs.js'
    at open (node:internal/fs/promises:641:25)
    ... 2 lines matching cause stack trace ...
    at Server.toNodeHandle (file:///Users/hf-mac/Downloads/tgpro-admin/.output/server/chunks/nitro/nitro.mjs:2230:7) {
  cause: Error: ENOENT: no such file or directory, open '/Users/hf-mac/Downloads/tgpro-admin/.output/public/_nuxt/CXT04lNs.js'
      at open (node:internal/fs/promises:641:25)
      at Object.readFile (node:internal/fs/promises:1245:14)
      at Object.handler (file:///Users/hf-mac/Downloads/tgpro-admin/.output/server/chunks/nitro/nitro.mjs:1959:19)
      at Server.toNodeHandle (file:///Users/hf-mac/Downloads/tgpro-admin/.output/server/chunks/nitro/nitro.mjs:2230:7) {
    errno: -2,
    code: 'ENOENT',
    syscall: 'open',
    path: '/Users/hf-mac/Downloads/tgpro-admin/.output/public/_nuxt/CXT04lNs.js'
  },
  statusCode: 500,
  fatal: false,
  unhandled: true,
  statusMessage: undefined,
  data: undefined
}
2025-11-05T02:30:50: [request error] [unhandled] [GET] http://localhost:3000/_nuxt/DcHNM1Xn.js
 H3Error: ENOENT: no such file or directory, open '/Users/hf-mac/Downloads/tgpro-admin/.output/public/_nuxt/DcHNM1Xn.js'
    at open (node:internal/fs/promises:641:25)
    ... 2 lines matching cause stack trace ...
    at Server.toNodeHandle (file:///Users/hf-mac/Downloads/tgpro-admin/.output/server/chunks/nitro/nitro.mjs:2230:7) {
  cause: Error: ENOENT: no such file or directory, open '/Users/hf-mac/Downloads/tgpro-admin/.output/public/_nuxt/DcHNM1Xn.js'
      at open (node:internal/fs/promises:641:25)
      at Object.readFile (node:internal/fs/promises:1245:14)
      at Object.handler (file:///Users/hf-mac/Downloads/tgpro-admin/.output/server/chunks/nitro/nitro.mjs:1959:19)
      at Server.toNodeHandle (file:///Users/hf-mac/Downloads/tgpro-admin/.output/server/chunks/nitro/nitro.mjs:2230:7) {
    errno: -2,
    code: 'ENOENT',
    syscall: 'open',
    path: '/Users/hf-mac/Downloads/tgpro-admin/.output/public/_nuxt/DcHNM1Xn.js'
  },
  statusCode: 500,
  fatal: false,
  unhandled: true,
  statusMessage: undefined,
  data: undefined
}
2025-11-05T02:30:50: [request error] [unhandled] [GET] http://localhost:3000/_nuxt/C4xQaJXR.js
 H3Error: ENOENT: no such file or directory, open '/Users/hf-mac/Downloads/tgpro-admin/.output/public/_nuxt/C4xQaJXR.js'
    at open (node:internal/fs/promises:641:25)
    ... 2 lines matching cause stack trace ...
    at Server.toNodeHandle (file:///Users/hf-mac/Downloads/tgpro-admin/.output/server/chunks/nitro/nitro.mjs:2230:7) {
  cause: Error: ENOENT: no such file or directory, open '/Users/hf-mac/Downloads/tgpro-admin/.output/public/_nuxt/C4xQaJXR.js'
      at open (node:internal/fs/promises:641:25)
      at Object.readFile (node:internal/fs/promises:1245:14)
      at Object.handler (file:///Users/hf-mac/Downloads/tgpro-admin/.output/server/chunks/nitro/nitro.mjs:1959:19)
      at Server.toNodeHandle (file:///Users/hf-mac/Downloads/tgpro-admin/.output/server/chunks/nitro/nitro.mjs:2230:7) {
    errno: -2,
    code: 'ENOENT',
    syscall: 'open',
    path: '/Users/hf-mac/Downloads/tgpro-admin/.output/public/_nuxt/C4xQaJXR.js'
  },
  statusCode: 500,
  fatal: false,
  unhandled: true,
  statusMessage: undefined,
  data: undefined
}
2025-11-05T02:30:50: [request error] [unhandled] [GET] http://localhost:3000/_nuxt/DbAgXtul.js
 H3Error: ENOENT: no such file or directory, open '/Users/hf-mac/Downloads/tgpro-admin/.output/public/_nuxt/DbAgXtul.js'
    at open (node:internal/fs/promises:641:25)
    ... 2 lines matching cause stack trace ...
    at Server.toNodeHandle (file:///Users/hf-mac/Downloads/tgpro-admin/.output/server/chunks/nitro/nitro.mjs:2230:7) {
  cause: Error: ENOENT: no such file or directory, open '/Users/hf-mac/Downloads/tgpro-admin/.output/public/_nuxt/DbAgXtul.js'
      at open (node:internal/fs/promises:641:25)
      at Object.readFile (node:internal/fs/promises:1245:14)
      at Object.handler (file:///Users/hf-mac/Downloads/tgpro-admin/.output/server/chunks/nitro/nitro.mjs:1959:19)
      at Server.toNodeHandle (file:///Users/hf-mac/Downloads/tgpro-admin/.output/server/chunks/nitro/nitro.mjs:2230:7) {
    errno: -2,
    code: 'ENOENT',
    syscall: 'open',
    path: '/Users/hf-mac/Downloads/tgpro-admin/.output/public/_nuxt/DbAgXtul.js'
  },
  statusCode: 500,
  fatal: false,
  unhandled: true,
  statusMessage: undefined,
  data: undefined
}
2025-11-05T02:30:50: [request error] [unhandled] [GET] http://localhost:3000/_nuxt/Bl84yrz9.js
 H3Error: ENOENT: no such file or directory, open '/Users/hf-mac/Downloads/tgpro-admin/.output/public/_nuxt/Bl84yrz9.js'
    at open (node:internal/fs/promises:641:25)
    ... 2 lines matching cause stack trace ...
    at Server.toNodeHandle (file:///Users/hf-mac/Downloads/tgpro-admin/.output/server/chunks/nitro/nitro.mjs:2230:7) {
  cause: Error: ENOENT: no such file or directory, open '/Users/hf-mac/Downloads/tgpro-admin/.output/public/_nuxt/Bl84yrz9.js'
      at open (node:internal/fs/promises:641:25)
      at Object.readFile (node:internal/fs/promises:1245:14)
      at Object.handler (file:///Users/hf-mac/Downloads/tgpro-admin/.output/server/chunks/nitro/nitro.mjs:1959:19)
      at Server.toNodeHandle (file:///Users/hf-mac/Downloads/tgpro-admin/.output/server/chunks/nitro/nitro.mjs:2230:7) {
    errno: -2,
    code: 'ENOENT',
    syscall: 'open',
    path: '/Users/hf-mac/Downloads/tgpro-admin/.output/public/_nuxt/Bl84yrz9.js'
  },
  statusCode: 500,
  fatal: false,
  unhandled: true,
  statusMessage: undefined,
  data: undefined
}
2025-11-05T02:30:50: [request error] [unhandled] [GET] http://localhost:3000/_nuxt/D_B5nL8y.js
 H3Error: ENOENT: no such file or directory, open '/Users/hf-mac/Downloads/tgpro-admin/.output/public/_nuxt/D_B5nL8y.js'
    at open (node:internal/fs/promises:641:25)
    ... 2 lines matching cause stack trace ...
    at Server.toNodeHandle (file:///Users/hf-mac/Downloads/tgpro-admin/.output/server/chunks/nitro/nitro.mjs:2230:7) {
  cause: Error: ENOENT: no such file or directory, open '/Users/hf-mac/Downloads/tgpro-admin/.output/public/_nuxt/D_B5nL8y.js'
      at open (node:internal/fs/promises:641:25)
      at Object.readFile (node:internal/fs/promises:1245:14)
      at Object.handler (file:///Users/hf-mac/Downloads/tgpro-admin/.output/server/chunks/nitro/nitro.mjs:1959:19)
      at Server.toNodeHandle (file:///Users/hf-mac/Downloads/tgpro-admin/.output/server/chunks/nitro/nitro.mjs:2230:7) {
    errno: -2,
    code: 'ENOENT',
    syscall: 'open',
    path: '/Users/hf-mac/Downloads/tgpro-admin/.output/public/_nuxt/D_B5nL8y.js'
  },
  statusCode: 500,
  fatal: false,
  unhandled: true,
  statusMessage: undefined,
  data: undefined
}
2025-11-05T02:30:50: [request error] [unhandled] [GET] http://localhost:3000/_nuxt/DpNIWReE.js
 H3Error: ENOENT: no such file or directory, open '/Users/hf-mac/Downloads/tgpro-admin/.output/public/_nuxt/DpNIWReE.js'
    at open (node:internal/fs/promises:641:25)
    ... 2 lines matching cause stack trace ...
    at Server.toNodeHandle (file:///Users/hf-mac/Downloads/tgpro-admin/.output/server/chunks/nitro/nitro.mjs:2230:7) {
  cause: Error: ENOENT: no such file or directory, open '/Users/hf-mac/Downloads/tgpro-admin/.output/public/_nuxt/DpNIWReE.js'
      at open (node:internal/fs/promises:641:25)
      at Object.readFile (node:internal/fs/promises:1245:14)
      at Object.handler (file:///Users/hf-mac/Downloads/tgpro-admin/.output/server/chunks/nitro/nitro.mjs:1959:19)
      at Server.toNodeHandle (file:///Users/hf-mac/Downloads/tgpro-admin/.output/server/chunks/nitro/nitro.mjs:2230:7) {
    errno: -2,
    code: 'ENOENT',
    syscall: 'open',
    path: '/Users/hf-mac/Downloads/tgpro-admin/.output/public/_nuxt/DpNIWReE.js'
  },
  statusCode: 500,
  fatal: false,
  unhandled: true,
  statusMessage: undefined,
  data: undefined
}
2025-11-05T02:30:50: [request error] [unhandled] [GET] http://localhost:3000/_nuxt/D974gv07.js
 H3Error: ENOENT: no such file or directory, open '/Users/hf-mac/Downloads/tgpro-admin/.output/public/_nuxt/D974gv07.js'
    at open (node:internal/fs/promises:641:25)
    ... 2 lines matching cause stack trace ...
    at Server.toNodeHandle (file:///Users/hf-mac/Downloads/tgpro-admin/.output/server/chunks/nitro/nitro.mjs:2230:7) {
  cause: Error: ENOENT: no such file or directory, open '/Users/hf-mac/Downloads/tgpro-admin/.output/public/_nuxt/D974gv07.js'
      at open (node:internal/fs/promises:641:25)
      at Object.readFile (node:internal/fs/promises:1245:14)
      at Object.handler (file:///Users/hf-mac/Downloads/tgpro-admin/.output/server/chunks/nitro/nitro.mjs:1959:19)
      at Server.toNodeHandle (file:///Users/hf-mac/Downloads/tgpro-admin/.output/server/chunks/nitro/nitro.mjs:2230:7) {
    errno: -2,
    code: 'ENOENT',
    syscall: 'open',
    path: '/Users/hf-mac/Downloads/tgpro-admin/.output/public/_nuxt/D974gv07.js'
  },
  statusCode: 500,
  fatal: false,
  unhandled: true,
  statusMessage: undefined,
  data: undefined
}
2025-11-05T02:30:51: [request error] [unhandled] [GET] http://localhost:3000/_nuxt/D32lUId-.js
 H3Error: ENOENT: no such file or directory, open '/Users/hf-mac/Downloads/tgpro-admin/.output/public/_nuxt/D32lUId-.js'
    at open (node:internal/fs/promises:641:25)
    ... 2 lines matching cause stack trace ...
    at Server.toNodeHandle (file:///Users/hf-mac/Downloads/tgpro-admin/.output/server/chunks/nitro/nitro.mjs:2230:7) {
  cause: Error: ENOENT: no such file or directory, open '/Users/hf-mac/Downloads/tgpro-admin/.output/public/_nuxt/D32lUId-.js'
      at open (node:internal/fs/promises:641:25)
      at Object.readFile (node:internal/fs/promises:1245:14)
      at Object.handler (file:///Users/hf-mac/Downloads/tgpro-admin/.output/server/chunks/nitro/nitro.mjs:1959:19)
      at Server.toNodeHandle (file:///Users/hf-mac/Downloads/tgpro-admin/.output/server/chunks/nitro/nitro.mjs:2230:7) {
    errno: -2,
    code: 'ENOENT',
    syscall: 'open',
    path: '/Users/hf-mac/Downloads/tgpro-admin/.output/public/_nuxt/D32lUId-.js'
  },
  statusCode: 500,
  fatal: false,
  unhandled: true,
  statusMessage: undefined,
  data: undefined
}
2025-11-05T02:30:51: [request error] [unhandled] [GET] http://localhost:3000/_nuxt/CetYVyQG.js
 H3Error: ENOENT: no such file or directory, open '/Users/hf-mac/Downloads/tgpro-admin/.output/public/_nuxt/CetYVyQG.js'
    at open (node:internal/fs/promises:641:25)
    ... 2 lines matching cause stack trace ...
    at Server.toNodeHandle (file:///Users/hf-mac/Downloads/tgpro-admin/.output/server/chunks/nitro/nitro.mjs:2230:7) {
  cause: Error: ENOENT: no such file or directory, open '/Users/hf-mac/Downloads/tgpro-admin/.output/public/_nuxt/CetYVyQG.js'
      at open (node:internal/fs/promises:641:25)
      at Object.readFile (node:internal/fs/promises:1245:14)
      at Object.handler (file:///Users/hf-mac/Downloads/tgpro-admin/.output/server/chunks/nitro/nitro.mjs:1959:19)
      at Server.toNodeHandle (file:///Users/hf-mac/Downloads/tgpro-admin/.output/server/chunks/nitro/nitro.mjs:2230:7) {
    errno: -2,
    code: 'ENOENT',
    syscall: 'open',
    path: '/Users/hf-mac/Downloads/tgpro-admin/.output/public/_nuxt/CetYVyQG.js'
  },
  statusCode: 500,
  fatal: false,
  unhandled: true,
  statusMessage: undefined,
  data: undefined
}
2025-11-05T02:30:51: [request error] [unhandled] [GET] http://localhost:3000/_nuxt/Db7eFA1E.js
 H3Error: ENOENT: no such file or directory, open '/Users/hf-mac/Downloads/tgpro-admin/.output/public/_nuxt/Db7eFA1E.js'
    at open (node:internal/fs/promises:641:25)
    ... 2 lines matching cause stack trace ...
    at Server.toNodeHandle (file:///Users/hf-mac/Downloads/tgpro-admin/.output/server/chunks/nitro/nitro.mjs:2230:7) {
  cause: Error: ENOENT: no such file or directory, open '/Users/hf-mac/Downloads/tgpro-admin/.output/public/_nuxt/Db7eFA1E.js'
      at open (node:internal/fs/promises:641:25)
      at Object.readFile (node:internal/fs/promises:1245:14)
      at Object.handler (file:///Users/hf-mac/Downloads/tgpro-admin/.output/server/chunks/nitro/nitro.mjs:1959:19)
      at Server.toNodeHandle (file:///Users/hf-mac/Downloads/tgpro-admin/.output/server/chunks/nitro/nitro.mjs:2230:7) {
    errno: -2,
    code: 'ENOENT',
    syscall: 'open',
    path: '/Users/hf-mac/Downloads/tgpro-admin/.output/public/_nuxt/Db7eFA1E.js'
  },
  statusCode: 500,
  fatal: false,
  unhandled: true,
  statusMessage: undefined,
  data: undefined
}
2025-11-05T02:30:51: [request error] [unhandled] [GET] http://localhost:3000/_nuxt/DAr-OQmd.js
 H3Error: ENOENT: no such file or directory, open '/Users/hf-mac/Downloads/tgpro-admin/.output/public/_nuxt/DAr-OQmd.js'
    at open (node:internal/fs/promises:641:25)
    ... 2 lines matching cause stack trace ...
    at Server.toNodeHandle (file:///Users/hf-mac/Downloads/tgpro-admin/.output/server/chunks/nitro/nitro.mjs:2230:7) {
  cause: Error: ENOENT: no such file or directory, open '/Users/hf-mac/Downloads/tgpro-admin/.output/public/_nuxt/DAr-OQmd.js'
      at open (node:internal/fs/promises:641:25)
      at Object.readFile (node:internal/fs/promises:1245:14)
      at Object.handler (file:///Users/hf-mac/Downloads/tgpro-admin/.output/server/chunks/nitro/nitro.mjs:1959:19)
      at Server.toNodeHandle (file:///Users/hf-mac/Downloads/tgpro-admin/.output/server/chunks/nitro/nitro.mjs:2230:7) {
    errno: -2,
    code: 'ENOENT',
    syscall: 'open',
    path: '/Users/hf-mac/Downloads/tgpro-admin/.output/public/_nuxt/DAr-OQmd.js'
  },
  statusCode: 500,
  fatal: false,
  unhandled: true,
  statusMessage: undefined,
  data: undefined
}
2025-11-05T02:30:51: [request error] [unhandled] [GET] http://localhost:3000/_nuxt/Bdz-sLfb.js
 H3Error: ENOENT: no such file or directory, open '/Users/hf-mac/Downloads/tgpro-admin/.output/public/_nuxt/Bdz-sLfb.js'
    at open (node:internal/fs/promises:641:25)
    ... 2 lines matching cause stack trace ...
    at Server.toNodeHandle (file:///Users/hf-mac/Downloads/tgpro-admin/.output/server/chunks/nitro/nitro.mjs:2230:7) {
  cause: Error: ENOENT: no such file or directory, open '/Users/hf-mac/Downloads/tgpro-admin/.output/public/_nuxt/Bdz-sLfb.js'
      at open (node:internal/fs/promises:641:25)
      at Object.readFile (node:internal/fs/promises:1245:14)
      at Object.handler (file:///Users/hf-mac/Downloads/tgpro-admin/.output/server/chunks/nitro/nitro.mjs:1959:19)
      at Server.toNodeHandle (file:///Users/hf-mac/Downloads/tgpro-admin/.output/server/chunks/nitro/nitro.mjs:2230:7) {
    errno: -2,
    code: 'ENOENT',
    syscall: 'open',
    path: '/Users/hf-mac/Downloads/tgpro-admin/.output/public/_nuxt/Bdz-sLfb.js'
  },
  statusCode: 500,
  fatal: false,
  unhandled: true,
  statusMessage: undefined,
  data: undefined
}
2025-11-05T02:30:51: [request error] [unhandled] [GET] http://localhost:3000/_nuxt/BTgB1rvp.js
 H3Error: ENOENT: no such file or directory, open '/Users/hf-mac/Downloads/tgpro-admin/.output/public/_nuxt/BTgB1rvp.js'
    at open (node:internal/fs/promises:641:25)
    ... 2 lines matching cause stack trace ...
    at Server.toNodeHandle (file:///Users/hf-mac/Downloads/tgpro-admin/.output/server/chunks/nitro/nitro.mjs:2230:7) {
  cause: Error: ENOENT: no such file or directory, open '/Users/hf-mac/Downloads/tgpro-admin/.output/public/_nuxt/BTgB1rvp.js'
      at open (node:internal/fs/promises:641:25)
      at Object.readFile (node:internal/fs/promises:1245:14)
      at Object.handler (file:///Users/hf-mac/Downloads/tgpro-admin/.output/server/chunks/nitro/nitro.mjs:1959:19)
      at Server.toNodeHandle (file:///Users/hf-mac/Downloads/tgpro-admin/.output/server/chunks/nitro/nitro.mjs:2230:7) {
    errno: -2,
    code: 'ENOENT',
    syscall: 'open',
    path: '/Users/hf-mac/Downloads/tgpro-admin/.output/public/_nuxt/BTgB1rvp.js'
  },
  statusCode: 500,
  fatal: false,
  unhandled: true,
  statusMessage: undefined,
  data: undefined
}
2025-11-05T02:30:51: [request error] [unhandled] [GET] http://localhost:3000/_nuxt/CXT04lNs.js
 H3Error: ENOENT: no such file or directory, open '/Users/hf-mac/Downloads/tgpro-admin/.output/public/_nuxt/CXT04lNs.js'
    at open (node:internal/fs/promises:641:25)
    ... 2 lines matching cause stack trace ...
    at Server.toNodeHandle (file:///Users/hf-mac/Downloads/tgpro-admin/.output/server/chunks/nitro/nitro.mjs:2230:7) {
  cause: Error: ENOENT: no such file or directory, open '/Users/hf-mac/Downloads/tgpro-admin/.output/public/_nuxt/CXT04lNs.js'
      at open (node:internal/fs/promises:641:25)
      at Object.readFile (node:internal/fs/promises:1245:14)
      at Object.handler (file:///Users/hf-mac/Downloads/tgpro-admin/.output/server/chunks/nitro/nitro.mjs:1959:19)
      at Server.toNodeHandle (file:///Users/hf-mac/Downloads/tgpro-admin/.output/server/chunks/nitro/nitro.mjs:2230:7) {
    errno: -2,
    code: 'ENOENT',
    syscall: 'open',
    path: '/Users/hf-mac/Downloads/tgpro-admin/.output/public/_nuxt/CXT04lNs.js'
  },
  statusCode: 500,
  fatal: false,
  unhandled: true,
  statusMessage: undefined,
  data: undefined
}
2025-11-05T02:30:51: [request error] [unhandled] [GET] http://localhost:3000/_nuxt/DcHNM1Xn.js
 H3Error: ENOENT: no such file or directory, open '/Users/hf-mac/Downloads/tgpro-admin/.output/public/_nuxt/DcHNM1Xn.js'
    at open (node:internal/fs/promises:641:25)
    ... 2 lines matching cause stack trace ...
    at Server.toNodeHandle (file:///Users/hf-mac/Downloads/tgpro-admin/.output/server/chunks/nitro/nitro.mjs:2230:7) {
  cause: Error: ENOENT: no such file or directory, open '/Users/hf-mac/Downloads/tgpro-admin/.output/public/_nuxt/DcHNM1Xn.js'
      at open (node:internal/fs/promises:641:25)
      at Object.readFile (node:internal/fs/promises:1245:14)
      at Object.handler (file:///Users/hf-mac/Downloads/tgpro-admin/.output/server/chunks/nitro/nitro.mjs:1959:19)
      at Server.toNodeHandle (file:///Users/hf-mac/Downloads/tgpro-admin/.output/server/chunks/nitro/nitro.mjs:2230:7) {
    errno: -2,
    code: 'ENOENT',
    syscall: 'open',
    path: '/Users/hf-mac/Downloads/tgpro-admin/.output/public/_nuxt/DcHNM1Xn.js'
  },
  statusCode: 500,
  fatal: false,
  unhandled: true,
  statusMessage: undefined,
  data: undefined
}
2025-11-05T02:30:51: [request error] [unhandled] [GET] http://localhost:3000/_nuxt/C4xQaJXR.js
 H3Error: ENOENT: no such file or directory, open '/Users/hf-mac/Downloads/tgpro-admin/.output/public/_nuxt/C4xQaJXR.js'
    at open (node:internal/fs/promises:641:25)
    ... 2 lines matching cause stack trace ...
    at Server.toNodeHandle (file:///Users/hf-mac/Downloads/tgpro-admin/.output/server/chunks/nitro/nitro.mjs:2230:7) {
  cause: Error: ENOENT: no such file or directory, open '/Users/hf-mac/Downloads/tgpro-admin/.output/public/_nuxt/C4xQaJXR.js'
      at open (node:internal/fs/promises:641:25)
      at Object.readFile (node:internal/fs/promises:1245:14)
      at Object.handler (file:///Users/hf-mac/Downloads/tgpro-admin/.output/server/chunks/nitro/nitro.mjs:1959:19)
      at Server.toNodeHandle (file:///Users/hf-mac/Downloads/tgpro-admin/.output/server/chunks/nitro/nitro.mjs:2230:7) {
    errno: -2,
    code: 'ENOENT',
    syscall: 'open',
    path: '/Users/hf-mac/Downloads/tgpro-admin/.output/public/_nuxt/C4xQaJXR.js'
  },
  statusCode: 500,
  fatal: false,
  unhandled: true,
  statusMessage: undefined,
  data: undefined
}
2025-11-05T02:30:51: [request error] [unhandled] [GET] http://localhost:3000/_nuxt/builds/meta/db489c3b-20ab-405c-96a2-98b632ec7da6.json
 H3Error: ENOENT: no such file or directory, open '/Users/hf-mac/Downloads/tgpro-admin/.output/public/_nuxt/builds/meta/db489c3b-20ab-405c-96a2-98b632ec7da6.json'
    at open (node:internal/fs/promises:641:25)
    ... 2 lines matching cause stack trace ...
    at Server.toNodeHandle (file:///Users/hf-mac/Downloads/tgpro-admin/.output/server/chunks/nitro/nitro.mjs:2230:7) {
  cause: Error: ENOENT: no such file or directory, open '/Users/hf-mac/Downloads/tgpro-admin/.output/public/_nuxt/builds/meta/db489c3b-20ab-405c-96a2-98b632ec7da6.json'
      at open (node:internal/fs/promises:641:25)
      at Object.readFile (node:internal/fs/promises:1245:14)
      at Object.handler (file:///Users/hf-mac/Downloads/tgpro-admin/.output/server/chunks/nitro/nitro.mjs:1959:19)
      at Server.toNodeHandle (file:///Users/hf-mac/Downloads/tgpro-admin/.output/server/chunks/nitro/nitro.mjs:2230:7) {
    errno: -2,
    code: 'ENOENT',
    syscall: 'open',
    path: '/Users/hf-mac/Downloads/tgpro-admin/.output/public/_nuxt/builds/meta/db489c3b-20ab-405c-96a2-98b632ec7da6.json'
  },
  statusCode: 500,
  fatal: false,
  unhandled: true,
  statusMessage: undefined,
  data: undefined
}
2025-11-05T02:30:51: [request error] [unhandled] [GET] http://localhost:3000/_nuxt/DbAgXtul.js
 H3Error: ENOENT: no such file or directory, open '/Users/hf-mac/Downloads/tgpro-admin/.output/public/_nuxt/DbAgXtul.js'
    at open (node:internal/fs/promises:641:25)
    ... 2 lines matching cause stack trace ...
    at Server.toNodeHandle (file:///Users/hf-mac/Downloads/tgpro-admin/.output/server/chunks/nitro/nitro.mjs:2230:7) {
  cause: Error: ENOENT: no such file or directory, open '/Users/hf-mac/Downloads/tgpro-admin/.output/public/_nuxt/DbAgXtul.js'
      at open (node:internal/fs/promises:641:25)
      at Object.readFile (node:internal/fs/promises:1245:14)
      at Object.handler (file:///Users/hf-mac/Downloads/tgpro-admin/.output/server/chunks/nitro/nitro.mjs:1959:19)
      at Server.toNodeHandle (file:///Users/hf-mac/Downloads/tgpro-admin/.output/server/chunks/nitro/nitro.mjs:2230:7) {
    errno: -2,
    code: 'ENOENT',
    syscall: 'open',
    path: '/Users/hf-mac/Downloads/tgpro-admin/.output/public/_nuxt/DbAgXtul.js'
  },
  statusCode: 500,
  fatal: false,
  unhandled: true,
  statusMessage: undefined,
  data: undefined
}
2025-11-05T02:30:51: [request error] [unhandled] [GET] http://localhost:3000/_nuxt/Bl84yrz9.js
 H3Error: ENOENT: no such file or directory, open '/Users/hf-mac/Downloads/tgpro-admin/.output/public/_nuxt/Bl84yrz9.js'
    at open (node:internal/fs/promises:641:25)
    ... 2 lines matching cause stack trace ...
    at Server.toNodeHandle (file:///Users/hf-mac/Downloads/tgpro-admin/.output/server/chunks/nitro/nitro.mjs:2230:7) {
  cause: Error: ENOENT: no such file or directory, open '/Users/hf-mac/Downloads/tgpro-admin/.output/public/_nuxt/Bl84yrz9.js'
      at open (node:internal/fs/promises:641:25)
      at Object.readFile (node:internal/fs/promises:1245:14)
      at Object.handler (file:///Users/hf-mac/Downloads/tgpro-admin/.output/server/chunks/nitro/nitro.mjs:1959:19)
      at Server.toNodeHandle (file:///Users/hf-mac/Downloads/tgpro-admin/.output/server/chunks/nitro/nitro.mjs:2230:7) {
    errno: -2,
    code: 'ENOENT',
    syscall: 'open',
    path: '/Users/hf-mac/Downloads/tgpro-admin/.output/public/_nuxt/Bl84yrz9.js'
  },
  statusCode: 500,
  fatal: false,
  unhandled: true,
  statusMessage: undefined,
  data: undefined
}
2025-11-05T02:30:51: [request error] [unhandled] [GET] http://localhost:3000/_nuxt/D_B5nL8y.js
 H3Error: ENOENT: no such file or directory, open '/Users/hf-mac/Downloads/tgpro-admin/.output/public/_nuxt/D_B5nL8y.js'
    at open (node:internal/fs/promises:641:25)
    ... 2 lines matching cause stack trace ...
    at Server.toNodeHandle (file:///Users/hf-mac/Downloads/tgpro-admin/.output/server/chunks/nitro/nitro.mjs:2230:7) {
  cause: Error: ENOENT: no such file or directory, open '/Users/hf-mac/Downloads/tgpro-admin/.output/public/_nuxt/D_B5nL8y.js'
      at open (node:internal/fs/promises:641:25)
      at Object.readFile (node:internal/fs/promises:1245:14)
      at Object.handler (file:///Users/hf-mac/Downloads/tgpro-admin/.output/server/chunks/nitro/nitro.mjs:1959:19)
      at Server.toNodeHandle (file:///Users/hf-mac/Downloads/tgpro-admin/.output/server/chunks/nitro/nitro.mjs:2230:7) {
    errno: -2,
    code: 'ENOENT',
    syscall: 'open',
    path: '/Users/hf-mac/Downloads/tgpro-admin/.output/public/_nuxt/D_B5nL8y.js'
  },
  statusCode: 500,
  fatal: false,
  unhandled: true,
  statusMessage: undefined,
  data: undefined
}
2025-11-05T02:30:51: [request error] [unhandled] [GET] http://localhost:3000/_nuxt/DpNIWReE.js
 H3Error: ENOENT: no such file or directory, open '/Users/hf-mac/Downloads/tgpro-admin/.output/public/_nuxt/DpNIWReE.js'
    at open (node:internal/fs/promises:641:25)
    ... 2 lines matching cause stack trace ...
    at Server.toNodeHandle (file:///Users/hf-mac/Downloads/tgpro-admin/.output/server/chunks/nitro/nitro.mjs:2230:7) {
  cause: Error: ENOENT: no such file or directory, open '/Users/hf-mac/Downloads/tgpro-admin/.output/public/_nuxt/DpNIWReE.js'
      at open (node:internal/fs/promises:641:25)
      at Object.readFile (node:internal/fs/promises:1245:14)
      at Object.handler (file:///Users/hf-mac/Downloads/tgpro-admin/.output/server/chunks/nitro/nitro.mjs:1959:19)
      at Server.toNodeHandle (file:///Users/hf-mac/Downloads/tgpro-admin/.output/server/chunks/nitro/nitro.mjs:2230:7) {
    errno: -2,
    code: 'ENOENT',
    syscall: 'open',
    path: '/Users/hf-mac/Downloads/tgpro-admin/.output/public/_nuxt/DpNIWReE.js'
  },
  statusCode: 500,
  fatal: false,
  unhandled: true,
  statusMessage: undefined,
  data: undefined
}
2025-11-05T02:30:51: [request error] [unhandled] [GET] http://localhost:3000/_nuxt/D974gv07.js
 H3Error: ENOENT: no such file or directory, open '/Users/hf-mac/Downloads/tgpro-admin/.output/public/_nuxt/D974gv07.js'
    at open (node:internal/fs/promises:641:25)
    ... 2 lines matching cause stack trace ...
    at Server.toNodeHandle (file:///Users/hf-mac/Downloads/tgpro-admin/.output/server/chunks/nitro/nitro.mjs:2230:7) {
  cause: Error: ENOENT: no such file or directory, open '/Users/hf-mac/Downloads/tgpro-admin/.output/public/_nuxt/D974gv07.js'
      at open (node:internal/fs/promises:641:25)
      at Object.readFile (node:internal/fs/promises:1245:14)
      at Object.handler (file:///Users/hf-mac/Downloads/tgpro-admin/.output/server/chunks/nitro/nitro.mjs:1959:19)
      at Server.toNodeHandle (file:///Users/hf-mac/Downloads/tgpro-admin/.output/server/chunks/nitro/nitro.mjs:2230:7) {
    errno: -2,
    code: 'ENOENT',
    syscall: 'open',
    path: '/Users/hf-mac/Downloads/tgpro-admin/.output/public/_nuxt/D974gv07.js'
  },
  statusCode: 500,
  fatal: false,
  unhandled: true,
  statusMessage: undefined,
  data: undefined
}
2025-11-05T02:30:51: [request error] [unhandled] [GET] http://localhost:3000/_nuxt/D32lUId-.js
 H3Error: ENOENT: no such file or directory, open '/Users/hf-mac/Downloads/tgpro-admin/.output/public/_nuxt/D32lUId-.js'
    at open (node:internal/fs/promises:641:25)
    ... 2 lines matching cause stack trace ...
    at Server.toNodeHandle (file:///Users/hf-mac/Downloads/tgpro-admin/.output/server/chunks/nitro/nitro.mjs:2230:7) {
  cause: Error: ENOENT: no such file or directory, open '/Users/hf-mac/Downloads/tgpro-admin/.output/public/_nuxt/D32lUId-.js'
      at open (node:internal/fs/promises:641:25)
      at Object.readFile (node:internal/fs/promises:1245:14)
      at Object.handler (file:///Users/hf-mac/Downloads/tgpro-admin/.output/server/chunks/nitro/nitro.mjs:1959:19)
      at Server.toNodeHandle (file:///Users/hf-mac/Downloads/tgpro-admin/.output/server/chunks/nitro/nitro.mjs:2230:7) {
    errno: -2,
    code: 'ENOENT',
    syscall: 'open',
    path: '/Users/hf-mac/Downloads/tgpro-admin/.output/public/_nuxt/D32lUId-.js'
  },
  statusCode: 500,
  fatal: false,
  unhandled: true,
  statusMessage: undefined,
  data: undefined
}
2025-11-05T02:30:51: [request error] [unhandled] [GET] http://localhost:3000/_nuxt/CetYVyQG.js
 H3Error: ENOENT: no such file or directory, open '/Users/hf-mac/Downloads/tgpro-admin/.output/public/_nuxt/CetYVyQG.js'
    at open (node:internal/fs/promises:641:25)
    ... 2 lines matching cause stack trace ...
    at Server.toNodeHandle (file:///Users/hf-mac/Downloads/tgpro-admin/.output/server/chunks/nitro/nitro.mjs:2230:7) {
  cause: Error: ENOENT: no such file or directory, open '/Users/hf-mac/Downloads/tgpro-admin/.output/public/_nuxt/CetYVyQG.js'
      at open (node:internal/fs/promises:641:25)
      at Object.readFile (node:internal/fs/promises:1245:14)
      at Object.handler (file:///Users/hf-mac/Downloads/tgpro-admin/.output/server/chunks/nitro/nitro.mjs:1959:19)
      at Server.toNodeHandle (file:///Users/hf-mac/Downloads/tgpro-admin/.output/server/chunks/nitro/nitro.mjs:2230:7) {
    errno: -2,
    code: 'ENOENT',
    syscall: 'open',
    path: '/Users/hf-mac/Downloads/tgpro-admin/.output/public/_nuxt/CetYVyQG.js'
  },
  statusCode: 500,
  fatal: false,
  unhandled: true,
  statusMessage: undefined,
  data: undefined
}
2025-11-05T02:30:51: [request error] [unhandled] [GET] http://localhost:3000/_nuxt/Bdz-sLfb.js
 H3Error: ENOENT: no such file or directory, open '/Users/hf-mac/Downloads/tgpro-admin/.output/public/_nuxt/Bdz-sLfb.js'
    at open (node:internal/fs/promises:641:25)
    ... 2 lines matching cause stack trace ...
    at Server.toNodeHandle (file:///Users/hf-mac/Downloads/tgpro-admin/.output/server/chunks/nitro/nitro.mjs:2230:7) {
  cause: Error: ENOENT: no such file or directory, open '/Users/hf-mac/Downloads/tgpro-admin/.output/public/_nuxt/Bdz-sLfb.js'
      at open (node:internal/fs/promises:641:25)
      at Object.readFile (node:internal/fs/promises:1245:14)
      at Object.handler (file:///Users/hf-mac/Downloads/tgpro-admin/.output/server/chunks/nitro/nitro.mjs:1959:19)
      at Server.toNodeHandle (file:///Users/hf-mac/Downloads/tgpro-admin/.output/server/chunks/nitro/nitro.mjs:2230:7) {
    errno: -2,
    code: 'ENOENT',
    syscall: 'open',
    path: '/Users/hf-mac/Downloads/tgpro-admin/.output/public/_nuxt/Bdz-sLfb.js'
  },
  statusCode: 500,
  fatal: false,
  unhandled: true,
  statusMessage: undefined,
  data: undefined
}
2025-11-05T02:30:51: [request error] [unhandled] [GET] http://localhost:3000/_nuxt/Db7eFA1E.js
 H3Error: ENOENT: no such file or directory, open '/Users/hf-mac/Downloads/tgpro-admin/.output/public/_nuxt/Db7eFA1E.js'
    at open (node:internal/fs/promises:641:25)
    ... 2 lines matching cause stack trace ...
    at Server.toNodeHandle (file:///Users/hf-mac/Downloads/tgpro-admin/.output/server/chunks/nitro/nitro.mjs:2230:7) {
  cause: Error: ENOENT: no such file or directory, open '/Users/hf-mac/Downloads/tgpro-admin/.output/public/_nuxt/Db7eFA1E.js'
      at open (node:internal/fs/promises:641:25)
      at Object.readFile (node:internal/fs/promises:1245:14)
      at Object.handler (file:///Users/hf-mac/Downloads/tgpro-admin/.output/server/chunks/nitro/nitro.mjs:1959:19)
      at Server.toNodeHandle (file:///Users/hf-mac/Downloads/tgpro-admin/.output/server/chunks/nitro/nitro.mjs:2230:7) {
    errno: -2,
    code: 'ENOENT',
    syscall: 'open',
    path: '/Users/hf-mac/Downloads/tgpro-admin/.output/public/_nuxt/Db7eFA1E.js'
  },
  statusCode: 500,
  fatal: false,
  unhandled: true,
  statusMessage: undefined,
  data: undefined
}
2025-11-05T02:30:51: [request error] [unhandled] [GET] http://localhost:3000/_nuxt/DAr-OQmd.js
 H3Error: ENOENT: no such file or directory, open '/Users/hf-mac/Downloads/tgpro-admin/.output/public/_nuxt/DAr-OQmd.js'
    at open (node:internal/fs/promises:641:25)
    ... 2 lines matching cause stack trace ...
    at Server.toNodeHandle (file:///Users/hf-mac/Downloads/tgpro-admin/.output/server/chunks/nitro/nitro.mjs:2230:7) {
  cause: Error: ENOENT: no such file or directory, open '/Users/hf-mac/Downloads/tgpro-admin/.output/public/_nuxt/DAr-OQmd.js'
      at open (node:internal/fs/promises:641:25)
      at Object.readFile (node:internal/fs/promises:1245:14)
      at Object.handler (file:///Users/hf-mac/Downloads/tgpro-admin/.output/server/chunks/nitro/nitro.mjs:1959:19)
      at Server.toNodeHandle (file:///Users/hf-mac/Downloads/tgpro-admin/.output/server/chunks/nitro/nitro.mjs:2230:7) {
    errno: -2,
    code: 'ENOENT',
    syscall: 'open',
    path: '/Users/hf-mac/Downloads/tgpro-admin/.output/public/_nuxt/DAr-OQmd.js'
  },
  statusCode: 500,
  fatal: false,
  unhandled: true,
  statusMessage: undefined,
  data: undefined
}
2025-11-05T02:30:51: [request error] [unhandled] [GET] http://localhost:3000/_nuxt/BTgB1rvp.js
 H3Error: ENOENT: no such file or directory, open '/Users/hf-mac/Downloads/tgpro-admin/.output/public/_nuxt/BTgB1rvp.js'
    at open (node:internal/fs/promises:641:25)
    ... 2 lines matching cause stack trace ...
    at Server.toNodeHandle (file:///Users/hf-mac/Downloads/tgpro-admin/.output/server/chunks/nitro/nitro.mjs:2230:7) {
  cause: Error: ENOENT: no such file or directory, open '/Users/hf-mac/Downloads/tgpro-admin/.output/public/_nuxt/BTgB1rvp.js'
      at open (node:internal/fs/promises:641:25)
      at Object.readFile (node:internal/fs/promises:1245:14)
      at Object.handler (file:///Users/hf-mac/Downloads/tgpro-admin/.output/server/chunks/nitro/nitro.mjs:1959:19)
      at Server.toNodeHandle (file:///Users/hf-mac/Downloads/tgpro-admin/.output/server/chunks/nitro/nitro.mjs:2230:7) {
    errno: -2,
    code: 'ENOENT',
    syscall: 'open',
    path: '/Users/hf-mac/Downloads/tgpro-admin/.output/public/_nuxt/BTgB1rvp.js'
  },
  statusCode: 500,
  fatal: false,
  unhandled: true,
  statusMessage: undefined,
  data: undefined
}
2025-11-05T02:30:51: [request error] [unhandled] [GET] http://localhost:3000/_nuxt/CXT04lNs.js
 H3Error: ENOENT: no such file or directory, open '/Users/hf-mac/Downloads/tgpro-admin/.output/public/_nuxt/CXT04lNs.js'
    at open (node:internal/fs/promises:641:25)
    ... 2 lines matching cause stack trace ...
    at Server.toNodeHandle (file:///Users/hf-mac/Downloads/tgpro-admin/.output/server/chunks/nitro/nitro.mjs:2230:7) {
  cause: Error: ENOENT: no such file or directory, open '/Users/hf-mac/Downloads/tgpro-admin/.output/public/_nuxt/CXT04lNs.js'
      at open (node:internal/fs/promises:641:25)
      at Object.readFile (node:internal/fs/promises:1245:14)
      at Object.handler (file:///Users/hf-mac/Downloads/tgpro-admin/.output/server/chunks/nitro/nitro.mjs:1959:19)
      at Server.toNodeHandle (file:///Users/hf-mac/Downloads/tgpro-admin/.output/server/chunks/nitro/nitro.mjs:2230:7) {
    errno: -2,
    code: 'ENOENT',
    syscall: 'open',
    path: '/Users/hf-mac/Downloads/tgpro-admin/.output/public/_nuxt/CXT04lNs.js'
  },
  statusCode: 500,
  fatal: false,
  unhandled: true,
  statusMessage: undefined,
  data: undefined
}
2025-11-05T02:30:51: [request error] [unhandled] [GET] http://localhost:3000/_nuxt/DcHNM1Xn.js
 H3Error: ENOENT: no such file or directory, open '/Users/hf-mac/Downloads/tgpro-admin/.output/public/_nuxt/DcHNM1Xn.js'
    at open (node:internal/fs/promises:641:25)
    ... 2 lines matching cause stack trace ...
    at Server.toNodeHandle (file:///Users/hf-mac/Downloads/tgpro-admin/.output/server/chunks/nitro/nitro.mjs:2230:7) {
  cause: Error: ENOENT: no such file or directory, open '/Users/hf-mac/Downloads/tgpro-admin/.output/public/_nuxt/DcHNM1Xn.js'
      at open (node:internal/fs/promises:641:25)
      at Object.readFile (node:internal/fs/promises:1245:14)
      at Object.handler (file:///Users/hf-mac/Downloads/tgpro-admin/.output/server/chunks/nitro/nitro.mjs:1959:19)
      at Server.toNodeHandle (file:///Users/hf-mac/Downloads/tgpro-admin/.output/server/chunks/nitro/nitro.mjs:2230:7) {
    errno: -2,
    code: 'ENOENT',
    syscall: 'open',
    path: '/Users/hf-mac/Downloads/tgpro-admin/.output/public/_nuxt/DcHNM1Xn.js'
  },
  statusCode: 500,
  fatal: false,
  unhandled: true,
  statusMessage: undefined,
  data: undefined
}
2025-11-05T02:30:51: [request error] [unhandled] [GET] http://localhost:3000/_nuxt/Bl84yrz9.js
 H3Error: ENOENT: no such file or directory, open '/Users/hf-mac/Downloads/tgpro-admin/.output/public/_nuxt/Bl84yrz9.js'
    at open (node:internal/fs/promises:641:25)
    ... 2 lines matching cause stack trace ...
    at Server.toNodeHandle (file:///Users/hf-mac/Downloads/tgpro-admin/.output/server/chunks/nitro/nitro.mjs:2230:7) {
  cause: Error: ENOENT: no such file or directory, open '/Users/hf-mac/Downloads/tgpro-admin/.output/public/_nuxt/Bl84yrz9.js'
      at open (node:internal/fs/promises:641:25)
      at Object.readFile (node:internal/fs/promises:1245:14)
      at Object.handler (file:///Users/hf-mac/Downloads/tgpro-admin/.output/server/chunks/nitro/nitro.mjs:1959:19)
      at Server.toNodeHandle (file:///Users/hf-mac/Downloads/tgpro-admin/.output/server/chunks/nitro/nitro.mjs:2230:7) {
    errno: -2,
    code: 'ENOENT',
    syscall: 'open',
    path: '/Users/hf-mac/Downloads/tgpro-admin/.output/public/_nuxt/Bl84yrz9.js'
  },
  statusCode: 500,
  fatal: false,
  unhandled: true,
  statusMessage: undefined,
  data: undefined
}
2025-11-05T02:30:51: [request error] [unhandled] [GET] http://localhost:3000/_nuxt/DbAgXtul.js
 H3Error: ENOENT: no such file or directory, open '/Users/hf-mac/Downloads/tgpro-admin/.output/public/_nuxt/DbAgXtul.js'
    at open (node:internal/fs/promises:641:25)
    ... 2 lines matching cause stack trace ...
    at Server.toNodeHandle (file:///Users/hf-mac/Downloads/tgpro-admin/.output/server/chunks/nitro/nitro.mjs:2230:7) {
  cause: Error: ENOENT: no such file or directory, open '/Users/hf-mac/Downloads/tgpro-admin/.output/public/_nuxt/DbAgXtul.js'
      at open (node:internal/fs/promises:641:25)
      at Object.readFile (node:internal/fs/promises:1245:14)
      at Object.handler (file:///Users/hf-mac/Downloads/tgpro-admin/.output/server/chunks/nitro/nitro.mjs:1959:19)
      at Server.toNodeHandle (file:///Users/hf-mac/Downloads/tgpro-admin/.output/server/chunks/nitro/nitro.mjs:2230:7) {
    errno: -2,
    code: 'ENOENT',
    syscall: 'open',
    path: '/Users/hf-mac/Downloads/tgpro-admin/.output/public/_nuxt/DbAgXtul.js'
  },
  statusCode: 500,
  fatal: false,
  unhandled: true,
  statusMessage: undefined,
  data: undefined
}
2025-11-05T02:30:51: [request error] [unhandled] [GET] http://localhost:3000/_nuxt/D_B5nL8y.js
 H3Error: ENOENT: no such file or directory, open '/Users/hf-mac/Downloads/tgpro-admin/.output/public/_nuxt/D_B5nL8y.js'
    at open (node:internal/fs/promises:641:25)
    ... 2 lines matching cause stack trace ...
    at Server.toNodeHandle (file:///Users/hf-mac/Downloads/tgpro-admin/.output/server/chunks/nitro/nitro.mjs:2230:7) {
  cause: Error: ENOENT: no such file or directory, open '/Users/hf-mac/Downloads/tgpro-admin/.output/public/_nuxt/D_B5nL8y.js'
      at open (node:internal/fs/promises:641:25)
      at Object.readFile (node:internal/fs/promises:1245:14)
      at Object.handler (file:///Users/hf-mac/Downloads/tgpro-admin/.output/server/chunks/nitro/nitro.mjs:1959:19)
      at Server.toNodeHandle (file:///Users/hf-mac/Downloads/tgpro-admin/.output/server/chunks/nitro/nitro.mjs:2230:7) {
    errno: -2,
    code: 'ENOENT',
    syscall: 'open',
    path: '/Users/hf-mac/Downloads/tgpro-admin/.output/public/_nuxt/D_B5nL8y.js'
  },
  statusCode: 500,
  fatal: false,
  unhandled: true,
  statusMessage: undefined,
  data: undefined
}
2025-11-05T02:30:51: [request error] [unhandled] [GET] http://localhost:3000/_nuxt/DpNIWReE.js
 H3Error: ENOENT: no such file or directory, open '/Users/hf-mac/Downloads/tgpro-admin/.output/public/_nuxt/DpNIWReE.js'
    at open (node:internal/fs/promises:641:25)
    ... 2 lines matching cause stack trace ...
    at Server.toNodeHandle (file:///Users/hf-mac/Downloads/tgpro-admin/.output/server/chunks/nitro/nitro.mjs:2230:7) {
  cause: Error: ENOENT: no such file or directory, open '/Users/hf-mac/Downloads/tgpro-admin/.output/public/_nuxt/DpNIWReE.js'
      at open (node:internal/fs/promises:641:25)
      at Object.readFile (node:internal/fs/promises:1245:14)
      at Object.handler (file:///Users/hf-mac/Downloads/tgpro-admin/.output/server/chunks/nitro/nitro.mjs:1959:19)
      at Server.toNodeHandle (file:///Users/hf-mac/Downloads/tgpro-admin/.output/server/chunks/nitro/nitro.mjs:2230:7) {
    errno: -2,
    code: 'ENOENT',
    syscall: 'open',
    path: '/Users/hf-mac/Downloads/tgpro-admin/.output/public/_nuxt/DpNIWReE.js'
  },
  statusCode: 500,
  fatal: false,
  unhandled: true,
  statusMessage: undefined,
  data: undefined
}
2025-11-05T02:30:51: [request error] [unhandled] [GET] http://localhost:3000/_nuxt/D974gv07.js
 H3Error: ENOENT: no such file or directory, open '/Users/hf-mac/Downloads/tgpro-admin/.output/public/_nuxt/D974gv07.js'
    at open (node:internal/fs/promises:641:25)
    ... 2 lines matching cause stack trace ...
    at Server.toNodeHandle (file:///Users/hf-mac/Downloads/tgpro-admin/.output/server/chunks/nitro/nitro.mjs:2230:7) {
  cause: Error: ENOENT: no such file or directory, open '/Users/hf-mac/Downloads/tgpro-admin/.output/public/_nuxt/D974gv07.js'
      at open (node:internal/fs/promises:641:25)
      at Object.readFile (node:internal/fs/promises:1245:14)
      at Object.handler (file:///Users/hf-mac/Downloads/tgpro-admin/.output/server/chunks/nitro/nitro.mjs:1959:19)
      at Server.toNodeHandle (file:///Users/hf-mac/Downloads/tgpro-admin/.output/server/chunks/nitro/nitro.mjs:2230:7) {
    errno: -2,
    code: 'ENOENT',
    syscall: 'open',
    path: '/Users/hf-mac/Downloads/tgpro-admin/.output/public/_nuxt/D974gv07.js'
  },
  statusCode: 500,
  fatal: false,
  unhandled: true,
  statusMessage: undefined,
  data: undefined
}
2025-11-05T02:30:51: [request error] [unhandled] [GET] http://localhost:3000/_nuxt/D32lUId-.js
 H3Error: ENOENT: no such file or directory, open '/Users/hf-mac/Downloads/tgpro-admin/.output/public/_nuxt/D32lUId-.js'
    at open (node:internal/fs/promises:641:25)
    ... 2 lines matching cause stack trace ...
    at Server.toNodeHandle (file:///Users/hf-mac/Downloads/tgpro-admin/.output/server/chunks/nitro/nitro.mjs:2230:7) {
  cause: Error: ENOENT: no such file or directory, open '/Users/hf-mac/Downloads/tgpro-admin/.output/public/_nuxt/D32lUId-.js'
      at open (node:internal/fs/promises:641:25)
      at Object.readFile (node:internal/fs/promises:1245:14)
      at Object.handler (file:///Users/hf-mac/Downloads/tgpro-admin/.output/server/chunks/nitro/nitro.mjs:1959:19)
      at Server.toNodeHandle (file:///Users/hf-mac/Downloads/tgpro-admin/.output/server/chunks/nitro/nitro.mjs:2230:7) {
    errno: -2,
    code: 'ENOENT',
    syscall: 'open',
    path: '/Users/hf-mac/Downloads/tgpro-admin/.output/public/_nuxt/D32lUId-.js'
  },
  statusCode: 500,
  fatal: false,
  unhandled: true,
  statusMessage: undefined,
  data: undefined
}
2025-11-05T02:30:51: [request error] [unhandled] [GET] http://localhost:3000/_nuxt/CetYVyQG.js
 H3Error: ENOENT: no such file or directory, open '/Users/hf-mac/Downloads/tgpro-admin/.output/public/_nuxt/CetYVyQG.js'
    at open (node:internal/fs/promises:641:25)
    ... 2 lines matching cause stack trace ...
    at Server.toNodeHandle (file:///Users/hf-mac/Downloads/tgpro-admin/.output/server/chunks/nitro/nitro.mjs:2230:7) {
  cause: Error: ENOENT: no such file or directory, open '/Users/hf-mac/Downloads/tgpro-admin/.output/public/_nuxt/CetYVyQG.js'
      at open (node:internal/fs/promises:641:25)
      at Object.readFile (node:internal/fs/promises:1245:14)
      at Object.handler (file:///Users/hf-mac/Downloads/tgpro-admin/.output/server/chunks/nitro/nitro.mjs:1959:19)
      at Server.toNodeHandle (file:///Users/hf-mac/Downloads/tgpro-admin/.output/server/chunks/nitro/nitro.mjs:2230:7) {
    errno: -2,
    code: 'ENOENT',
    syscall: 'open',
    path: '/Users/hf-mac/Downloads/tgpro-admin/.output/public/_nuxt/CetYVyQG.js'
  },
  statusCode: 500,
  fatal: false,
  unhandled: true,
  statusMessage: undefined,
  data: undefined
}
2025-11-05T02:30:51: [request error] [unhandled] [GET] http://localhost:3000/_nuxt/Db7eFA1E.js
 H3Error: ENOENT: no such file or directory, open '/Users/hf-mac/Downloads/tgpro-admin/.output/public/_nuxt/Db7eFA1E.js'
    at open (node:internal/fs/promises:641:25)
    ... 2 lines matching cause stack trace ...
    at Server.toNodeHandle (file:///Users/hf-mac/Downloads/tgpro-admin/.output/server/chunks/nitro/nitro.mjs:2230:7) {
  cause: Error: ENOENT: no such file or directory, open '/Users/hf-mac/Downloads/tgpro-admin/.output/public/_nuxt/Db7eFA1E.js'
      at open (node:internal/fs/promises:641:25)
      at Object.readFile (node:internal/fs/promises:1245:14)
      at Object.handler (file:///Users/hf-mac/Downloads/tgpro-admin/.output/server/chunks/nitro/nitro.mjs:1959:19)
      at Server.toNodeHandle (file:///Users/hf-mac/Downloads/tgpro-admin/.output/server/chunks/nitro/nitro.mjs:2230:7) {
    errno: -2,
    code: 'ENOENT',
    syscall: 'open',
    path: '/Users/hf-mac/Downloads/tgpro-admin/.output/public/_nuxt/Db7eFA1E.js'
  },
  statusCode: 500,
  fatal: false,
  unhandled: true,
  statusMessage: undefined,
  data: undefined
}
2025-11-05T02:30:51: [request error] [unhandled] [GET] http://localhost:3000/_nuxt/DAr-OQmd.js
 H3Error: ENOENT: no such file or directory, open '/Users/hf-mac/Downloads/tgpro-admin/.output/public/_nuxt/DAr-OQmd.js'
    at open (node:internal/fs/promises:641:25)
    ... 2 lines matching cause stack trace ...
    at Server.toNodeHandle (file:///Users/hf-mac/Downloads/tgpro-admin/.output/server/chunks/nitro/nitro.mjs:2230:7) {
  cause: Error: ENOENT: no such file or directory, open '/Users/hf-mac/Downloads/tgpro-admin/.output/public/_nuxt/DAr-OQmd.js'
      at open (node:internal/fs/promises:641:25)
      at Object.readFile (node:internal/fs/promises:1245:14)
      at Object.handler (file:///Users/hf-mac/Downloads/tgpro-admin/.output/server/chunks/nitro/nitro.mjs:1959:19)
      at Server.toNodeHandle (file:///Users/hf-mac/Downloads/tgpro-admin/.output/server/chunks/nitro/nitro.mjs:2230:7) {
    errno: -2,
    code: 'ENOENT',
    syscall: 'open',
    path: '/Users/hf-mac/Downloads/tgpro-admin/.output/public/_nuxt/DAr-OQmd.js'
  },
  statusCode: 500,
  fatal: false,
  unhandled: true,
  statusMessage: undefined,
  data: undefined
}
2025-11-05T02:30:51: [request error] [unhandled] [GET] http://localhost:3000/_nuxt/Bdz-sLfb.js
 H3Error: ENOENT: no such file or directory, open '/Users/hf-mac/Downloads/tgpro-admin/.output/public/_nuxt/Bdz-sLfb.js'
    at open (node:internal/fs/promises:641:25)
    ... 2 lines matching cause stack trace ...
    at Server.toNodeHandle (file:///Users/hf-mac/Downloads/tgpro-admin/.output/server/chunks/nitro/nitro.mjs:2230:7) {
  cause: Error: ENOENT: no such file or directory, open '/Users/hf-mac/Downloads/tgpro-admin/.output/public/_nuxt/Bdz-sLfb.js'
      at open (node:internal/fs/promises:641:25)
      at Object.readFile (node:internal/fs/promises:1245:14)
      at Object.handler (file:///Users/hf-mac/Downloads/tgpro-admin/.output/server/chunks/nitro/nitro.mjs:1959:19)
      at Server.toNodeHandle (file:///Users/hf-mac/Downloads/tgpro-admin/.output/server/chunks/nitro/nitro.mjs:2230:7) {
    errno: -2,
    code: 'ENOENT',
    syscall: 'open',
    path: '/Users/hf-mac/Downloads/tgpro-admin/.output/public/_nuxt/Bdz-sLfb.js'
  },
  statusCode: 500,
  fatal: false,
  unhandled: true,
  statusMessage: undefined,
  data: undefined
}
2025-11-05T02:30:51: [request error] [unhandled] [GET] http://localhost:3000/_nuxt/BTgB1rvp.js
 H3Error: ENOENT: no such file or directory, open '/Users/hf-mac/Downloads/tgpro-admin/.output/public/_nuxt/BTgB1rvp.js'
    at open (node:internal/fs/promises:641:25)
    ... 2 lines matching cause stack trace ...
    at Server.toNodeHandle (file:///Users/hf-mac/Downloads/tgpro-admin/.output/server/chunks/nitro/nitro.mjs:2230:7) {
  cause: Error: ENOENT: no such file or directory, open '/Users/hf-mac/Downloads/tgpro-admin/.output/public/_nuxt/BTgB1rvp.js'
      at open (node:internal/fs/promises:641:25)
      at Object.readFile (node:internal/fs/promises:1245:14)
      at Object.handler (file:///Users/hf-mac/Downloads/tgpro-admin/.output/server/chunks/nitro/nitro.mjs:1959:19)
      at Server.toNodeHandle (file:///Users/hf-mac/Downloads/tgpro-admin/.output/server/chunks/nitro/nitro.mjs:2230:7) {
    errno: -2,
    code: 'ENOENT',
    syscall: 'open',
    path: '/Users/hf-mac/Downloads/tgpro-admin/.output/public/_nuxt/BTgB1rvp.js'
  },
  statusCode: 500,
  fatal: false,
  unhandled: true,
  statusMessage: undefined,
  data: undefined
}
2025-11-05T02:30:51: [request error] [unhandled] [GET] http://localhost:3000/_nuxt/CXT04lNs.js
 H3Error: ENOENT: no such file or directory, open '/Users/hf-mac/Downloads/tgpro-admin/.output/public/_nuxt/CXT04lNs.js'
    at open (node:internal/fs/promises:641:25)
    ... 2 lines matching cause stack trace ...
    at Server.toNodeHandle (file:///Users/hf-mac/Downloads/tgpro-admin/.output/server/chunks/nitro/nitro.mjs:2230:7) {
  cause: Error: ENOENT: no such file or directory, open '/Users/hf-mac/Downloads/tgpro-admin/.output/public/_nuxt/CXT04lNs.js'
      at open (node:internal/fs/promises:641:25)
      at Object.readFile (node:internal/fs/promises:1245:14)
      at Object.handler (file:///Users/hf-mac/Downloads/tgpro-admin/.output/server/chunks/nitro/nitro.mjs:1959:19)
      at Server.toNodeHandle (file:///Users/hf-mac/Downloads/tgpro-admin/.output/server/chunks/nitro/nitro.mjs:2230:7) {
    errno: -2,
    code: 'ENOENT',
    syscall: 'open',
    path: '/Users/hf-mac/Downloads/tgpro-admin/.output/public/_nuxt/CXT04lNs.js'
  },
  statusCode: 500,
  fatal: false,
  unhandled: true,
  statusMessage: undefined,
  data: undefined
}
2025-11-05T02:30:51: [request error] [unhandled] [GET] http://localhost:3000/_nuxt/DcHNM1Xn.js
 H3Error: ENOENT: no such file or directory, open '/Users/hf-mac/Downloads/tgpro-admin/.output/public/_nuxt/DcHNM1Xn.js'
    at open (node:internal/fs/promises:641:25)
    ... 2 lines matching cause stack trace ...
    at Server.toNodeHandle (file:///Users/hf-mac/Downloads/tgpro-admin/.output/server/chunks/nitro/nitro.mjs:2230:7) {
  cause: Error: ENOENT: no such file or directory, open '/Users/hf-mac/Downloads/tgpro-admin/.output/public/_nuxt/DcHNM1Xn.js'
      at open (node:internal/fs/promises:641:25)
      at Object.readFile (node:internal/fs/promises:1245:14)
      at Object.handler (file:///Users/hf-mac/Downloads/tgpro-admin/.output/server/chunks/nitro/nitro.mjs:1959:19)
      at Server.toNodeHandle (file:///Users/hf-mac/Downloads/tgpro-admin/.output/server/chunks/nitro/nitro.mjs:2230:7) {
    errno: -2,
    code: 'ENOENT',
    syscall: 'open',
    path: '/Users/hf-mac/Downloads/tgpro-admin/.output/public/_nuxt/DcHNM1Xn.js'
  },
  statusCode: 500,
  fatal: false,
  unhandled: true,
  statusMessage: undefined,
  data: undefined
}
2025-11-05T02:30:51: [request error] [unhandled] [GET] http://localhost:3000/_nuxt/C4xQaJXR.js
 H3Error: ENOENT: no such file or directory, open '/Users/hf-mac/Downloads/tgpro-admin/.output/public/_nuxt/C4xQaJXR.js'
    at open (node:internal/fs/promises:641:25)
    ... 2 lines matching cause stack trace ...
    at Server.toNodeHandle (file:///Users/hf-mac/Downloads/tgpro-admin/.output/server/chunks/nitro/nitro.mjs:2230:7) {
  cause: Error: ENOENT: no such file or directory, open '/Users/hf-mac/Downloads/tgpro-admin/.output/public/_nuxt/C4xQaJXR.js'
      at open (node:internal/fs/promises:641:25)
      at Object.readFile (node:internal/fs/promises:1245:14)
      at Object.handler (file:///Users/hf-mac/Downloads/tgpro-admin/.output/server/chunks/nitro/nitro.mjs:1959:19)
      at Server.toNodeHandle (file:///Users/hf-mac/Downloads/tgpro-admin/.output/server/chunks/nitro/nitro.mjs:2230:7) {
    errno: -2,
    code: 'ENOENT',
    syscall: 'open',
    path: '/Users/hf-mac/Downloads/tgpro-admin/.output/public/_nuxt/C4xQaJXR.js'
  },
  statusCode: 500,
  fatal: false,
  unhandled: true,
  statusMessage: undefined,
  data: undefined
}
2025-11-05T02:30:51: [request error] [unhandled] [GET] http://localhost:3000/_nuxt/builds/meta/db489c3b-20ab-405c-96a2-98b632ec7da6.json
 H3Error: ENOENT: no such file or directory, open '/Users/hf-mac/Downloads/tgpro-admin/.output/public/_nuxt/builds/meta/db489c3b-20ab-405c-96a2-98b632ec7da6.json'
    at open (node:internal/fs/promises:641:25)
    ... 2 lines matching cause stack trace ...
    at Server.toNodeHandle (file:///Users/hf-mac/Downloads/tgpro-admin/.output/server/chunks/nitro/nitro.mjs:2230:7) {
  cause: Error: ENOENT: no such file or directory, open '/Users/hf-mac/Downloads/tgpro-admin/.output/public/_nuxt/builds/meta/db489c3b-20ab-405c-96a2-98b632ec7da6.json'
      at open (node:internal/fs/promises:641:25)
      at Object.readFile (node:internal/fs/promises:1245:14)
      at Object.handler (file:///Users/hf-mac/Downloads/tgpro-admin/.output/server/chunks/nitro/nitro.mjs:1959:19)
      at Server.toNodeHandle (file:///Users/hf-mac/Downloads/tgpro-admin/.output/server/chunks/nitro/nitro.mjs:2230:7) {
    errno: -2,
    code: 'ENOENT',
    syscall: 'open',
    path: '/Users/hf-mac/Downloads/tgpro-admin/.output/public/_nuxt/builds/meta/db489c3b-20ab-405c-96a2-98b632ec7da6.json'
  },
  statusCode: 500,
  fatal: false,
  unhandled: true,
  statusMessage: undefined,
  data: undefined
}
2025-11-05T02:30:59: [request error] [unhandled] [GET] http://localhost:3000/_nuxt/DbAgXtul.js
 H3Error: ENOENT: no such file or directory, open '/Users/hf-mac/Downloads/tgpro-admin/.output/public/_nuxt/DbAgXtul.js'
    at open (node:internal/fs/promises:641:25)
    ... 2 lines matching cause stack trace ...
    at Server.toNodeHandle (file:///Users/hf-mac/Downloads/tgpro-admin/.output/server/chunks/nitro/nitro.mjs:2230:7) {
  cause: Error: ENOENT: no such file or directory, open '/Users/hf-mac/Downloads/tgpro-admin/.output/public/_nuxt/DbAgXtul.js'
      at open (node:internal/fs/promises:641:25)
      at Object.readFile (node:internal/fs/promises:1245:14)
      at Object.handler (file:///Users/hf-mac/Downloads/tgpro-admin/.output/server/chunks/nitro/nitro.mjs:1959:19)
      at Server.toNodeHandle (file:///Users/hf-mac/Downloads/tgpro-admin/.output/server/chunks/nitro/nitro.mjs:2230:7) {
    errno: -2,
    code: 'ENOENT',
    syscall: 'open',
    path: '/Users/hf-mac/Downloads/tgpro-admin/.output/public/_nuxt/DbAgXtul.js'
  },
  statusCode: 500,
  fatal: false,
  unhandled: true,
  statusMessage: undefined,
  data: undefined
}
2025-11-05T02:30:59: [request error] [unhandled] [GET] http://localhost:3000/_nuxt/D_B5nL8y.js
 H3Error: ENOENT: no such file or directory, open '/Users/hf-mac/Downloads/tgpro-admin/.output/public/_nuxt/D_B5nL8y.js'
    at open (node:internal/fs/promises:641:25)
    ... 2 lines matching cause stack trace ...
    at Server.toNodeHandle (file:///Users/hf-mac/Downloads/tgpro-admin/.output/server/chunks/nitro/nitro.mjs:2230:7) {
  cause: Error: ENOENT: no such file or directory, open '/Users/hf-mac/Downloads/tgpro-admin/.output/public/_nuxt/D_B5nL8y.js'
      at open (node:internal/fs/promises:641:25)
      at Object.readFile (node:internal/fs/promises:1245:14)
      at Object.handler (file:///Users/hf-mac/Downloads/tgpro-admin/.output/server/chunks/nitro/nitro.mjs:1959:19)
      at Server.toNodeHandle (file:///Users/hf-mac/Downloads/tgpro-admin/.output/server/chunks/nitro/nitro.mjs:2230:7) {
    errno: -2,
    code: 'ENOENT',
    syscall: 'open',
    path: '/Users/hf-mac/Downloads/tgpro-admin/.output/public/_nuxt/D_B5nL8y.js'
  },
  statusCode: 500,
  fatal: false,
  unhandled: true,
  statusMessage: undefined,
  data: undefined
}
2025-11-05T02:30:59: [request error] [unhandled] [GET] http://localhost:3000/_nuxt/Bl84yrz9.js
 H3Error: ENOENT: no such file or directory, open '/Users/hf-mac/Downloads/tgpro-admin/.output/public/_nuxt/Bl84yrz9.js'
    at open (node:internal/fs/promises:641:25)
    ... 2 lines matching cause stack trace ...
    at Server.toNodeHandle (file:///Users/hf-mac/Downloads/tgpro-admin/.output/server/chunks/nitro/nitro.mjs:2230:7) {
  cause: Error: ENOENT: no such file or directory, open '/Users/hf-mac/Downloads/tgpro-admin/.output/public/_nuxt/Bl84yrz9.js'
      at open (node:internal/fs/promises:641:25)
      at Object.readFile (node:internal/fs/promises:1245:14)
      at Object.handler (file:///Users/hf-mac/Downloads/tgpro-admin/.output/server/chunks/nitro/nitro.mjs:1959:19)
      at Server.toNodeHandle (file:///Users/hf-mac/Downloads/tgpro-admin/.output/server/chunks/nitro/nitro.mjs:2230:7) {
    errno: -2,
    code: 'ENOENT',
    syscall: 'open',
    path: '/Users/hf-mac/Downloads/tgpro-admin/.output/public/_nuxt/Bl84yrz9.js'
  },
  statusCode: 500,
  fatal: false,
  unhandled: true,
  statusMessage: undefined,
  data: undefined
}
2025-11-05T02:30:59: [request error] [unhandled] [GET] http://localhost:3000/_nuxt/DpNIWReE.js
 H3Error: ENOENT: no such file or directory, open '/Users/hf-mac/Downloads/tgpro-admin/.output/public/_nuxt/DpNIWReE.js'
    at open (node:internal/fs/promises:641:25)
    ... 2 lines matching cause stack trace ...
    at Server.toNodeHandle (file:///Users/hf-mac/Downloads/tgpro-admin/.output/server/chunks/nitro/nitro.mjs:2230:7) {
  cause: Error: ENOENT: no such file or directory, open '/Users/hf-mac/Downloads/tgpro-admin/.output/public/_nuxt/DpNIWReE.js'
      at open (node:internal/fs/promises:641:25)
      at Object.readFile (node:internal/fs/promises:1245:14)
      at Object.handler (file:///Users/hf-mac/Downloads/tgpro-admin/.output/server/chunks/nitro/nitro.mjs:1959:19)
      at Server.toNodeHandle (file:///Users/hf-mac/Downloads/tgpro-admin/.output/server/chunks/nitro/nitro.mjs:2230:7) {
    errno: -2,
    code: 'ENOENT',
    syscall: 'open',
    path: '/Users/hf-mac/Downloads/tgpro-admin/.output/public/_nuxt/DpNIWReE.js'
  },
  statusCode: 500,
  fatal: false,
  unhandled: true,
  statusMessage: undefined,
  data: undefined
}
2025-11-05T02:30:59: [request error] [unhandled] [GET] http://localhost:3000/_nuxt/D974gv07.js
 H3Error: ENOENT: no such file or directory, open '/Users/hf-mac/Downloads/tgpro-admin/.output/public/_nuxt/D974gv07.js'
    at open (node:internal/fs/promises:641:25)
    ... 2 lines matching cause stack trace ...
    at Server.toNodeHandle (file:///Users/hf-mac/Downloads/tgpro-admin/.output/server/chunks/nitro/nitro.mjs:2230:7) {
  cause: Error: ENOENT: no such file or directory, open '/Users/hf-mac/Downloads/tgpro-admin/.output/public/_nuxt/D974gv07.js'
      at open (node:internal/fs/promises:641:25)
      at Object.readFile (node:internal/fs/promises:1245:14)
      at Object.handler (file:///Users/hf-mac/Downloads/tgpro-admin/.output/server/chunks/nitro/nitro.mjs:1959:19)
      at Server.toNodeHandle (file:///Users/hf-mac/Downloads/tgpro-admin/.output/server/chunks/nitro/nitro.mjs:2230:7) {
    errno: -2,
    code: 'ENOENT',
    syscall: 'open',
    path: '/Users/hf-mac/Downloads/tgpro-admin/.output/public/_nuxt/D974gv07.js'
  },
  statusCode: 500,
  fatal: false,
  unhandled: true,
  statusMessage: undefined,
  data: undefined
}
2025-11-05T02:30:59: [request error] [unhandled] [GET] http://localhost:3000/_nuxt/D32lUId-.js
 H3Error: ENOENT: no such file or directory, open '/Users/hf-mac/Downloads/tgpro-admin/.output/public/_nuxt/D32lUId-.js'
    at open (node:internal/fs/promises:641:25)
    ... 2 lines matching cause stack trace ...
    at Server.toNodeHandle (file:///Users/hf-mac/Downloads/tgpro-admin/.output/server/chunks/nitro/nitro.mjs:2230:7) {
  cause: Error: ENOENT: no such file or directory, open '/Users/hf-mac/Downloads/tgpro-admin/.output/public/_nuxt/D32lUId-.js'
      at open (node:internal/fs/promises:641:25)
      at Object.readFile (node:internal/fs/promises:1245:14)
      at Object.handler (file:///Users/hf-mac/Downloads/tgpro-admin/.output/server/chunks/nitro/nitro.mjs:1959:19)
      at Server.toNodeHandle (file:///Users/hf-mac/Downloads/tgpro-admin/.output/server/chunks/nitro/nitro.mjs:2230:7) {
    errno: -2,
    code: 'ENOENT',
    syscall: 'open',
    path: '/Users/hf-mac/Downloads/tgpro-admin/.output/public/_nuxt/D32lUId-.js'
  },
  statusCode: 500,
  fatal: false,
  unhandled: true,
  statusMessage: undefined,
  data: undefined
}
2025-11-05T02:31:00: [request error] [unhandled] [GET] http://localhost:3000/_nuxt/CetYVyQG.js
 H3Error: ENOENT: no such file or directory, open '/Users/hf-mac/Downloads/tgpro-admin/.output/public/_nuxt/CetYVyQG.js'
    at open (node:internal/fs/promises:641:25)
    ... 2 lines matching cause stack trace ...
    at Server.toNodeHandle (file:///Users/hf-mac/Downloads/tgpro-admin/.output/server/chunks/nitro/nitro.mjs:2230:7) {
  cause: Error: ENOENT: no such file or directory, open '/Users/hf-mac/Downloads/tgpro-admin/.output/public/_nuxt/CetYVyQG.js'
      at open (node:internal/fs/promises:641:25)
      at Object.readFile (node:internal/fs/promises:1245:14)
      at Object.handler (file:///Users/hf-mac/Downloads/tgpro-admin/.output/server/chunks/nitro/nitro.mjs:1959:19)
      at Server.toNodeHandle (file:///Users/hf-mac/Downloads/tgpro-admin/.output/server/chunks/nitro/nitro.mjs:2230:7) {
    errno: -2,
    code: 'ENOENT',
    syscall: 'open',
    path: '/Users/hf-mac/Downloads/tgpro-admin/.output/public/_nuxt/CetYVyQG.js'
  },
  statusCode: 500,
  fatal: false,
  unhandled: true,
  statusMessage: undefined,
  data: undefined
}
2025-11-05T02:31:00: [request error] [unhandled] [GET] http://localhost:3000/_nuxt/Db7eFA1E.js
 H3Error: ENOENT: no such file or directory, open '/Users/hf-mac/Downloads/tgpro-admin/.output/public/_nuxt/Db7eFA1E.js'
    at open (node:internal/fs/promises:641:25)
    ... 2 lines matching cause stack trace ...
    at Server.toNodeHandle (file:///Users/hf-mac/Downloads/tgpro-admin/.output/server/chunks/nitro/nitro.mjs:2230:7) {
  cause: Error: ENOENT: no such file or directory, open '/Users/hf-mac/Downloads/tgpro-admin/.output/public/_nuxt/Db7eFA1E.js'
      at open (node:internal/fs/promises:641:25)
      at Object.readFile (node:internal/fs/promises:1245:14)
      at Object.handler (file:///Users/hf-mac/Downloads/tgpro-admin/.output/server/chunks/nitro/nitro.mjs:1959:19)
      at Server.toNodeHandle (file:///Users/hf-mac/Downloads/tgpro-admin/.output/server/chunks/nitro/nitro.mjs:2230:7) {
    errno: -2,
    code: 'ENOENT',
    syscall: 'open',
    path: '/Users/hf-mac/Downloads/tgpro-admin/.output/public/_nuxt/Db7eFA1E.js'
  },
  statusCode: 500,
  fatal: false,
  unhandled: true,
  statusMessage: undefined,
  data: undefined
}
2025-11-05T02:31:00: [request error] [unhandled] [GET] http://localhost:3000/_nuxt/DAr-OQmd.js
 H3Error: ENOENT: no such file or directory, open '/Users/hf-mac/Downloads/tgpro-admin/.output/public/_nuxt/DAr-OQmd.js'
    at open (node:internal/fs/promises:641:25)
    ... 2 lines matching cause stack trace ...
    at Server.toNodeHandle (file:///Users/hf-mac/Downloads/tgpro-admin/.output/server/chunks/nitro/nitro.mjs:2230:7) {
  cause: Error: ENOENT: no such file or directory, open '/Users/hf-mac/Downloads/tgpro-admin/.output/public/_nuxt/DAr-OQmd.js'
      at open (node:internal/fs/promises:641:25)
      at Object.readFile (node:internal/fs/promises:1245:14)
      at Object.handler (file:///Users/hf-mac/Downloads/tgpro-admin/.output/server/chunks/nitro/nitro.mjs:1959:19)
      at Server.toNodeHandle (file:///Users/hf-mac/Downloads/tgpro-admin/.output/server/chunks/nitro/nitro.mjs:2230:7) {
    errno: -2,
    code: 'ENOENT',
    syscall: 'open',
    path: '/Users/hf-mac/Downloads/tgpro-admin/.output/public/_nuxt/DAr-OQmd.js'
  },
  statusCode: 500,
  fatal: false,
  unhandled: true,
  statusMessage: undefined,
  data: undefined
}
2025-11-05T02:31:00: [request error] [unhandled] [GET] http://localhost:3000/_nuxt/Bdz-sLfb.js
 H3Error: ENOENT: no such file or directory, open '/Users/hf-mac/Downloads/tgpro-admin/.output/public/_nuxt/Bdz-sLfb.js'
    at open (node:internal/fs/promises:641:25)
    ... 2 lines matching cause stack trace ...
    at Server.toNodeHandle (file:///Users/hf-mac/Downloads/tgpro-admin/.output/server/chunks/nitro/nitro.mjs:2230:7) {
  cause: Error: ENOENT: no such file or directory, open '/Users/hf-mac/Downloads/tgpro-admin/.output/public/_nuxt/Bdz-sLfb.js'
      at open (node:internal/fs/promises:641:25)
      at Object.readFile (node:internal/fs/promises:1245:14)
      at Object.handler (file:///Users/hf-mac/Downloads/tgpro-admin/.output/server/chunks/nitro/nitro.mjs:1959:19)
      at Server.toNodeHandle (file:///Users/hf-mac/Downloads/tgpro-admin/.output/server/chunks/nitro/nitro.mjs:2230:7) {
    errno: -2,
    code: 'ENOENT',
    syscall: 'open',
    path: '/Users/hf-mac/Downloads/tgpro-admin/.output/public/_nuxt/Bdz-sLfb.js'
  },
  statusCode: 500,
  fatal: false,
  unhandled: true,
  statusMessage: undefined,
  data: undefined
}
2025-11-05T02:31:00: [request error] [unhandled] [GET] http://localhost:3000/_nuxt/BTgB1rvp.js
 H3Error: ENOENT: no such file or directory, open '/Users/hf-mac/Downloads/tgpro-admin/.output/public/_nuxt/BTgB1rvp.js'
    at open (node:internal/fs/promises:641:25)
    ... 2 lines matching cause stack trace ...
    at Server.toNodeHandle (file:///Users/hf-mac/Downloads/tgpro-admin/.output/server/chunks/nitro/nitro.mjs:2230:7) {
  cause: Error: ENOENT: no such file or directory, open '/Users/hf-mac/Downloads/tgpro-admin/.output/public/_nuxt/BTgB1rvp.js'
      at open (node:internal/fs/promises:641:25)
      at Object.readFile (node:internal/fs/promises:1245:14)
      at Object.handler (file:///Users/hf-mac/Downloads/tgpro-admin/.output/server/chunks/nitro/nitro.mjs:1959:19)
      at Server.toNodeHandle (file:///Users/hf-mac/Downloads/tgpro-admin/.output/server/chunks/nitro/nitro.mjs:2230:7) {
    errno: -2,
    code: 'ENOENT',
    syscall: 'open',
    path: '/Users/hf-mac/Downloads/tgpro-admin/.output/public/_nuxt/BTgB1rvp.js'
  },
  statusCode: 500,
  fatal: false,
  unhandled: true,
  statusMessage: undefined,
  data: undefined
}
2025-11-05T02:31:00: [request error] [unhandled] [GET] http://localhost:3000/_nuxt/CXT04lNs.js
 H3Error: ENOENT: no such file or directory, open '/Users/hf-mac/Downloads/tgpro-admin/.output/public/_nuxt/CXT04lNs.js'
    at open (node:internal/fs/promises:641:25)
    ... 2 lines matching cause stack trace ...
    at Server.toNodeHandle (file:///Users/hf-mac/Downloads/tgpro-admin/.output/server/chunks/nitro/nitro.mjs:2230:7) {
  cause: Error: ENOENT: no such file or directory, open '/Users/hf-mac/Downloads/tgpro-admin/.output/public/_nuxt/CXT04lNs.js'
      at open (node:internal/fs/promises:641:25)
      at Object.readFile (node:internal/fs/promises:1245:14)
      at Object.handler (file:///Users/hf-mac/Downloads/tgpro-admin/.output/server/chunks/nitro/nitro.mjs:1959:19)
      at Server.toNodeHandle (file:///Users/hf-mac/Downloads/tgpro-admin/.output/server/chunks/nitro/nitro.mjs:2230:7) {
    errno: -2,
    code: 'ENOENT',
    syscall: 'open',
    path: '/Users/hf-mac/Downloads/tgpro-admin/.output/public/_nuxt/CXT04lNs.js'
  },
  statusCode: 500,
  fatal: false,
  unhandled: true,
  statusMessage: undefined,
  data: undefined
}
2025-11-05T02:31:00: [request error] [unhandled] [GET] http://localhost:3000/_nuxt/DcHNM1Xn.js
 H3Error: ENOENT: no such file or directory, open '/Users/hf-mac/Downloads/tgpro-admin/.output/public/_nuxt/DcHNM1Xn.js'
    at open (node:internal/fs/promises:641:25)
    ... 2 lines matching cause stack trace ...
    at Server.toNodeHandle (file:///Users/hf-mac/Downloads/tgpro-admin/.output/server/chunks/nitro/nitro.mjs:2230:7) {
  cause: Error: ENOENT: no such file or directory, open '/Users/hf-mac/Downloads/tgpro-admin/.output/public/_nuxt/DcHNM1Xn.js'
      at open (node:internal/fs/promises:641:25)
      at Object.readFile (node:internal/fs/promises:1245:14)
      at Object.handler (file:///Users/hf-mac/Downloads/tgpro-admin/.output/server/chunks/nitro/nitro.mjs:1959:19)
      at Server.toNodeHandle (file:///Users/hf-mac/Downloads/tgpro-admin/.output/server/chunks/nitro/nitro.mjs:2230:7) {
    errno: -2,
    code: 'ENOENT',
    syscall: 'open',
    path: '/Users/hf-mac/Downloads/tgpro-admin/.output/public/_nuxt/DcHNM1Xn.js'
  },
  statusCode: 500,
  fatal: false,
  unhandled: true,
  statusMessage: undefined,
  data: undefined
}
2025-11-05T02:31:16: [request error] [unhandled] [GET] http://localhost:3000/_nuxt/DbAgXtul.js
 H3Error: ENOENT: no such file or directory, open '/Users/hf-mac/Downloads/tgpro-admin/.output/public/_nuxt/DbAgXtul.js'
    at open (node:internal/fs/promises:641:25)
    ... 2 lines matching cause stack trace ...
    at Server.toNodeHandle (file:///Users/hf-mac/Downloads/tgpro-admin/.output/server/chunks/nitro/nitro.mjs:2230:7) {
  cause: Error: ENOENT: no such file or directory, open '/Users/hf-mac/Downloads/tgpro-admin/.output/public/_nuxt/DbAgXtul.js'
      at open (node:internal/fs/promises:641:25)
      at Object.readFile (node:internal/fs/promises:1245:14)
      at Object.handler (file:///Users/hf-mac/Downloads/tgpro-admin/.output/server/chunks/nitro/nitro.mjs:1959:19)
      at Server.toNodeHandle (file:///Users/hf-mac/Downloads/tgpro-admin/.output/server/chunks/nitro/nitro.mjs:2230:7) {
    errno: -2,
    code: 'ENOENT',
    syscall: 'open',
    path: '/Users/hf-mac/Downloads/tgpro-admin/.output/public/_nuxt/DbAgXtul.js'
  },
  statusCode: 500,
  fatal: false,
  unhandled: true,
  statusMessage: undefined,
  data: undefined
}
2025-11-05T02:31:16: [request error] [unhandled] [GET] http://localhost:3000/_nuxt/D_B5nL8y.js
 H3Error: ENOENT: no such file or directory, open '/Users/hf-mac/Downloads/tgpro-admin/.output/public/_nuxt/D_B5nL8y.js'
    at open (node:internal/fs/promises:641:25)
    ... 2 lines matching cause stack trace ...
    at Server.toNodeHandle (file:///Users/hf-mac/Downloads/tgpro-admin/.output/server/chunks/nitro/nitro.mjs:2230:7) {
  cause: Error: ENOENT: no such file or directory, open '/Users/hf-mac/Downloads/tgpro-admin/.output/public/_nuxt/D_B5nL8y.js'
      at open (node:internal/fs/promises:641:25)
      at Object.readFile (node:internal/fs/promises:1245:14)
      at Object.handler (file:///Users/hf-mac/Downloads/tgpro-admin/.output/server/chunks/nitro/nitro.mjs:1959:19)
      at Server.toNodeHandle (file:///Users/hf-mac/Downloads/tgpro-admin/.output/server/chunks/nitro/nitro.mjs:2230:7) {
    errno: -2,
    code: 'ENOENT',
    syscall: 'open',
    path: '/Users/hf-mac/Downloads/tgpro-admin/.output/public/_nuxt/D_B5nL8y.js'
  },
  statusCode: 500,
  fatal: false,
  unhandled: true,
  statusMessage: undefined,
  data: undefined
}
2025-11-05T02:31:16: [request error] [unhandled] [GET] http://localhost:3000/_nuxt/Bl84yrz9.js
 H3Error: ENOENT: no such file or directory, open '/Users/hf-mac/Downloads/tgpro-admin/.output/public/_nuxt/Bl84yrz9.js'
    at open (node:internal/fs/promises:641:25)
    ... 2 lines matching cause stack trace ...
    at Server.toNodeHandle (file:///Users/hf-mac/Downloads/tgpro-admin/.output/server/chunks/nitro/nitro.mjs:2230:7) {
  cause: Error: ENOENT: no such file or directory, open '/Users/hf-mac/Downloads/tgpro-admin/.output/public/_nuxt/Bl84yrz9.js'
      at open (node:internal/fs/promises:641:25)
      at Object.readFile (node:internal/fs/promises:1245:14)
      at Object.handler (file:///Users/hf-mac/Downloads/tgpro-admin/.output/server/chunks/nitro/nitro.mjs:1959:19)
      at Server.toNodeHandle (file:///Users/hf-mac/Downloads/tgpro-admin/.output/server/chunks/nitro/nitro.mjs:2230:7) {
    errno: -2,
    code: 'ENOENT',
    syscall: 'open',
    path: '/Users/hf-mac/Downloads/tgpro-admin/.output/public/_nuxt/Bl84yrz9.js'
  },
  statusCode: 500,
  fatal: false,
  unhandled: true,
  statusMessage: undefined,
  data: undefined
}
2025-11-05T02:31:16: [request error] [unhandled] [GET] http://localhost:3000/_nuxt/DpNIWReE.js
 H3Error: ENOENT: no such file or directory, open '/Users/hf-mac/Downloads/tgpro-admin/.output/public/_nuxt/DpNIWReE.js'
    at open (node:internal/fs/promises:641:25)
    ... 2 lines matching cause stack trace ...
    at Server.toNodeHandle (file:///Users/hf-mac/Downloads/tgpro-admin/.output/server/chunks/nitro/nitro.mjs:2230:7) {
  cause: Error: ENOENT: no such file or directory, open '/Users/hf-mac/Downloads/tgpro-admin/.output/public/_nuxt/DpNIWReE.js'
      at open (node:internal/fs/promises:641:25)
      at Object.readFile (node:internal/fs/promises:1245:14)
      at Object.handler (file:///Users/hf-mac/Downloads/tgpro-admin/.output/server/chunks/nitro/nitro.mjs:1959:19)
      at Server.toNodeHandle (file:///Users/hf-mac/Downloads/tgpro-admin/.output/server/chunks/nitro/nitro.mjs:2230:7) {
    errno: -2,
    code: 'ENOENT',
    syscall: 'open',
    path: '/Users/hf-mac/Downloads/tgpro-admin/.output/public/_nuxt/DpNIWReE.js'
  },
  statusCode: 500,
  fatal: false,
  unhandled: true,
  statusMessage: undefined,
  data: undefined
}
2025-11-05T02:31:16: [request error] [unhandled] [GET] http://localhost:3000/_nuxt/D974gv07.js
 H3Error: ENOENT: no such file or directory, open '/Users/hf-mac/Downloads/tgpro-admin/.output/public/_nuxt/D974gv07.js'
    at open (node:internal/fs/promises:641:25)
    ... 2 lines matching cause stack trace ...
    at Server.toNodeHandle (file:///Users/hf-mac/Downloads/tgpro-admin/.output/server/chunks/nitro/nitro.mjs:2230:7) {
  cause: Error: ENOENT: no such file or directory, open '/Users/hf-mac/Downloads/tgpro-admin/.output/public/_nuxt/D974gv07.js'
      at open (node:internal/fs/promises:641:25)
      at Object.readFile (node:internal/fs/promises:1245:14)
      at Object.handler (file:///Users/hf-mac/Downloads/tgpro-admin/.output/server/chunks/nitro/nitro.mjs:1959:19)
      at Server.toNodeHandle (file:///Users/hf-mac/Downloads/tgpro-admin/.output/server/chunks/nitro/nitro.mjs:2230:7) {
    errno: -2,
    code: 'ENOENT',
    syscall: 'open',
    path: '/Users/hf-mac/Downloads/tgpro-admin/.output/public/_nuxt/D974gv07.js'
  },
  statusCode: 500,
  fatal: false,
  unhandled: true,
  statusMessage: undefined,
  data: undefined
}
2025-11-05T02:31:16: [request error] [unhandled] [GET] http://localhost:3000/_nuxt/D32lUId-.js
 H3Error: ENOENT: no such file or directory, open '/Users/hf-mac/Downloads/tgpro-admin/.output/public/_nuxt/D32lUId-.js'
    at open (node:internal/fs/promises:641:25)
    ... 2 lines matching cause stack trace ...
    at Server.toNodeHandle (file:///Users/hf-mac/Downloads/tgpro-admin/.output/server/chunks/nitro/nitro.mjs:2230:7) {
  cause: Error: ENOENT: no such file or directory, open '/Users/hf-mac/Downloads/tgpro-admin/.output/public/_nuxt/D32lUId-.js'
      at open (node:internal/fs/promises:641:25)
      at Object.readFile (node:internal/fs/promises:1245:14)
      at Object.handler (file:///Users/hf-mac/Downloads/tgpro-admin/.output/server/chunks/nitro/nitro.mjs:1959:19)
      at Server.toNodeHandle (file:///Users/hf-mac/Downloads/tgpro-admin/.output/server/chunks/nitro/nitro.mjs:2230:7) {
    errno: -2,
    code: 'ENOENT',
    syscall: 'open',
    path: '/Users/hf-mac/Downloads/tgpro-admin/.output/public/_nuxt/D32lUId-.js'
  },
  statusCode: 500,
  fatal: false,
  unhandled: true,
  statusMessage: undefined,
  data: undefined
}
2025-11-05T02:31:16: [request error] [unhandled] [GET] http://localhost:3000/_nuxt/CetYVyQG.js
 H3Error: ENOENT: no such file or directory, open '/Users/hf-mac/Downloads/tgpro-admin/.output/public/_nuxt/CetYVyQG.js'
    at open (node:internal/fs/promises:641:25)
    ... 2 lines matching cause stack trace ...
    at Server.toNodeHandle (file:///Users/hf-mac/Downloads/tgpro-admin/.output/server/chunks/nitro/nitro.mjs:2230:7) {
  cause: Error: ENOENT: no such file or directory, open '/Users/hf-mac/Downloads/tgpro-admin/.output/public/_nuxt/CetYVyQG.js'
      at open (node:internal/fs/promises:641:25)
      at Object.readFile (node:internal/fs/promises:1245:14)
      at Object.handler (file:///Users/hf-mac/Downloads/tgpro-admin/.output/server/chunks/nitro/nitro.mjs:1959:19)
      at Server.toNodeHandle (file:///Users/hf-mac/Downloads/tgpro-admin/.output/server/chunks/nitro/nitro.mjs:2230:7) {
    errno: -2,
    code: 'ENOENT',
    syscall: 'open',
    path: '/Users/hf-mac/Downloads/tgpro-admin/.output/public/_nuxt/CetYVyQG.js'
  },
  statusCode: 500,
  fatal: false,
  unhandled: true,
  statusMessage: undefined,
  data: undefined
}
2025-11-05T02:31:16: [request error] [unhandled] [GET] http://localhost:3000/_nuxt/Db7eFA1E.js
 H3Error: ENOENT: no such file or directory, open '/Users/hf-mac/Downloads/tgpro-admin/.output/public/_nuxt/Db7eFA1E.js'
    at open (node:internal/fs/promises:641:25)
    ... 2 lines matching cause stack trace ...
    at Server.toNodeHandle (file:///Users/hf-mac/Downloads/tgpro-admin/.output/server/chunks/nitro/nitro.mjs:2230:7) {
  cause: Error: ENOENT: no such file or directory, open '/Users/hf-mac/Downloads/tgpro-admin/.output/public/_nuxt/Db7eFA1E.js'
      at open (node:internal/fs/promises:641:25)
      at Object.readFile (node:internal/fs/promises:1245:14)
      at Object.handler (file:///Users/hf-mac/Downloads/tgpro-admin/.output/server/chunks/nitro/nitro.mjs:1959:19)
      at Server.toNodeHandle (file:///Users/hf-mac/Downloads/tgpro-admin/.output/server/chunks/nitro/nitro.mjs:2230:7) {
    errno: -2,
    code: 'ENOENT',
    syscall: 'open',
    path: '/Users/hf-mac/Downloads/tgpro-admin/.output/public/_nuxt/Db7eFA1E.js'
  },
  statusCode: 500,
  fatal: false,
  unhandled: true,
  statusMessage: undefined,
  data: undefined
}
2025-11-05T02:31:16: [request error] [unhandled] [GET] http://localhost:3000/_nuxt/DAr-OQmd.js
 H3Error: ENOENT: no such file or directory, open '/Users/hf-mac/Downloads/tgpro-admin/.output/public/_nuxt/DAr-OQmd.js'
    at open (node:internal/fs/promises:641:25)
    ... 2 lines matching cause stack trace ...
    at Server.toNodeHandle (file:///Users/hf-mac/Downloads/tgpro-admin/.output/server/chunks/nitro/nitro.mjs:2230:7) {
  cause: Error: ENOENT: no such file or directory, open '/Users/hf-mac/Downloads/tgpro-admin/.output/public/_nuxt/DAr-OQmd.js'
      at open (node:internal/fs/promises:641:25)
      at Object.readFile (node:internal/fs/promises:1245:14)
      at Object.handler (file:///Users/hf-mac/Downloads/tgpro-admin/.output/server/chunks/nitro/nitro.mjs:1959:19)
      at Server.toNodeHandle (file:///Users/hf-mac/Downloads/tgpro-admin/.output/server/chunks/nitro/nitro.mjs:2230:7) {
    errno: -2,
    code: 'ENOENT',
    syscall: 'open',
    path: '/Users/hf-mac/Downloads/tgpro-admin/.output/public/_nuxt/DAr-OQmd.js'
  },
  statusCode: 500,
  fatal: false,
  unhandled: true,
  statusMessage: undefined,
  data: undefined
}
2025-11-05T02:31:16: [request error] [unhandled] [GET] http://localhost:3000/_nuxt/Bdz-sLfb.js
 H3Error: ENOENT: no such file or directory, open '/Users/hf-mac/Downloads/tgpro-admin/.output/public/_nuxt/Bdz-sLfb.js'
    at open (node:internal/fs/promises:641:25)
    ... 2 lines matching cause stack trace ...
    at Server.toNodeHandle (file:///Users/hf-mac/Downloads/tgpro-admin/.output/server/chunks/nitro/nitro.mjs:2230:7) {
  cause: Error: ENOENT: no such file or directory, open '/Users/hf-mac/Downloads/tgpro-admin/.output/public/_nuxt/Bdz-sLfb.js'
      at open (node:internal/fs/promises:641:25)
      at Object.readFile (node:internal/fs/promises:1245:14)
      at Object.handler (file:///Users/hf-mac/Downloads/tgpro-admin/.output/server/chunks/nitro/nitro.mjs:1959:19)
      at Server.toNodeHandle (file:///Users/hf-mac/Downloads/tgpro-admin/.output/server/chunks/nitro/nitro.mjs:2230:7) {
    errno: -2,
    code: 'ENOENT',
    syscall: 'open',
    path: '/Users/hf-mac/Downloads/tgpro-admin/.output/public/_nuxt/Bdz-sLfb.js'
  },
  statusCode: 500,
  fatal: false,
  unhandled: true,
  statusMessage: undefined,
  data: undefined
}
2025-11-05T02:31:16: [request error] [unhandled] [GET] http://localhost:3000/_nuxt/BTgB1rvp.js
 H3Error: ENOENT: no such file or directory, open '/Users/hf-mac/Downloads/tgpro-admin/.output/public/_nuxt/BTgB1rvp.js'
    at open (node:internal/fs/promises:641:25)
    ... 2 lines matching cause stack trace ...
    at Server.toNodeHandle (file:///Users/hf-mac/Downloads/tgpro-admin/.output/server/chunks/nitro/nitro.mjs:2230:7) {
  cause: Error: ENOENT: no such file or directory, open '/Users/hf-mac/Downloads/tgpro-admin/.output/public/_nuxt/BTgB1rvp.js'
      at open (node:internal/fs/promises:641:25)
      at Object.readFile (node:internal/fs/promises:1245:14)
      at Object.handler (file:///Users/hf-mac/Downloads/tgpro-admin/.output/server/chunks/nitro/nitro.mjs:1959:19)
      at Server.toNodeHandle (file:///Users/hf-mac/Downloads/tgpro-admin/.output/server/chunks/nitro/nitro.mjs:2230:7) {
    errno: -2,
    code: 'ENOENT',
    syscall: 'open',
    path: '/Users/hf-mac/Downloads/tgpro-admin/.output/public/_nuxt/BTgB1rvp.js'
  },
  statusCode: 500,
  fatal: false,
  unhandled: true,
  statusMessage: undefined,
  data: undefined
}
2025-11-05T02:31:16: [request error] [unhandled] [GET] http://localhost:3000/_nuxt/CXT04lNs.js
 H3Error: ENOENT: no such file or directory, open '/Users/hf-mac/Downloads/tgpro-admin/.output/public/_nuxt/CXT04lNs.js'
    at open (node:internal/fs/promises:641:25)
    ... 2 lines matching cause stack trace ...
    at Server.toNodeHandle (file:///Users/hf-mac/Downloads/tgpro-admin/.output/server/chunks/nitro/nitro.mjs:2230:7) {
  cause: Error: ENOENT: no such file or directory, open '/Users/hf-mac/Downloads/tgpro-admin/.output/public/_nuxt/CXT04lNs.js'
      at open (node:internal/fs/promises:641:25)
      at Object.readFile (node:internal/fs/promises:1245:14)
      at Object.handler (file:///Users/hf-mac/Downloads/tgpro-admin/.output/server/chunks/nitro/nitro.mjs:1959:19)
      at Server.toNodeHandle (file:///Users/hf-mac/Downloads/tgpro-admin/.output/server/chunks/nitro/nitro.mjs:2230:7) {
    errno: -2,
    code: 'ENOENT',
    syscall: 'open',
    path: '/Users/hf-mac/Downloads/tgpro-admin/.output/public/_nuxt/CXT04lNs.js'
  },
  statusCode: 500,
  fatal: false,
  unhandled: true,
  statusMessage: undefined,
  data: undefined
}
2025-11-05T02:31:16: [request error] [unhandled] [GET] http://localhost:3000/_nuxt/DcHNM1Xn.js
 H3Error: ENOENT: no such file or directory, open '/Users/hf-mac/Downloads/tgpro-admin/.output/public/_nuxt/DcHNM1Xn.js'
    at open (node:internal/fs/promises:641:25)
    ... 2 lines matching cause stack trace ...
    at Server.toNodeHandle (file:///Users/hf-mac/Downloads/tgpro-admin/.output/server/chunks/nitro/nitro.mjs:2230:7) {
  cause: Error: ENOENT: no such file or directory, open '/Users/hf-mac/Downloads/tgpro-admin/.output/public/_nuxt/DcHNM1Xn.js'
      at open (node:internal/fs/promises:641:25)
      at Object.readFile (node:internal/fs/promises:1245:14)
      at Object.handler (file:///Users/hf-mac/Downloads/tgpro-admin/.output/server/chunks/nitro/nitro.mjs:1959:19)
      at Server.toNodeHandle (file:///Users/hf-mac/Downloads/tgpro-admin/.output/server/chunks/nitro/nitro.mjs:2230:7) {
    errno: -2,
    code: 'ENOENT',
    syscall: 'open',
    path: '/Users/hf-mac/Downloads/tgpro-admin/.output/public/_nuxt/DcHNM1Xn.js'
  },
  statusCode: 500,
  fatal: false,
  unhandled: true,
  statusMessage: undefined,
  data: undefined
}
2025-11-05T02:31:16: [request error] [unhandled] [GET] http://localhost:3000/_nuxt/C4xQaJXR.js
 H3Error: ENOENT: no such file or directory, open '/Users/hf-mac/Downloads/tgpro-admin/.output/public/_nuxt/C4xQaJXR.js'
    at open (node:internal/fs/promises:641:25)
    ... 2 lines matching cause stack trace ...
    at Server.toNodeHandle (file:///Users/hf-mac/Downloads/tgpro-admin/.output/server/chunks/nitro/nitro.mjs:2230:7) {
  cause: Error: ENOENT: no such file or directory, open '/Users/hf-mac/Downloads/tgpro-admin/.output/public/_nuxt/C4xQaJXR.js'
      at open (node:internal/fs/promises:641:25)
      at Object.readFile (node:internal/fs/promises:1245:14)
      at Object.handler (file:///Users/hf-mac/Downloads/tgpro-admin/.output/server/chunks/nitro/nitro.mjs:1959:19)
      at Server.toNodeHandle (file:///Users/hf-mac/Downloads/tgpro-admin/.output/server/chunks/nitro/nitro.mjs:2230:7) {
    errno: -2,
    code: 'ENOENT',
    syscall: 'open',
    path: '/Users/hf-mac/Downloads/tgpro-admin/.output/public/_nuxt/C4xQaJXR.js'
  },
  statusCode: 500,
  fatal: false,
  unhandled: true,
  statusMessage: undefined,
  data: undefined
}
2025-11-05T02:31:16: [request error] [unhandled] [GET] http://localhost:3000/_nuxt/builds/meta/db489c3b-20ab-405c-96a2-98b632ec7da6.json
 H3Error: ENOENT: no such file or directory, open '/Users/hf-mac/Downloads/tgpro-admin/.output/public/_nuxt/builds/meta/db489c3b-20ab-405c-96a2-98b632ec7da6.json'
    at open (node:internal/fs/promises:641:25)
    ... 2 lines matching cause stack trace ...
    at Server.toNodeHandle (file:///Users/hf-mac/Downloads/tgpro-admin/.output/server/chunks/nitro/nitro.mjs:2230:7) {
  cause: Error: ENOENT: no such file or directory, open '/Users/hf-mac/Downloads/tgpro-admin/.output/public/_nuxt/builds/meta/db489c3b-20ab-405c-96a2-98b632ec7da6.json'
      at open (node:internal/fs/promises:641:25)
      at Object.readFile (node:internal/fs/promises:1245:14)
      at Object.handler (file:///Users/hf-mac/Downloads/tgpro-admin/.output/server/chunks/nitro/nitro.mjs:1959:19)
      at Server.toNodeHandle (file:///Users/hf-mac/Downloads/tgpro-admin/.output/server/chunks/nitro/nitro.mjs:2230:7) {
    errno: -2,
    code: 'ENOENT',
    syscall: 'open',
    path: '/Users/hf-mac/Downloads/tgpro-admin/.output/public/_nuxt/builds/meta/db489c3b-20ab-405c-96a2-98b632ec7da6.json'
  },
  statusCode: 500,
  fatal: false,
  unhandled: true,
  statusMessage: undefined,
  data: undefined
}
2025-11-05T02:31:23: [request error] [unhandled] [GET] http://localhost:3000/_nuxt/DbAgXtul.js
 H3Error: ENOENT: no such file or directory, open '/Users/hf-mac/Downloads/tgpro-admin/.output/public/_nuxt/DbAgXtul.js'
    at open (node:internal/fs/promises:641:25)
    ... 2 lines matching cause stack trace ...
    at Server.toNodeHandle (file:///Users/hf-mac/Downloads/tgpro-admin/.output/server/chunks/nitro/nitro.mjs:2230:7) {
  cause: Error: ENOENT: no such file or directory, open '/Users/hf-mac/Downloads/tgpro-admin/.output/public/_nuxt/DbAgXtul.js'
      at open (node:internal/fs/promises:641:25)
      at Object.readFile (node:internal/fs/promises:1245:14)
      at Object.handler (file:///Users/hf-mac/Downloads/tgpro-admin/.output/server/chunks/nitro/nitro.mjs:1959:19)
      at Server.toNodeHandle (file:///Users/hf-mac/Downloads/tgpro-admin/.output/server/chunks/nitro/nitro.mjs:2230:7) {
    errno: -2,
    code: 'ENOENT',
    syscall: 'open',
    path: '/Users/hf-mac/Downloads/tgpro-admin/.output/public/_nuxt/DbAgXtul.js'
  },
  statusCode: 500,
  fatal: false,
  unhandled: true,
  statusMessage: undefined,
  data: undefined
}
2025-11-05T02:31:23: [request error] [unhandled] [GET] http://localhost:3000/_nuxt/D_B5nL8y.js
 H3Error: ENOENT: no such file or directory, open '/Users/hf-mac/Downloads/tgpro-admin/.output/public/_nuxt/D_B5nL8y.js'
    at open (node:internal/fs/promises:641:25)
    ... 2 lines matching cause stack trace ...
    at Server.toNodeHandle (file:///Users/hf-mac/Downloads/tgpro-admin/.output/server/chunks/nitro/nitro.mjs:2230:7) {
  cause: Error: ENOENT: no such file or directory, open '/Users/hf-mac/Downloads/tgpro-admin/.output/public/_nuxt/D_B5nL8y.js'
      at open (node:internal/fs/promises:641:25)
      at Object.readFile (node:internal/fs/promises:1245:14)
      at Object.handler (file:///Users/hf-mac/Downloads/tgpro-admin/.output/server/chunks/nitro/nitro.mjs:1959:19)
      at Server.toNodeHandle (file:///Users/hf-mac/Downloads/tgpro-admin/.output/server/chunks/nitro/nitro.mjs:2230:7) {
    errno: -2,
    code: 'ENOENT',
    syscall: 'open',
    path: '/Users/hf-mac/Downloads/tgpro-admin/.output/public/_nuxt/D_B5nL8y.js'
  },
  statusCode: 500,
  fatal: false,
  unhandled: true,
  statusMessage: undefined,
  data: undefined
}
2025-11-05T02:31:23: [request error] [unhandled] [GET] http://localhost:3000/_nuxt/Bl84yrz9.js
 H3Error: ENOENT: no such file or directory, open '/Users/hf-mac/Downloads/tgpro-admin/.output/public/_nuxt/Bl84yrz9.js'
    at open (node:internal/fs/promises:641:25)
    ... 2 lines matching cause stack trace ...
    at Server.toNodeHandle (file:///Users/hf-mac/Downloads/tgpro-admin/.output/server/chunks/nitro/nitro.mjs:2230:7) {
  cause: Error: ENOENT: no such file or directory, open '/Users/hf-mac/Downloads/tgpro-admin/.output/public/_nuxt/Bl84yrz9.js'
      at open (node:internal/fs/promises:641:25)
      at Object.readFile (node:internal/fs/promises:1245:14)
      at Object.handler (file:///Users/hf-mac/Downloads/tgpro-admin/.output/server/chunks/nitro/nitro.mjs:1959:19)
      at Server.toNodeHandle (file:///Users/hf-mac/Downloads/tgpro-admin/.output/server/chunks/nitro/nitro.mjs:2230:7) {
    errno: -2,
    code: 'ENOENT',
    syscall: 'open',
    path: '/Users/hf-mac/Downloads/tgpro-admin/.output/public/_nuxt/Bl84yrz9.js'
  },
  statusCode: 500,
  fatal: false,
  unhandled: true,
  statusMessage: undefined,
  data: undefined
}
2025-11-05T02:31:23: [request error] [unhandled] [GET] http://localhost:3000/_nuxt/DpNIWReE.js
 H3Error: ENOENT: no such file or directory, open '/Users/hf-mac/Downloads/tgpro-admin/.output/public/_nuxt/DpNIWReE.js'
    at open (node:internal/fs/promises:641:25)
    ... 2 lines matching cause stack trace ...
    at Server.toNodeHandle (file:///Users/hf-mac/Downloads/tgpro-admin/.output/server/chunks/nitro/nitro.mjs:2230:7) {
  cause: Error: ENOENT: no such file or directory, open '/Users/hf-mac/Downloads/tgpro-admin/.output/public/_nuxt/DpNIWReE.js'
      at open (node:internal/fs/promises:641:25)
      at Object.readFile (node:internal/fs/promises:1245:14)
      at Object.handler (file:///Users/hf-mac/Downloads/tgpro-admin/.output/server/chunks/nitro/nitro.mjs:1959:19)
      at Server.toNodeHandle (file:///Users/hf-mac/Downloads/tgpro-admin/.output/server/chunks/nitro/nitro.mjs:2230:7) {
    errno: -2,
    code: 'ENOENT',
    syscall: 'open',
    path: '/Users/hf-mac/Downloads/tgpro-admin/.output/public/_nuxt/DpNIWReE.js'
  },
  statusCode: 500,
  fatal: false,
  unhandled: true,
  statusMessage: undefined,
  data: undefined
}
2025-11-05T02:31:23: [request error] [unhandled] [GET] http://localhost:3000/_nuxt/D974gv07.js
 H3Error: ENOENT: no such file or directory, open '/Users/hf-mac/Downloads/tgpro-admin/.output/public/_nuxt/D974gv07.js'
    at open (node:internal/fs/promises:641:25)
    ... 2 lines matching cause stack trace ...
    at Server.toNodeHandle (file:///Users/hf-mac/Downloads/tgpro-admin/.output/server/chunks/nitro/nitro.mjs:2230:7) {
  cause: Error: ENOENT: no such file or directory, open '/Users/hf-mac/Downloads/tgpro-admin/.output/public/_nuxt/D974gv07.js'
      at open (node:internal/fs/promises:641:25)
      at Object.readFile (node:internal/fs/promises:1245:14)
      at Object.handler (file:///Users/hf-mac/Downloads/tgpro-admin/.output/server/chunks/nitro/nitro.mjs:1959:19)
      at Server.toNodeHandle (file:///Users/hf-mac/Downloads/tgpro-admin/.output/server/chunks/nitro/nitro.mjs:2230:7) {
    errno: -2,
    code: 'ENOENT',
    syscall: 'open',
    path: '/Users/hf-mac/Downloads/tgpro-admin/.output/public/_nuxt/D974gv07.js'
  },
  statusCode: 500,
  fatal: false,
  unhandled: true,
  statusMessage: undefined,
  data: undefined
}
2025-11-05T02:31:23: [request error] [unhandled] [GET] http://localhost:3000/_nuxt/D32lUId-.js
 H3Error: ENOENT: no such file or directory, open '/Users/hf-mac/Downloads/tgpro-admin/.output/public/_nuxt/D32lUId-.js'
    at open (node:internal/fs/promises:641:25)
    ... 2 lines matching cause stack trace ...
    at Server.toNodeHandle (file:///Users/hf-mac/Downloads/tgpro-admin/.output/server/chunks/nitro/nitro.mjs:2230:7) {
  cause: Error: ENOENT: no such file or directory, open '/Users/hf-mac/Downloads/tgpro-admin/.output/public/_nuxt/D32lUId-.js'
      at open (node:internal/fs/promises:641:25)
      at Object.readFile (node:internal/fs/promises:1245:14)
      at Object.handler (file:///Users/hf-mac/Downloads/tgpro-admin/.output/server/chunks/nitro/nitro.mjs:1959:19)
      at Server.toNodeHandle (file:///Users/hf-mac/Downloads/tgpro-admin/.output/server/chunks/nitro/nitro.mjs:2230:7) {
    errno: -2,
    code: 'ENOENT',
    syscall: 'open',
    path: '/Users/hf-mac/Downloads/tgpro-admin/.output/public/_nuxt/D32lUId-.js'
  },
  statusCode: 500,
  fatal: false,
  unhandled: true,
  statusMessage: undefined,
  data: undefined
}
2025-11-05T02:31:23: [request error] [unhandled] [GET] http://localhost:3000/_nuxt/CetYVyQG.js
 H3Error: ENOENT: no such file or directory, open '/Users/hf-mac/Downloads/tgpro-admin/.output/public/_nuxt/CetYVyQG.js'
    at open (node:internal/fs/promises:641:25)
    ... 2 lines matching cause stack trace ...
    at Server.toNodeHandle (file:///Users/hf-mac/Downloads/tgpro-admin/.output/server/chunks/nitro/nitro.mjs:2230:7) {
  cause: Error: ENOENT: no such file or directory, open '/Users/hf-mac/Downloads/tgpro-admin/.output/public/_nuxt/CetYVyQG.js'
      at open (node:internal/fs/promises:641:25)
      at Object.readFile (node:internal/fs/promises:1245:14)
      at Object.handler (file:///Users/hf-mac/Downloads/tgpro-admin/.output/server/chunks/nitro/nitro.mjs:1959:19)
      at Server.toNodeHandle (file:///Users/hf-mac/Downloads/tgpro-admin/.output/server/chunks/nitro/nitro.mjs:2230:7) {
    errno: -2,
    code: 'ENOENT',
    syscall: 'open',
    path: '/Users/hf-mac/Downloads/tgpro-admin/.output/public/_nuxt/CetYVyQG.js'
  },
  statusCode: 500,
  fatal: false,
  unhandled: true,
  statusMessage: undefined,
  data: undefined
}
2025-11-05T02:31:23: [request error] [unhandled] [GET] http://localhost:3000/_nuxt/Db7eFA1E.js
 H3Error: ENOENT: no such file or directory, open '/Users/hf-mac/Downloads/tgpro-admin/.output/public/_nuxt/Db7eFA1E.js'
    at open (node:internal/fs/promises:641:25)
    ... 2 lines matching cause stack trace ...
    at Server.toNodeHandle (file:///Users/hf-mac/Downloads/tgpro-admin/.output/server/chunks/nitro/nitro.mjs:2230:7) {
  cause: Error: ENOENT: no such file or directory, open '/Users/hf-mac/Downloads/tgpro-admin/.output/public/_nuxt/Db7eFA1E.js'
      at open (node:internal/fs/promises:641:25)
      at Object.readFile (node:internal/fs/promises:1245:14)
      at Object.handler (file:///Users/hf-mac/Downloads/tgpro-admin/.output/server/chunks/nitro/nitro.mjs:1959:19)
      at Server.toNodeHandle (file:///Users/hf-mac/Downloads/tgpro-admin/.output/server/chunks/nitro/nitro.mjs:2230:7) {
    errno: -2,
    code: 'ENOENT',
    syscall: 'open',
    path: '/Users/hf-mac/Downloads/tgpro-admin/.output/public/_nuxt/Db7eFA1E.js'
  },
  statusCode: 500,
  fatal: false,
  unhandled: true,
  statusMessage: undefined,
  data: undefined
}
2025-11-05T02:31:23: [request error] [unhandled] [GET] http://localhost:3000/_nuxt/DAr-OQmd.js
 H3Error: ENOENT: no such file or directory, open '/Users/hf-mac/Downloads/tgpro-admin/.output/public/_nuxt/DAr-OQmd.js'
    at open (node:internal/fs/promises:641:25)
    ... 2 lines matching cause stack trace ...
    at Server.toNodeHandle (file:///Users/hf-mac/Downloads/tgpro-admin/.output/server/chunks/nitro/nitro.mjs:2230:7) {
  cause: Error: ENOENT: no such file or directory, open '/Users/hf-mac/Downloads/tgpro-admin/.output/public/_nuxt/DAr-OQmd.js'
      at open (node:internal/fs/promises:641:25)
      at Object.readFile (node:internal/fs/promises:1245:14)
      at Object.handler (file:///Users/hf-mac/Downloads/tgpro-admin/.output/server/chunks/nitro/nitro.mjs:1959:19)
      at Server.toNodeHandle (file:///Users/hf-mac/Downloads/tgpro-admin/.output/server/chunks/nitro/nitro.mjs:2230:7) {
    errno: -2,
    code: 'ENOENT',
    syscall: 'open',
    path: '/Users/hf-mac/Downloads/tgpro-admin/.output/public/_nuxt/DAr-OQmd.js'
  },
  statusCode: 500,
  fatal: false,
  unhandled: true,
  statusMessage: undefined,
  data: undefined
}
2025-11-05T02:31:23: [request error] [unhandled] [GET] http://localhost:3000/_nuxt/Bdz-sLfb.js
 H3Error: ENOENT: no such file or directory, open '/Users/hf-mac/Downloads/tgpro-admin/.output/public/_nuxt/Bdz-sLfb.js'
    at open (node:internal/fs/promises:641:25)
    ... 2 lines matching cause stack trace ...
    at Server.toNodeHandle (file:///Users/hf-mac/Downloads/tgpro-admin/.output/server/chunks/nitro/nitro.mjs:2230:7) {
  cause: Error: ENOENT: no such file or directory, open '/Users/hf-mac/Downloads/tgpro-admin/.output/public/_nuxt/Bdz-sLfb.js'
      at open (node:internal/fs/promises:641:25)
      at Object.readFile (node:internal/fs/promises:1245:14)
      at Object.handler (file:///Users/hf-mac/Downloads/tgpro-admin/.output/server/chunks/nitro/nitro.mjs:1959:19)
      at Server.toNodeHandle (file:///Users/hf-mac/Downloads/tgpro-admin/.output/server/chunks/nitro/nitro.mjs:2230:7) {
    errno: -2,
    code: 'ENOENT',
    syscall: 'open',
    path: '/Users/hf-mac/Downloads/tgpro-admin/.output/public/_nuxt/Bdz-sLfb.js'
  },
  statusCode: 500,
  fatal: false,
  unhandled: true,
  statusMessage: undefined,
  data: undefined
}
2025-11-05T02:31:23: [request error] [unhandled] [GET] http://localhost:3000/_nuxt/BTgB1rvp.js
 H3Error: ENOENT: no such file or directory, open '/Users/hf-mac/Downloads/tgpro-admin/.output/public/_nuxt/BTgB1rvp.js'
    at open (node:internal/fs/promises:641:25)
    ... 2 lines matching cause stack trace ...
    at Server.toNodeHandle (file:///Users/hf-mac/Downloads/tgpro-admin/.output/server/chunks/nitro/nitro.mjs:2230:7) {
  cause: Error: ENOENT: no such file or directory, open '/Users/hf-mac/Downloads/tgpro-admin/.output/public/_nuxt/BTgB1rvp.js'
      at open (node:internal/fs/promises:641:25)
      at Object.readFile (node:internal/fs/promises:1245:14)
      at Object.handler (file:///Users/hf-mac/Downloads/tgpro-admin/.output/server/chunks/nitro/nitro.mjs:1959:19)
      at Server.toNodeHandle (file:///Users/hf-mac/Downloads/tgpro-admin/.output/server/chunks/nitro/nitro.mjs:2230:7) {
    errno: -2,
    code: 'ENOENT',
    syscall: 'open',
    path: '/Users/hf-mac/Downloads/tgpro-admin/.output/public/_nuxt/BTgB1rvp.js'
  },
  statusCode: 500,
  fatal: false,
  unhandled: true,
  statusMessage: undefined,
  data: undefined
}
2025-11-05T02:31:23: [request error] [unhandled] [GET] http://localhost:3000/_nuxt/CXT04lNs.js
 H3Error: ENOENT: no such file or directory, open '/Users/hf-mac/Downloads/tgpro-admin/.output/public/_nuxt/CXT04lNs.js'
    at open (node:internal/fs/promises:641:25)
    ... 2 lines matching cause stack trace ...
    at Server.toNodeHandle (file:///Users/hf-mac/Downloads/tgpro-admin/.output/server/chunks/nitro/nitro.mjs:2230:7) {
  cause: Error: ENOENT: no such file or directory, open '/Users/hf-mac/Downloads/tgpro-admin/.output/public/_nuxt/CXT04lNs.js'
      at open (node:internal/fs/promises:641:25)
      at Object.readFile (node:internal/fs/promises:1245:14)
      at Object.handler (file:///Users/hf-mac/Downloads/tgpro-admin/.output/server/chunks/nitro/nitro.mjs:1959:19)
      at Server.toNodeHandle (file:///Users/hf-mac/Downloads/tgpro-admin/.output/server/chunks/nitro/nitro.mjs:2230:7) {
    errno: -2,
    code: 'ENOENT',
    syscall: 'open',
    path: '/Users/hf-mac/Downloads/tgpro-admin/.output/public/_nuxt/CXT04lNs.js'
  },
  statusCode: 500,
  fatal: false,
  unhandled: true,
  statusMessage: undefined,
  data: undefined
}
2025-11-05T02:31:23: [request error] [unhandled] [GET] http://localhost:3000/_nuxt/DcHNM1Xn.js
 H3Error: ENOENT: no such file or directory, open '/Users/hf-mac/Downloads/tgpro-admin/.output/public/_nuxt/DcHNM1Xn.js'
    at open (node:internal/fs/promises:641:25)
    ... 2 lines matching cause stack trace ...
    at Server.toNodeHandle (file:///Users/hf-mac/Downloads/tgpro-admin/.output/server/chunks/nitro/nitro.mjs:2230:7) {
  cause: Error: ENOENT: no such file or directory, open '/Users/hf-mac/Downloads/tgpro-admin/.output/public/_nuxt/DcHNM1Xn.js'
      at open (node:internal/fs/promises:641:25)
      at Object.readFile (node:internal/fs/promises:1245:14)
      at Object.handler (file:///Users/hf-mac/Downloads/tgpro-admin/.output/server/chunks/nitro/nitro.mjs:1959:19)
      at Server.toNodeHandle (file:///Users/hf-mac/Downloads/tgpro-admin/.output/server/chunks/nitro/nitro.mjs:2230:7) {
    errno: -2,
    code: 'ENOENT',
    syscall: 'open',
    path: '/Users/hf-mac/Downloads/tgpro-admin/.output/public/_nuxt/DcHNM1Xn.js'
  },
  statusCode: 500,
  fatal: false,
  unhandled: true,
  statusMessage: undefined,
  data: undefined
}
2025-11-05T02:32:36: [request error] [unhandled] [GET] http://localhost:3000/_nuxt/DbAgXtul.js
 H3Error: ENOENT: no such file or directory, open '/Users/hf-mac/Downloads/tgpro-admin/.output/public/_nuxt/DbAgXtul.js'
    at open (node:internal/fs/promises:641:25)
    ... 2 lines matching cause stack trace ...
    at Server.toNodeHandle (file:///Users/hf-mac/Downloads/tgpro-admin/.output/server/chunks/nitro/nitro.mjs:2230:7) {
  cause: Error: ENOENT: no such file or directory, open '/Users/hf-mac/Downloads/tgpro-admin/.output/public/_nuxt/DbAgXtul.js'
      at open (node:internal/fs/promises:641:25)
      at Object.readFile (node:internal/fs/promises:1245:14)
      at Object.handler (file:///Users/hf-mac/Downloads/tgpro-admin/.output/server/chunks/nitro/nitro.mjs:1959:19)
      at Server.toNodeHandle (file:///Users/hf-mac/Downloads/tgpro-admin/.output/server/chunks/nitro/nitro.mjs:2230:7) {
    errno: -2,
    code: 'ENOENT',
    syscall: 'open',
    path: '/Users/hf-mac/Downloads/tgpro-admin/.output/public/_nuxt/DbAgXtul.js'
  },
  statusCode: 500,
  fatal: false,
  unhandled: true,
  statusMessage: undefined,
  data: undefined
}
2025-11-05T02:32:36: [request error] [unhandled] [GET] http://localhost:3000/_nuxt/D_B5nL8y.js
 H3Error: ENOENT: no such file or directory, open '/Users/hf-mac/Downloads/tgpro-admin/.output/public/_nuxt/D_B5nL8y.js'
    at open (node:internal/fs/promises:641:25)
    ... 2 lines matching cause stack trace ...
    at Server.toNodeHandle (file:///Users/hf-mac/Downloads/tgpro-admin/.output/server/chunks/nitro/nitro.mjs:2230:7) {
  cause: Error: ENOENT: no such file or directory, open '/Users/hf-mac/Downloads/tgpro-admin/.output/public/_nuxt/D_B5nL8y.js'
      at open (node:internal/fs/promises:641:25)
      at Object.readFile (node:internal/fs/promises:1245:14)
      at Object.handler (file:///Users/hf-mac/Downloads/tgpro-admin/.output/server/chunks/nitro/nitro.mjs:1959:19)
      at Server.toNodeHandle (file:///Users/hf-mac/Downloads/tgpro-admin/.output/server/chunks/nitro/nitro.mjs:2230:7) {
    errno: -2,
    code: 'ENOENT',
    syscall: 'open',
    path: '/Users/hf-mac/Downloads/tgpro-admin/.output/public/_nuxt/D_B5nL8y.js'
  },
  statusCode: 500,
  fatal: false,
  unhandled: true,
  statusMessage: undefined,
  data: undefined
}
2025-11-05T02:32:36: [request error] [unhandled] [GET] http://localhost:3000/_nuxt/Bl84yrz9.js
 H3Error: ENOENT: no such file or directory, open '/Users/hf-mac/Downloads/tgpro-admin/.output/public/_nuxt/Bl84yrz9.js'
    at open (node:internal/fs/promises:641:25)
    ... 2 lines matching cause stack trace ...
    at Server.toNodeHandle (file:///Users/hf-mac/Downloads/tgpro-admin/.output/server/chunks/nitro/nitro.mjs:2230:7) {
  cause: Error: ENOENT: no such file or directory, open '/Users/hf-mac/Downloads/tgpro-admin/.output/public/_nuxt/Bl84yrz9.js'
      at open (node:internal/fs/promises:641:25)
      at Object.readFile (node:internal/fs/promises:1245:14)
      at Object.handler (file:///Users/hf-mac/Downloads/tgpro-admin/.output/server/chunks/nitro/nitro.mjs:1959:19)
      at Server.toNodeHandle (file:///Users/hf-mac/Downloads/tgpro-admin/.output/server/chunks/nitro/nitro.mjs:2230:7) {
    errno: -2,
    code: 'ENOENT',
    syscall: 'open',
    path: '/Users/hf-mac/Downloads/tgpro-admin/.output/public/_nuxt/Bl84yrz9.js'
  },
  statusCode: 500,
  fatal: false,
  unhandled: true,
  statusMessage: undefined,
  data: undefined
}
2025-11-05T02:32:36: [request error] [unhandled] [GET] http://localhost:3000/_nuxt/DpNIWReE.js
 H3Error: ENOENT: no such file or directory, open '/Users/hf-mac/Downloads/tgpro-admin/.output/public/_nuxt/DpNIWReE.js'
    at open (node:internal/fs/promises:641:25)
    ... 2 lines matching cause stack trace ...
    at Server.toNodeHandle (file:///Users/hf-mac/Downloads/tgpro-admin/.output/server/chunks/nitro/nitro.mjs:2230:7) {
  cause: Error: ENOENT: no such file or directory, open '/Users/hf-mac/Downloads/tgpro-admin/.output/public/_nuxt/DpNIWReE.js'
      at open (node:internal/fs/promises:641:25)
      at Object.readFile (node:internal/fs/promises:1245:14)
      at Object.handler (file:///Users/hf-mac/Downloads/tgpro-admin/.output/server/chunks/nitro/nitro.mjs:1959:19)
      at Server.toNodeHandle (file:///Users/hf-mac/Downloads/tgpro-admin/.output/server/chunks/nitro/nitro.mjs:2230:7) {
    errno: -2,
    code: 'ENOENT',
    syscall: 'open',
    path: '/Users/hf-mac/Downloads/tgpro-admin/.output/public/_nuxt/DpNIWReE.js'
  },
  statusCode: 500,
  fatal: false,
  unhandled: true,
  statusMessage: undefined,
  data: undefined
}
2025-11-05T02:32:36: [request error] [unhandled] [GET] http://localhost:3000/_nuxt/D974gv07.js
 H3Error: ENOENT: no such file or directory, open '/Users/hf-mac/Downloads/tgpro-admin/.output/public/_nuxt/D974gv07.js'
    at open (node:internal/fs/promises:641:25)
    ... 2 lines matching cause stack trace ...
    at Server.toNodeHandle (file:///Users/hf-mac/Downloads/tgpro-admin/.output/server/chunks/nitro/nitro.mjs:2230:7) {
  cause: Error: ENOENT: no such file or directory, open '/Users/hf-mac/Downloads/tgpro-admin/.output/public/_nuxt/D974gv07.js'
      at open (node:internal/fs/promises:641:25)
      at Object.readFile (node:internal/fs/promises:1245:14)
      at Object.handler (file:///Users/hf-mac/Downloads/tgpro-admin/.output/server/chunks/nitro/nitro.mjs:1959:19)
      at Server.toNodeHandle (file:///Users/hf-mac/Downloads/tgpro-admin/.output/server/chunks/nitro/nitro.mjs:2230:7) {
    errno: -2,
    code: 'ENOENT',
    syscall: 'open',
    path: '/Users/hf-mac/Downloads/tgpro-admin/.output/public/_nuxt/D974gv07.js'
  },
  statusCode: 500,
  fatal: false,
  unhandled: true,
  statusMessage: undefined,
  data: undefined
}
2025-11-05T02:32:36: [request error] [unhandled] [GET] http://localhost:3000/_nuxt/D32lUId-.js
 H3Error: ENOENT: no such file or directory, open '/Users/hf-mac/Downloads/tgpro-admin/.output/public/_nuxt/D32lUId-.js'
    at open (node:internal/fs/promises:641:25)
    ... 2 lines matching cause stack trace ...
    at Server.toNodeHandle (file:///Users/hf-mac/Downloads/tgpro-admin/.output/server/chunks/nitro/nitro.mjs:2230:7) {
  cause: Error: ENOENT: no such file or directory, open '/Users/hf-mac/Downloads/tgpro-admin/.output/public/_nuxt/D32lUId-.js'
      at open (node:internal/fs/promises:641:25)
      at Object.readFile (node:internal/fs/promises:1245:14)
      at Object.handler (file:///Users/hf-mac/Downloads/tgpro-admin/.output/server/chunks/nitro/nitro.mjs:1959:19)
      at Server.toNodeHandle (file:///Users/hf-mac/Downloads/tgpro-admin/.output/server/chunks/nitro/nitro.mjs:2230:7) {
    errno: -2,
    code: 'ENOENT',
    syscall: 'open',
    path: '/Users/hf-mac/Downloads/tgpro-admin/.output/public/_nuxt/D32lUId-.js'
  },
  statusCode: 500,
  fatal: false,
  unhandled: true,
  statusMessage: undefined,
  data: undefined
}
2025-11-05T02:32:36: [request error] [unhandled] [GET] http://localhost:3000/_nuxt/CetYVyQG.js
 H3Error: ENOENT: no such file or directory, open '/Users/hf-mac/Downloads/tgpro-admin/.output/public/_nuxt/CetYVyQG.js'
    at open (node:internal/fs/promises:641:25)
    ... 2 lines matching cause stack trace ...
    at Server.toNodeHandle (file:///Users/hf-mac/Downloads/tgpro-admin/.output/server/chunks/nitro/nitro.mjs:2230:7) {
  cause: Error: ENOENT: no such file or directory, open '/Users/hf-mac/Downloads/tgpro-admin/.output/public/_nuxt/CetYVyQG.js'
      at open (node:internal/fs/promises:641:25)
      at Object.readFile (node:internal/fs/promises:1245:14)
      at Object.handler (file:///Users/hf-mac/Downloads/tgpro-admin/.output/server/chunks/nitro/nitro.mjs:1959:19)
      at Server.toNodeHandle (file:///Users/hf-mac/Downloads/tgpro-admin/.output/server/chunks/nitro/nitro.mjs:2230:7) {
    errno: -2,
    code: 'ENOENT',
    syscall: 'open',
    path: '/Users/hf-mac/Downloads/tgpro-admin/.output/public/_nuxt/CetYVyQG.js'
  },
  statusCode: 500,
  fatal: false,
  unhandled: true,
  statusMessage: undefined,
  data: undefined
}
2025-11-05T02:32:36: [request error] [unhandled] [GET] http://localhost:3000/_nuxt/Db7eFA1E.js
 H3Error: ENOENT: no such file or directory, open '/Users/hf-mac/Downloads/tgpro-admin/.output/public/_nuxt/Db7eFA1E.js'
    at open (node:internal/fs/promises:641:25)
    ... 2 lines matching cause stack trace ...
    at Server.toNodeHandle (file:///Users/hf-mac/Downloads/tgpro-admin/.output/server/chunks/nitro/nitro.mjs:2230:7) {
  cause: Error: ENOENT: no such file or directory, open '/Users/hf-mac/Downloads/tgpro-admin/.output/public/_nuxt/Db7eFA1E.js'
      at open (node:internal/fs/promises:641:25)
      at Object.readFile (node:internal/fs/promises:1245:14)
      at Object.handler (file:///Users/hf-mac/Downloads/tgpro-admin/.output/server/chunks/nitro/nitro.mjs:1959:19)
      at Server.toNodeHandle (file:///Users/hf-mac/Downloads/tgpro-admin/.output/server/chunks/nitro/nitro.mjs:2230:7) {
    errno: -2,
    code: 'ENOENT',
    syscall: 'open',
    path: '/Users/hf-mac/Downloads/tgpro-admin/.output/public/_nuxt/Db7eFA1E.js'
  },
  statusCode: 500,
  fatal: false,
  unhandled: true,
  statusMessage: undefined,
  data: undefined
}
2025-11-05T02:32:36: [request error] [unhandled] [GET] http://localhost:3000/_nuxt/DAr-OQmd.js
 H3Error: ENOENT: no such file or directory, open '/Users/hf-mac/Downloads/tgpro-admin/.output/public/_nuxt/DAr-OQmd.js'
    at open (node:internal/fs/promises:641:25)
    ... 2 lines matching cause stack trace ...
    at Server.toNodeHandle (file:///Users/hf-mac/Downloads/tgpro-admin/.output/server/chunks/nitro/nitro.mjs:2230:7) {
  cause: Error: ENOENT: no such file or directory, open '/Users/hf-mac/Downloads/tgpro-admin/.output/public/_nuxt/DAr-OQmd.js'
      at open (node:internal/fs/promises:641:25)
      at Object.readFile (node:internal/fs/promises:1245:14)
      at Object.handler (file:///Users/hf-mac/Downloads/tgpro-admin/.output/server/chunks/nitro/nitro.mjs:1959:19)
      at Server.toNodeHandle (file:///Users/hf-mac/Downloads/tgpro-admin/.output/server/chunks/nitro/nitro.mjs:2230:7) {
    errno: -2,
    code: 'ENOENT',
    syscall: 'open',
    path: '/Users/hf-mac/Downloads/tgpro-admin/.output/public/_nuxt/DAr-OQmd.js'
  },
  statusCode: 500,
  fatal: false,
  unhandled: true,
  statusMessage: undefined,
  data: undefined
}
2025-11-05T02:32:36: [request error] [unhandled] [GET] http://localhost:3000/_nuxt/Bdz-sLfb.js
 H3Error: ENOENT: no such file or directory, open '/Users/hf-mac/Downloads/tgpro-admin/.output/public/_nuxt/Bdz-sLfb.js'
    at open (node:internal/fs/promises:641:25)
    ... 2 lines matching cause stack trace ...
    at Server.toNodeHandle (file:///Users/hf-mac/Downloads/tgpro-admin/.output/server/chunks/nitro/nitro.mjs:2230:7) {
  cause: Error: ENOENT: no such file or directory, open '/Users/hf-mac/Downloads/tgpro-admin/.output/public/_nuxt/Bdz-sLfb.js'
      at open (node:internal/fs/promises:641:25)
      at Object.readFile (node:internal/fs/promises:1245:14)
      at Object.handler (file:///Users/hf-mac/Downloads/tgpro-admin/.output/server/chunks/nitro/nitro.mjs:1959:19)
      at Server.toNodeHandle (file:///Users/hf-mac/Downloads/tgpro-admin/.output/server/chunks/nitro/nitro.mjs:2230:7) {
    errno: -2,
    code: 'ENOENT',
    syscall: 'open',
    path: '/Users/hf-mac/Downloads/tgpro-admin/.output/public/_nuxt/Bdz-sLfb.js'
  },
  statusCode: 500,
  fatal: false,
  unhandled: true,
  statusMessage: undefined,
  data: undefined
}
2025-11-05T02:32:36: [request error] [unhandled] [GET] http://localhost:3000/_nuxt/BTgB1rvp.js
 H3Error: ENOENT: no such file or directory, open '/Users/hf-mac/Downloads/tgpro-admin/.output/public/_nuxt/BTgB1rvp.js'
    at open (node:internal/fs/promises:641:25)
    ... 2 lines matching cause stack trace ...
    at Server.toNodeHandle (file:///Users/hf-mac/Downloads/tgpro-admin/.output/server/chunks/nitro/nitro.mjs:2230:7) {
  cause: Error: ENOENT: no such file or directory, open '/Users/hf-mac/Downloads/tgpro-admin/.output/public/_nuxt/BTgB1rvp.js'
      at open (node:internal/fs/promises:641:25)
      at Object.readFile (node:internal/fs/promises:1245:14)
      at Object.handler (file:///Users/hf-mac/Downloads/tgpro-admin/.output/server/chunks/nitro/nitro.mjs:1959:19)
      at Server.toNodeHandle (file:///Users/hf-mac/Downloads/tgpro-admin/.output/server/chunks/nitro/nitro.mjs:2230:7) {
    errno: -2,
    code: 'ENOENT',
    syscall: 'open',
    path: '/Users/hf-mac/Downloads/tgpro-admin/.output/public/_nuxt/BTgB1rvp.js'
  },
  statusCode: 500,
  fatal: false,
  unhandled: true,
  statusMessage: undefined,
  data: undefined
}
2025-11-05T02:32:36: [request error] [unhandled] [GET] http://localhost:3000/_nuxt/CXT04lNs.js
 H3Error: ENOENT: no such file or directory, open '/Users/hf-mac/Downloads/tgpro-admin/.output/public/_nuxt/CXT04lNs.js'
    at open (node:internal/fs/promises:641:25)
    ... 2 lines matching cause stack trace ...
    at Server.toNodeHandle (file:///Users/hf-mac/Downloads/tgpro-admin/.output/server/chunks/nitro/nitro.mjs:2230:7) {
  cause: Error: ENOENT: no such file or directory, open '/Users/hf-mac/Downloads/tgpro-admin/.output/public/_nuxt/CXT04lNs.js'
      at open (node:internal/fs/promises:641:25)
      at Object.readFile (node:internal/fs/promises:1245:14)
      at Object.handler (file:///Users/hf-mac/Downloads/tgpro-admin/.output/server/chunks/nitro/nitro.mjs:1959:19)
      at Server.toNodeHandle (file:///Users/hf-mac/Downloads/tgpro-admin/.output/server/chunks/nitro/nitro.mjs:2230:7) {
    errno: -2,
    code: 'ENOENT',
    syscall: 'open',
    path: '/Users/hf-mac/Downloads/tgpro-admin/.output/public/_nuxt/CXT04lNs.js'
  },
  statusCode: 500,
  fatal: false,
  unhandled: true,
  statusMessage: undefined,
  data: undefined
}
2025-11-05T02:32:36: [request error] [unhandled] [GET] http://localhost:3000/_nuxt/DcHNM1Xn.js
 H3Error: ENOENT: no such file or directory, open '/Users/hf-mac/Downloads/tgpro-admin/.output/public/_nuxt/DcHNM1Xn.js'
    at open (node:internal/fs/promises:641:25)
    ... 2 lines matching cause stack trace ...
    at Server.toNodeHandle (file:///Users/hf-mac/Downloads/tgpro-admin/.output/server/chunks/nitro/nitro.mjs:2230:7) {
  cause: Error: ENOENT: no such file or directory, open '/Users/hf-mac/Downloads/tgpro-admin/.output/public/_nuxt/DcHNM1Xn.js'
      at open (node:internal/fs/promises:641:25)
      at Object.readFile (node:internal/fs/promises:1245:14)
      at Object.handler (file:///Users/hf-mac/Downloads/tgpro-admin/.output/server/chunks/nitro/nitro.mjs:1959:19)
      at Server.toNodeHandle (file:///Users/hf-mac/Downloads/tgpro-admin/.output/server/chunks/nitro/nitro.mjs:2230:7) {
    errno: -2,
    code: 'ENOENT',
    syscall: 'open',
    path: '/Users/hf-mac/Downloads/tgpro-admin/.output/public/_nuxt/DcHNM1Xn.js'
  },
  statusCode: 500,
  fatal: false,
  unhandled: true,
  statusMessage: undefined,
  data: undefined
}
2025-11-05T02:32:37: [request error] [unhandled] [GET] http://localhost:3000/_nuxt/DbAgXtul.js
 H3Error: ENOENT: no such file or directory, open '/Users/hf-mac/Downloads/tgpro-admin/.output/public/_nuxt/DbAgXtul.js'
    at open (node:internal/fs/promises:641:25)
    ... 2 lines matching cause stack trace ...
    at Server.toNodeHandle (file:///Users/hf-mac/Downloads/tgpro-admin/.output/server/chunks/nitro/nitro.mjs:2230:7) {
  cause: Error: ENOENT: no such file or directory, open '/Users/hf-mac/Downloads/tgpro-admin/.output/public/_nuxt/DbAgXtul.js'
      at open (node:internal/fs/promises:641:25)
      at Object.readFile (node:internal/fs/promises:1245:14)
      at Object.handler (file:///Users/hf-mac/Downloads/tgpro-admin/.output/server/chunks/nitro/nitro.mjs:1959:19)
      at Server.toNodeHandle (file:///Users/hf-mac/Downloads/tgpro-admin/.output/server/chunks/nitro/nitro.mjs:2230:7) {
    errno: -2,
    code: 'ENOENT',
    syscall: 'open',
    path: '/Users/hf-mac/Downloads/tgpro-admin/.output/public/_nuxt/DbAgXtul.js'
  },
  statusCode: 500,
  fatal: false,
  unhandled: true,
  statusMessage: undefined,
  data: undefined
}
2025-11-05T02:32:37: [request error] [unhandled] [GET] http://localhost:3000/_nuxt/D_B5nL8y.js
 H3Error: ENOENT: no such file or directory, open '/Users/hf-mac/Downloads/tgpro-admin/.output/public/_nuxt/D_B5nL8y.js'
    at open (node:internal/fs/promises:641:25)
    ... 2 lines matching cause stack trace ...
    at Server.toNodeHandle (file:///Users/hf-mac/Downloads/tgpro-admin/.output/server/chunks/nitro/nitro.mjs:2230:7) {
  cause: Error: ENOENT: no such file or directory, open '/Users/hf-mac/Downloads/tgpro-admin/.output/public/_nuxt/D_B5nL8y.js'
      at open (node:internal/fs/promises:641:25)
      at Object.readFile (node:internal/fs/promises:1245:14)
      at Object.handler (file:///Users/hf-mac/Downloads/tgpro-admin/.output/server/chunks/nitro/nitro.mjs:1959:19)
      at Server.toNodeHandle (file:///Users/hf-mac/Downloads/tgpro-admin/.output/server/chunks/nitro/nitro.mjs:2230:7) {
    errno: -2,
    code: 'ENOENT',
    syscall: 'open',
    path: '/Users/hf-mac/Downloads/tgpro-admin/.output/public/_nuxt/D_B5nL8y.js'
  },
  statusCode: 500,
  fatal: false,
  unhandled: true,
  statusMessage: undefined,
  data: undefined
}
2025-11-05T02:32:37: [request error] [unhandled] [GET] http://localhost:3000/_nuxt/Bl84yrz9.js
 H3Error: ENOENT: no such file or directory, open '/Users/hf-mac/Downloads/tgpro-admin/.output/public/_nuxt/Bl84yrz9.js'
    at open (node:internal/fs/promises:641:25)
    ... 2 lines matching cause stack trace ...
    at Server.toNodeHandle (file:///Users/hf-mac/Downloads/tgpro-admin/.output/server/chunks/nitro/nitro.mjs:2230:7) {
  cause: Error: ENOENT: no such file or directory, open '/Users/hf-mac/Downloads/tgpro-admin/.output/public/_nuxt/Bl84yrz9.js'
      at open (node:internal/fs/promises:641:25)
      at Object.readFile (node:internal/fs/promises:1245:14)
      at Object.handler (file:///Users/hf-mac/Downloads/tgpro-admin/.output/server/chunks/nitro/nitro.mjs:1959:19)
      at Server.toNodeHandle (file:///Users/hf-mac/Downloads/tgpro-admin/.output/server/chunks/nitro/nitro.mjs:2230:7) {
    errno: -2,
    code: 'ENOENT',
    syscall: 'open',
    path: '/Users/hf-mac/Downloads/tgpro-admin/.output/public/_nuxt/Bl84yrz9.js'
  },
  statusCode: 500,
  fatal: false,
  unhandled: true,
  statusMessage: undefined,
  data: undefined
}
2025-11-05T02:32:37: [request error] [unhandled] [GET] http://localhost:3000/_nuxt/DpNIWReE.js
 H3Error: ENOENT: no such file or directory, open '/Users/hf-mac/Downloads/tgpro-admin/.output/public/_nuxt/DpNIWReE.js'
    at open (node:internal/fs/promises:641:25)
    ... 2 lines matching cause stack trace ...
    at Server.toNodeHandle (file:///Users/hf-mac/Downloads/tgpro-admin/.output/server/chunks/nitro/nitro.mjs:2230:7) {
  cause: Error: ENOENT: no such file or directory, open '/Users/hf-mac/Downloads/tgpro-admin/.output/public/_nuxt/DpNIWReE.js'
      at open (node:internal/fs/promises:641:25)
      at Object.readFile (node:internal/fs/promises:1245:14)
      at Object.handler (file:///Users/hf-mac/Downloads/tgpro-admin/.output/server/chunks/nitro/nitro.mjs:1959:19)
      at Server.toNodeHandle (file:///Users/hf-mac/Downloads/tgpro-admin/.output/server/chunks/nitro/nitro.mjs:2230:7) {
    errno: -2,
    code: 'ENOENT',
    syscall: 'open',
    path: '/Users/hf-mac/Downloads/tgpro-admin/.output/public/_nuxt/DpNIWReE.js'
  },
  statusCode: 500,
  fatal: false,
  unhandled: true,
  statusMessage: undefined,
  data: undefined
}
2025-11-05T02:32:37: [request error] [unhandled] [GET] http://localhost:3000/_nuxt/D974gv07.js
 H3Error: ENOENT: no such file or directory, open '/Users/hf-mac/Downloads/tgpro-admin/.output/public/_nuxt/D974gv07.js'
    at open (node:internal/fs/promises:641:25)
    ... 2 lines matching cause stack trace ...
    at Server.toNodeHandle (file:///Users/hf-mac/Downloads/tgpro-admin/.output/server/chunks/nitro/nitro.mjs:2230:7) {
  cause: Error: ENOENT: no such file or directory, open '/Users/hf-mac/Downloads/tgpro-admin/.output/public/_nuxt/D974gv07.js'
      at open (node:internal/fs/promises:641:25)
      at Object.readFile (node:internal/fs/promises:1245:14)
      at Object.handler (file:///Users/hf-mac/Downloads/tgpro-admin/.output/server/chunks/nitro/nitro.mjs:1959:19)
      at Server.toNodeHandle (file:///Users/hf-mac/Downloads/tgpro-admin/.output/server/chunks/nitro/nitro.mjs:2230:7) {
    errno: -2,
    code: 'ENOENT',
    syscall: 'open',
    path: '/Users/hf-mac/Downloads/tgpro-admin/.output/public/_nuxt/D974gv07.js'
  },
  statusCode: 500,
  fatal: false,
  unhandled: true,
  statusMessage: undefined,
  data: undefined
}
2025-11-05T02:32:37: [request error] [unhandled] [GET] http://localhost:3000/_nuxt/D32lUId-.js
 H3Error: ENOENT: no such file or directory, open '/Users/hf-mac/Downloads/tgpro-admin/.output/public/_nuxt/D32lUId-.js'
    at open (node:internal/fs/promises:641:25)
    ... 2 lines matching cause stack trace ...
    at Server.toNodeHandle (file:///Users/hf-mac/Downloads/tgpro-admin/.output/server/chunks/nitro/nitro.mjs:2230:7) {
  cause: Error: ENOENT: no such file or directory, open '/Users/hf-mac/Downloads/tgpro-admin/.output/public/_nuxt/D32lUId-.js'
      at open (node:internal/fs/promises:641:25)
      at Object.readFile (node:internal/fs/promises:1245:14)
      at Object.handler (file:///Users/hf-mac/Downloads/tgpro-admin/.output/server/chunks/nitro/nitro.mjs:1959:19)
      at Server.toNodeHandle (file:///Users/hf-mac/Downloads/tgpro-admin/.output/server/chunks/nitro/nitro.mjs:2230:7) {
    errno: -2,
    code: 'ENOENT',
    syscall: 'open',
    path: '/Users/hf-mac/Downloads/tgpro-admin/.output/public/_nuxt/D32lUId-.js'
  },
  statusCode: 500,
  fatal: false,
  unhandled: true,
  statusMessage: undefined,
  data: undefined
}
2025-11-05T02:32:37: [request error] [unhandled] [GET] http://localhost:3000/_nuxt/CetYVyQG.js
 H3Error: ENOENT: no such file or directory, open '/Users/hf-mac/Downloads/tgpro-admin/.output/public/_nuxt/CetYVyQG.js'
    at open (node:internal/fs/promises:641:25)
    ... 2 lines matching cause stack trace ...
    at Server.toNodeHandle (file:///Users/hf-mac/Downloads/tgpro-admin/.output/server/chunks/nitro/nitro.mjs:2230:7) {
  cause: Error: ENOENT: no such file or directory, open '/Users/hf-mac/Downloads/tgpro-admin/.output/public/_nuxt/CetYVyQG.js'
      at open (node:internal/fs/promises:641:25)
      at Object.readFile (node:internal/fs/promises:1245:14)
      at Object.handler (file:///Users/hf-mac/Downloads/tgpro-admin/.output/server/chunks/nitro/nitro.mjs:1959:19)
      at Server.toNodeHandle (file:///Users/hf-mac/Downloads/tgpro-admin/.output/server/chunks/nitro/nitro.mjs:2230:7) {
    errno: -2,
    code: 'ENOENT',
    syscall: 'open',
    path: '/Users/hf-mac/Downloads/tgpro-admin/.output/public/_nuxt/CetYVyQG.js'
  },
  statusCode: 500,
  fatal: false,
  unhandled: true,
  statusMessage: undefined,
  data: undefined
}
2025-11-05T02:32:37: [request error] [unhandled] [GET] http://localhost:3000/_nuxt/Db7eFA1E.js
 H3Error: ENOENT: no such file or directory, open '/Users/hf-mac/Downloads/tgpro-admin/.output/public/_nuxt/Db7eFA1E.js'
    at open (node:internal/fs/promises:641:25)
    ... 2 lines matching cause stack trace ...
    at Server.toNodeHandle (file:///Users/hf-mac/Downloads/tgpro-admin/.output/server/chunks/nitro/nitro.mjs:2230:7) {
  cause: Error: ENOENT: no such file or directory, open '/Users/hf-mac/Downloads/tgpro-admin/.output/public/_nuxt/Db7eFA1E.js'
      at open (node:internal/fs/promises:641:25)
      at Object.readFile (node:internal/fs/promises:1245:14)
      at Object.handler (file:///Users/hf-mac/Downloads/tgpro-admin/.output/server/chunks/nitro/nitro.mjs:1959:19)
      at Server.toNodeHandle (file:///Users/hf-mac/Downloads/tgpro-admin/.output/server/chunks/nitro/nitro.mjs:2230:7) {
    errno: -2,
    code: 'ENOENT',
    syscall: 'open',
    path: '/Users/hf-mac/Downloads/tgpro-admin/.output/public/_nuxt/Db7eFA1E.js'
  },
  statusCode: 500,
  fatal: false,
  unhandled: true,
  statusMessage: undefined,
  data: undefined
}
2025-11-05T02:32:37: [request error] [unhandled] [GET] http://localhost:3000/_nuxt/DAr-OQmd.js
 H3Error: ENOENT: no such file or directory, open '/Users/hf-mac/Downloads/tgpro-admin/.output/public/_nuxt/DAr-OQmd.js'
    at open (node:internal/fs/promises:641:25)
    ... 2 lines matching cause stack trace ...
    at Server.toNodeHandle (file:///Users/hf-mac/Downloads/tgpro-admin/.output/server/chunks/nitro/nitro.mjs:2230:7) {
  cause: Error: ENOENT: no such file or directory, open '/Users/hf-mac/Downloads/tgpro-admin/.output/public/_nuxt/DAr-OQmd.js'
      at open (node:internal/fs/promises:641:25)
      at Object.readFile (node:internal/fs/promises:1245:14)
      at Object.handler (file:///Users/hf-mac/Downloads/tgpro-admin/.output/server/chunks/nitro/nitro.mjs:1959:19)
      at Server.toNodeHandle (file:///Users/hf-mac/Downloads/tgpro-admin/.output/server/chunks/nitro/nitro.mjs:2230:7) {
    errno: -2,
    code: 'ENOENT',
    syscall: 'open',
    path: '/Users/hf-mac/Downloads/tgpro-admin/.output/public/_nuxt/DAr-OQmd.js'
  },
  statusCode: 500,
  fatal: false,
  unhandled: true,
  statusMessage: undefined,
  data: undefined
}
2025-11-05T02:32:37: [request error] [unhandled] [GET] http://localhost:3000/_nuxt/Bdz-sLfb.js
 H3Error: ENOENT: no such file or directory, open '/Users/hf-mac/Downloads/tgpro-admin/.output/public/_nuxt/Bdz-sLfb.js'
    at open (node:internal/fs/promises:641:25)
    ... 2 lines matching cause stack trace ...
    at Server.toNodeHandle (file:///Users/hf-mac/Downloads/tgpro-admin/.output/server/chunks/nitro/nitro.mjs:2230:7) {
  cause: Error: ENOENT: no such file or directory, open '/Users/hf-mac/Downloads/tgpro-admin/.output/public/_nuxt/Bdz-sLfb.js'
      at open (node:internal/fs/promises:641:25)
      at Object.readFile (node:internal/fs/promises:1245:14)
      at Object.handler (file:///Users/hf-mac/Downloads/tgpro-admin/.output/server/chunks/nitro/nitro.mjs:1959:19)
      at Server.toNodeHandle (file:///Users/hf-mac/Downloads/tgpro-admin/.output/server/chunks/nitro/nitro.mjs:2230:7) {
    errno: -2,
    code: 'ENOENT',
    syscall: 'open',
    path: '/Users/hf-mac/Downloads/tgpro-admin/.output/public/_nuxt/Bdz-sLfb.js'
  },
  statusCode: 500,
  fatal: false,
  unhandled: true,
  statusMessage: undefined,
  data: undefined
}
2025-11-05T02:32:37: [request error] [unhandled] [GET] http://localhost:3000/_nuxt/BTgB1rvp.js
 H3Error: ENOENT: no such file or directory, open '/Users/hf-mac/Downloads/tgpro-admin/.output/public/_nuxt/BTgB1rvp.js'
    at open (node:internal/fs/promises:641:25)
    ... 2 lines matching cause stack trace ...
    at Server.toNodeHandle (file:///Users/hf-mac/Downloads/tgpro-admin/.output/server/chunks/nitro/nitro.mjs:2230:7) {
  cause: Error: ENOENT: no such file or directory, open '/Users/hf-mac/Downloads/tgpro-admin/.output/public/_nuxt/BTgB1rvp.js'
      at open (node:internal/fs/promises:641:25)
      at Object.readFile (node:internal/fs/promises:1245:14)
      at Object.handler (file:///Users/hf-mac/Downloads/tgpro-admin/.output/server/chunks/nitro/nitro.mjs:1959:19)
      at Server.toNodeHandle (file:///Users/hf-mac/Downloads/tgpro-admin/.output/server/chunks/nitro/nitro.mjs:2230:7) {
    errno: -2,
    code: 'ENOENT',
    syscall: 'open',
    path: '/Users/hf-mac/Downloads/tgpro-admin/.output/public/_nuxt/BTgB1rvp.js'
  },
  statusCode: 500,
  fatal: false,
  unhandled: true,
  statusMessage: undefined,
  data: undefined
}
2025-11-05T02:32:37: [request error] [unhandled] [GET] http://localhost:3000/_nuxt/CXT04lNs.js
 H3Error: ENOENT: no such file or directory, open '/Users/hf-mac/Downloads/tgpro-admin/.output/public/_nuxt/CXT04lNs.js'
    at open (node:internal/fs/promises:641:25)
    ... 2 lines matching cause stack trace ...
    at Server.toNodeHandle (file:///Users/hf-mac/Downloads/tgpro-admin/.output/server/chunks/nitro/nitro.mjs:2230:7) {
  cause: Error: ENOENT: no such file or directory, open '/Users/hf-mac/Downloads/tgpro-admin/.output/public/_nuxt/CXT04lNs.js'
      at open (node:internal/fs/promises:641:25)
      at Object.readFile (node:internal/fs/promises:1245:14)
      at Object.handler (file:///Users/hf-mac/Downloads/tgpro-admin/.output/server/chunks/nitro/nitro.mjs:1959:19)
      at Server.toNodeHandle (file:///Users/hf-mac/Downloads/tgpro-admin/.output/server/chunks/nitro/nitro.mjs:2230:7) {
    errno: -2,
    code: 'ENOENT',
    syscall: 'open',
    path: '/Users/hf-mac/Downloads/tgpro-admin/.output/public/_nuxt/CXT04lNs.js'
  },
  statusCode: 500,
  fatal: false,
  unhandled: true,
  statusMessage: undefined,
  data: undefined
}
2025-11-05T02:32:37: [request error] [unhandled] [GET] http://localhost:3000/_nuxt/DcHNM1Xn.js
 H3Error: ENOENT: no such file or directory, open '/Users/hf-mac/Downloads/tgpro-admin/.output/public/_nuxt/DcHNM1Xn.js'
    at open (node:internal/fs/promises:641:25)
    ... 2 lines matching cause stack trace ...
    at Server.toNodeHandle (file:///Users/hf-mac/Downloads/tgpro-admin/.output/server/chunks/nitro/nitro.mjs:2230:7) {
  cause: Error: ENOENT: no such file or directory, open '/Users/hf-mac/Downloads/tgpro-admin/.output/public/_nuxt/DcHNM1Xn.js'
      at open (node:internal/fs/promises:641:25)
      at Object.readFile (node:internal/fs/promises:1245:14)
      at Object.handler (file:///Users/hf-mac/Downloads/tgpro-admin/.output/server/chunks/nitro/nitro.mjs:1959:19)
      at Server.toNodeHandle (file:///Users/hf-mac/Downloads/tgpro-admin/.output/server/chunks/nitro/nitro.mjs:2230:7) {
    errno: -2,
    code: 'ENOENT',
    syscall: 'open',
    path: '/Users/hf-mac/Downloads/tgpro-admin/.output/public/_nuxt/DcHNM1Xn.js'
  },
  statusCode: 500,
  fatal: false,
  unhandled: true,
  statusMessage: undefined,
  data: undefined
}
